threshold,count_above_threshold1,count_above_threshold2
5.306787014007568,0.9999047619047619,1.0
5.311787014007568,0.9999047619047619,1.0
5.316787014007568,0.9998095238095238,1.0
5.321787014007568,0.9998095238095238,1.0
5.326787014007568,0.9998095238095238,1.0
5.331787014007568,0.9998095238095238,1.0
5.336787014007568,0.9998095238095238,1.0
5.341787014007568,0.9998095238095238,1.0
5.3467870140075675,0.9997142857142857,1.0
5.351787014007567,0.9996190476190476,1.0
5.356787014007567,0.9996190476190476,1.0
5.361787014007567,0.9995238095238095,1.0
5.366787014007567,0.9993333333333333,1.0
5.371787014007567,0.9993333333333333,1.0
5.376787014007567,0.9993333333333333,1.0
5.381787014007567,0.9992380952380953,1.0
5.386787014007567,0.9992380952380953,1.0
5.3917870140075665,0.9991428571428571,1.0
5.396787014007566,0.9988571428571429,1.0
5.401787014007566,0.9987619047619047,1.0
5.406787014007566,0.9985714285714286,1.0
5.411787014007566,0.9984761904761905,1.0
5.416787014007566,0.9979047619047619,1.0
5.421787014007566,0.9975238095238095,1.0
5.426787014007566,0.9972380952380953,1.0
5.431787014007566,0.9969523809523809,1.0
5.436787014007566,0.9961904761904762,1.0
5.4417870140075655,0.9957142857142857,1.0
5.446787014007565,0.9948571428571429,1.0
5.451787014007565,0.9941904761904762,1.0
5.456787014007565,0.9933333333333333,1.0
5.461787014007565,0.9927619047619047,0.9999047619047619
5.466787014007565,0.991904761904762,0.9998095238095238
5.471787014007565,0.9914285714285714,0.9998095238095238
5.476787014007565,0.9905714285714285,0.9998095238095238
5.481787014007565,0.989904761904762,0.9998095238095238
5.4867870140075645,0.9888571428571429,0.9998095238095238
5.491787014007564,0.987904761904762,0.9998095238095238
5.496787014007564,0.9857142857142858,0.9998095238095238
5.501787014007564,0.9842857142857143,0.9998095238095238
5.506787014007564,0.9833333333333333,0.9998095238095238
5.511787014007564,0.982,0.9998095238095238
5.516787014007564,0.98,0.9997142857142857
5.521787014007564,0.9782857142857143,0.9996190476190476
5.526787014007564,0.9765714285714285,0.9995238095238095
5.531787014007564,0.9748571428571429,0.9994285714285714
5.5367870140075635,0.9729523809523809,0.9994285714285714
5.541787014007563,0.9706666666666667,0.9993333333333333
5.546787014007563,0.9687619047619047,0.9993333333333333
5.551787014007563,0.9665714285714285,0.9992380952380953
5.556787014007563,0.964952380952381,0.9989523809523809
5.561787014007563,0.9624761904761905,0.9988571428571429
5.566787014007563,0.9598095238095238,0.9988571428571429
5.571787014007563,0.9575238095238096,0.9986666666666667
5.576787014007563,0.9534285714285714,0.9985714285714286
5.5817870140075625,0.950952380952381,0.9985714285714286
5.586787014007562,0.9473333333333334,0.9984761904761905
5.591787014007562,0.9413333333333334,0.9982857142857143
5.596787014007562,0.9380952380952381,0.9981904761904762
5.601787014007562,0.9338095238095238,0.998
5.606787014007562,0.93,0.998
5.611787014007562,0.9262857142857143,0.998
5.616787014007562,0.9216190476190477,0.9979047619047619
5.621787014007562,0.9157142857142857,0.9976190476190476
5.6267870140075615,0.9117142857142857,0.9975238095238095
5.631787014007561,0.906952380952381,0.9973333333333333
5.636787014007561,0.9033333333333333,0.9970476190476191
5.641787014007561,0.8978095238095238,0.9969523809523809
5.646787014007561,0.8912380952380953,0.9967619047619047
5.651787014007561,0.8857142857142857,0.9963809523809524
5.656787014007561,0.8797142857142857,0.9961904761904762
5.661787014007561,0.8731428571428571,0.996
5.666787014007561,0.867904761904762,0.9958095238095238
5.671787014007561,0.8609523809523809,0.9954285714285714
5.6767870140075605,0.8555238095238096,0.9953333333333333
5.68178701400756,0.8476190476190476,0.9949523809523809
5.68678701400756,0.8407619047619047,0.9943809523809524
5.69178701400756,0.8341904761904761,0.9941904761904762
5.69678701400756,0.8277142857142857,0.9936190476190476
5.70178701400756,0.8208571428571428,0.9932380952380953
5.70678701400756,0.8135238095238095,0.9928571428571429
5.71178701400756,0.8059047619047619,0.9925714285714285
5.71678701400756,0.7981904761904762,0.9921904761904762
5.7217870140075595,0.7914285714285715,0.992
5.726787014007559,0.7845714285714286,0.991904761904762
5.731787014007559,0.7755238095238095,0.991904761904762
5.736787014007559,0.7682857142857142,0.9915238095238095
5.741787014007559,0.7585714285714286,0.9910476190476191
5.746787014007559,0.7505714285714286,0.9908571428571429
5.751787014007559,0.7424761904761905,0.9905714285714285
5.756787014007559,0.7346666666666667,0.9901904761904762
5.761787014007559,0.7268571428571429,0.9895238095238095
5.7667870140075586,0.7166666666666667,0.9890476190476191
5.7717870140075584,0.706952380952381,0.9884761904761905
5.776787014007558,0.6971428571428572,0.9878095238095238
5.781787014007558,0.6882857142857143,0.9874285714285714
5.786787014007558,0.6780952380952381,0.9872380952380952
5.791787014007558,0.6701904761904762,0.9865714285714285
5.796787014007558,0.6615238095238095,0.9857142857142858
5.801787014007558,0.6534285714285715,0.9850476190476191
5.806787014007558,0.6445714285714286,0.9841904761904762
5.811787014007558,0.6351428571428571,0.984
5.8167870140075575,0.6241904761904762,0.9835238095238096
5.821787014007557,0.6154285714285714,0.9830476190476191
5.826787014007557,0.6055238095238096,0.9824761904761905
5.831787014007557,0.5945714285714285,0.9817142857142858
5.836787014007557,0.5859047619047619,0.9815238095238096
5.841787014007557,0.5766666666666667,0.9809523809523809
5.846787014007557,0.5672380952380952,0.9807619047619047
5.851787014007557,0.56,0.9801904761904762
5.856787014007557,0.5514285714285714,0.9796190476190476
5.8617870140075565,0.542952380952381,0.9786666666666667
5.866787014007556,0.534,0.9784761904761905
5.871787014007556,0.5255238095238095,0.9779047619047619
5.876787014007556,0.5169523809523809,0.977047619047619
5.881787014007556,0.508095238095238,0.9760952380952381
5.886787014007556,0.4982857142857143,0.9755238095238096
5.891787014007556,0.49038095238095236,0.9752380952380952
5.896787014007556,0.48095238095238096,0.9744761904761905
5.901787014007556,0.4734285714285714,0.9736190476190476
5.906787014007556,0.46504761904761904,0.9731428571428572
5.9117870140075555,0.4561904761904762,0.9726666666666667
5.916787014007555,0.448,0.9719047619047619
5.921787014007555,0.43952380952380954,0.9709523809523809
5.926787014007555,0.43114285714285716,0.9694285714285714
5.931787014007555,0.4228571428571429,0.9684761904761905
5.936787014007555,0.4142857142857143,0.968
5.941787014007555,0.4056190476190476,0.9674285714285714
5.946787014007555,0.39885714285714285,0.9667619047619047
5.951787014007555,0.3893333333333333,0.9659047619047619
5.9567870140075545,0.37952380952380954,0.9651428571428572
5.961787014007554,0.37323809523809526,0.9644761904761905
5.966787014007554,0.36638095238095236,0.9638095238095238
5.971787014007554,0.3585714285714286,0.9628571428571429
5.976787014007554,0.3515238095238095,0.9621904761904762
5.981787014007554,0.3433333333333333,0.9612380952380952
5.986787014007554,0.3372380952380952,0.9605714285714285
5.991787014007554,0.33057142857142857,0.9601904761904761
5.996787014007554,0.3233333333333333,0.9598095238095238
6.0017870140075535,0.3158095238095238,0.9588571428571429
6.006787014007553,0.30838095238095237,0.9585714285714285
6.011787014007553,0.30228571428571427,0.9580952380952381
6.016787014007553,0.29723809523809525,0.9575238095238096
6.021787014007553,0.2916190476190476,0.9567619047619048
6.026787014007553,0.28495238095238096,0.9560952380952381
6.031787014007553,0.2795238095238095,0.9556190476190476
6.036787014007553,0.2740952380952381,0.9547619047619048
6.041787014007553,0.2682857142857143,0.9540952380952381
6.046787014007553,0.2622857142857143,0.9535238095238096
6.0517870140075525,0.256,0.9524761904761905
6.056787014007552,0.25161904761904763,0.9517142857142857
6.061787014007552,0.24752380952380953,0.9511428571428572
6.066787014007552,0.24266666666666667,0.9503809523809523
6.071787014007552,0.23742857142857143,0.9494285714285714
6.076787014007552,0.23314285714285715,0.9485714285714286
6.081787014007552,0.228,0.9478095238095238
6.086787014007552,0.22266666666666668,0.9472380952380952
6.091787014007552,0.2179047619047619,0.9460952380952381
6.0967870140075515,0.21171428571428572,0.9453333333333334
6.101787014007551,0.20666666666666667,0.9448571428571428
6.106787014007551,0.20152380952380952,0.9444761904761905
6.111787014007551,0.19752380952380952,0.9437142857142857
6.116787014007551,0.19257142857142856,0.9428571428571428
6.121787014007551,0.18942857142857142,0.942
6.126787014007551,0.18561904761904763,0.9417142857142857
6.131787014007551,0.18133333333333335,0.9408571428571428
6.136787014007551,0.17819047619047618,0.9397142857142857
6.141787014007551,0.1741904761904762,0.9381904761904762
6.1467870140075505,0.1701904761904762,0.9372380952380952
6.15178701400755,0.16695238095238096,0.9363809523809524
6.15678701400755,0.16304761904761905,0.9355238095238095
6.16178701400755,0.15971428571428573,0.9346666666666666
6.16678701400755,0.15495238095238095,0.9340952380952381
6.17178701400755,0.15085714285714286,0.9328571428571428
6.17678701400755,0.14809523809523809,0.9324761904761905
6.18178701400755,0.1457142857142857,0.9314285714285714
6.18678701400755,0.14333333333333334,0.9307619047619048
6.1917870140075495,0.1398095238095238,0.9303809523809524
6.196787014007549,0.13704761904761906,0.9288571428571428
6.201787014007549,0.13390476190476192,0.9286666666666666
6.206787014007549,0.13104761904761905,0.9282857142857143
6.211787014007549,0.12895238095238096,0.9279047619047619
6.216787014007549,0.1259047619047619,0.9276190476190476
6.221787014007549,0.12285714285714286,0.927047619047619
6.226787014007549,0.12,0.9264761904761905
6.231787014007549,0.11714285714285715,0.9258095238095239
6.2367870140075485,0.11466666666666667,0.925047619047619
6.241787014007548,0.11219047619047619,0.9243809523809524
6.246787014007548,0.10961904761904762,0.9235238095238095
6.251787014007548,0.10704761904761904,0.9226666666666666
6.256787014007548,0.10514285714285715,0.9222857142857143
6.261787014007548,0.10228571428571429,0.9211428571428572
6.266787014007548,0.10028571428571428,0.9205714285714286
6.271787014007548,0.09828571428571428,0.9195238095238095
6.276787014007548,0.09647619047619048,0.919047619047619
6.281787014007548,0.09428571428571429,0.9184761904761904
6.2867870140075475,0.09238095238095238,0.9180952380952381
6.291787014007547,0.09104761904761904,0.9168571428571428
6.296787014007547,0.08904761904761904,0.9162857142857143
6.301787014007547,0.08704761904761905,0.9158095238095239
6.306787014007547,0.08571428571428572,0.9152380952380952
6.311787014007547,0.08447619047619048,0.9142857142857143
6.316787014007547,0.08295238095238096,0.9136190476190477
6.321787014007547,0.08085714285714286,0.912
6.326787014007547,0.07961904761904762,0.9112380952380953
6.3317870140075465,0.07828571428571429,0.9102857142857143
6.336787014007546,0.07695238095238095,0.9098095238095238
6.341787014007546,0.07523809523809524,0.908952380952381
6.346787014007546,0.07380952380952381,0.908
6.351787014007546,0.07276190476190476,0.9068571428571428
6.356787014007546,0.07123809523809524,0.9056190476190477
6.361787014007546,0.07,0.904952380952381
6.366787014007546,0.06876190476190476,0.9037142857142857
6.371787014007546,0.0678095238095238,0.9025714285714286
6.3767870140075456,0.06647619047619048,0.9017142857142857
6.3817870140075454,0.06504761904761905,0.9015238095238095
6.386787014007545,0.06380952380952382,0.9002857142857142
6.391787014007545,0.06285714285714286,0.8998095238095238
6.396787014007545,0.06133333333333333,0.8986666666666666
6.401787014007545,0.060571428571428575,0.8975238095238095
6.406787014007545,0.05971428571428571,0.8968571428571429
6.411787014007545,0.05847619047619047,0.896
6.416787014007545,0.057428571428571426,0.8955238095238095
6.421787014007545,0.056666666666666664,0.8949523809523809
6.4267870140075445,0.056095238095238094,0.8942857142857142
6.431787014007544,0.05533333333333333,0.8936190476190476
6.436787014007544,0.054380952380952384,0.8930476190476191
6.441787014007544,0.05333333333333334,0.8925714285714286
6.446787014007544,0.052571428571428575,0.892095238095238
6.451787014007544,0.05152380952380953,0.8917142857142857
6.456787014007544,0.050666666666666665,0.8907619047619048
6.461787014007544,0.049523809523809526,0.89
6.466787014007544,0.04876190476190476,0.8893333333333333
6.4717870140075435,0.04819047619047619,0.8885714285714286
6.476787014007543,0.047047619047619046,0.8877142857142857
6.481787014007543,0.04619047619047619,0.8872380952380953
6.486787014007543,0.04552380952380952,0.8867619047619048
6.491787014007543,0.04485714285714286,0.886
6.496787014007543,0.04438095238095238,0.8852380952380953
6.501787014007543,0.044,0.8846666666666667
6.506787014007543,0.04352380952380953,0.8836190476190476
6.511787014007543,0.04257142857142857,0.8833333333333333
6.516787014007543,0.041428571428571426,0.8822857142857143
6.5217870140075425,0.04104761904761905,0.8814285714285715
6.526787014007542,0.04057142857142857,0.8804761904761905
6.531787014007542,0.040285714285714286,0.8796190476190476
6.536787014007542,0.04,0.8788571428571429
6.541787014007542,0.039619047619047616,0.8778095238095238
6.546787014007542,0.039142857142857146,0.8773333333333333
6.551787014007542,0.03866666666666667,0.8765714285714286
6.556787014007542,0.038380952380952384,0.8756190476190476
6.561787014007542,0.038285714285714284,0.8747619047619047
6.5667870140075415,0.03780952380952381,0.8742857142857143
6.571787014007541,0.03761904761904762,0.8738095238095238
6.576787014007541,0.037142857142857144,0.8732380952380953
6.581787014007541,0.036571428571428574,0.8725714285714286
6.586787014007541,0.03628571428571428,0.8717142857142857
6.591787014007541,0.03580952380952381,0.8708571428571429
6.596787014007541,0.03542857142857143,0.8701904761904762
6.601787014007541,0.035238095238095235,0.8689523809523809
6.606787014007541,0.03504761904761905,0.868
6.6117870140075405,0.034666666666666665,0.8672380952380953
6.61678701400754,0.03447619047619047,0.8661904761904762
6.62178701400754,0.034095238095238095,0.8654285714285714
6.62678701400754,0.033428571428571426,0.8643809523809524
6.63178701400754,0.03314285714285714,0.8635238095238095
6.63678701400754,0.032952380952380955,0.8621904761904762
6.64178701400754,0.03266666666666666,0.8615238095238095
6.64678701400754,0.03257142857142857,0.8606666666666667
6.65178701400754,0.03247619047619048,0.8595238095238096
6.65678701400754,0.03238095238095238,0.8591428571428571
6.6617870140075395,0.03190476190476191,0.8582857142857143
6.666787014007539,0.031714285714285716,0.8577142857142858
6.671787014007539,0.031619047619047616,0.8564761904761905
6.676787014007539,0.03142857142857143,0.8552380952380952
6.681787014007539,0.031142857142857142,0.8545714285714285
6.686787014007539,0.03076190476190476,0.8532380952380952
6.691787014007539,0.030571428571428572,0.8520952380952381
6.696787014007539,0.03019047619047619,0.8514285714285714
6.701787014007539,0.029904761904761906,0.8504761904761905
6.7067870140075385,0.029714285714285714,0.8498095238095238
6.711787014007538,0.029238095238095237,0.8495238095238096
6.716787014007538,0.029238095238095237,0.8485714285714285
6.721787014007538,0.029142857142857144,0.848
6.726787014007538,0.02895238095238095,0.8472380952380952
6.731787014007538,0.028857142857142856,0.8462857142857143
6.736787014007538,0.028666666666666667,0.8451428571428572
6.741787014007538,0.028666666666666667,0.8444761904761905
6.746787014007538,0.02838095238095238,0.8434285714285714
6.751787014007538,0.028285714285714286,0.8425714285714285
6.7567870140075375,0.02819047619047619,0.8418095238095238
6.761787014007537,0.028095238095238097,0.8413333333333334
6.766787014007537,0.02780952380952381,0.8406666666666667
6.771787014007537,0.027333333333333334,0.8396190476190476
6.776787014007537,0.02723809523809524,0.8391428571428572
6.781787014007537,0.027047619047619046,0.8380952380952381
6.786787014007537,0.027047619047619046,0.836952380952381
6.791787014007537,0.026952380952380953,0.8361904761904762
6.796787014007537,0.02666666666666667,0.8356190476190476
6.8017870140075365,0.02666666666666667,0.835047619047619
6.806787014007536,0.026571428571428572,0.8342857142857143
6.811787014007536,0.02638095238095238,0.8337142857142857
6.816787014007536,0.02619047619047619,0.8331428571428572
6.821787014007536,0.02619047619047619,0.832
6.826787014007536,0.02619047619047619,0.8315238095238096
6.831787014007536,0.02619047619047619,0.8311428571428572
6.836787014007536,0.02619047619047619,0.8303809523809523
6.841787014007536,0.02619047619047619,0.8296190476190476
6.8467870140075355,0.026,0.8279047619047619
6.851787014007535,0.026,0.8276190476190476
6.856787014007535,0.025904761904761906,0.8264761904761905
6.861787014007535,0.025904761904761906,0.8258095238095238
6.866787014007535,0.02580952380952381,0.8255238095238095
6.871787014007535,0.02580952380952381,0.8246666666666667
6.876787014007535,0.02580952380952381,0.8237142857142857
6.881787014007535,0.025619047619047618,0.8226666666666667
6.886787014007535,0.025523809523809525,0.8217142857142857
6.891787014007535,0.025333333333333333,0.8204761904761905
6.8967870140075345,0.025333333333333333,0.8193333333333334
6.901787014007534,0.025238095238095237,0.8183809523809524
6.906787014007534,0.025238095238095237,0.8175238095238095
6.911787014007534,0.025142857142857144,0.8166666666666667
6.916787014007534,0.025047619047619048,0.8160952380952381
6.921787014007534,0.02495238095238095,0.8152380952380952
6.926787014007534,0.02495238095238095,0.8136190476190476
6.931787014007534,0.02495238095238095,0.8125714285714286
6.936787014007534,0.02495238095238095,0.8117142857142857
6.9417870140075335,0.024761904761904763,0.811047619047619
6.946787014007533,0.024666666666666667,0.8103809523809524
6.951787014007533,0.024666666666666667,0.8095238095238095
6.956787014007533,0.024666666666666667,0.8086666666666666
6.961787014007533,0.024666666666666667,0.808
6.966787014007533,0.024666666666666667,0.806952380952381
6.971787014007533,0.024476190476190478,0.8062857142857143
6.976787014007533,0.024476190476190478,0.8056190476190476
6.981787014007533,0.024476190476190478,0.8043809523809524
6.9867870140075325,0.024285714285714285,0.802952380952381
6.991787014007532,0.024285714285714285,0.8024761904761905
6.996787014007532,0.024285714285714285,0.802
7.001787014007532,0.024285714285714285,0.8015238095238095
7.006787014007532,0.02419047619047619,0.801047619047619
7.011787014007532,0.024095238095238097,0.8002857142857143
7.016787014007532,0.024095238095238097,0.7994285714285714
7.021787014007532,0.024095238095238097,0.7981904761904762
7.026787014007532,0.024,0.7974285714285714
7.031787014007532,0.024,0.7968571428571428
7.0367870140075315,0.024,0.7957142857142857
7.041787014007531,0.024,0.7948571428571428
7.046787014007531,0.024,0.7937142857142857
7.051787014007531,0.024,0.7927619047619048
7.056787014007531,0.024,0.7918095238095239
7.061787014007531,0.023904761904761904,0.7905714285714286
7.066787014007531,0.023904761904761904,0.7900952380952381
7.071787014007531,0.023904761904761904,0.7893333333333333
7.076787014007531,0.023809523809523808,0.7887619047619048
7.0817870140075305,0.023809523809523808,0.7872380952380953
7.08678701400753,0.023809523809523808,0.7864761904761904
7.09178701400753,0.023809523809523808,0.7852380952380953
7.09678701400753,0.023714285714285716,0.7844761904761904
7.10178701400753,0.02361904761904762,0.784
7.10678701400753,0.02361904761904762,0.7833333333333333
7.11178701400753,0.02361904761904762,0.7817142857142857
7.11678701400753,0.02361904761904762,0.7805714285714286
7.12178701400753,0.02361904761904762,0.7794285714285715
7.12678701400753,0.02361904761904762,0.7783809523809524
7.1317870140075295,0.023523809523809523,0.7777142857142857
7.136787014007529,0.023523809523809523,0.7766666666666666
7.141787014007529,0.023428571428571427,0.7758095238095238
7.146787014007529,0.023428571428571427,0.7745714285714286
7.151787014007529,0.023428571428571427,0.774
7.156787014007529,0.023428571428571427,0.7732380952380953
7.161787014007529,0.023238095238095238,0.7721904761904762
7.166787014007529,0.023238095238095238,0.7714285714285715
7.171787014007529,0.023142857142857142,0.7704761904761904
7.1767870140075285,0.023142857142857142,0.7690476190476191
7.181787014007528,0.023047619047619046,0.7683809523809524
7.186787014007528,0.022952380952380953,0.7674285714285715
7.191787014007528,0.022952380952380953,0.7663809523809524
7.196787014007528,0.022857142857142857,0.7654285714285715
7.201787014007528,0.02276190476190476,0.7647619047619048
7.206787014007528,0.02266666666666667,0.7633333333333333
7.211787014007528,0.02266666666666667,0.7623809523809524
7.216787014007528,0.02266666666666667,0.7617142857142857
7.2217870140075275,0.02266666666666667,0.7608571428571429
7.226787014007527,0.022571428571428572,0.7602857142857142
7.231787014007527,0.022571428571428572,0.7594285714285715
7.236787014007527,0.022571428571428572,0.7582857142857143
7.241787014007527,0.022571428571428572,0.7572380952380953
7.246787014007527,0.022571428571428572,0.7565714285714286
7.251787014007527,0.022571428571428572,0.7552380952380953
7.256787014007527,0.022571428571428572,0.7541904761904762
7.261787014007527,0.022571428571428572,0.7530476190476191
7.266787014007527,0.022571428571428572,0.7521904761904762
7.2717870140075265,0.022476190476190476,0.7513333333333333
7.276787014007526,0.022476190476190476,0.7504761904761905
7.281787014007526,0.02238095238095238,0.7493333333333333
7.286787014007526,0.02238095238095238,0.748
7.291787014007526,0.02238095238095238,0.7471428571428571
7.296787014007526,0.02238095238095238,0.7465714285714286
7.301787014007526,0.02238095238095238,0.7450476190476191
7.306787014007526,0.02238095238095238,0.7436190476190476
7.311787014007526,0.022095238095238095,0.7422857142857143
7.3167870140075255,0.022095238095238095,0.7416190476190476
7.321787014007525,0.022095238095238095,0.7409523809523809
7.326787014007525,0.022095238095238095,0.739904761904762
7.331787014007525,0.022,0.7385714285714285
7.336787014007525,0.022,0.7377142857142858
7.341787014007525,0.022,0.7369523809523809
7.346787014007525,0.022,0.735904761904762
7.351787014007525,0.022,0.7354285714285714
7.356787014007525,0.022,0.7343809523809524
7.3617870140075246,0.022,0.7335238095238096
7.3667870140075244,0.022,0.7327619047619047
7.371787014007524,0.022,0.7320952380952381
7.376787014007524,0.022,0.7315238095238096
7.381787014007524,0.022,0.7306666666666667
7.386787014007524,0.022,0.7297142857142858
7.391787014007524,0.021904761904761906,0.7284761904761905
7.396787014007524,0.021904761904761906,0.7277142857142858
7.401787014007524,0.021904761904761906,0.727047619047619
7.406787014007524,0.021904761904761906,0.7263809523809523
7.4117870140075235,0.021904761904761906,0.7254285714285714
7.416787014007523,0.021904761904761906,0.7248571428571429
7.421787014007523,0.021904761904761906,0.7243809523809523
7.426787014007523,0.021904761904761906,0.7235238095238096
7.431787014007523,0.021904761904761906,0.7224761904761905
7.436787014007523,0.021904761904761906,0.7214285714285714
7.441787014007523,0.021904761904761906,0.7209523809523809
7.446787014007523,0.021904761904761906,0.7193333333333334
7.451787014007523,0.021904761904761906,0.7187619047619047
7.4567870140075225,0.021904761904761906,0.7175238095238096
7.461787014007522,0.021904761904761906,0.7164761904761905
7.466787014007522,0.02180952380952381,0.715047619047619
7.471787014007522,0.02180952380952381,0.7135238095238096
7.476787014007522,0.02180952380952381,0.7127619047619047
7.481787014007522,0.021714285714285714,0.7114285714285714
7.486787014007522,0.021714285714285714,0.7101904761904761
7.491787014007522,0.021714285714285714,0.7092380952380952
7.496787014007522,0.021714285714285714,0.7078095238095238
7.501787014007522,0.021619047619047618,0.7067619047619048
7.5067870140075215,0.021619047619047618,0.7056190476190476
7.511787014007521,0.021619047619047618,0.7043809523809523
7.516787014007521,0.02142857142857143,0.7038095238095238
7.521787014007521,0.021333333333333333,0.7025714285714286
7.526787014007521,0.021238095238095236,0.7017142857142857
7.531787014007521,0.021238095238095236,0.701047619047619
7.536787014007521,0.021238095238095236,0.6997142857142857
7.541787014007521,0.021142857142857144,0.6985714285714286
7.546787014007521,0.021047619047619048,0.6975238095238095
7.5517870140075205,0.021047619047619048,0.6965714285714286
7.55678701400752,0.021047619047619048,0.694952380952381
7.56178701400752,0.021047619047619048,0.6935238095238095
7.56678701400752,0.021047619047619048,0.6924761904761905
7.57178701400752,0.021047619047619048,0.6917142857142857
7.57678701400752,0.021047619047619048,0.6899047619047619
7.58178701400752,0.021047619047619048,0.689047619047619
7.58678701400752,0.021047619047619048,0.6880952380952381
7.59178701400752,0.021047619047619048,0.687047619047619
7.5967870140075195,0.021047619047619048,0.6859047619047619
7.601787014007519,0.021047619047619048,0.6843809523809524
7.606787014007519,0.021047619047619048,0.6837142857142857
7.611787014007519,0.021047619047619048,0.6827619047619048
7.616787014007519,0.021047619047619048,0.6818095238095238
7.621787014007519,0.021047619047619048,0.6808571428571428
7.626787014007519,0.021047619047619048,0.6799047619047619
7.631787014007519,0.021047619047619048,0.6788571428571428
7.636787014007519,0.02095238095238095,0.6781904761904762
7.641787014007519,0.02095238095238095,0.6766666666666666
7.6467870140075185,0.02095238095238095,0.6759047619047619
7.651787014007518,0.02085714285714286,0.674952380952381
7.656787014007518,0.020761904761904763,0.6738095238095239
7.661787014007518,0.020666666666666667,0.673047619047619
7.666787014007518,0.02057142857142857,0.672
7.671787014007518,0.02057142857142857,0.6706666666666666
7.676787014007518,0.02057142857142857,0.6688571428571428
7.681787014007518,0.02057142857142857,0.6677142857142857
7.686787014007518,0.020476190476190478,0.6665714285714286
7.6917870140075175,0.020476190476190478,0.6655238095238095
7.696787014007517,0.020476190476190478,0.6642857142857143
7.701787014007517,0.020285714285714285,0.6631428571428571
7.706787014007517,0.020285714285714285,0.6617142857142857
7.711787014007517,0.020285714285714285,0.6608571428571428
7.716787014007517,0.02019047619047619,0.6595238095238095
7.721787014007517,0.02019047619047619,0.6577142857142857
7.726787014007517,0.02,0.6560952380952381
7.731787014007517,0.02,0.6550476190476191
7.736787014007517,0.02,0.6546666666666666
7.7417870140075165,0.02,0.6539047619047619
7.746787014007516,0.02,0.6519047619047619
7.751787014007516,0.019904761904761904,0.6511428571428571
7.756787014007516,0.019904761904761904,0.6504761904761904
7.761787014007516,0.019809523809523808,0.648952380952381
7.766787014007516,0.019809523809523808,0.648
7.771787014007516,0.019809523809523808,0.6470476190476191
7.776787014007516,0.01961904761904762,0.6459047619047619
7.781787014007516,0.019523809523809523,0.6446666666666667
7.7867870140075155,0.019523809523809523,0.6437142857142857
7.791787014007515,0.019428571428571427,0.6429523809523809
7.796787014007515,0.019428571428571427,0.6419047619047619
7.801787014007515,0.019428571428571427,0.6408571428571429
7.806787014007515,0.019428571428571427,0.6398095238095238
7.811787014007515,0.019428571428571427,0.6386666666666667
7.816787014007515,0.019238095238095238,0.6383809523809524
7.821787014007515,0.019142857142857142,0.6368571428571429
7.826787014007515,0.019142857142857142,0.6358095238095238
7.8317870140075145,0.019142857142857142,0.6347619047619047
7.836787014007514,0.019142857142857142,0.6338095238095238
7.841787014007514,0.019142857142857142,0.6327619047619047
7.846787014007514,0.019142857142857142,0.6316190476190476
7.851787014007514,0.019142857142857142,0.6307619047619047
7.856787014007514,0.019142857142857142,0.63
7.861787014007514,0.019142857142857142,0.6285714285714286
7.866787014007514,0.01904761904761905,0.6271428571428571
7.871787014007514,0.01904761904761905,0.6263809523809524
7.876787014007514,0.01904761904761905,0.6254285714285714
7.8817870140075135,0.01904761904761905,0.6240952380952381
7.886787014007513,0.01904761904761905,0.6233333333333333
7.891787014007513,0.01904761904761905,0.6223809523809524
7.896787014007513,0.01904761904761905,0.621904761904762
7.901787014007513,0.01904761904761905,0.6212380952380953
7.906787014007513,0.018952380952380953,0.6194285714285714
7.911787014007513,0.018952380952380953,0.6181904761904762
7.916787014007513,0.018952380952380953,0.6172380952380953
7.921787014007513,0.018952380952380953,0.616
7.9267870140075125,0.018952380952380953,0.6149523809523809
7.931787014007512,0.018857142857142857,0.613904761904762
7.936787014007512,0.01876190476190476,0.6124761904761905
7.941787014007512,0.018571428571428572,0.6115238095238095
7.946787014007512,0.018476190476190476,0.6106666666666667
7.951787014007512,0.018476190476190476,0.6095238095238096
7.956787014007512,0.018476190476190476,0.6082857142857143
7.961787014007512,0.01838095238095238,0.6068571428571429
7.966787014007512,0.01838095238095238,0.6060952380952381
7.9717870140075116,0.01838095238095238,0.6054285714285714
7.9767870140075114,0.01838095238095238,0.6043809523809524
7.981787014007511,0.01838095238095238,0.6032380952380952
7.986787014007511,0.018285714285714287,0.6019047619047619
7.991787014007511,0.018285714285714287,0.6003809523809523
7.996787014007511,0.01819047619047619,0.5994285714285714
8.001787014007512,0.01819047619047619,0.598
8.00678701400751,0.018095238095238095,0.5966666666666667
8.01178701400751,0.018095238095238095,0.5958095238095238
8.01678701400751,0.018095238095238095,0.5947619047619047
8.021787014007511,0.018095238095238095,0.5936190476190476
8.02678701400751,0.018095238095238095,0.5925714285714285
8.03178701400751,0.018,0.5919047619047619
8.03678701400751,0.018,0.5911428571428572
8.041787014007511,0.018,0.59
8.04678701400751,0.01780952380952381,0.5887619047619047
8.051787014007509,0.01780952380952381,0.5880952380952381
8.05678701400751,0.01780952380952381,0.587047619047619
8.06178701400751,0.01780952380952381,0.5858095238095238
8.06678701400751,0.01780952380952381,0.5838095238095238
8.071787014007509,0.01780952380952381,0.5826666666666667
8.07678701400751,0.017714285714285714,0.5814285714285714
8.08178701400751,0.017714285714285714,0.5801904761904761
8.086787014007509,0.017619047619047618,0.5791428571428572
8.091787014007508,0.017523809523809525,0.5782857142857143
8.096787014007509,0.017523809523809525,0.5771428571428572
8.10178701400751,0.017523809523809525,0.576
8.106787014007509,0.017523809523809525,0.5755238095238095
8.111787014007508,0.017523809523809525,0.5748571428571428
8.116787014007508,0.017523809523809525,0.5744761904761905
8.12178701400751,0.017523809523809525,0.5736190476190476
8.126787014007508,0.017523809523809525,0.5726666666666667
8.131787014007507,0.017523809523809525,0.5714285714285714
8.136787014007508,0.017523809523809525,0.5701904761904761
8.141787014007509,0.017523809523809525,0.5695238095238095
8.146787014007508,0.017523809523809525,0.5685714285714286
8.151787014007507,0.017523809523809525,0.5676190476190476
8.156787014007508,0.017523809523809525,0.5667619047619048
8.161787014007508,0.01742857142857143,0.5658095238095238
8.166787014007507,0.01742857142857143,0.5648571428571428
8.171787014007506,0.01742857142857143,0.5643809523809524
8.176787014007507,0.01742857142857143,0.5632380952380952
8.181787014007508,0.01742857142857143,0.5624761904761905
8.186787014007507,0.01742857142857143,0.5617142857142857
8.191787014007506,0.01742857142857143,0.5600952380952381
8.196787014007507,0.01742857142857143,0.5588571428571428
8.201787014007508,0.01742857142857143,0.5575238095238095
8.206787014007507,0.01742857142857143,0.5563809523809524
8.211787014007506,0.01742857142857143,0.5553333333333333
8.216787014007506,0.01742857142857143,0.5546666666666666
8.221787014007507,0.01742857142857143,0.5538095238095239
8.226787014007506,0.017333333333333333,0.552952380952381
8.231787014007505,0.017333333333333333,0.5520952380952381
8.236787014007506,0.017238095238095236,0.5512380952380952
8.241787014007507,0.017238095238095236,0.5505714285714286
8.246787014007506,0.017142857142857144,0.5499047619047619
8.251787014007505,0.017142857142857144,0.5492380952380952
8.256787014007505,0.017142857142857144,0.5478095238095239
8.261787014007506,0.017142857142857144,0.5473333333333333
8.266787014007505,0.017047619047619048,0.5467619047619048
8.271787014007504,0.017047619047619048,0.5459047619047619
8.276787014007505,0.017047619047619048,0.544952380952381
8.281787014007506,0.017047619047619048,0.5440952380952381
8.286787014007505,0.017047619047619048,0.5433333333333333
8.291787014007504,0.01685714285714286,0.5419047619047619
8.296787014007505,0.01685714285714286,0.5407619047619048
8.301787014007505,0.01685714285714286,0.5400952380952381
8.306787014007504,0.01685714285714286,0.538952380952381
8.311787014007503,0.01685714285714286,0.5380952380952381
8.316787014007504,0.01685714285714286,0.5371428571428571
8.321787014007505,0.016761904761904763,0.5360952380952381
8.326787014007504,0.016761904761904763,0.5351428571428571
8.331787014007503,0.016761904761904763,0.5340952380952381
8.336787014007504,0.016761904761904763,0.532952380952381
8.341787014007505,0.016761904761904763,0.5323809523809524
8.346787014007504,0.016761904761904763,0.532
8.351787014007503,0.016761904761904763,0.5311428571428571
8.356787014007503,0.016666666666666666,0.5300952380952381
8.361787014007504,0.016666666666666666,0.5290476190476191
8.366787014007503,0.016666666666666666,0.528
8.371787014007502,0.016666666666666666,0.5268571428571428
8.376787014007503,0.016666666666666666,0.5260952380952381
8.381787014007504,0.016666666666666666,0.5253333333333333
8.386787014007503,0.016666666666666666,0.5243809523809524
8.391787014007502,0.016666666666666666,0.5237142857142857
8.396787014007502,0.016666666666666666,0.5225714285714286
8.401787014007503,0.01657142857142857,0.5218095238095238
8.406787014007502,0.01657142857142857,0.5211428571428571
8.411787014007501,0.01657142857142857,0.520095238095238
8.416787014007502,0.01657142857142857,0.5188571428571429
8.421787014007503,0.01657142857142857,0.518
8.426787014007502,0.01657142857142857,0.5168571428571429
8.4317870140075,0.01657142857142857,0.516
8.436787014007502,0.01657142857142857,0.5151428571428571
8.441787014007502,0.01657142857142857,0.5143809523809524
8.446787014007501,0.01657142857142857,0.5134285714285715
8.4517870140075,0.01657142857142857,0.5128571428571429
8.456787014007501,0.01657142857142857,0.5114285714285715
8.461787014007502,0.01657142857142857,0.5104761904761905
8.466787014007501,0.01657142857142857,0.5092380952380953
8.4717870140075,0.01657142857142857,0.5083809523809524
8.4767870140075,0.01657142857142857,0.5072380952380953
8.481787014007502,0.01657142857142857,0.5063809523809524
8.4867870140075,0.01657142857142857,0.5051428571428571
8.4917870140075,0.01657142857142857,0.5042857142857143
8.4967870140075,0.01657142857142857,0.5034285714285714
8.501787014007501,0.01657142857142857,0.5026666666666667
8.5067870140075,0.01657142857142857,0.5016190476190476
8.5117870140075,0.01657142857142857,0.5008571428571429
8.5167870140075,0.01657142857142857,0.5000952380952381
8.5217870140075,0.01657142857142857,0.4990476190476191
8.5267870140075,0.01657142857142857,0.4980952380952381
8.531787014007499,0.01657142857142857,0.49714285714285716
8.5367870140075,0.01657142857142857,0.49647619047619046
8.5417870140075,0.01657142857142857,0.49533333333333335
8.5467870140075,0.01657142857142857,0.49447619047619046
8.551787014007498,0.01657142857142857,0.49342857142857144
8.556787014007499,0.01657142857142857,0.49228571428571427
8.5617870140075,0.01657142857142857,0.4908571428571429
8.566787014007499,0.01657142857142857,0.4901904761904762
8.571787014007498,0.01657142857142857,0.48923809523809525
8.576787014007499,0.01657142857142857,0.48838095238095236
8.5817870140075,0.01657142857142857,0.4877142857142857
8.586787014007498,0.01657142857142857,0.48695238095238097
8.591787014007497,0.016476190476190478,0.4856190476190476
8.596787014007498,0.016476190476190478,0.48504761904761906
8.601787014007499,0.01638095238095238,0.4848571428571429
8.606787014007498,0.01638095238095238,0.48447619047619045
8.611787014007497,0.01638095238095238,0.48333333333333334
8.616787014007498,0.01638095238095238,0.482
8.621787014007499,0.01638095238095238,0.4804761904761905
8.626787014007498,0.01638095238095238,0.4799047619047619
8.631787014007497,0.01638095238095238,0.47914285714285715
8.636787014007497,0.01638095238095238,0.4785714285714286
8.641787014007498,0.01638095238095238,0.4776190476190476
8.646787014007497,0.01638095238095238,0.4767619047619048
8.651787014007496,0.01638095238095238,0.47619047619047616
8.656787014007497,0.01638095238095238,0.47523809523809524
8.661787014007498,0.01638095238095238,0.47495238095238096
8.666787014007497,0.016285714285714285,0.4742857142857143
8.671787014007496,0.016095238095238096,0.4735238095238095
8.676787014007497,0.016095238095238096,0.47295238095238096
8.681787014007497,0.016,0.4724761904761905
8.686787014007496,0.016,0.4717142857142857
8.691787014007495,0.016,0.47085714285714286
8.696787014007496,0.016,0.4702857142857143
8.701787014007497,0.016,0.4693333333333333
8.706787014007496,0.016,0.4682857142857143
8.711787014007495,0.015904761904761904,0.4673333333333333
8.716787014007496,0.015904761904761904,0.46695238095238095
8.721787014007496,0.015904761904761904,0.4655238095238095
8.726787014007495,0.015904761904761904,0.4646666666666667
8.731787014007494,0.015904761904761904,0.464
8.736787014007495,0.015904761904761904,0.4637142857142857
8.741787014007496,0.015904761904761904,0.46314285714285713
8.746787014007495,0.015904761904761904,0.46180952380952384
8.751787014007494,0.015904761904761904,0.46114285714285713
8.756787014007495,0.015904761904761904,0.4602857142857143
8.761787014007496,0.015904761904761904,0.45895238095238095
8.766787014007495,0.015904761904761904,0.4582857142857143
8.771787014007494,0.015904761904761904,0.45714285714285713
8.776787014007494,0.015809523809523808,0.4561904761904762
8.781787014007495,0.015809523809523808,0.45504761904761903
8.786787014007494,0.015809523809523808,0.4541904761904762
8.791787014007493,0.015809523809523808,0.45295238095238094
8.796787014007494,0.015809523809523808,0.4520952380952381
8.801787014007495,0.015714285714285715,0.45161904761904764
8.806787014007494,0.015714285714285715,0.45076190476190475
8.811787014007493,0.015714285714285715,0.4502857142857143
8.816787014007494,0.015714285714285715,0.4492380952380952
8.821787014007494,0.015714285714285715,0.4482857142857143
8.826787014007493,0.015714285714285715,0.44761904761904764
8.831787014007492,0.015714285714285715,0.44695238095238093
8.836787014007493,0.015714285714285715,0.4458095238095238
8.841787014007494,0.01561904761904762,0.44542857142857145
8.846787014007493,0.015523809523809523,0.44476190476190475
8.851787014007492,0.015523809523809523,0.4440952380952381
8.856787014007493,0.015523809523809523,0.44352380952380954
8.861787014007493,0.015523809523809523,0.443047619047619
8.866787014007492,0.015523809523809523,0.44257142857142856
8.871787014007491,0.015428571428571429,0.44142857142857145
8.876787014007492,0.015428571428571429,0.44085714285714284
8.881787014007493,0.015428571428571429,0.4402857142857143
8.886787014007492,0.015428571428571429,0.4398095238095238
8.891787014007491,0.015428571428571429,0.43914285714285717
8.896787014007492,0.015428571428571429,0.43876190476190474
8.901787014007493,0.015428571428571429,0.4380952380952381
8.906787014007492,0.015428571428571429,0.43761904761904763
8.91178701400749,0.015428571428571429,0.4370476190476191
8.916787014007491,0.015333333333333332,0.43638095238095237
8.921787014007492,0.015333333333333332,0.43542857142857144
8.926787014007491,0.015333333333333332,0.43466666666666665
8.93178701400749,0.015238095238095238,0.4337142857142857
8.936787014007491,0.015238095238095238,0.43314285714285716
8.941787014007492,0.015238095238095238,0.43257142857142855
8.94678701400749,0.015238095238095238,0.43114285714285716
8.95178701400749,0.015238095238095238,0.4308571428571429
8.95678701400749,0.015238095238095238,0.42952380952380953
8.961787014007491,0.015142857142857144,0.4287619047619048
8.96678701400749,0.015142857142857144,0.4281904761904762
8.97178701400749,0.015142857142857144,0.42704761904761906
8.97678701400749,0.015142857142857144,0.4261904761904762
8.981787014007491,0.015142857142857144,0.42495238095238097
8.98678701400749,0.015142857142857144,0.42457142857142854
8.991787014007489,0.015142857142857144,0.424
8.99678701400749,0.015142857142857144,0.42323809523809525
9.00178701400749,0.015047619047619048,0.4228571428571429
9.00678701400749,0.015047619047619048,0.42238095238095236
9.011787014007488,0.015047619047619048,0.42142857142857143
9.01678701400749,0.015047619047619048,0.4208571428571429
9.02178701400749,0.015047619047619048,0.4205714285714286
9.026787014007489,0.014952380952380953,0.42
9.031787014007488,0.014952380952380953,0.41895238095238096
9.036787014007489,0.014952380952380953,0.41838095238095235
9.04178701400749,0.014952380952380953,0.41685714285714287
9.046787014007489,0.014952380952380953,0.4165714285714286
9.051787014007488,0.014952380952380953,0.4158095238095238
9.056787014007488,0.014952380952380953,0.41485714285714287
9.06178701400749,0.014952380952380953,0.4143809523809524
9.066787014007488,0.014857142857142857,0.4137142857142857
9.071787014007487,0.014857142857142857,0.41304761904761905
9.076787014007488,0.014666666666666666,0.4127619047619048
9.081787014007489,0.014666666666666666,0.4117142857142857
9.086787014007488,0.014666666666666666,0.41095238095238096
9.091787014007487,0.014666666666666666,0.4105714285714286
9.096787014007488,0.014666666666666666,0.41009523809523807
9.101787014007488,0.014666666666666666,0.4095238095238095
9.106787014007487,0.014666666666666666,0.40876190476190477
9.111787014007486,0.014666666666666666,0.4081904761904762
9.116787014007487,0.014666666666666666,0.4078095238095238
9.121787014007488,0.014666666666666666,0.4074285714285714
9.126787014007487,0.014666666666666666,0.40676190476190477
9.131787014007486,0.014666666666666666,0.406
9.136787014007487,0.014666666666666666,0.40485714285714286
9.141787014007487,0.014666666666666666,0.4037142857142857
9.146787014007487,0.014666666666666666,0.4034285714285714
9.151787014007486,0.014666666666666666,0.40285714285714286
9.156787014007486,0.014666666666666666,0.4024761904761905
9.161787014007487,0.014666666666666666,0.4018095238095238
9.166787014007486,0.014666666666666666,0.40076190476190476
9.171787014007485,0.014666666666666666,0.4003809523809524
9.176787014007486,0.014666666666666666,0.4001904761904762
9.181787014007487,0.014666666666666666,0.3994285714285714
9.186787014007486,0.014666666666666666,0.39895238095238095
9.191787014007485,0.014666666666666666,0.3984761904761905
9.196787014007485,0.014666666666666666,0.39780952380952384
9.201787014007486,0.014666666666666666,0.3972380952380952
9.206787014007485,0.014666666666666666,0.3964761904761905
9.211787014007484,0.014666666666666666,0.39580952380952383
9.216787014007485,0.014666666666666666,0.39504761904761904
9.221787014007486,0.014666666666666666,0.39380952380952383
9.226787014007485,0.014666666666666666,0.3932380952380952
9.231787014007484,0.014666666666666666,0.3923809523809524
9.236787014007485,0.014571428571428572,0.3919047619047619
9.241787014007485,0.014571428571428572,0.3915238095238095
9.246787014007484,0.014571428571428572,0.39057142857142857
9.251787014007483,0.014571428571428572,0.3899047619047619
9.256787014007484,0.014571428571428572,0.3892380952380952
9.261787014007485,0.014571428571428572,0.38885714285714285
9.266787014007484,0.014571428571428572,0.3883809523809524
9.271787014007483,0.014571428571428572,0.3878095238095238
9.276787014007484,0.014571428571428572,0.3871428571428571
9.281787014007485,0.014571428571428572,0.3861904761904762
9.286787014007484,0.014476190476190476,0.38552380952380955
9.291787014007483,0.014380952380952381,0.38476190476190475
9.296787014007483,0.014380952380952381,0.3839047619047619
9.301787014007484,0.014380952380952381,0.3832380952380952
9.306787014007483,0.014380952380952381,0.38257142857142856
9.311787014007482,0.014380952380952381,0.38161904761904764
9.316787014007483,0.014380952380952381,0.38095238095238093
9.321787014007484,0.014380952380952381,0.38
9.326787014007483,0.014380952380952381,0.37952380952380954
9.331787014007482,0.014380952380952381,0.37876190476190474
9.336787014007482,0.014285714285714285,0.3781904761904762
9.341787014007483,0.014285714285714285,0.37742857142857145
9.346787014007482,0.01419047619047619,0.3769523809523809
9.351787014007481,0.01419047619047619,0.37647619047619046
9.356787014007482,0.01419047619047619,0.3759047619047619
9.361787014007483,0.01419047619047619,0.3749523809523809
9.366787014007482,0.01419047619047619,0.37447619047619046
9.37178701400748,0.01419047619047619,0.37438095238095237
9.376787014007482,0.01419047619047619,0.374
9.381787014007482,0.01419047619047619,0.37266666666666665
9.386787014007481,0.01419047619047619,0.3718095238095238
9.39178701400748,0.014095238095238095,0.37133333333333335
9.396787014007481,0.014095238095238095,0.37057142857142855
9.401787014007482,0.014095238095238095,0.36952380952380953
9.406787014007481,0.014095238095238095,0.36914285714285716
9.41178701400748,0.014095238095238095,0.36857142857142855
9.41678701400748,0.014095238095238095,0.368
9.421787014007482,0.014095238095238095,0.36714285714285716
9.42678701400748,0.014095238095238095,0.36657142857142855
9.43178701400748,0.014095238095238095,0.36552380952380953
9.43678701400748,0.014095238095238095,0.36504761904761907
9.441787014007481,0.014095238095238095,0.36466666666666664
9.44678701400748,0.014095238095238095,0.3638095238095238
9.45178701400748,0.014095238095238095,0.3636190476190476
9.45678701400748,0.014095238095238095,0.36295238095238097
9.46178701400748,0.014095238095238095,0.36228571428571427
9.46678701400748,0.014095238095238095,0.3615238095238095
9.471787014007479,0.014095238095238095,0.36104761904761906
9.47678701400748,0.014095238095238095,0.3606666666666667
9.48178701400748,0.014095238095238095,0.3597142857142857
9.48678701400748,0.014095238095238095,0.3587619047619048
9.491787014007478,0.014095238095238095,0.3584761904761905
9.496787014007479,0.014,0.3578095238095238
9.50178701400748,0.014,0.35704761904761906
9.506787014007479,0.014,0.35638095238095235
9.511787014007478,0.014,0.3558095238095238
9.516787014007479,0.013904761904761904,0.35514285714285715
9.52178701400748,0.013904761904761904,0.35504761904761906
9.526787014007478,0.013904761904761904,0.3546666666666667
9.531787014007477,0.013904761904761904,0.354
9.536787014007478,0.013904761904761904,0.3537142857142857
9.541787014007479,0.013904761904761904,0.35304761904761905
9.546787014007478,0.013904761904761904,0.3527619047619048
9.551787014007477,0.013904761904761904,0.3520952380952381
9.556787014007478,0.01380952380952381,0.35123809523809524
9.561787014007479,0.01380952380952381,0.3505714285714286
9.566787014007478,0.01380952380952381,0.35009523809523807
9.571787014007477,0.01380952380952381,0.3499047619047619
9.576787014007477,0.01380952380952381,0.34904761904761905
9.581787014007478,0.01380952380952381,0.3486666666666667
9.586787014007477,0.01380952380952381,0.3478095238095238
9.591787014007476,0.013714285714285714,0.34704761904761905
9.596787014007477,0.013714285714285714,0.3464761904761905
9.601787014007478,0.01361904761904762,0.346
9.606787014007477,0.01361904761904762,0.34523809523809523
9.611787014007476,0.01361904761904762,0.34476190476190477
9.616787014007476,0.01361904761904762,0.3441904761904762
9.621787014007477,0.013523809523809523,0.3438095238095238
9.626787014007476,0.013523809523809523,0.3433333333333333
9.631787014007475,0.013523809523809523,0.34314285714285714
9.636787014007476,0.013523809523809523,0.3418095238095238
9.641787014007477,0.013523809523809523,0.3413333333333333
9.646787014007476,0.013523809523809523,0.34085714285714286
9.651787014007475,0.013523809523809523,0.3402857142857143
9.656787014007476,0.013523809523809523,0.3393333333333333
9.661787014007476,0.013523809523809523,0.33885714285714286
9.666787014007475,0.013523809523809523,0.3383809523809524
9.671787014007474,0.013523809523809523,0.33790476190476193
9.676787014007475,0.013523809523809523,0.33704761904761904
9.681787014007476,0.013523809523809523,0.3362857142857143
9.686787014007475,0.013523809523809523,0.3356190476190476
9.691787014007474,0.013428571428571429,0.33476190476190476
9.696787014007475,0.013333333333333334,0.3344761904761905
9.701787014007476,0.013333333333333334,0.3339047619047619
9.706787014007475,0.013333333333333334,0.3335238095238095
9.711787014007474,0.013333333333333334,0.33295238095238094
9.716787014007474,0.013333333333333334,0.33276190476190476
9.721787014007475,0.013333333333333334,0.3322857142857143
9.726787014007474,0.013333333333333334,0.3314285714285714
9.731787014007473,0.013333333333333334,0.33095238095238094
9.736787014007474,0.013238095238095238,0.33
9.741787014007475,0.013238095238095238,0.32961904761904764
9.746787014007474,0.013238095238095238,0.32885714285714285
9.751787014007473,0.013238095238095238,0.3282857142857143
9.756787014007474,0.013238095238095238,0.3272380952380952
9.761787014007474,0.013238095238095238,0.32657142857142857
9.766787014007473,0.013238095238095238,0.326
9.771787014007472,0.013238095238095238,0.32571428571428573
9.776787014007473,0.013238095238095238,0.32504761904761903
9.781787014007474,0.013238095238095238,0.3244761904761905
9.786787014007473,0.013238095238095238,0.3241904761904762
9.791787014007472,0.013238095238095238,0.3239047619047619
9.796787014007473,0.013238095238095238,0.3232380952380952
9.801787014007473,0.013238095238095238,0.32276190476190475
9.806787014007472,0.013238095238095238,0.322
9.811787014007471,0.012952380952380953,0.32152380952380955
9.816787014007472,0.012952380952380953,0.321047619047619
9.821787014007473,0.012952380952380953,0.32047619047619047
9.826787014007472,0.012952380952380953,0.3200952380952381
9.831787014007471,0.012952380952380953,0.31942857142857145
9.836787014007472,0.012952380952380953,0.31895238095238093
9.841787014007473,0.012952380952380953,0.31761904761904763
9.846787014007472,0.012952380952380953,0.317047619047619
9.85178701400747,0.012952380952380953,0.31666666666666665
9.856787014007471,0.012857142857142857,0.3160952380952381
9.861787014007472,0.012857142857142857,0.31533333333333335
9.866787014007471,0.012857142857142857,0.31466666666666665
9.87178701400747,0.012857142857142857,0.31438095238095237
9.876787014007471,0.012857142857142857,0.3140952380952381
9.881787014007472,0.012857142857142857,0.31352380952380954
9.88678701400747,0.012857142857142857,0.31285714285714283
9.89178701400747,0.012857142857142857,0.3121904761904762
9.89678701400747,0.012761904761904763,0.31161904761904763
9.901787014007471,0.012761904761904763,0.31085714285714283
9.90678701400747,0.012761904761904763,0.3102857142857143
9.91178701400747,0.012761904761904763,0.3096190476190476
9.91678701400747,0.012761904761904763,0.308952380952381
9.92178701400747,0.012761904761904763,0.3082857142857143
9.92678701400747,0.012666666666666666,0.30742857142857144
9.931787014007469,0.012666666666666666,0.30676190476190474
9.93678701400747,0.012666666666666666,0.3062857142857143
9.94178701400747,0.012571428571428572,0.3058095238095238
9.94678701400747,0.012571428571428572,0.30466666666666664
9.951787014007468,0.012571428571428572,0.304
9.95678701400747,0.012571428571428572,0.30342857142857144
9.96178701400747,0.012571428571428572,0.30314285714285716
9.966787014007469,0.012571428571428572,0.30257142857142855
9.971787014007468,0.012571428571428572,0.3019047619047619
9.976787014007469,0.012571428571428572,0.30114285714285716
9.98178701400747,0.012571428571428572,0.30047619047619045
9.986787014007469,0.012571428571428572,0.2999047619047619
9.991787014007468,0.012571428571428572,0.2996190476190476
9.996787014007468,0.012571428571428572,0.29904761904761906
10.00178701400747,0.012571428571428572,0.29847619047619045
10.006787014007468,0.012571428571428572,0.2979047619047619
10.011787014007467,0.012571428571428572,0.2975238095238095
10.016787014007468,0.012571428571428572,0.29704761904761906
10.021787014007469,0.012571428571428572,0.29647619047619045
10.026787014007468,0.012571428571428572,0.29619047619047617
10.031787014007467,0.012571428571428572,0.2957142857142857
10.036787014007468,0.012571428571428572,0.2955238095238095
10.041787014007468,0.012571428571428572,0.2947619047619048
10.046787014007467,0.012571428571428572,0.29428571428571426
10.051787014007466,0.012571428571428572,0.2940952380952381
10.056787014007467,0.012571428571428572,0.2939047619047619
10.061787014007468,0.012380952380952381,0.29314285714285715
10.066787014007467,0.012380952380952381,0.29295238095238096
10.071787014007466,0.012380952380952381,0.2923809523809524
10.076787014007467,0.012380952380952381,0.29228571428571426
10.081787014007467,0.012380952380952381,0.2918095238095238
10.086787014007466,0.012380952380952381,0.2915238095238095
10.091787014007465,0.012380952380952381,0.29133333333333333
10.096787014007466,0.012380952380952381,0.2907619047619048
10.101787014007467,0.012380952380952381,0.29
10.106787014007466,0.012380952380952381,0.2895238095238095
10.111787014007465,0.012380952380952381,0.28933333333333333
10.116787014007466,0.012380952380952381,0.28895238095238096
10.121787014007467,0.012380952380952381,0.2886666666666667
10.126787014007466,0.012380952380952381,0.28809523809523807
10.131787014007465,0.012380952380952381,0.2875238095238095
10.136787014007465,0.012380952380952381,0.28685714285714287
10.141787014007466,0.012380952380952381,0.2862857142857143
10.146787014007465,0.012380952380952381,0.2859047619047619
10.151787014007464,0.012285714285714285,0.2853333333333333
10.156787014007465,0.012285714285714285,0.28485714285714286
10.161787014007466,0.012285714285714285,0.2843809523809524
10.166787014007465,0.012285714285714285,0.284
10.171787014007464,0.012285714285714285,0.2835238095238095
10.176787014007465,0.012285714285714285,0.28304761904761905
10.181787014007465,0.012285714285714285,0.2823809523809524
10.186787014007464,0.012285714285714285,0.2820952380952381
10.191787014007463,0.012285714285714285,0.2820952380952381
10.196787014007464,0.012285714285714285,0.2819047619047619
10.201787014007465,0.01219047619047619,0.2813333333333333
10.206787014007464,0.01219047619047619,0.28095238095238095
10.211787014007463,0.012095238095238095,0.2805714285714286
10.216787014007464,0.012095238095238095,0.2800952380952381
10.221787014007464,0.012,0.28
10.226787014007463,0.011904761904761904,0.2795238095238095
10.231787014007462,0.011904761904761904,0.2793333333333333
10.236787014007463,0.011904761904761904,0.27895238095238095
10.241787014007464,0.011904761904761904,0.2783809523809524
10.246787014007463,0.011904761904761904,0.278
10.251787014007462,0.011904761904761904,0.2775238095238095
10.256787014007463,0.011904761904761904,0.27685714285714286
10.261787014007464,0.011904761904761904,0.27666666666666667
10.266787014007463,0.011904761904761904,0.2761904761904762
10.271787014007462,0.011714285714285714,0.2753333333333333
10.276787014007462,0.011714285714285714,0.27504761904761904
10.281787014007463,0.011714285714285714,0.2743809523809524
10.286787014007462,0.011714285714285714,0.2737142857142857
10.291787014007461,0.011714285714285714,0.2732380952380952
10.296787014007462,0.011619047619047619,0.27266666666666667
10.301787014007463,0.011619047619047619,0.2723809523809524
10.306787014007462,0.011619047619047619,0.27171428571428574
10.31178701400746,0.011619047619047619,0.2714285714285714
10.316787014007462,0.011619047619047619,0.2712380952380952
10.321787014007462,0.011619047619047619,0.27076190476190476
10.326787014007461,0.011619047619047619,0.2705714285714286
10.33178701400746,0.011619047619047619,0.2702857142857143
10.336787014007461,0.011619047619047619,0.2692380952380952
10.341787014007462,0.011619047619047619,0.26895238095238094
10.346787014007461,0.011523809523809523,0.26857142857142857
10.35178701400746,0.011523809523809523,0.2679047619047619
10.35678701400746,0.011523809523809523,0.2674285714285714
10.361787014007461,0.011523809523809523,0.26704761904761903
10.36678701400746,0.011428571428571429,0.26685714285714285
10.37178701400746,0.011428571428571429,0.2662857142857143
10.37678701400746,0.011333333333333334,0.26580952380952383
10.381787014007461,0.011333333333333334,0.26561904761904764
10.38678701400746,0.011238095238095238,0.2652380952380952
10.391787014007459,0.011238095238095238,0.2652380952380952
10.39678701400746,0.011238095238095238,0.26504761904761903
10.40178701400746,0.011238095238095238,0.26466666666666666
10.40678701400746,0.011238095238095238,0.2643809523809524
10.411787014007459,0.011238095238095238,0.2641904761904762
10.41678701400746,0.011238095238095238,0.26361904761904764
10.42178701400746,0.011238095238095238,0.26352380952380955
10.42678701400746,0.011238095238095238,0.2632380952380952
10.431787014007458,0.011238095238095238,0.26285714285714284
10.436787014007459,0.011238095238095238,0.2623809523809524
10.44178701400746,0.011238095238095238,0.2618095238095238
10.446787014007459,0.011238095238095238,0.26142857142857145
10.451787014007458,0.011238095238095238,0.26085714285714284
10.456787014007459,0.011238095238095238,0.2603809523809524
10.46178701400746,0.011238095238095238,0.25961904761904764
10.466787014007458,0.011238095238095238,0.25895238095238093
10.471787014007457,0.011238095238095238,0.25876190476190475
10.476787014007458,0.011142857142857144,0.25847619047619047
10.481787014007459,0.011142857142857144,0.2583809523809524
10.486787014007458,0.011047619047619047,0.2578095238095238
10.491787014007457,0.011047619047619047,0.25752380952380954
10.496787014007458,0.011047619047619047,0.25733333333333336
10.501787014007459,0.011047619047619047,0.257047619047619
10.506787014007458,0.011047619047619047,0.25685714285714284
10.511787014007457,0.011047619047619047,0.25647619047619047
10.516787014007457,0.011047619047619047,0.25647619047619047
10.521787014007458,0.011047619047619047,0.256
10.526787014007457,0.011047619047619047,0.2551428571428571
10.531787014007456,0.011047619047619047,0.25457142857142856
10.536787014007457,0.010952380952380953,0.2541904761904762
10.541787014007458,0.010857142857142857,0.2538095238095238
10.546787014007457,0.010857142857142857,0.25352380952380954
10.551787014007456,0.010857142857142857,0.25323809523809526
10.556787014007456,0.010857142857142857,0.25295238095238093
10.561787014007457,0.010857142857142857,0.25247619047619047
10.566787014007456,0.010857142857142857,0.2522857142857143
10.571787014007455,0.010857142857142857,0.252
10.576787014007456,0.010857142857142857,0.25152380952380954
10.581787014007457,0.010857142857142857,0.25152380952380954
10.586787014007456,0.010857142857142857,0.2510476190476191
10.591787014007455,0.010857142857142857,0.25076190476190474
10.596787014007456,0.010857142857142857,0.25066666666666665
10.601787014007456,0.010857142857142857,0.25038095238095237
10.606787014007455,0.010857142857142857,0.24980952380952381
10.611787014007454,0.010857142857142857,0.24952380952380954
10.616787014007455,0.010857142857142857,0.24933333333333332
10.621787014007456,0.010857142857142857,0.24895238095238095
10.626787014007455,0.010857142857142857,0.24876190476190477
10.631787014007454,0.010857142857142857,0.24828571428571428
10.636787014007455,0.010857142857142857,0.2478095238095238
10.641787014007456,0.010857142857142857,0.24742857142857144
10.646787014007455,0.010857142857142857,0.24704761904761904
10.651787014007454,0.010857142857142857,0.24638095238095237
10.656787014007454,0.010857142857142857,0.246
10.661787014007455,0.010857142857142857,0.24571428571428572
10.666787014007454,0.010857142857142857,0.24542857142857144
10.671787014007453,0.010857142857142857,0.24495238095238095
10.676787014007454,0.010857142857142857,0.24466666666666667
10.681787014007455,0.010857142857142857,0.2439047619047619
10.686787014007454,0.010857142857142857,0.24361904761904762
10.691787014007453,0.010857142857142857,0.24323809523809523
10.696787014007453,0.010857142857142857,0.24314285714285713
10.701787014007454,0.010857142857142857,0.24304761904761904
10.706787014007453,0.010857142857142857,0.24257142857142858
10.711787014007452,0.010857142857142857,0.2422857142857143
10.716787014007453,0.010857142857142857,0.24209523809523809
10.721787014007454,0.010857142857142857,0.2418095238095238
10.726787014007453,0.010761904761904762,0.24142857142857144
10.731787014007452,0.010761904761904762,0.24104761904761904
10.736787014007453,0.010761904761904762,0.24095238095238095
10.741787014007453,0.010761904761904762,0.24066666666666667
10.746787014007452,0.010761904761904762,0.2403809523809524
10.751787014007451,0.010761904761904762,0.24009523809523808
10.756787014007452,0.010761904761904762,0.2399047619047619
10.761787014007453,0.010761904761904762,0.23942857142857144
10.766787014007452,0.010761904761904762,0.23914285714285713
10.771787014007451,0.010761904761904762,0.23885714285714285
10.776787014007452,0.010761904761904762,0.2382857142857143
10.781787014007453,0.010761904761904762,0.23761904761904762
10.786787014007452,0.010761904761904762,0.23742857142857143
10.79178701400745,0.010761904761904762,0.23742857142857143
10.796787014007451,0.010761904761904762,0.23695238095238094
10.801787014007452,0.010761904761904762,0.23638095238095239
10.806787014007451,0.010761904761904762,0.2358095238095238
10.81178701400745,0.010761904761904762,0.23561904761904762
10.816787014007451,0.010761904761904762,0.23523809523809525
10.821787014007452,0.010761904761904762,0.23466666666666666
10.82678701400745,0.010761904761904762,0.23457142857142857
10.83178701400745,0.010761904761904762,0.2342857142857143
10.83678701400745,0.010761904761904762,0.2337142857142857
10.841787014007451,0.010761904761904762,0.23342857142857143
10.84678701400745,0.010761904761904762,0.23304761904761906
10.85178701400745,0.010761904761904762,0.23266666666666666
10.85678701400745,0.010761904761904762,0.23247619047619048
10.86178701400745,0.010761904761904762,0.2318095238095238
10.86678701400745,0.010761904761904762,0.23114285714285715
10.871787014007449,0.010761904761904762,0.23085714285714284
10.87678701400745,0.010666666666666666,0.23085714285714284
10.88178701400745,0.010666666666666666,0.23066666666666666
10.88678701400745,0.010666666666666666,0.2301904761904762
10.891787014007448,0.010666666666666666,0.2300952380952381
10.89678701400745,0.010666666666666666,0.22952380952380952
10.90178701400745,0.010571428571428572,0.22952380952380952
10.906787014007449,0.010571428571428572,0.22904761904761906
10.911787014007448,0.010571428571428572,0.22857142857142856
10.916787014007449,0.010571428571428572,0.2280952380952381
10.92178701400745,0.010571428571428572,0.22790476190476192
10.926787014007449,0.010571428571428572,0.2276190476190476
10.931787014007448,0.010571428571428572,0.22714285714285715
10.936787014007448,0.010571428571428572,0.22666666666666666
10.94178701400745,0.010476190476190476,0.2261904761904762
10.946787014007448,0.010476190476190476,0.226
10.951787014007447,0.010380952380952381,0.2257142857142857
10.956787014007448,0.010380952380952381,0.22504761904761905
10.961787014007449,0.010380952380952381,0.22428571428571428
10.966787014007448,0.010380952380952381,0.2241904761904762
10.971787014007447,0.010380952380952381,0.2236190476190476
10.976787014007447,0.010380952380952381,0.22314285714285714
10.981787014007448,0.010380952380952381,0.22266666666666668
10.986787014007447,0.010285714285714285,0.22238095238095237
10.991787014007446,0.010285714285714285,0.22228571428571428
10.996787014007447,0.010285714285714285,0.2220952380952381
11.001787014007448,0.010285714285714285,0.22171428571428572
11.006787014007447,0.010285714285714285,0.22123809523809523
11.011787014007446,0.010285714285714285,0.22076190476190477
11.016787014007447,0.01019047619047619,0.22066666666666668
11.021787014007447,0.01019047619047619,0.22028571428571428
11.026787014007446,0.01019047619047619,0.2199047619047619
11.031787014007445,0.01019047619047619,0.21961904761904763
11.036787014007446,0.01019047619047619,0.21942857142857142
11.041787014007447,0.01019047619047619,0.21933333333333332
11.046787014007446,0.01019047619047619,0.21923809523809523
11.051787014007445,0.01019047619047619,0.21847619047619046
11.056787014007446,0.01019047619047619,0.218
11.061787014007447,0.01019047619047619,0.21761904761904763
11.066787014007446,0.01019047619047619,0.21742857142857142
11.071787014007445,0.01019047619047619,0.21742857142857142
11.076787014007445,0.01019047619047619,0.21714285714285714
11.081787014007446,0.01019047619047619,0.21695238095238095
11.086787014007445,0.01019047619047619,0.21657142857142858
11.091787014007444,0.01019047619047619,0.21657142857142858
11.096787014007445,0.01019047619047619,0.21619047619047618
11.101787014007446,0.01019047619047619,0.216
11.106787014007445,0.01019047619047619,0.21561904761904763
11.111787014007444,0.01019047619047619,0.21542857142857144
11.116787014007445,0.01019047619047619,0.21514285714285714
11.121787014007445,0.01019047619047619,0.21495238095238095
11.126787014007444,0.01019047619047619,0.21466666666666667
11.131787014007443,0.010095238095238095,0.21428571428571427
11.136787014007444,0.010095238095238095,0.21419047619047618
11.141787014007445,0.010095238095238095,0.21371428571428572
11.146787014007444,0.010095238095238095,0.21352380952380953
11.151787014007443,0.010095238095238095,0.21333333333333335
11.156787014007444,0.010095238095238095,0.21276190476190476
11.161787014007444,0.010095238095238095,0.2123809523809524
11.166787014007443,0.010095238095238095,0.21219047619047618
11.171787014007442,0.010095238095238095,0.21152380952380953
11.176787014007443,0.010095238095238095,0.21123809523809522
11.181787014007444,0.010095238095238095,0.21076190476190476
11.186787014007443,0.01,0.21057142857142858
11.191787014007442,0.01,0.21047619047619048
11.196787014007443,0.01,0.21009523809523808
11.201787014007444,0.01,0.2099047619047619
11.206787014007443,0.01,0.20952380952380953
11.211787014007442,0.01,0.20952380952380953
11.216787014007442,0.01,0.20885714285714285
11.221787014007443,0.01,0.20857142857142857
11.226787014007442,0.01,0.2081904761904762
11.231787014007441,0.01,0.2079047619047619
11.236787014007442,0.01,0.2079047619047619
11.241787014007443,0.01,0.20742857142857143
11.246787014007442,0.01,0.20733333333333334
11.25178701400744,0.01,0.20685714285714285
11.256787014007442,0.01,0.20666666666666667
11.261787014007442,0.01,0.20647619047619048
11.266787014007441,0.01,0.2062857142857143
11.27178701400744,0.01,0.20561904761904762
11.276787014007441,0.009904761904761904,0.20533333333333334
11.281787014007442,0.00980952380952381,0.20495238095238094
11.28678701400744,0.00980952380952381,0.20457142857142857
11.29178701400744,0.00980952380952381,0.2041904761904762
11.29678701400744,0.00980952380952381,0.20352380952380952
11.301787014007441,0.00980952380952381,0.20314285714285715
11.30678701400744,0.00980952380952381,0.20295238095238094
11.31178701400744,0.00980952380952381,0.20285714285714285
11.31678701400744,0.00980952380952381,0.20257142857142857
11.321787014007441,0.00980952380952381,0.20238095238095238
11.32678701400744,0.00980952380952381,0.2020952380952381
11.331787014007439,0.00980952380952381,0.202
11.33678701400744,0.00980952380952381,0.2017142857142857
11.34178701400744,0.00980952380952381,0.20161904761904761
11.34678701400744,0.00980952380952381,0.20142857142857143
11.351787014007439,0.009619047619047619,0.20142857142857143
11.35678701400744,0.009619047619047619,0.20114285714285715
11.36178701400744,0.009619047619047619,0.20095238095238097
11.36678701400744,0.009619047619047619,0.20085714285714285
11.371787014007438,0.009619047619047619,0.20066666666666666
11.376787014007439,0.009523809523809525,0.20047619047619047
11.38178701400744,0.009523809523809525,0.2000952380952381
11.386787014007439,0.009523809523809525,0.2
11.391787014007438,0.009523809523809525,0.2
11.396787014007439,0.009523809523809525,0.1997142857142857
11.40178701400744,0.009523809523809525,0.19942857142857143
11.406787014007438,0.009428571428571429,0.19914285714285715
11.411787014007437,0.009428571428571429,0.19895238095238096
11.416787014007438,0.009428571428571429,0.19857142857142857
11.421787014007439,0.009428571428571429,0.19838095238095238
11.426787014007438,0.009428571428571429,0.1981904761904762
11.431787014007437,0.009428571428571429,0.1978095238095238
11.436787014007438,0.009428571428571429,0.19723809523809524
11.441787014007438,0.009428571428571429,0.19685714285714287
11.446787014007437,0.009428571428571429,0.19666666666666666
11.451787014007436,0.009428571428571429,0.19647619047619047
11.456787014007437,0.009428571428571429,0.196
11.461787014007438,0.009428571428571429,0.19542857142857142
11.466787014007437,0.009428571428571429,0.19523809523809524
11.471787014007436,0.009428571428571429,0.19495238095238096
11.476787014007437,0.009428571428571429,0.19457142857142856
11.481787014007438,0.009428571428571429,0.194
11.486787014007437,0.009428571428571429,0.19352380952380951
11.491787014007436,0.009428571428571429,0.19352380952380951
11.496787014007436,0.009428571428571429,0.19314285714285714
11.501787014007437,0.009428571428571429,0.19285714285714287
11.506787014007436,0.009428571428571429,0.19276190476190477
11.511787014007435,0.009428571428571429,0.19247619047619047
11.516787014007436,0.009428571428571429,0.192
11.521787014007437,0.009428571428571429,0.19171428571428573
11.526787014007436,0.009428571428571429,0.19133333333333333
11.531787014007435,0.009428571428571429,0.19114285714285714
11.536787014007436,0.009428571428571429,0.19076190476190477
11.541787014007436,0.009428571428571429,0.19047619047619047
11.546787014007435,0.009428571428571429,0.19028571428571428
11.551787014007434,0.009428571428571429,0.1901904761904762
11.556787014007435,0.009428571428571429,0.1901904761904762
11.561787014007436,0.009428571428571429,0.19
11.566787014007435,0.009428571428571429,0.18980952380952382
11.571787014007434,0.009428571428571429,0.18933333333333333
11.576787014007435,0.009428571428571429,0.18923809523809523
11.581787014007435,0.009333333333333334,0.18866666666666668
11.586787014007434,0.009333333333333334,0.18819047619047619
11.591787014007433,0.009333333333333334,0.1880952380952381
11.596787014007434,0.009333333333333334,0.18752380952380954
11.601787014007435,0.009333333333333334,0.18714285714285714
11.606787014007434,0.009333333333333334,0.18685714285714286
11.611787014007433,0.009333333333333334,0.18676190476190477
11.616787014007434,0.009333333333333334,0.18666666666666668
11.621787014007435,0.009333333333333334,0.1864761904761905
11.626787014007434,0.009333333333333334,0.1864761904761905
11.631787014007433,0.009333333333333334,0.18619047619047618
11.636787014007433,0.009333333333333334,0.1860952380952381
11.641787014007434,0.009333333333333334,0.18552380952380954
11.646787014007433,0.009333333333333334,0.18514285714285714
11.651787014007432,0.009333333333333334,0.18485714285714286
11.656787014007433,0.009333333333333334,0.18457142857142858
11.661787014007434,0.009333333333333334,0.18438095238095237
11.666787014007433,0.009333333333333334,0.1840952380952381
11.671787014007432,0.009333333333333334,0.1838095238095238
11.676787014007433,0.009333333333333334,0.18361904761904763
11.681787014007433,0.009333333333333334,0.18323809523809523
11.686787014007432,0.009333333333333334,0.18314285714285714
11.691787014007431,0.009333333333333334,0.18314285714285714
11.696787014007432,0.009333333333333334,0.18304761904761904
11.701787014007433,0.009333333333333334,0.18304761904761904
11.706787014007432,0.009333333333333334,0.18276190476190476
11.711787014007431,0.009333333333333334,0.18257142857142858
11.716787014007432,0.009333333333333334,0.18228571428571427
11.721787014007433,0.009333333333333334,0.1818095238095238
11.726787014007432,0.009333333333333334,0.18152380952380953
11.73178701400743,0.009333333333333334,0.18133333333333335
11.736787014007431,0.009333333333333334,0.18095238095238095
11.741787014007432,0.009333333333333334,0.18085714285714286
11.746787014007431,0.009333333333333334,0.18076190476190476
11.75178701400743,0.009333333333333334,0.1803809523809524
11.75678701400743,0.009333333333333334,0.1802857142857143
11.761787014007432,0.009333333333333334,0.18019047619047618
11.76678701400743,0.009333333333333334,0.17971428571428572
11.77178701400743,0.009333333333333334,0.17952380952380953
11.77678701400743,0.009333333333333334,0.17933333333333334
11.781787014007431,0.009333333333333334,0.17923809523809525
11.78678701400743,0.009333333333333334,0.17876190476190476
11.79178701400743,0.009333333333333334,0.17876190476190476
11.79678701400743,0.009333333333333334,0.1783809523809524
11.80178701400743,0.009333333333333334,0.1782857142857143
11.80678701400743,0.009333333333333334,0.17809523809523808
11.811787014007429,0.009333333333333334,0.1779047619047619
11.81678701400743,0.009238095238095238,0.17752380952380953
11.82178701400743,0.009238095238095238,0.17752380952380953
11.82678701400743,0.009238095238095238,0.17733333333333334
11.831787014007428,0.009238095238095238,0.17723809523809525
11.83678701400743,0.009238095238095238,0.17685714285714285
11.84178701400743,0.009238095238095238,0.17657142857142857
11.846787014007429,0.009238095238095238,0.17647619047619048
11.851787014007428,0.009142857142857144,0.1762857142857143
11.856787014007429,0.009047619047619047,0.17609523809523808
11.86178701400743,0.009047619047619047,0.1759047619047619
11.866787014007429,0.009047619047619047,0.17533333333333334
11.871787014007428,0.009047619047619047,0.17514285714285716
11.876787014007428,0.009047619047619047,0.17495238095238094
11.881787014007429,0.008952380952380953,0.17485714285714285
11.886787014007428,0.008857142857142857,0.17457142857142857
11.891787014007427,0.008857142857142857,0.1741904761904762
11.896787014007428,0.008857142857142857,0.1738095238095238
11.901787014007429,0.008857142857142857,0.17333333333333334
11.906787014007428,0.008857142857142857,0.17333333333333334
11.911787014007427,0.008857142857142857,0.17314285714285715
11.916787014007427,0.008857142857142857,0.17285714285714285
11.921787014007428,0.008857142857142857,0.17257142857142857
11.926787014007427,0.008857142857142857,0.172
11.931787014007426,0.008857142857142857,0.1719047619047619
11.936787014007427,0.008857142857142857,0.1717142857142857
11.941787014007428,0.008761904761904762,0.17161904761904762
11.946787014007427,0.008761904761904762,0.17142857142857143
11.951787014007426,0.008761904761904762,0.17104761904761906
11.956787014007427,0.008761904761904762,0.17085714285714285
11.961787014007427,0.008761904761904762,0.17057142857142857
11.966787014007426,0.008761904761904762,0.1701904761904762
11.971787014007425,0.008761904761904762,0.1700952380952381
11.976787014007426,0.008761904761904762,0.1698095238095238
11.981787014007427,0.008761904761904762,0.1696190476190476
11.986787014007426,0.008761904761904762,0.16942857142857143
11.991787014007425,0.008761904761904762,0.16923809523809524
11.996787014007426,0.008761904761904762,0.16923809523809524
12.001787014007427,0.008666666666666666,0.16914285714285715
12.006787014007426,0.008666666666666666,0.16895238095238096
12.011787014007425,0.008666666666666666,0.16876190476190475
12.016787014007425,0.008666666666666666,0.16876190476190475
12.021787014007426,0.008666666666666666,0.16866666666666666
12.026787014007425,0.008666666666666666,0.16838095238095238
12.031787014007424,0.008666666666666666,0.168
12.036787014007425,0.008666666666666666,0.168
12.041787014007426,0.008666666666666666,0.1677142857142857
12.046787014007425,0.008666666666666666,0.16742857142857143
12.051787014007424,0.008666666666666666,0.16714285714285715
12.056787014007424,0.008666666666666666,0.16704761904761906
12.061787014007425,0.008666666666666666,0.16666666666666666
12.066787014007424,0.008666666666666666,0.1661904761904762
12.071787014007423,0.008666666666666666,0.166
12.076787014007424,0.008666666666666666,0.16590476190476192
12.081787014007425,0.008666666666666666,0.16590476190476192
12.086787014007424,0.008666666666666666,0.1657142857142857
12.091787014007423,0.008666666666666666,0.16552380952380952
12.096787014007424,0.008571428571428572,0.16523809523809524
12.101787014007424,0.008476190476190476,0.16514285714285715
12.106787014007423,0.008476190476190476,0.16485714285714287
12.111787014007422,0.008380952380952381,0.16457142857142856
12.116787014007423,0.008380952380952381,0.16447619047619047
12.121787014007424,0.008380952380952381,0.16438095238095238
12.126787014007423,0.008380952380952381,0.164
12.131787014007422,0.008380952380952381,0.16390476190476191
12.136787014007423,0.008380952380952381,0.1637142857142857
12.141787014007424,0.008380952380952381,0.1636190476190476
12.146787014007423,0.008380952380952381,0.1636190476190476
12.151787014007422,0.008380952380952381,0.16314285714285715
12.156787014007422,0.008380952380952381,0.16285714285714287
12.161787014007423,0.008380952380952381,0.16276190476190477
12.166787014007422,0.008380952380952381,0.16266666666666665
12.171787014007421,0.008380952380952381,0.16257142857142856
12.176787014007422,0.008380952380952381,0.16247619047619047
12.181787014007423,0.008380952380952381,0.16228571428571428
12.186787014007422,0.008380952380952381,0.1619047619047619
12.19178701400742,0.008380952380952381,0.16152380952380951
12.196787014007421,0.008380952380952381,0.16123809523809524
12.201787014007422,0.008285714285714285,0.16076190476190477
12.206787014007421,0.008285714285714285,0.16047619047619047
12.21178701400742,0.008285714285714285,0.1599047619047619
12.216787014007421,0.00819047619047619,0.15971428571428573
12.221787014007422,0.00819047619047619,0.15961904761904763
12.22678701400742,0.00819047619047619,0.15961904761904763
12.23178701400742,0.00819047619047619,0.15942857142857142
12.23678701400742,0.00819047619047619,0.15914285714285714
12.241787014007421,0.008095238095238095,0.15895238095238096
12.24678701400742,0.008095238095238095,0.15885714285714286
12.25178701400742,0.008095238095238095,0.15866666666666668
12.25678701400742,0.008095238095238095,0.15847619047619046
12.261787014007421,0.008095238095238095,0.1579047619047619
12.26678701400742,0.008095238095238095,0.1579047619047619
12.271787014007419,0.008095238095238095,0.15771428571428572
12.27678701400742,0.008095238095238095,0.1575238095238095
12.28178701400742,0.008095238095238095,0.15723809523809523
12.28678701400742,0.008,0.15704761904761905
12.291787014007419,0.008,0.15704761904761905
12.29678701400742,0.008,0.15695238095238095
12.30178701400742,0.008,0.15685714285714286
12.30678701400742,0.008,0.15676190476190477
12.311787014007418,0.008,0.15676190476190477
12.316787014007419,0.008,0.15666666666666668
12.32178701400742,0.008,0.15647619047619046
12.326787014007419,0.008,0.15628571428571428
12.331787014007418,0.008,0.1560952380952381
12.336787014007419,0.008,0.156
12.34178701400742,0.007904761904761904,0.15571428571428572
12.346787014007418,0.00780952380952381,0.15533333333333332
12.351787014007417,0.00780952380952381,0.15514285714285714
12.356787014007418,0.00780952380952381,0.15495238095238095
12.361787014007419,0.00780952380952381,0.15438095238095237
12.366787014007418,0.00780952380952381,0.15438095238095237
12.371787014007417,0.00780952380952381,0.1540952380952381
12.376787014007418,0.00780952380952381,0.154
12.381787014007418,0.00780952380952381,0.15371428571428572
12.386787014007417,0.00780952380952381,0.15361904761904763
12.391787014007416,0.00780952380952381,0.15361904761904763
12.396787014007417,0.00780952380952381,0.15342857142857144
12.401787014007418,0.00780952380952381,0.15304761904761904
12.406787014007417,0.00780952380952381,0.15295238095238095
12.411787014007416,0.00780952380952381,0.15285714285714286
12.416787014007417,0.00780952380952381,0.15266666666666667
12.421787014007418,0.00780952380952381,0.15257142857142858
12.426787014007417,0.00780952380952381,0.1524761904761905
12.431787014007416,0.00780952380952381,0.1523809523809524
12.436787014007416,0.00780952380952381,0.1520952380952381
12.441787014007417,0.00780952380952381,0.152
12.446787014007416,0.00780952380952381,0.1519047619047619
12.451787014007415,0.00780952380952381,0.15171428571428572
12.456787014007416,0.00780952380952381,0.15161904761904763
12.461787014007417,0.00780952380952381,0.15152380952380953
12.466787014007416,0.007714285714285714,0.15142857142857144
12.471787014007415,0.007714285714285714,0.15133333333333332
12.476787014007416,0.007714285714285714,0.15123809523809523
12.481787014007416,0.007714285714285714,0.15114285714285713
12.486787014007415,0.007714285714285714,0.15085714285714286
12.491787014007414,0.007714285714285714,0.15066666666666667
12.496787014007415,0.007714285714285714,0.15047619047619049
12.501787014007416,0.007714285714285714,0.1503809523809524
12.506787014007415,0.007714285714285714,0.1500952380952381
12.511787014007414,0.007714285714285714,0.14971428571428572
12.516787014007415,0.007714285714285714,0.14961904761904762
12.521787014007415,0.007714285714285714,0.14952380952380953
12.526787014007414,0.007714285714285714,0.14952380952380953
12.531787014007413,0.007714285714285714,0.14933333333333335
12.536787014007414,0.007714285714285714,0.14904761904761904
12.541787014007415,0.007714285714285714,0.14876190476190476
12.546787014007414,0.007714285714285714,0.14866666666666667
12.551787014007413,0.007714285714285714,0.14866666666666667
12.556787014007414,0.007714285714285714,0.14857142857142858
12.561787014007415,0.007714285714285714,0.14847619047619048
12.566787014007414,0.007714285714285714,0.14819047619047618
12.571787014007413,0.007714285714285714,0.14819047619047618
12.576787014007413,0.007714285714285714,0.14809523809523809
12.581787014007414,0.007714285714285714,0.1479047619047619
12.586787014007413,0.007714285714285714,0.1478095238095238
12.591787014007412,0.007714285714285714,0.14761904761904762
12.596787014007413,0.007714285714285714,0.14742857142857144
12.601787014007414,0.007714285714285714,0.14733333333333334
12.606787014007413,0.007619047619047619,0.14714285714285713
12.611787014007412,0.007619047619047619,0.14704761904761904
12.616787014007413,0.007619047619047619,0.14695238095238095
12.621787014007413,0.007619047619047619,0.14676190476190476
12.626787014007412,0.007619047619047619,0.14676190476190476
12.631787014007411,0.007619047619047619,0.14676190476190476
12.636787014007412,0.007619047619047619,0.14657142857142857
12.641787014007413,0.007619047619047619,0.1462857142857143
12.646787014007412,0.007619047619047619,0.1459047619047619
12.651787014007411,0.007619047619047619,0.14552380952380953
12.656787014007412,0.007619047619047619,0.14552380952380953
12.661787014007412,0.007619047619047619,0.14523809523809525
12.666787014007411,0.007619047619047619,0.14504761904761904
12.67178701400741,0.007619047619047619,0.14476190476190476
12.676787014007411,0.007619047619047619,0.14447619047619048
12.681787014007412,0.007619047619047619,0.1443809523809524
12.686787014007411,0.007619047619047619,0.14409523809523808
12.69178701400741,0.007619047619047619,0.14409523809523808
12.69678701400741,0.007619047619047619,0.1439047619047619
12.701787014007412,0.007619047619047619,0.1439047619047619
12.70678701400741,0.007619047619047619,0.1438095238095238
12.71178701400741,0.007619047619047619,0.14342857142857143
12.71678701400741,0.007619047619047619,0.14333333333333334
12.721787014007411,0.007619047619047619,0.14314285714285716
12.72678701400741,0.007619047619047619,0.14304761904761903
12.73178701400741,0.007619047619047619,0.14285714285714285
12.73678701400741,0.007619047619047619,0.14276190476190476
12.74178701400741,0.007619047619047619,0.14266666666666666
12.74678701400741,0.007619047619047619,0.14266666666666666
12.751787014007409,0.007619047619047619,0.1420952380952381
12.75678701400741,0.007619047619047619,0.1419047619047619
12.76178701400741,0.007619047619047619,0.1418095238095238
12.76678701400741,0.007619047619047619,0.14161904761904762
12.771787014007408,0.007619047619047619,0.14142857142857143
12.77678701400741,0.007619047619047619,0.14123809523809525
12.78178701400741,0.007619047619047619,0.14066666666666666
12.786787014007409,0.007619047619047619,0.14057142857142857
12.791787014007408,0.007619047619047619,0.14057142857142857
12.796787014007409,0.007619047619047619,0.14038095238095238
12.80178701400741,0.007619047619047619,0.1402857142857143
12.806787014007408,0.007619047619047619,0.1401904761904762
12.811787014007407,0.007619047619047619,0.14
12.816787014007408,0.007619047619047619,0.1399047619047619
12.821787014007409,0.007619047619047619,0.1397142857142857
12.826787014007408,0.007619047619047619,0.13961904761904761
12.831787014007407,0.007619047619047619,0.13923809523809524
12.836787014007408,0.007619047619047619,0.13904761904761906
12.841787014007409,0.007619047619047619,0.13904761904761906
12.846787014007408,0.007619047619047619,0.13885714285714285
12.851787014007407,0.007619047619047619,0.13876190476190475
12.856787014007407,0.007619047619047619,0.13866666666666666
12.861787014007408,0.007619047619047619,0.13838095238095238
12.866787014007407,0.007619047619047619,0.13838095238095238
12.871787014007406,0.007619047619047619,0.1380952380952381
12.876787014007407,0.007619047619047619,0.1380952380952381
12.881787014007408,0.007619047619047619,0.138
12.886787014007407,0.007619047619047619,0.138
12.891787014007406,0.007619047619047619,0.138
12.896787014007407,0.007619047619047619,0.1379047619047619
12.901787014007407,0.007619047619047619,0.1376190476190476
12.906787014007406,0.007619047619047619,0.13752380952380952
12.911787014007405,0.007619047619047619,0.13733333333333334
12.916787014007406,0.007619047619047619,0.13714285714285715
12.921787014007407,0.007619047619047619,0.13685714285714284
12.926787014007406,0.007619047619047619,0.13685714285714284
12.931787014007405,0.007619047619047619,0.13638095238095238
12.936787014007406,0.007619047619047619,0.1362857142857143
12.941787014007406,0.007619047619047619,0.1360952380952381
12.946787014007406,0.007619047619047619,0.136
12.951787014007405,0.007619047619047619,0.136
12.956787014007405,0.007619047619047619,0.136
12.961787014007406,0.007619047619047619,0.13590476190476192
12.966787014007405,0.007619047619047619,0.13590476190476192
12.971787014007404,0.007619047619047619,0.1357142857142857
12.976787014007405,0.007619047619047619,0.1356190476190476
12.981787014007406,0.007619047619047619,0.13552380952380952
12.986787014007405,0.007619047619047619,0.13533333333333333
12.991787014007404,0.007619047619047619,0.13523809523809524
12.996787014007404,0.007619047619047619,0.13504761904761906
13.001787014007405,0.007619047619047619,0.13485714285714287
13.006787014007404,0.007619047619047619,0.13457142857142856
13.011787014007403,0.007619047619047619,0.13447619047619047
13.016787014007404,0.007619047619047619,0.13428571428571429
13.021787014007405,0.007619047619047619,0.1341904761904762
13.026787014007404,0.007619047619047619,0.1337142857142857
13.031787014007403,0.007619047619047619,0.13352380952380952
13.036787014007404,0.007619047619047619,0.13333333333333333
13.041787014007404,0.007619047619047619,0.13276190476190478
13.046787014007403,0.007619047619047619,0.13266666666666665
13.051787014007402,0.007619047619047619,0.13257142857142856
13.056787014007403,0.007619047619047619,0.13247619047619047
13.061787014007404,0.007619047619047619,0.13238095238095238
13.066787014007403,0.007619047619047619,0.1321904761904762
13.071787014007402,0.007619047619047619,0.1320952380952381
13.076787014007403,0.007619047619047619,0.1319047619047619
13.081787014007404,0.007619047619047619,0.13180952380952382
13.086787014007403,0.007619047619047619,0.13180952380952382
13.091787014007402,0.007619047619047619,0.1317142857142857
13.096787014007402,0.007619047619047619,0.1317142857142857
13.101787014007403,0.007523809523809524,0.1317142857142857
13.106787014007402,0.0074285714285714285,0.1316190476190476
13.111787014007401,0.0074285714285714285,0.13142857142857142
13.116787014007402,0.0074285714285714285,0.13142857142857142
13.121787014007403,0.0074285714285714285,0.13114285714285714
13.126787014007402,0.0074285714285714285,0.13066666666666665
13.1317870140074,0.0074285714285714285,0.13057142857142856
13.136787014007401,0.0074285714285714285,0.13057142857142856
13.141787014007402,0.0074285714285714285,0.13057142857142856
13.146787014007401,0.0074285714285714285,0.13047619047619047
13.1517870140074,0.0074285714285714285,0.13028571428571428
13.156787014007401,0.0074285714285714285,0.13028571428571428
13.161787014007402,0.0074285714285714285,0.13028571428571428
13.1667870140074,0.0074285714285714285,0.1301904761904762
13.1717870140074,0.0074285714285714285,0.1300952380952381
13.1767870140074,0.0074285714285714285,0.13
13.181787014007401,0.0074285714285714285,0.13
13.1867870140074,0.0074285714285714285,0.12971428571428573
13.1917870140074,0.0074285714285714285,0.1295238095238095
13.1967870140074,0.0074285714285714285,0.12942857142857142
13.201787014007401,0.007333333333333333,0.12923809523809524
13.2067870140074,0.007333333333333333,0.12923809523809524
13.211787014007399,0.007333333333333333,0.12876190476190477
13.2167870140074,0.007333333333333333,0.12876190476190477
13.2217870140074,0.007333333333333333,0.12866666666666668
13.2267870140074,0.007333333333333333,0.12847619047619047
13.231787014007399,0.007333333333333333,0.12838095238095237
13.2367870140074,0.007333333333333333,0.128
13.2417870140074,0.007333333333333333,0.128
13.246787014007399,0.007333333333333333,0.12780952380952382
13.251787014007398,0.007333333333333333,0.12780952380952382
13.256787014007399,0.007333333333333333,0.12771428571428572
13.2617870140074,0.007238095238095238,0.12761904761904763
13.266787014007399,0.007238095238095238,0.12742857142857142
13.271787014007398,0.007238095238095238,0.12733333333333333
13.276787014007398,0.007238095238095238,0.12723809523809523
13.2817870140074,0.007238095238095238,0.12695238095238096
13.286787014007398,0.007238095238095238,0.12666666666666668
13.291787014007397,0.007142857142857143,0.12638095238095237
13.296787014007398,0.007047619047619047,0.1261904761904762
13.301787014007399,0.007047619047619047,0.1260952380952381
13.306787014007398,0.006952380952380952,0.1260952380952381
13.311787014007397,0.006952380952380952,0.126
13.316787014007398,0.006952380952380952,0.1259047619047619
13.321787014007398,0.006952380952380952,0.12561904761904763
13.326787014007397,0.006952380952380952,0.12561904761904763
13.331787014007396,0.006952380952380952,0.12552380952380954
13.336787014007397,0.006952380952380952,0.12542857142857142
13.341787014007398,0.006952380952380952,0.12533333333333332
13.346787014007397,0.006952380952380952,0.12504761904761905
13.351787014007396,0.006952380952380952,0.12466666666666666
13.356787014007397,0.006952380952380952,0.12428571428571429
13.361787014007398,0.006952380952380952,0.12409523809523809
13.366787014007397,0.006952380952380952,0.12409523809523809
13.371787014007396,0.006952380952380952,0.1239047619047619
13.376787014007396,0.006952380952380952,0.12352380952380952
13.381787014007397,0.006952380952380952,0.12342857142857143
13.386787014007396,0.006952380952380952,0.12333333333333334
13.391787014007395,0.006952380952380952,0.12323809523809524
13.396787014007396,0.006952380952380952,0.12295238095238095
13.401787014007397,0.006952380952380952,0.12276190476190477
13.406787014007396,0.006952380952380952,0.12247619047619047
13.411787014007395,0.006952380952380952,0.12238095238095238
13.416787014007395,0.006952380952380952,0.12209523809523809
13.421787014007396,0.006952380952380952,0.1219047619047619
13.426787014007395,0.006952380952380952,0.12171428571428572
13.431787014007394,0.006952380952380952,0.12133333333333333
13.436787014007395,0.006952380952380952,0.12133333333333333
13.441787014007396,0.006952380952380952,0.12133333333333333
13.446787014007395,0.006952380952380952,0.12133333333333333
13.451787014007394,0.006952380952380952,0.12133333333333333
13.456787014007395,0.006952380952380952,0.12133333333333333
13.461787014007395,0.006952380952380952,0.12123809523809524
13.466787014007394,0.006952380952380952,0.12114285714285715
13.471787014007393,0.006952380952380952,0.12076190476190476
13.476787014007394,0.006952380952380952,0.12057142857142857
13.481787014007395,0.006952380952380952,0.12047619047619047
13.486787014007394,0.006952380952380952,0.12047619047619047
13.491787014007393,0.006952380952380952,0.12038095238095238
13.496787014007394,0.006952380952380952,0.1200952380952381
13.501787014007395,0.006857142857142857,0.12
13.506787014007394,0.006857142857142857,0.11980952380952381
13.511787014007393,0.006857142857142857,0.11971428571428572
13.516787014007393,0.006857142857142857,0.11971428571428572
13.521787014007394,0.006857142857142857,0.11952380952380952
13.526787014007393,0.006857142857142857,0.11942857142857143
13.531787014007392,0.006857142857142857,0.11933333333333333
13.536787014007393,0.006857142857142857,0.11923809523809524
13.541787014007394,0.006857142857142857,0.11923809523809524
13.546787014007393,0.006857142857142857,0.11904761904761904
13.551787014007392,0.006857142857142857,0.11904761904761904
13.556787014007393,0.006857142857142857,0.11885714285714286
13.561787014007393,0.006857142857142857,0.11876190476190476
13.566787014007392,0.006857142857142857,0.11847619047619047
13.571787014007391,0.006857142857142857,0.1180952380952381
13.576787014007392,0.006857142857142857,0.118
13.581787014007393,0.006857142857142857,0.1179047619047619
13.586787014007392,0.006857142857142857,0.11780952380952381
13.59178701400739,0.006857142857142857,0.11771428571428572
13.596787014007392,0.006857142857142857,0.11752380952380953
13.601787014007392,0.0067619047619047615,0.11742857142857142
13.606787014007391,0.006666666666666667,0.11723809523809524
13.61178701400739,0.006666666666666667,0.11714285714285715
13.616787014007391,0.006666666666666667,0.11695238095238095
13.621787014007392,0.006571428571428572,0.11676190476190476
13.626787014007391,0.006571428571428572,0.11676190476190476
13.63178701400739,0.006571428571428572,0.11666666666666667
13.63678701400739,0.006571428571428572,0.11647619047619047
13.641787014007392,0.006571428571428572,0.11647619047619047
13.64678701400739,0.006571428571428572,0.11647619047619047
13.65178701400739,0.006571428571428572,0.11628571428571428
13.65678701400739,0.006571428571428572,0.1160952380952381
13.661787014007391,0.006571428571428572,0.1159047619047619
13.66678701400739,0.006571428571428572,0.11571428571428571
13.67178701400739,0.006571428571428572,0.11561904761904762
13.67678701400739,0.006571428571428572,0.11552380952380953
13.68178701400739,0.006571428571428572,0.11542857142857142
13.68678701400739,0.006571428571428572,0.11523809523809524
13.691787014007389,0.006571428571428572,0.11514285714285714
13.69678701400739,0.006571428571428572,0.11495238095238096
13.70178701400739,0.006571428571428572,0.11495238095238096
13.70678701400739,0.006571428571428572,0.11495238095238096
13.711787014007388,0.006571428571428572,0.11495238095238096
13.716787014007389,0.006571428571428572,0.11466666666666667
13.72178701400739,0.006571428571428572,0.11447619047619048
13.726787014007389,0.006571428571428572,0.11438095238095237
13.731787014007388,0.006571428571428572,0.11428571428571428
13.736787014007389,0.006571428571428572,0.11419047619047619
13.74178701400739,0.006571428571428572,0.1140952380952381
13.746787014007388,0.006571428571428572,0.114
13.751787014007387,0.006571428571428572,0.11390476190476191
13.756787014007388,0.006571428571428572,0.11390476190476191
13.761787014007389,0.006571428571428572,0.11390476190476191
13.766787014007388,0.006571428571428572,0.11390476190476191
13.771787014007387,0.006571428571428572,0.11371428571428571
13.776787014007388,0.006571428571428572,0.11361904761904762
13.781787014007389,0.006571428571428572,0.11342857142857143
13.786787014007388,0.006571428571428572,0.11333333333333333
13.791787014007387,0.006571428571428572,0.11333333333333333
13.796787014007387,0.006571428571428572,0.11333333333333333
13.801787014007388,0.006571428571428572,0.11323809523809523
13.806787014007387,0.006571428571428572,0.11323809523809523
13.811787014007386,0.006571428571428572,0.11295238095238096
13.816787014007387,0.006571428571428572,0.11266666666666666
13.821787014007388,0.006571428571428572,0.11247619047619048
13.826787014007387,0.006571428571428572,0.11238095238095239
13.831787014007386,0.006571428571428572,0.11238095238095239
13.836787014007387,0.006571428571428572,0.11238095238095239
13.841787014007387,0.006571428571428572,0.11228571428571428
13.846787014007386,0.0064761904761904765,0.11219047619047619
13.851787014007385,0.0064761904761904765,0.11219047619047619
13.856787014007386,0.0064761904761904765,0.112
13.861787014007387,0.0064761904761904765,0.11190476190476191
13.866787014007386,0.006380952380952381,0.1118095238095238
13.871787014007385,0.006380952380952381,0.1118095238095238
13.876787014007386,0.006380952380952381,0.1118095238095238
13.881787014007386,0.006380952380952381,0.11171428571428571
13.886787014007385,0.006380952380952381,0.11161904761904762
13.891787014007384,0.006380952380952381,0.11161904761904762
13.896787014007385,0.006380952380952381,0.11161904761904762
13.901787014007386,0.006380952380952381,0.11142857142857143
13.906787014007385,0.006380952380952381,0.11104761904761905
13.911787014007384,0.006380952380952381,0.11076190476190476
13.916787014007385,0.006380952380952381,0.11066666666666666
13.921787014007386,0.006380952380952381,0.11057142857142857
13.926787014007385,0.006380952380952381,0.11038095238095239
13.931787014007384,0.006380952380952381,0.1100952380952381
13.936787014007384,0.006380952380952381,0.10990476190476191
13.941787014007385,0.006380952380952381,0.10990476190476191
13.946787014007384,0.006380952380952381,0.10990476190476191
13.951787014007383,0.006380952380952381,0.10980952380952382
13.956787014007384,0.006380952380952381,0.10961904761904762
13.961787014007385,0.006380952380952381,0.10952380952380952
13.966787014007384,0.006380952380952381,0.10923809523809523
13.971787014007383,0.006380952380952381,0.10904761904761905
13.976787014007384,0.006380952380952381,0.10904761904761905
13.981787014007384,0.006380952380952381,0.10885714285714286
13.986787014007383,0.006380952380952381,0.10838095238095238
13.991787014007382,0.006380952380952381,0.10828571428571429
13.996787014007383,0.006380952380952381,0.108
14.001787014007384,0.006285714285714286,0.10780952380952381
14.006787014007383,0.006285714285714286,0.10780952380952381
14.011787014007382,0.006285714285714286,0.10771428571428572
14.016787014007383,0.006285714285714286,0.10761904761904761
14.021787014007383,0.006285714285714286,0.10752380952380952
14.026787014007382,0.006285714285714286,0.10733333333333334
14.031787014007381,0.006285714285714286,0.10714285714285714
14.036787014007382,0.006285714285714286,0.10685714285714286
14.041787014007383,0.006285714285714286,0.10676190476190477
14.046787014007382,0.006285714285714286,0.10666666666666667
14.051787014007381,0.006285714285714286,0.10647619047619047
14.056787014007382,0.006285714285714286,0.10647619047619047
14.061787014007383,0.006285714285714286,0.10638095238095238
14.066787014007382,0.006285714285714286,0.10628571428571429
14.07178701400738,0.006285714285714286,0.10609523809523809
14.076787014007381,0.006285714285714286,0.10609523809523809
14.081787014007382,0.006285714285714286,0.10580952380952381
14.086787014007381,0.006285714285714286,0.10561904761904761
14.09178701400738,0.006285714285714286,0.10552380952380952
14.096787014007381,0.006285714285714286,0.10552380952380952
14.101787014007382,0.006285714285714286,0.10552380952380952
14.10678701400738,0.006285714285714286,0.10533333333333333
14.11178701400738,0.006190476190476191,0.10523809523809524
14.11678701400738,0.006190476190476191,0.10504761904761904
14.121787014007381,0.006190476190476191,0.10504761904761904
14.12678701400738,0.006190476190476191,0.10504761904761904
14.13178701400738,0.006190476190476191,0.10485714285714286
14.13678701400738,0.006190476190476191,0.10485714285714286
14.141787014007381,0.006190476190476191,0.10476190476190476
14.14678701400738,0.006190476190476191,0.10466666666666667
14.151787014007379,0.006190476190476191,0.10447619047619047
14.15678701400738,0.006190476190476191,0.10438095238095238
14.16178701400738,0.006095238095238095,0.10428571428571429
14.16678701400738,0.006095238095238095,0.1040952380952381
14.171787014007379,0.006095238095238095,0.10380952380952381
14.17678701400738,0.006095238095238095,0.10352380952380952
14.18178701400738,0.006095238095238095,0.10352380952380952
14.186787014007379,0.006095238095238095,0.10342857142857143
14.191787014007378,0.006095238095238095,0.10342857142857143
14.196787014007379,0.006095238095238095,0.10333333333333333
14.20178701400738,0.006095238095238095,0.10304761904761905
14.206787014007379,0.006095238095238095,0.10295238095238095
14.211787014007378,0.006095238095238095,0.10295238095238095
14.216787014007378,0.006095238095238095,0.10285714285714286
14.22178701400738,0.006095238095238095,0.10276190476190476
14.226787014007378,0.006095238095238095,0.10238095238095238
14.231787014007377,0.006095238095238095,0.10238095238095238
14.236787014007378,0.006095238095238095,0.10228571428571429
14.241787014007379,0.006095238095238095,0.10219047619047619
14.246787014007378,0.006095238095238095,0.10219047619047619
14.251787014007377,0.006095238095238095,0.10219047619047619
14.256787014007378,0.006095238095238095,0.1020952380952381
14.261787014007378,0.006095238095238095,0.102
14.266787014007377,0.006095238095238095,0.102
14.271787014007376,0.006095238095238095,0.10180952380952381
14.276787014007377,0.006095238095238095,0.10180952380952381
14.281787014007378,0.006095238095238095,0.10171428571428572
14.286787014007377,0.006095238095238095,0.10171428571428572
14.291787014007376,0.006095238095238095,0.10161904761904762
14.296787014007377,0.006095238095238095,0.10142857142857142
14.301787014007378,0.006095238095238095,0.10142857142857142
14.306787014007377,0.006095238095238095,0.10123809523809524
14.311787014007376,0.006095238095238095,0.10095238095238095
14.316787014007376,0.006095238095238095,0.10057142857142858
14.321787014007377,0.006095238095238095,0.10057142857142858
14.326787014007376,0.006095238095238095,0.10057142857142858
14.331787014007375,0.006095238095238095,0.10047619047619048
14.336787014007376,0.006095238095238095,0.10028571428571428
14.341787014007377,0.006095238095238095,0.1000952380952381
14.346787014007376,0.006095238095238095,0.1000952380952381
14.351787014007375,0.006095238095238095,0.1
14.356787014007375,0.006095238095238095,0.0999047619047619
14.361787014007376,0.006,0.0999047619047619
14.366787014007375,0.006,0.0998095238095238
14.371787014007374,0.006,0.09971428571428571
14.376787014007375,0.006,0.09961904761904762
14.381787014007376,0.006,0.09952380952380953
14.386787014007375,0.006,0.09942857142857142
14.391787014007374,0.006,0.09933333333333333
14.396787014007375,0.006,0.09914285714285714
14.401787014007375,0.006,0.09895238095238096
14.406787014007374,0.006,0.09895238095238096
14.411787014007373,0.006,0.09885714285714285
14.416787014007374,0.006,0.09876190476190476
14.421787014007375,0.006,0.09857142857142857
14.426787014007374,0.006,0.09847619047619048
14.431787014007373,0.006,0.09847619047619048
14.436787014007374,0.006,0.09838095238095237
14.441787014007375,0.006,0.09838095238095237
14.446787014007374,0.006,0.0980952380952381
14.451787014007373,0.006,0.09790476190476191
14.456787014007373,0.005904761904761905,0.09790476190476191
14.461787014007374,0.005904761904761905,0.0978095238095238
14.466787014007373,0.005904761904761905,0.09761904761904762
14.471787014007372,0.0058095238095238096,0.09752380952380953
14.476787014007373,0.0058095238095238096,0.09723809523809523
14.481787014007374,0.0058095238095238096,0.09714285714285714
14.486787014007373,0.0058095238095238096,0.09714285714285714
14.491787014007372,0.0058095238095238096,0.09714285714285714
14.496787014007372,0.0058095238095238096,0.09704761904761905
14.501787014007373,0.0058095238095238096,0.09676190476190476
14.506787014007372,0.0058095238095238096,0.09676190476190476
14.511787014007371,0.005714285714285714,0.09676190476190476
14.516787014007372,0.005714285714285714,0.09647619047619048
14.521787014007373,0.005714285714285714,0.09638095238095239
14.526787014007372,0.005714285714285714,0.09619047619047619
14.53178701400737,0.005714285714285714,0.09590476190476191
14.536787014007372,0.005714285714285714,0.09552380952380952
14.541787014007372,0.005714285714285714,0.09552380952380952
14.546787014007371,0.005714285714285714,0.09533333333333334
14.55178701400737,0.005714285714285714,0.09523809523809523
14.556787014007371,0.005714285714285714,0.09485714285714286
14.561787014007372,0.005714285714285714,0.09476190476190476
14.566787014007371,0.005714285714285714,0.09476190476190476
14.57178701400737,0.005714285714285714,0.09457142857142857
14.57678701400737,0.005714285714285714,0.09457142857142857
14.581787014007372,0.005714285714285714,0.09438095238095238
14.58678701400737,0.005714285714285714,0.09419047619047619
14.59178701400737,0.005714285714285714,0.09409523809523809
14.59678701400737,0.005714285714285714,0.09409523809523809
14.601787014007371,0.005714285714285714,0.094
14.60678701400737,0.005714285714285714,0.09390476190476191
14.61178701400737,0.005714285714285714,0.09390476190476191
14.61678701400737,0.005714285714285714,0.09390476190476191
14.62178701400737,0.005619047619047619,0.09380952380952381
14.62678701400737,0.005619047619047619,0.09371428571428571
14.631787014007369,0.005619047619047619,0.09352380952380952
14.63678701400737,0.005619047619047619,0.09342857142857143
14.64178701400737,0.005619047619047619,0.09342857142857143
14.64678701400737,0.005619047619047619,0.09323809523809524
14.651787014007368,0.005619047619047619,0.09323809523809524
14.656787014007369,0.005619047619047619,0.09314285714285714
14.66178701400737,0.005619047619047619,0.09295238095238095
14.666787014007369,0.005619047619047619,0.09276190476190477
14.671787014007368,0.005619047619047619,0.09266666666666666
14.676787014007369,0.005619047619047619,0.09257142857142857
14.68178701400737,0.005619047619047619,0.09238095238095238
14.686787014007368,0.005619047619047619,0.09228571428571429
14.691787014007367,0.005619047619047619,0.09219047619047618
14.696787014007368,0.005619047619047619,0.09209523809523809
14.701787014007369,0.005619047619047619,0.0919047619047619
14.706787014007368,0.005619047619047619,0.09171428571428572
14.711787014007367,0.005619047619047619,0.09142857142857143
14.716787014007368,0.005619047619047619,0.09133333333333334
14.721787014007369,0.005619047619047619,0.09133333333333334
14.726787014007368,0.005619047619047619,0.09123809523809524
14.731787014007367,0.005619047619047619,0.09123809523809524
14.736787014007367,0.005619047619047619,0.09104761904761904
14.741787014007368,0.005619047619047619,0.09095238095238095
14.746787014007367,0.005619047619047619,0.09085714285714286
14.751787014007366,0.005619047619047619,0.09066666666666667
14.756787014007367,0.005619047619047619,0.09057142857142857
14.761787014007368,0.005619047619047619,0.09047619047619047
14.766787014007367,0.005619047619047619,0.09028571428571429
14.771787014007366,0.005619047619047619,0.0901904761904762
14.776787014007366,0.005523809523809524,0.09009523809523809
14.781787014007367,0.005523809523809524,0.09
14.786787014007366,0.005523809523809524,0.09
14.791787014007365,0.005523809523809524,0.0899047619047619
14.796787014007366,0.005523809523809524,0.08980952380952381
14.801787014007367,0.005523809523809524,0.08971428571428572
14.806787014007366,0.005523809523809524,0.08961904761904763
14.811787014007365,0.005523809523809524,0.08952380952380952
14.816787014007366,0.005523809523809524,0.08933333333333333
14.821787014007366,0.005523809523809524,0.08933333333333333
14.826787014007365,0.0054285714285714284,0.08914285714285715
14.831787014007364,0.0054285714285714284,0.08914285714285715
14.836787014007365,0.0054285714285714284,0.08904761904761904
14.841787014007366,0.0054285714285714284,0.08885714285714286
14.846787014007365,0.0054285714285714284,0.08885714285714286
14.851787014007364,0.0054285714285714284,0.08885714285714286
14.856787014007365,0.0054285714285714284,0.08866666666666667
14.861787014007366,0.005333333333333333,0.08866666666666667
14.866787014007365,0.005333333333333333,0.08866666666666667
14.871787014007364,0.005333333333333333,0.08866666666666667
14.876787014007364,0.005333333333333333,0.08866666666666667
14.881787014007365,0.005333333333333333,0.08866666666666667
14.886787014007364,0.005333333333333333,0.08857142857142856
14.891787014007363,0.005333333333333333,0.08847619047619047
14.896787014007364,0.005333333333333333,0.08838095238095238
14.901787014007365,0.005333333333333333,0.08838095238095238
14.906787014007364,0.005333333333333333,0.0880952380952381
14.911787014007363,0.005333333333333333,0.0880952380952381
14.916787014007364,0.005333333333333333,0.088
14.921787014007364,0.005333333333333333,0.0879047619047619
14.926787014007363,0.005333333333333333,0.08780952380952381
14.931787014007362,0.005333333333333333,0.08771428571428572
14.936787014007363,0.005333333333333333,0.08742857142857142
14.941787014007364,0.005333333333333333,0.08723809523809524
14.946787014007363,0.005333333333333333,0.08723809523809524
14.951787014007362,0.005333333333333333,0.08723809523809524
14.956787014007363,0.005333333333333333,0.08723809523809524
14.961787014007363,0.005333333333333333,0.08714285714285715
14.966787014007362,0.005333333333333333,0.08695238095238095
14.971787014007361,0.005333333333333333,0.08695238095238095
14.976787014007362,0.005333333333333333,0.08695238095238095
14.981787014007363,0.005333333333333333,0.08695238095238095
14.986787014007362,0.005333333333333333,0.08695238095238095
14.991787014007361,0.005238095238095238,0.08676190476190476
14.996787014007362,0.005238095238095238,0.08666666666666667
15.001787014007363,0.005142857142857143,0.08638095238095238
15.006787014007362,0.005142857142857143,0.08628571428571429
15.01178701400736,0.005142857142857143,0.08628571428571429
15.016787014007361,0.005142857142857143,0.08619047619047619
15.021787014007362,0.005142857142857143,0.08619047619047619
15.026787014007361,0.005142857142857143,0.086
15.03178701400736,0.005142857142857143,0.086
15.036787014007361,0.005142857142857143,0.0859047619047619
15.041787014007362,0.005142857142857143,0.08580952380952381
15.04678701400736,0.005142857142857143,0.08571428571428572
15.05178701400736,0.005142857142857143,0.08533333333333333
15.05678701400736,0.005142857142857143,0.08533333333333333
15.061787014007361,0.005142857142857143,0.08533333333333333
15.06678701400736,0.005142857142857143,0.08523809523809524
15.07178701400736,0.005142857142857143,0.08523809523809524
15.07678701400736,0.005142857142857143,0.08514285714285715
15.08178701400736,0.005142857142857143,0.08514285714285715
15.08678701400736,0.005142857142857143,0.08514285714285715
15.091787014007359,0.005142857142857143,0.08514285714285715
15.09678701400736,0.005142857142857143,0.08514285714285715
15.10178701400736,0.005142857142857143,0.08495238095238095
15.10678701400736,0.005047619047619047,0.08495238095238095
15.111787014007358,0.005047619047619047,0.08485714285714285
15.11678701400736,0.005047619047619047,0.08485714285714285
15.12178701400736,0.005047619047619047,0.08476190476190476
15.126787014007359,0.005047619047619047,0.08476190476190476
15.131787014007358,0.005047619047619047,0.08476190476190476
15.136787014007359,0.005047619047619047,0.08466666666666667
15.14178701400736,0.005047619047619047,0.08457142857142858
15.146787014007359,0.005047619047619047,0.08447619047619048
15.151787014007358,0.005047619047619047,0.08447619047619048
15.156787014007358,0.005047619047619047,0.08428571428571428
15.16178701400736,0.005047619047619047,0.0840952380952381
15.166787014007358,0.005047619047619047,0.084
15.171787014007357,0.005047619047619047,0.084
15.176787014007358,0.005047619047619047,0.084
15.181787014007359,0.005047619047619047,0.0839047619047619
15.186787014007358,0.005047619047619047,0.0838095238095238
15.191787014007357,0.005047619047619047,0.08361904761904762
15.196787014007358,0.005047619047619047,0.08361904761904762
15.201787014007358,0.005047619047619047,0.08333333333333333
15.206787014007357,0.005047619047619047,0.08333333333333333
15.211787014007356,0.005047619047619047,0.08323809523809524
15.216787014007357,0.005047619047619047,0.08323809523809524
15.221787014007358,0.005047619047619047,0.08314285714285714
15.226787014007357,0.005047619047619047,0.08295238095238096
15.231787014007356,0.005047619047619047,0.08285714285714285
15.236787014007357,0.005047619047619047,0.08266666666666667
15.241787014007357,0.005047619047619047,0.08257142857142857
15.246787014007356,0.005047619047619047,0.08257142857142857
15.251787014007355,0.005047619047619047,0.08257142857142857
15.256787014007356,0.005047619047619047,0.08247619047619048
15.261787014007357,0.005047619047619047,0.08238095238095237
15.266787014007356,0.005047619047619047,0.08238095238095237
15.271787014007355,0.005047619047619047,0.08238095238095237
15.276787014007356,0.005047619047619047,0.08228571428571428
15.281787014007357,0.005047619047619047,0.08219047619047619
15.286787014007356,0.005047619047619047,0.0820952380952381
15.291787014007355,0.005047619047619047,0.082
15.296787014007355,0.005047619047619047,0.08190476190476191
15.301787014007356,0.005047619047619047,0.0818095238095238
15.306787014007355,0.005047619047619047,0.0818095238095238
15.311787014007354,0.005047619047619047,0.08142857142857143
15.316787014007355,0.005047619047619047,0.08142857142857143
15.321787014007356,0.005047619047619047,0.08133333333333333
15.326787014007355,0.005047619047619047,0.08123809523809523
15.331787014007354,0.004952380952380952,0.08104761904761905
15.336787014007355,0.004952380952380952,0.08095238095238096
15.341787014007355,0.004952380952380952,0.08085714285714286
15.346787014007354,0.004952380952380952,0.08076190476190476
15.351787014007353,0.004952380952380952,0.08057142857142857
15.356787014007354,0.004952380952380952,0.08047619047619048
15.361787014007355,0.004857142857142857,0.08047619047619048
15.366787014007354,0.004857142857142857,0.08038095238095239
15.371787014007353,0.004761904761904762,0.08038095238095239
15.376787014007354,0.004761904761904762,0.08019047619047619
15.381787014007354,0.004761904761904762,0.0800952380952381
15.386787014007353,0.004761904761904762,0.07980952380952382
15.391787014007352,0.004761904761904762,0.07980952380952382
15.396787014007353,0.004761904761904762,0.07971428571428571
15.401787014007354,0.004571428571428572,0.07971428571428571
15.406787014007353,0.004571428571428572,0.07971428571428571
15.411787014007352,0.004571428571428572,0.07952380952380952
15.416787014007353,0.004571428571428572,0.07952380952380952
15.421787014007354,0.004571428571428572,0.07952380952380952
15.426787014007353,0.004571428571428572,0.07942857142857143
15.431787014007352,0.004571428571428572,0.07942857142857143
15.436787014007352,0.004571428571428572,0.07933333333333334
15.441787014007353,0.004571428571428572,0.07933333333333334
15.446787014007352,0.004571428571428572,0.07933333333333334
15.451787014007351,0.004571428571428572,0.07933333333333334
15.456787014007352,0.004571428571428572,0.07933333333333334
15.461787014007353,0.0044761904761904765,0.07933333333333334
15.466787014007352,0.004380952380952381,0.07933333333333334
15.47178701400735,0.004380952380952381,0.07923809523809523
15.476787014007352,0.004380952380952381,0.07914285714285714
15.481787014007352,0.004380952380952381,0.07904761904761905
15.486787014007351,0.004380952380952381,0.07885714285714286
15.49178701400735,0.004380952380952381,0.07876190476190476
15.496787014007351,0.004380952380952381,0.07866666666666666
15.501787014007352,0.004380952380952381,0.07866666666666666
15.506787014007351,0.004380952380952381,0.07857142857142857
15.51178701400735,0.004380952380952381,0.07838095238095238
15.51678701400735,0.004380952380952381,0.07838095238095238
15.521787014007352,0.004285714285714286,0.07838095238095238
15.52678701400735,0.004285714285714286,0.07819047619047619
15.53178701400735,0.004285714285714286,0.07819047619047619
15.53678701400735,0.004285714285714286,0.07809523809523809
15.541787014007351,0.004285714285714286,0.07809523809523809
15.54678701400735,0.004285714285714286,0.078
15.551787014007349,0.004285714285714286,0.07790476190476191
15.55678701400735,0.004285714285714286,0.07780952380952381
15.56178701400735,0.004285714285714286,0.07771428571428571
15.56678701400735,0.004285714285714286,0.07761904761904762
15.571787014007349,0.004285714285714286,0.07761904761904762
15.57678701400735,0.004285714285714286,0.07752380952380952
15.58178701400735,0.004285714285714286,0.07742857142857143
15.58678701400735,0.004285714285714286,0.07742857142857143
15.591787014007348,0.004285714285714286,0.07714285714285714
15.596787014007349,0.004285714285714286,0.07714285714285714
15.60178701400735,0.004285714285714286,0.07704761904761905
15.606787014007349,0.004285714285714286,0.07685714285714286
15.611787014007348,0.004285714285714286,0.07676190476190477
15.616787014007349,0.004285714285714286,0.07666666666666666
15.62178701400735,0.004285714285714286,0.07666666666666666
15.626787014007348,0.004285714285714286,0.07666666666666666
15.631787014007347,0.004285714285714286,0.07666666666666666
15.636787014007348,0.004285714285714286,0.07657142857142857
15.641787014007349,0.004285714285714286,0.0761904761904762
15.646787014007348,0.004285714285714286,0.0761904761904762
15.651787014007347,0.004285714285714286,0.07609523809523809
15.656787014007348,0.004285714285714286,0.076
15.661787014007349,0.004285714285714286,0.076
15.666787014007348,0.004285714285714286,0.076
15.671787014007347,0.004285714285714286,0.0759047619047619
15.676787014007347,0.004285714285714286,0.07580952380952381
15.681787014007348,0.004285714285714286,0.07580952380952381
15.686787014007347,0.004285714285714286,0.07571428571428572
15.691787014007346,0.004285714285714286,0.07561904761904761
15.696787014007347,0.004285714285714286,0.07552380952380952
15.701787014007348,0.004285714285714286,0.07542857142857143
15.706787014007347,0.004285714285714286,0.07542857142857143
15.711787014007346,0.004285714285714286,0.07523809523809524
15.716787014007346,0.004285714285714286,0.07514285714285714
15.721787014007347,0.004285714285714286,0.07514285714285714
15.726787014007346,0.004285714285714286,0.07514285714285714
15.731787014007345,0.004285714285714286,0.07495238095238095
15.736787014007346,0.004285714285714286,0.07495238095238095
15.741787014007347,0.004285714285714286,0.07495238095238095
15.746787014007346,0.004285714285714286,0.07476190476190477
15.751787014007345,0.004285714285714286,0.07476190476190477
15.756787014007346,0.004285714285714286,0.07476190476190477
15.761787014007346,0.004190476190476191,0.07466666666666667
15.766787014007345,0.004190476190476191,0.07457142857142857
15.771787014007344,0.004190476190476191,0.07457142857142857
15.776787014007345,0.004190476190476191,0.07457142857142857
15.781787014007346,0.004190476190476191,0.07457142857142857
15.786787014007345,0.004190476190476191,0.07438095238095238
15.791787014007344,0.004190476190476191,0.07438095238095238
15.796787014007345,0.004190476190476191,0.07428571428571429
15.801787014007346,0.004190476190476191,0.07428571428571429
15.806787014007345,0.004190476190476191,0.07428571428571429
15.811787014007344,0.004190476190476191,0.07409523809523809
15.816787014007344,0.004190476190476191,0.074
15.821787014007345,0.004190476190476191,0.074
15.826787014007344,0.004190476190476191,0.0739047619047619
15.831787014007343,0.004190476190476191,0.0739047619047619
15.836787014007344,0.004190476190476191,0.0739047619047619
15.841787014007345,0.004190476190476191,0.0739047619047619
15.846787014007344,0.004190476190476191,0.0739047619047619
15.851787014007343,0.004190476190476191,0.0739047619047619
15.856787014007343,0.004190476190476191,0.0739047619047619
15.861787014007344,0.004190476190476191,0.07380952380952381
15.866787014007343,0.004095238095238095,0.07380952380952381
15.871787014007342,0.004095238095238095,0.07380952380952381
15.876787014007343,0.004095238095238095,0.07380952380952381
15.881787014007344,0.004095238095238095,0.07380952380952381
15.886787014007343,0.004095238095238095,0.07380952380952381
15.891787014007342,0.004095238095238095,0.07380952380952381
15.896787014007343,0.004095238095238095,0.07371428571428572
15.901787014007343,0.004095238095238095,0.07361904761904763
15.906787014007342,0.004095238095238095,0.07352380952380952
15.911787014007341,0.004095238095238095,0.07352380952380952
15.916787014007342,0.004095238095238095,0.07352380952380952
15.921787014007343,0.004095238095238095,0.07342857142857143
15.926787014007342,0.004095238095238095,0.07342857142857143
15.931787014007341,0.004095238095238095,0.07314285714285715
15.936787014007342,0.004095238095238095,0.07314285714285715
15.941787014007343,0.004095238095238095,0.07314285714285715
15.946787014007342,0.004095238095238095,0.07314285714285715
15.95178701400734,0.004095238095238095,0.07314285714285715
15.956787014007341,0.004095238095238095,0.07304761904761904
15.961787014007342,0.004095238095238095,0.07304761904761904
15.966787014007341,0.004095238095238095,0.07295238095238095
15.97178701400734,0.004095238095238095,0.07295238095238095
15.976787014007341,0.004095238095238095,0.07295238095238095
15.981787014007342,0.004095238095238095,0.07285714285714286
15.98678701400734,0.004095238095238095,0.07285714285714286
15.99178701400734,0.004095238095238095,0.07285714285714286
15.99678701400734,0.004,0.07276190476190476
16.00178701400734,0.004,0.07276190476190476
16.00678701400734,0.004,0.07276190476190476
16.01178701400734,0.004,0.07266666666666667
16.016787014007342,0.004,0.07266666666666667
16.02178701400734,0.004,0.07247619047619047
16.02678701400734,0.004,0.07238095238095238
16.03178701400734,0.004,0.07238095238095238
16.036787014007338,0.004,0.07228571428571429
16.04178701400734,0.003904761904761905,0.0721904761904762
16.04678701400734,0.003904761904761905,0.0721904761904762
16.05178701400734,0.0038095238095238095,0.0720952380952381
16.05678701400734,0.0038095238095238095,0.0720952380952381
16.06178701400734,0.0038095238095238095,0.0720952380952381
16.06678701400734,0.0038095238095238095,0.0720952380952381
16.071787014007338,0.0038095238095238095,0.072
16.076787014007337,0.0038095238095238095,0.072
16.08178701400734,0.0038095238095238095,0.072
16.08678701400734,0.0038095238095238095,0.072
16.091787014007338,0.0038095238095238095,0.07180952380952381
16.09678701400734,0.0038095238095238095,0.07161904761904762
16.10178701400734,0.0038095238095238095,0.07161904761904762
16.106787014007338,0.0038095238095238095,0.07142857142857142
16.111787014007337,0.0038095238095238095,0.07142857142857142
16.116787014007336,0.0038095238095238095,0.07133333333333333
16.12178701400734,0.0038095238095238095,0.07123809523809524
16.126787014007338,0.0038095238095238095,0.07123809523809524
16.131787014007337,0.0038095238095238095,0.07114285714285715
16.13678701400734,0.0038095238095238095,0.07114285714285715
16.14178701400734,0.0038095238095238095,0.07104761904761905
16.146787014007337,0.0038095238095238095,0.07104761904761905
16.151787014007336,0.0038095238095238095,0.07104761904761905
16.156787014007335,0.0038095238095238095,0.07095238095238095
16.161787014007338,0.0038095238095238095,0.07085714285714285
16.166787014007337,0.0038095238095238095,0.07085714285714285
16.171787014007336,0.0038095238095238095,0.07066666666666667
16.17678701400734,0.0038095238095238095,0.07066666666666667
16.181787014007337,0.0038095238095238095,0.07066666666666667
16.186787014007336,0.0038095238095238095,0.07057142857142858
16.191787014007335,0.0038095238095238095,0.07047619047619047
16.196787014007334,0.0038095238095238095,0.07038095238095238
16.201787014007337,0.0038095238095238095,0.07028571428571428
16.206787014007336,0.0038095238095238095,0.0700952380952381
16.211787014007335,0.0038095238095238095,0.0700952380952381
16.216787014007338,0.0038095238095238095,0.06980952380952381
16.221787014007337,0.0038095238095238095,0.06961904761904762
16.226787014007336,0.0038095238095238095,0.06952380952380953
16.231787014007335,0.0038095238095238095,0.06952380952380953
16.236787014007334,0.0038095238095238095,0.06933333333333333
16.241787014007336,0.0038095238095238095,0.06933333333333333
16.246787014007335,0.0038095238095238095,0.06914285714285714
16.251787014007334,0.0038095238095238095,0.06895238095238095
16.256787014007337,0.0037142857142857142,0.06895238095238095
16.261787014007336,0.0037142857142857142,0.06895238095238095
16.266787014007335,0.0037142857142857142,0.06885714285714285
16.271787014007334,0.0037142857142857142,0.06885714285714285
16.276787014007333,0.0037142857142857142,0.06876190476190476
16.281787014007335,0.0037142857142857142,0.06876190476190476
16.286787014007334,0.0037142857142857142,0.06857142857142857
16.291787014007333,0.0037142857142857142,0.06847619047619048
16.296787014007336,0.0037142857142857142,0.06828571428571428
16.301787014007335,0.0037142857142857142,0.0680952380952381
16.306787014007334,0.0037142857142857142,0.068
16.311787014007333,0.0037142857142857142,0.068
16.316787014007332,0.0037142857142857142,0.068
16.321787014007334,0.0037142857142857142,0.0678095238095238
16.326787014007333,0.0037142857142857142,0.0678095238095238
16.331787014007332,0.0037142857142857142,0.06771428571428571
16.336787014007335,0.0037142857142857142,0.06761904761904762
16.341787014007334,0.0037142857142857142,0.06752380952380953
16.346787014007333,0.0037142857142857142,0.06742857142857143
16.351787014007332,0.0037142857142857142,0.06733333333333333
16.35678701400733,0.003619047619047619,0.06733333333333333
16.361787014007334,0.003619047619047619,0.06723809523809524
16.366787014007333,0.0035238095238095237,0.06714285714285714
16.37178701400733,0.0035238095238095237,0.06714285714285714
16.376787014007334,0.0035238095238095237,0.06704761904761905
16.381787014007333,0.0035238095238095237,0.06704761904761905
16.386787014007332,0.0035238095238095237,0.06695238095238096
16.39178701400733,0.0035238095238095237,0.06695238095238096
16.39678701400733,0.0035238095238095237,0.06695238095238096
16.401787014007333,0.0035238095238095237,0.06685714285714285
16.40678701400733,0.0035238095238095237,0.06666666666666667
16.41178701400733,0.0035238095238095237,0.06657142857142857
16.416787014007333,0.0035238095238095237,0.06647619047619048
16.421787014007332,0.0035238095238095237,0.06638095238095239
16.42678701400733,0.0035238095238095237,0.06638095238095239
16.43178701400733,0.0035238095238095237,0.06628571428571428
16.43678701400733,0.0035238095238095237,0.06628571428571428
16.441787014007332,0.0035238095238095237,0.0660952380952381
16.44678701400733,0.0035238095238095237,0.06590476190476191
16.45178701400733,0.0035238095238095237,0.06571428571428571
16.456787014007332,0.0035238095238095237,0.06571428571428571
16.46178701400733,0.0035238095238095237,0.06561904761904762
16.46678701400733,0.0035238095238095237,0.06561904761904762
16.47178701400733,0.0035238095238095237,0.06561904761904762
16.47678701400733,0.0035238095238095237,0.06542857142857143
16.48178701400733,0.0035238095238095237,0.06523809523809523
16.48678701400733,0.0035238095238095237,0.06523809523809523
16.49178701400733,0.0035238095238095237,0.06514285714285714
16.49678701400733,0.0035238095238095237,0.06514285714285714
16.50178701400733,0.0035238095238095237,0.06504761904761905
16.50678701400733,0.0035238095238095237,0.06485714285714286
16.51178701400733,0.0035238095238095237,0.06476190476190476
16.516787014007328,0.0035238095238095237,0.06457142857142857
16.52178701400733,0.0035238095238095237,0.06457142857142857
16.52678701400733,0.0035238095238095237,0.06457142857142857
16.531787014007328,0.0035238095238095237,0.06438095238095239
16.53678701400733,0.0035238095238095237,0.06438095238095239
16.54178701400733,0.0035238095238095237,0.06419047619047619
16.54678701400733,0.0035238095238095237,0.0640952380952381
16.551787014007328,0.0035238095238095237,0.064
16.556787014007327,0.0035238095238095237,0.064
16.56178701400733,0.0035238095238095237,0.064
16.56678701400733,0.0035238095238095237,0.06380952380952382
16.571787014007327,0.0035238095238095237,0.06380952380952382
16.57678701400733,0.0035238095238095237,0.06380952380952382
16.58178701400733,0.0035238095238095237,0.06380952380952382
16.586787014007328,0.0035238095238095237,0.06380952380952382
16.591787014007327,0.0035238095238095237,0.06371428571428571
16.596787014007326,0.0035238095238095237,0.06371428571428571
16.60178701400733,0.0035238095238095237,0.06333333333333334
16.606787014007327,0.0035238095238095237,0.06314285714285714
16.611787014007326,0.0035238095238095237,0.06304761904761905
16.61678701400733,0.0035238095238095237,0.06304761904761905
16.621787014007328,0.0035238095238095237,0.06295238095238095
16.626787014007327,0.0035238095238095237,0.06276190476190477
16.631787014007326,0.0035238095238095237,0.06276190476190477
16.636787014007325,0.0035238095238095237,0.06276190476190477
16.641787014007328,0.0035238095238095237,0.06257142857142857
16.646787014007327,0.0035238095238095237,0.06247619047619048
16.651787014007326,0.0035238095238095237,0.06247619047619048
16.656787014007328,0.0035238095238095237,0.06247619047619048
16.661787014007327,0.0035238095238095237,0.06247619047619048
16.666787014007326,0.0035238095238095237,0.06247619047619048
16.671787014007325,0.0035238095238095237,0.062380952380952384
16.676787014007324,0.0035238095238095237,0.062380952380952384
16.681787014007327,0.0035238095238095237,0.062285714285714285
16.686787014007326,0.0035238095238095237,0.06219047619047619
16.691787014007325,0.0034285714285714284,0.06219047619047619
16.696787014007327,0.0034285714285714284,0.06209523809523809
16.701787014007326,0.0034285714285714284,0.062
16.706787014007325,0.0034285714285714284,0.06180952380952381
16.711787014007324,0.0034285714285714284,0.06180952380952381
16.716787014007323,0.0034285714285714284,0.06180952380952381
16.721787014007326,0.0034285714285714284,0.06180952380952381
16.726787014007325,0.0034285714285714284,0.06180952380952381
16.731787014007324,0.0034285714285714284,0.06180952380952381
16.736787014007326,0.0034285714285714284,0.061714285714285715
16.741787014007325,0.0034285714285714284,0.06152380952380952
16.746787014007325,0.0034285714285714284,0.06152380952380952
16.751787014007324,0.0034285714285714284,0.06152380952380952
16.756787014007323,0.0034285714285714284,0.06142857142857143
16.761787014007325,0.0034285714285714284,0.06133333333333333
16.766787014007324,0.0034285714285714284,0.06123809523809524
16.771787014007323,0.0034285714285714284,0.06123809523809524
16.776787014007326,0.0034285714285714284,0.061142857142857145
16.781787014007325,0.0034285714285714284,0.061047619047619045
16.786787014007324,0.0034285714285714284,0.061047619047619045
16.791787014007323,0.0034285714285714284,0.061047619047619045
16.79678701400732,0.0034285714285714284,0.06085714285714286
16.801787014007324,0.0034285714285714284,0.06085714285714286
16.806787014007323,0.0034285714285714284,0.06085714285714286
16.811787014007322,0.0034285714285714284,0.06085714285714286
16.816787014007325,0.0034285714285714284,0.06076190476190476
16.821787014007324,0.0034285714285714284,0.06076190476190476
16.826787014007323,0.0034285714285714284,0.06076190476190476
16.831787014007322,0.0034285714285714284,0.06066666666666667
16.83678701400732,0.0034285714285714284,0.06066666666666667
16.841787014007323,0.0034285714285714284,0.06066666666666667
16.846787014007322,0.0034285714285714284,0.06066666666666667
16.85178701400732,0.0034285714285714284,0.060571428571428575
16.856787014007324,0.0034285714285714284,0.06038095238095238
16.861787014007323,0.0034285714285714284,0.06019047619047619
16.866787014007322,0.0034285714285714284,0.06019047619047619
16.87178701400732,0.0034285714285714284,0.06
16.87678701400732,0.0034285714285714284,0.059904761904761905
16.881787014007323,0.0034285714285714284,0.05980952380952381
16.88678701400732,0.0034285714285714284,0.05980952380952381
16.89178701400732,0.0034285714285714284,0.05971428571428571
16.896787014007323,0.0034285714285714284,0.05971428571428571
16.901787014007322,0.0034285714285714284,0.05971428571428571
16.90678701400732,0.0034285714285714284,0.05952380952380952
16.91178701400732,0.0034285714285714284,0.05942857142857143
16.91678701400732,0.0034285714285714284,0.05942857142857143
16.92178701400732,0.0034285714285714284,0.059238095238095236
16.92678701400732,0.0034285714285714284,0.05914285714285714
16.93178701400732,0.0034285714285714284,0.05895238095238095
16.936787014007322,0.0034285714285714284,0.05895238095238095
16.94178701400732,0.0034285714285714284,0.05895238095238095
16.94678701400732,0.0034285714285714284,0.05895238095238095
16.95178701400732,0.0034285714285714284,0.05885714285714286
16.95678701400732,0.0034285714285714284,0.058761904761904765
16.96178701400732,0.0034285714285714284,0.058761904761904765
16.96678701400732,0.0034285714285714284,0.058761904761904765
16.97178701400732,0.0034285714285714284,0.058666666666666666
16.97678701400732,0.0034285714285714284,0.05838095238095238
16.98178701400732,0.0034285714285714284,0.05838095238095238
16.98678701400732,0.0034285714285714284,0.05838095238095238
16.99178701400732,0.0034285714285714284,0.05819047619047619
16.996787014007317,0.0034285714285714284,0.05819047619047619
17.00178701400732,0.0034285714285714284,0.05819047619047619
17.00678701400732,0.0034285714285714284,0.058095238095238096
17.011787014007318,0.0034285714285714284,0.058095238095238096
17.01678701400732,0.0034285714285714284,0.058095238095238096
17.02178701400732,0.0034285714285714284,0.058095238095238096
17.02678701400732,0.0034285714285714284,0.058
17.031787014007318,0.0034285714285714284,0.058
17.036787014007317,0.0034285714285714284,0.0579047619047619
17.04178701400732,0.0034285714285714284,0.0579047619047619
17.046787014007318,0.0034285714285714284,0.0579047619047619
17.051787014007317,0.0034285714285714284,0.05780952380952381
17.05678701400732,0.0034285714285714284,0.05780952380952381
17.06178701400732,0.0034285714285714284,0.05771428571428571
17.066787014007318,0.0034285714285714284,0.05771428571428571
17.071787014007317,0.0034285714285714284,0.05771428571428571
17.076787014007316,0.0033333333333333335,0.05771428571428571
17.08178701400732,0.0033333333333333335,0.05771428571428571
17.086787014007317,0.0033333333333333335,0.05771428571428571
17.091787014007316,0.0033333333333333335,0.05761904761904762
17.09678701400732,0.0033333333333333335,0.057523809523809526
17.101787014007318,0.0033333333333333335,0.057523809523809526
17.106787014007317,0.0033333333333333335,0.057523809523809526
17.111787014007316,0.0033333333333333335,0.057523809523809526
17.116787014007315,0.0033333333333333335,0.057523809523809526
17.121787014007317,0.0033333333333333335,0.057523809523809526
17.126787014007316,0.0033333333333333335,0.057428571428571426
17.131787014007315,0.0033333333333333335,0.057428571428571426
17.136787014007318,0.0033333333333333335,0.057428571428571426
17.141787014007317,0.0033333333333333335,0.057428571428571426
17.146787014007316,0.0033333333333333335,0.057428571428571426
17.151787014007315,0.0032380952380952383,0.057428571428571426
17.156787014007314,0.0032380952380952383,0.057428571428571426
17.161787014007317,0.0032380952380952383,0.05723809523809524
17.166787014007316,0.0032380952380952383,0.05714285714285714
17.171787014007315,0.0032380952380952383,0.056952380952380956
17.176787014007317,0.0032380952380952383,0.056952380952380956
17.181787014007316,0.0032380952380952383,0.056857142857142856
17.186787014007315,0.0032380952380952383,0.056666666666666664
17.191787014007314,0.003142857142857143,0.056666666666666664
17.196787014007313,0.003142857142857143,0.056666666666666664
17.201787014007316,0.003142857142857143,0.05647619047619048
17.206787014007315,0.003142857142857143,0.05647619047619048
17.211787014007314,0.003142857142857143,0.05638095238095238
17.216787014007316,0.003142857142857143,0.05638095238095238
17.221787014007315,0.003142857142857143,0.05638095238095238
17.226787014007314,0.003142857142857143,0.05638095238095238
17.231787014007313,0.003142857142857143,0.05638095238095238
17.236787014007312,0.003142857142857143,0.056285714285714286
17.241787014007315,0.003142857142857143,0.056285714285714286
17.246787014007314,0.003142857142857143,0.056285714285714286
17.251787014007313,0.003142857142857143,0.056285714285714286
17.256787014007315,0.003142857142857143,0.05619047619047619
17.261787014007314,0.003142857142857143,0.05619047619047619
17.266787014007313,0.003142857142857143,0.05619047619047619
17.271787014007312,0.003142857142857143,0.05619047619047619
17.27678701400731,0.003142857142857143,0.05619047619047619
17.281787014007314,0.003142857142857143,0.056095238095238094
17.286787014007313,0.003142857142857143,0.056095238095238094
17.291787014007312,0.003142857142857143,0.056
17.296787014007315,0.003142857142857143,0.05580952380952381
17.301787014007314,0.003142857142857143,0.055714285714285716
17.306787014007313,0.003142857142857143,0.055714285714285716
17.31178701400731,0.003142857142857143,0.055714285714285716
17.31678701400731,0.003142857142857143,0.055714285714285716
17.321787014007313,0.003142857142857143,0.055714285714285716
17.326787014007312,0.003142857142857143,0.055714285714285716
17.33178701400731,0.003142857142857143,0.055714285714285716
17.336787014007314,0.003142857142857143,0.055714285714285716
17.341787014007313,0.003142857142857143,0.055714285714285716
17.34678701400731,0.003142857142857143,0.055714285714285716
17.35178701400731,0.003142857142857143,0.05561904761904762
17.35678701400731,0.003142857142857143,0.055523809523809524
17.361787014007312,0.003142857142857143,0.05542857142857143
17.36678701400731,0.003142857142857143,0.05533333333333333
17.37178701400731,0.003142857142857143,0.05523809523809524
17.376787014007313,0.003142857142857143,0.055142857142857146
17.381787014007312,0.003142857142857143,0.055142857142857146
17.38678701400731,0.003142857142857143,0.05504761904761905
17.39178701400731,0.003142857142857143,0.05504761904761905
17.39678701400731,0.003142857142857143,0.054952380952380954
17.40178701400731,0.003142857142857143,0.054952380952380954
17.40678701400731,0.003142857142857143,0.054952380952380954
17.41178701400731,0.003142857142857143,0.054952380952380954
17.416787014007312,0.003142857142857143,0.054857142857142854
17.42178701400731,0.003142857142857143,0.05476190476190476
17.42678701400731,0.003142857142857143,0.05476190476190476
17.43178701400731,0.003142857142857143,0.05466666666666667
17.436787014007308,0.003142857142857143,0.054285714285714284
17.44178701400731,0.003142857142857143,0.05419047619047619
17.44678701400731,0.003142857142857143,0.05409523809523809
17.45178701400731,0.003142857142857143,0.05409523809523809
17.45678701400731,0.003142857142857143,0.05390476190476191
17.46178701400731,0.003142857142857143,0.05380952380952381
17.46678701400731,0.003142857142857143,0.053714285714285714
17.471787014007308,0.003142857142857143,0.053714285714285714
17.476787014007307,0.003142857142857143,0.053714285714285714
17.48178701400731,0.003142857142857143,0.05361904761904762
17.48678701400731,0.003142857142857143,0.05361904761904762
17.491787014007308,0.003142857142857143,0.05352380952380952
17.49678701400731,0.003142857142857143,0.05333333333333334
17.50178701400731,0.003142857142857143,0.05333333333333334
17.50678701400731,0.003142857142857143,0.05323809523809524
17.511787014007307,0.003142857142857143,0.053142857142857144
17.516787014007306,0.003142857142857143,0.053142857142857144
17.52178701400731,0.003142857142857143,0.053142857142857144
17.526787014007308,0.003142857142857143,0.053142857142857144
17.531787014007307,0.003142857142857143,0.053047619047619045
17.53678701400731,0.003142857142857143,0.053047619047619045
17.54178701400731,0.003142857142857143,0.05295238095238095
17.546787014007307,0.003142857142857143,0.05295238095238095
17.551787014007306,0.003142857142857143,0.05285714285714286
17.556787014007305,0.003142857142857143,0.05276190476190476
17.561787014007308,0.003142857142857143,0.05276190476190476
17.566787014007307,0.003142857142857143,0.052571428571428575
17.571787014007306,0.003142857142857143,0.052571428571428575
17.57678701400731,0.0030476190476190477,0.052571428571428575
17.581787014007308,0.0030476190476190477,0.05238095238095238
17.586787014007307,0.0030476190476190477,0.05228571428571428
17.591787014007306,0.0030476190476190477,0.05228571428571428
17.596787014007305,0.0030476190476190477,0.05228571428571428
17.601787014007307,0.0030476190476190477,0.05219047619047619
17.606787014007306,0.0030476190476190477,0.0520952380952381
17.611787014007305,0.0030476190476190477,0.051904761904761905
17.616787014007308,0.0030476190476190477,0.051904761904761905
17.621787014007307,0.0030476190476190477,0.051904761904761905
17.626787014007306,0.0030476190476190477,0.051904761904761905
17.631787014007305,0.0030476190476190477,0.05171428571428571
17.636787014007304,0.0030476190476190477,0.05171428571428571
17.641787014007306,0.0030476190476190477,0.05171428571428571
17.646787014007305,0.0030476190476190477,0.05161904761904762
17.651787014007304,0.0030476190476190477,0.05152380952380953
17.656787014007307,0.0030476190476190477,0.05152380952380953
17.661787014007306,0.0030476190476190477,0.05152380952380953
17.666787014007305,0.0030476190476190477,0.05152380952380953
17.671787014007304,0.0030476190476190477,0.05152380952380953
17.676787014007303,0.0030476190476190477,0.05152380952380953
17.681787014007305,0.0030476190476190477,0.05152380952380953
17.686787014007304,0.0030476190476190477,0.05152380952380953
17.691787014007303,0.0030476190476190477,0.05152380952380953
17.696787014007306,0.0030476190476190477,0.051333333333333335
17.701787014007305,0.0030476190476190477,0.05114285714285714
17.706787014007304,0.0030476190476190477,0.05114285714285714
17.711787014007303,0.0030476190476190477,0.05104761904761905
17.716787014007302,0.0030476190476190477,0.05104761904761905
17.721787014007305,0.0030476190476190477,0.05104761904761905
17.726787014007304,0.0030476190476190477,0.05104761904761905
17.731787014007303,0.0030476190476190477,0.05095238095238095
17.736787014007305,0.0030476190476190477,0.05085714285714286
17.741787014007304,0.0030476190476190477,0.05085714285714286
17.746787014007303,0.0030476190476190477,0.05085714285714286
17.751787014007302,0.0030476190476190477,0.050761904761904765
17.7567870140073,0.0030476190476190477,0.050761904761904765
17.761787014007304,0.0030476190476190477,0.050666666666666665
17.766787014007303,0.0030476190476190477,0.050666666666666665
17.7717870140073,0.0030476190476190477,0.050666666666666665
17.776787014007304,0.0030476190476190477,0.05057142857142857
17.781787014007303,0.0030476190476190477,0.05047619047619047
17.786787014007302,0.0030476190476190477,0.05038095238095238
17.7917870140073,0.0030476190476190477,0.05038095238095238
17.7967870140073,0.0030476190476190477,0.05038095238095238
17.801787014007303,0.0030476190476190477,0.05038095238095238
17.806787014007302,0.0030476190476190477,0.05038095238095238
17.8117870140073,0.0030476190476190477,0.05038095238095238
17.816787014007303,0.0030476190476190477,0.05038095238095238
17.821787014007302,0.0030476190476190477,0.05038095238095238
17.8267870140073,0.0030476190476190477,0.05038095238095238
17.8317870140073,0.0030476190476190477,0.05038095238095238
17.8367870140073,0.0030476190476190477,0.05038095238095238
17.841787014007302,0.0030476190476190477,0.05038095238095238
17.8467870140073,0.0030476190476190477,0.05028571428571429
17.8517870140073,0.0030476190476190477,0.05028571428571429
17.856787014007303,0.0030476190476190477,0.05028571428571429
17.8617870140073,0.0030476190476190477,0.05028571428571429
17.8667870140073,0.0030476190476190477,0.05019047619047619
17.8717870140073,0.0030476190476190477,0.05
17.8767870140073,0.0030476190476190477,0.04961904761904762
17.8817870140073,0.0030476190476190477,0.049523809523809526
17.8867870140073,0.0030476190476190477,0.049428571428571426
17.8917870140073,0.0030476190476190477,0.04933333333333333
17.8967870140073,0.0030476190476190477,0.04933333333333333
17.9017870140073,0.0030476190476190477,0.04933333333333333
17.9067870140073,0.0030476190476190477,0.04933333333333333
17.9117870140073,0.0030476190476190477,0.04933333333333333
17.916787014007298,0.0030476190476190477,0.04923809523809524
17.9217870140073,0.0029523809523809524,0.04914285714285714
17.9267870140073,0.0029523809523809524,0.04914285714285714
17.9317870140073,0.0029523809523809524,0.04914285714285714
17.9367870140073,0.0029523809523809524,0.04914285714285714
17.9417870140073,0.0029523809523809524,0.04914285714285714
17.9467870140073,0.0029523809523809524,0.04904761904761905
17.951787014007298,0.0029523809523809524,0.04904761904761905
17.956787014007297,0.0029523809523809524,0.04904761904761905
17.9617870140073,0.0029523809523809524,0.048952380952380956
17.9667870140073,0.0029523809523809524,0.048952380952380956
17.971787014007298,0.0029523809523809524,0.048952380952380956
17.9767870140073,0.0029523809523809524,0.048857142857142856
17.9817870140073,0.0029523809523809524,0.048666666666666664
17.986787014007298,0.0029523809523809524,0.04857142857142857
17.991787014007297,0.0029523809523809524,0.04857142857142857
17.996787014007296,0.0029523809523809524,0.04857142857142857
18.0017870140073,0.0029523809523809524,0.04857142857142857
18.006787014007298,0.0029523809523809524,0.04857142857142857
18.011787014007297,0.0029523809523809524,0.04857142857142857
18.0167870140073,0.0029523809523809524,0.04857142857142857
18.021787014007298,0.0029523809523809524,0.04847619047619048
18.026787014007297,0.0029523809523809524,0.04838095238095238
18.031787014007296,0.0029523809523809524,0.04838095238095238
18.036787014007295,0.0029523809523809524,0.04838095238095238
18.041787014007298,0.0029523809523809524,0.04838095238095238
18.046787014007297,0.0029523809523809524,0.048285714285714286
18.051787014007296,0.0029523809523809524,0.048285714285714286
18.0567870140073,0.0029523809523809524,0.04819047619047619
18.061787014007297,0.0029523809523809524,0.048095238095238094
18.066787014007296,0.0029523809523809524,0.048095238095238094
18.071787014007295,0.0029523809523809524,0.048095238095238094
18.076787014007294,0.0029523809523809524,0.048095238095238094
18.081787014007297,0.0029523809523809524,0.048095238095238094
18.086787014007296,0.0029523809523809524,0.048095238095238094
18.091787014007295,0.0029523809523809524,0.048095238095238094
18.096787014007298,0.0029523809523809524,0.048095238095238094
18.101787014007297,0.0029523809523809524,0.0479047619047619
18.106787014007296,0.0029523809523809524,0.0479047619047619
18.111787014007295,0.0029523809523809524,0.0479047619047619
18.116787014007294,0.0029523809523809524,0.0479047619047619
18.121787014007296,0.0029523809523809524,0.0479047619047619
18.126787014007295,0.0029523809523809524,0.0479047619047619
18.131787014007294,0.0029523809523809524,0.0479047619047619
18.136787014007297,0.0029523809523809524,0.0479047619047619
18.141787014007296,0.0029523809523809524,0.0479047619047619
18.146787014007295,0.0029523809523809524,0.0479047619047619
18.151787014007294,0.0029523809523809524,0.0479047619047619
18.156787014007293,0.0029523809523809524,0.0479047619047619
18.161787014007295,0.0029523809523809524,0.0479047619047619
18.166787014007294,0.0029523809523809524,0.0479047619047619
18.171787014007293,0.0029523809523809524,0.0479047619047619
18.176787014007296,0.0029523809523809524,0.0479047619047619
18.181787014007295,0.0029523809523809524,0.0479047619047619
18.186787014007294,0.0029523809523809524,0.04780952380952381
18.191787014007293,0.0029523809523809524,0.047714285714285716
18.196787014007292,0.0029523809523809524,0.047523809523809524
18.201787014007294,0.0029523809523809524,0.04742857142857143
18.206787014007293,0.0029523809523809524,0.04733333333333333
18.211787014007292,0.0029523809523809524,0.04733333333333333
18.216787014007295,0.0029523809523809524,0.04733333333333333
18.221787014007294,0.0029523809523809524,0.04733333333333333
18.226787014007293,0.0029523809523809524,0.04733333333333333
18.231787014007292,0.0029523809523809524,0.04723809523809524
18.23678701400729,0.0029523809523809524,0.04723809523809524
18.241787014007294,0.0029523809523809524,0.04723809523809524
18.246787014007293,0.0029523809523809524,0.04723809523809524
18.25178701400729,0.0029523809523809524,0.04723809523809524
18.256787014007294,0.0029523809523809524,0.04723809523809524
18.261787014007293,0.0029523809523809524,0.047142857142857146
18.266787014007292,0.0029523809523809524,0.047142857142857146
18.27178701400729,0.0029523809523809524,0.047047619047619046
18.27678701400729,0.0029523809523809524,0.047047619047619046
18.281787014007293,0.0029523809523809524,0.047047619047619046
18.28678701400729,0.0029523809523809524,0.047047619047619046
18.29178701400729,0.002857142857142857,0.047047619047619046
18.296787014007293,0.002857142857142857,0.047047619047619046
18.301787014007292,0.002761904761904762,0.047047619047619046
18.30678701400729,0.002761904761904762,0.047047619047619046
18.31178701400729,0.002761904761904762,0.047047619047619046
18.31678701400729,0.002761904761904762,0.047047619047619046
18.321787014007292,0.002761904761904762,0.046952380952380954
18.32678701400729,0.002761904761904762,0.046857142857142854
18.33178701400729,0.002761904761904762,0.04666666666666667
18.336787014007292,0.002761904761904762,0.04666666666666667
18.34178701400729,0.002761904761904762,0.04657142857142857
18.34678701400729,0.002761904761904762,0.04657142857142857
18.35178701400729,0.002761904761904762,0.046380952380952384
18.35678701400729,0.002761904761904762,0.046380952380952384
18.36178701400729,0.002761904761904762,0.04619047619047619
18.36678701400729,0.002761904761904762,0.04619047619047619
18.37178701400729,0.002761904761904762,0.04619047619047619
18.37678701400729,0.002761904761904762,0.04619047619047619
18.38178701400729,0.0026666666666666666,0.04619047619047619
18.38678701400729,0.0026666666666666666,0.04619047619047619
18.39178701400729,0.0026666666666666666,0.04619047619047619
18.396787014007288,0.0026666666666666666,0.04619047619047619
18.40178701400729,0.0026666666666666666,0.04619047619047619
18.40678701400729,0.0026666666666666666,0.04619047619047619
18.411787014007288,0.0026666666666666666,0.04619047619047619
18.41678701400729,0.0026666666666666666,0.046
18.42178701400729,0.0026666666666666666,0.046
18.42678701400729,0.0025714285714285713,0.04590476190476191
18.431787014007288,0.0025714285714285713,0.04590476190476191
18.436787014007287,0.0025714285714285713,0.04590476190476191
18.44178701400729,0.0025714285714285713,0.04590476190476191
18.44678701400729,0.0025714285714285713,0.04590476190476191
18.451787014007287,0.0025714285714285713,0.04590476190476191
18.45678701400729,0.0025714285714285713,0.04590476190476191
18.46178701400729,0.0025714285714285713,0.04580952380952381
18.466787014007288,0.0025714285714285713,0.04580952380952381
18.471787014007287,0.0025714285714285713,0.04580952380952381
18.476787014007286,0.0025714285714285713,0.04561904761904762
18.48178701400729,0.0025714285714285713,0.04542857142857143
18.486787014007287,0.0025714285714285713,0.04533333333333334
18.491787014007286,0.0025714285714285713,0.04533333333333334
18.49678701400729,0.0025714285714285713,0.04533333333333334
18.501787014007288,0.0025714285714285713,0.04523809523809524
18.506787014007287,0.0025714285714285713,0.04523809523809524
18.511787014007286,0.0025714285714285713,0.04523809523809524
18.516787014007285,0.002476190476190476,0.04523809523809524
18.521787014007288,0.002476190476190476,0.04523809523809524
18.526787014007287,0.002476190476190476,0.045142857142857144
18.531787014007286,0.002476190476190476,0.045142857142857144
18.536787014007288,0.002476190476190476,0.045047619047619045
18.541787014007287,0.002476190476190476,0.045047619047619045
18.546787014007286,0.002476190476190476,0.04495238095238095
18.551787014007285,0.002380952380952381,0.04495238095238095
18.556787014007284,0.002380952380952381,0.04495238095238095
18.561787014007287,0.002380952380952381,0.04495238095238095
18.566787014007286,0.002380952380952381,0.04495238095238095
18.571787014007285,0.002380952380952381,0.04495238095238095
18.576787014007287,0.002380952380952381,0.04495238095238095
18.581787014007286,0.002380952380952381,0.04495238095238095
18.586787014007285,0.002380952380952381,0.04495238095238095
18.591787014007284,0.002380952380952381,0.04476190476190476
18.596787014007283,0.002380952380952381,0.04476190476190476
18.601787014007286,0.002380952380952381,0.04476190476190476
18.606787014007285,0.002380952380952381,0.04466666666666667
18.611787014007284,0.002380952380952381,0.04466666666666667
18.616787014007286,0.002380952380952381,0.044571428571428574
18.621787014007285,0.002380952380952381,0.044571428571428574
18.626787014007284,0.002380952380952381,0.04438095238095238
18.631787014007283,0.002380952380952381,0.04438095238095238
18.636787014007282,0.002380952380952381,0.04419047619047619
18.641787014007285,0.002380952380952381,0.04419047619047619
18.646787014007284,0.002380952380952381,0.04419047619047619
18.651787014007283,0.002380952380952381,0.0440952380952381
18.656787014007286,0.002380952380952381,0.0440952380952381
18.661787014007285,0.002380952380952381,0.0440952380952381
18.666787014007284,0.002380952380952381,0.0440952380952381
18.671787014007283,0.002380952380952381,0.0440952380952381
18.67678701400728,0.002380952380952381,0.0440952380952381
18.681787014007284,0.002285714285714286,0.044
18.686787014007283,0.002285714285714286,0.044
18.691787014007282,0.002285714285714286,0.04380952380952381
18.696787014007285,0.002285714285714286,0.04380952380952381
18.701787014007284,0.002285714285714286,0.04380952380952381
18.706787014007283,0.002285714285714286,0.04380952380952381
18.71178701400728,0.002285714285714286,0.04380952380952381
18.71678701400728,0.002285714285714286,0.04380952380952381
18.721787014007283,0.002285714285714286,0.04371428571428571
18.726787014007282,0.002285714285714286,0.04371428571428571
18.73178701400728,0.002285714285714286,0.04352380952380953
18.736787014007284,0.002285714285714286,0.04352380952380953
18.741787014007283,0.002285714285714286,0.04352380952380953
18.746787014007282,0.002285714285714286,0.04352380952380953
18.75178701400728,0.002285714285714286,0.04342857142857143
18.75678701400728,0.002285714285714286,0.04342857142857143
18.761787014007282,0.002285714285714286,0.04342857142857143
18.76678701400728,0.002285714285714286,0.04342857142857143
18.77178701400728,0.002285714285714286,0.04342857142857143
18.776787014007283,0.002285714285714286,0.04342857142857143
18.781787014007282,0.002285714285714286,0.04342857142857143
18.78678701400728,0.002285714285714286,0.043333333333333335
18.79178701400728,0.002285714285714286,0.043238095238095235
18.79678701400728,0.002285714285714286,0.043238095238095235
18.80178701400728,0.002285714285714286,0.043238095238095235
18.80678701400728,0.0021904761904761906,0.04304761904761905
18.81178701400728,0.0021904761904761906,0.04295238095238095
18.816787014007282,0.0021904761904761906,0.04295238095238095
18.82178701400728,0.0021904761904761906,0.042761904761904765
18.82678701400728,0.0021904761904761906,0.042761904761904765
18.83178701400728,0.0021904761904761906,0.042666666666666665
18.836787014007278,0.0021904761904761906,0.042666666666666665
18.84178701400728,0.0021904761904761906,0.042666666666666665
18.84678701400728,0.0021904761904761906,0.042666666666666665
18.85178701400728,0.0021904761904761906,0.042666666666666665
18.85678701400728,0.0021904761904761906,0.042666666666666665
18.86178701400728,0.0021904761904761906,0.042666666666666665
18.86678701400728,0.0021904761904761906,0.04257142857142857
18.87178701400728,0.0021904761904761906,0.04257142857142857
18.876787014007277,0.0021904761904761906,0.04257142857142857
18.88178701400728,0.0021904761904761906,0.04257142857142857
18.88678701400728,0.0021904761904761906,0.04257142857142857
18.891787014007278,0.0021904761904761906,0.04257142857142857
18.89678701400728,0.0021904761904761906,0.04257142857142857
18.90178701400728,0.0021904761904761906,0.04247619047619047
18.90678701400728,0.0021904761904761906,0.04247619047619047
18.911787014007277,0.0021904761904761906,0.04247619047619047
18.916787014007276,0.0021904761904761906,0.04247619047619047
18.92178701400728,0.0021904761904761906,0.04247619047619047
18.926787014007278,0.0021904761904761906,0.04247619047619047
18.931787014007277,0.0021904761904761906,0.04247619047619047
18.93678701400728,0.0021904761904761906,0.04247619047619047
18.94178701400728,0.0020952380952380953,0.04238095238095238
18.946787014007278,0.0020952380952380953,0.04228571428571429
18.951787014007277,0.002,0.04228571428571429
18.956787014007276,0.002,0.042095238095238095
18.961787014007278,0.002,0.042095238095238095
18.966787014007277,0.002,0.042095238095238095
18.971787014007276,0.002,0.042095238095238095
18.97678701400728,0.0019047619047619048,0.042095238095238095
18.981787014007278,0.0019047619047619048,0.042095238095238095
18.986787014007277,0.0019047619047619048,0.042095238095238095
18.991787014007276,0.0019047619047619048,0.042095238095238095
18.996787014007275,0.0019047619047619048,0.042
19.001787014007277,0.0019047619047619048,0.042
19.006787014007276,0.0019047619047619048,0.042
19.011787014007275,0.0019047619047619048,0.0419047619047619
19.016787014007278,0.0019047619047619048,0.0419047619047619
19.021787014007277,0.0019047619047619048,0.04180952380952381
19.026787014007276,0.0019047619047619048,0.04180952380952381
19.031787014007275,0.0019047619047619048,0.04180952380952381
19.036787014007274,0.0019047619047619048,0.04171428571428572
19.041787014007276,0.0019047619047619048,0.04161904761904762
19.046787014007275,0.0019047619047619048,0.04161904761904762
19.051787014007274,0.0019047619047619048,0.04161904761904762
19.056787014007277,0.0019047619047619048,0.04161904761904762
19.061787014007276,0.0019047619047619048,0.04161904761904762
19.066787014007275,0.0019047619047619048,0.04161904761904762
19.071787014007274,0.0019047619047619048,0.041523809523809525
19.076787014007273,0.0019047619047619048,0.041523809523809525
19.081787014007276,0.0019047619047619048,0.041428571428571426
19.086787014007275,0.0019047619047619048,0.04133333333333333
19.091787014007274,0.0019047619047619048,0.04123809523809524
19.096787014007276,0.0019047619047619048,0.04114285714285714
19.101787014007275,0.0019047619047619048,0.04104761904761905
19.106787014007274,0.0019047619047619048,0.040952380952380955
19.111787014007273,0.0019047619047619048,0.040952380952380955
19.116787014007272,0.0019047619047619048,0.040952380952380955
19.121787014007275,0.0019047619047619048,0.040952380952380955
19.126787014007274,0.0019047619047619048,0.040952380952380955
19.131787014007273,0.0019047619047619048,0.040857142857142856
19.136787014007275,0.0019047619047619048,0.040857142857142856
19.141787014007274,0.0019047619047619048,0.040857142857142856
19.146787014007273,0.0019047619047619048,0.040857142857142856
19.151787014007272,0.0019047619047619048,0.040857142857142856
19.15678701400727,0.0019047619047619048,0.040857142857142856
19.161787014007274,0.0019047619047619048,0.040857142857142856
19.166787014007273,0.0019047619047619048,0.040857142857142856
19.171787014007272,0.0019047619047619048,0.040857142857142856
19.176787014007274,0.0019047619047619048,0.04076190476190476
19.181787014007273,0.0019047619047619048,0.04076190476190476
19.186787014007272,0.0019047619047619048,0.04066666666666666
19.19178701400727,0.0019047619047619048,0.04066666666666666
19.19678701400727,0.0018095238095238095,0.04057142857142857
19.201787014007273,0.0018095238095238095,0.04038095238095238
19.206787014007272,0.0018095238095238095,0.04038095238095238
19.21178701400727,0.0018095238095238095,0.04038095238095238
19.216787014007274,0.0018095238095238095,0.04038095238095238
19.221787014007273,0.0018095238095238095,0.040285714285714286
19.22678701400727,0.0018095238095238095,0.040285714285714286
19.23178701400727,0.0018095238095238095,0.040285714285714286
19.23678701400727,0.0018095238095238095,0.04019047619047619
19.241787014007272,0.0018095238095238095,0.04019047619047619
19.24678701400727,0.0018095238095238095,0.040095238095238094
19.25178701400727,0.0018095238095238095,0.040095238095238094
19.256787014007273,0.0018095238095238095,0.04
19.261787014007272,0.0018095238095238095,0.04
19.26678701400727,0.0018095238095238095,0.04
19.27178701400727,0.0018095238095238095,0.04
19.27678701400727,0.0018095238095238095,0.04
19.28178701400727,0.0018095238095238095,0.03990476190476191
19.28678701400727,0.0018095238095238095,0.03980952380952381
19.29178701400727,0.0018095238095238095,0.03980952380952381
19.296787014007272,0.0018095238095238095,0.03980952380952381
19.30178701400727,0.0018095238095238095,0.03980952380952381
19.30678701400727,0.0018095238095238095,0.039714285714285716
19.31178701400727,0.0018095238095238095,0.039714285714285716
19.316787014007268,0.0018095238095238095,0.039619047619047616
19.32178701400727,0.0018095238095238095,0.039619047619047616
19.32678701400727,0.0018095238095238095,0.039619047619047616
19.33178701400727,0.0018095238095238095,0.039619047619047616
19.33678701400727,0.0018095238095238095,0.039523809523809524
19.34178701400727,0.0018095238095238095,0.03942857142857143
19.34678701400727,0.0018095238095238095,0.03942857142857143
19.351787014007268,0.0018095238095238095,0.03942857142857143
19.356787014007267,0.0018095238095238095,0.03933333333333333
19.36178701400727,0.0018095238095238095,0.03933333333333333
19.36678701400727,0.0018095238095238095,0.03923809523809524
19.371787014007268,0.0018095238095238095,0.03923809523809524
19.37678701400727,0.0018095238095238095,0.039047619047619046
19.38178701400727,0.0018095238095238095,0.039047619047619046
19.38678701400727,0.0018095238095238095,0.038952380952380954
19.391787014007267,0.0018095238095238095,0.038857142857142854
19.396787014007266,0.0018095238095238095,0.03857142857142857
19.40178701400727,0.0018095238095238095,0.038476190476190476
19.406787014007268,0.0018095238095238095,0.038476190476190476
19.411787014007267,0.0018095238095238095,0.038476190476190476
19.41678701400727,0.0018095238095238095,0.038380952380952384
19.42178701400727,0.0018095238095238095,0.038380952380952384
19.426787014007267,0.0018095238095238095,0.038285714285714284
19.431787014007266,0.0018095238095238095,0.0380952380952381
19.436787014007265,0.0018095238095238095,0.038
19.441787014007268,0.0018095238095238095,0.038
19.446787014007267,0.0018095238095238095,0.037904761904761906
19.451787014007266,0.0018095238095238095,0.037904761904761906
19.45678701400727,0.0018095238095238095,0.03780952380952381
19.461787014007268,0.0018095238095238095,0.03780952380952381
19.466787014007267,0.0018095238095238095,0.037714285714285714
19.471787014007266,0.0018095238095238095,0.037714285714285714
19.476787014007265,0.0018095238095238095,0.037714285714285714
19.481787014007267,0.0018095238095238095,0.037714285714285714
19.486787014007266,0.0018095238095238095,0.03761904761904762
19.491787014007265,0.0018095238095238095,0.03761904761904762
19.496787014007268,0.0018095238095238095,0.03752380952380952
19.501787014007267,0.0018095238095238095,0.03742857142857143
19.506787014007266,0.0018095238095238095,0.03723809523809524
19.511787014007265,0.0018095238095238095,0.03723809523809524
19.516787014007264,0.0018095238095238095,0.03723809523809524
19.521787014007266,0.0018095238095238095,0.03723809523809524
19.526787014007265,0.0018095238095238095,0.03723809523809524
19.531787014007264,0.0018095238095238095,0.037142857142857144
19.536787014007267,0.0018095238095238095,0.037142857142857144
19.541787014007266,0.0017142857142857142,0.037142857142857144
19.546787014007265,0.0017142857142857142,0.037142857142857144
19.551787014007264,0.0017142857142857142,0.037047619047619045
19.556787014007263,0.0017142857142857142,0.037047619047619045
19.561787014007265,0.0017142857142857142,0.037047619047619045
19.566787014007264,0.0017142857142857142,0.037047619047619045
19.571787014007263,0.0017142857142857142,0.037047619047619045
19.576787014007266,0.0017142857142857142,0.03685714285714286
19.581787014007265,0.0017142857142857142,0.03676190476190476
19.586787014007264,0.0017142857142857142,0.03676190476190476
19.591787014007263,0.0017142857142857142,0.03666666666666667
19.596787014007262,0.0017142857142857142,0.03666666666666667
19.601787014007265,0.0017142857142857142,0.03666666666666667
19.606787014007264,0.0017142857142857142,0.036476190476190475
19.611787014007263,0.0017142857142857142,0.036476190476190475
19.616787014007265,0.0017142857142857142,0.036476190476190475
19.621787014007264,0.0017142857142857142,0.036476190476190475
19.626787014007263,0.0017142857142857142,0.036476190476190475
19.631787014007262,0.0017142857142857142,0.036476190476190475
19.63678701400726,0.0017142857142857142,0.036476190476190475
19.641787014007264,0.0017142857142857142,0.03628571428571428
19.646787014007263,0.0017142857142857142,0.03619047619047619
19.65178701400726,0.0017142857142857142,0.03619047619047619
19.656787014007264,0.0017142857142857142,0.0360952380952381
19.661787014007263,0.0017142857142857142,0.0360952380952381
19.666787014007262,0.0017142857142857142,0.036
19.67178701400726,0.0017142857142857142,0.035904761904761905
19.67678701400726,0.0017142857142857142,0.035904761904761905
19.681787014007263,0.0017142857142857142,0.035904761904761905
19.686787014007262,0.0017142857142857142,0.035904761904761905
19.69178701400726,0.0017142857142857142,0.035904761904761905
19.696787014007263,0.0017142857142857142,0.03580952380952381
19.701787014007262,0.0017142857142857142,0.03580952380952381
19.70678701400726,0.0017142857142857142,0.03580952380952381
19.71178701400726,0.0017142857142857142,0.03580952380952381
19.71678701400726,0.0017142857142857142,0.03571428571428571
19.721787014007262,0.0017142857142857142,0.03571428571428571
19.72678701400726,0.0017142857142857142,0.03561904761904762
19.73178701400726,0.0017142857142857142,0.03542857142857143
19.736787014007263,0.0017142857142857142,0.03542857142857143
19.74178701400726,0.0017142857142857142,0.03542857142857143
19.74678701400726,0.0017142857142857142,0.035333333333333335
19.75178701400726,0.0017142857142857142,0.035333333333333335
19.75678701400726,0.0017142857142857142,0.035333333333333335
19.76178701400726,0.0017142857142857142,0.035333333333333335
19.76678701400726,0.0017142857142857142,0.035333333333333335
19.77178701400726,0.0017142857142857142,0.035238095238095235
19.77678701400726,0.0017142857142857142,0.03514285714285714
19.78178701400726,0.0017142857142857142,0.03504761904761905
19.78678701400726,0.0017142857142857142,0.03504761904761905
19.79178701400726,0.0017142857142857142,0.03504761904761905
19.796787014007258,0.0017142857142857142,0.03495238095238095
19.80178701400726,0.0017142857142857142,0.03495238095238095
19.80678701400726,0.0017142857142857142,0.03495238095238095
19.81178701400726,0.0017142857142857142,0.03485714285714286
19.81678701400726,0.0017142857142857142,0.03485714285714286
19.82178701400726,0.0017142857142857142,0.034666666666666665
19.82678701400726,0.0017142857142857142,0.034666666666666665
19.831787014007258,0.0017142857142857142,0.034666666666666665
19.836787014007257,0.0017142857142857142,0.034666666666666665
19.84178701400726,0.0017142857142857142,0.034666666666666665
19.84678701400726,0.0017142857142857142,0.034666666666666665
19.851787014007257,0.0017142857142857142,0.034666666666666665
19.85678701400726,0.0017142857142857142,0.03457142857142857
19.86178701400726,0.0017142857142857142,0.03457142857142857
19.866787014007258,0.0017142857142857142,0.03447619047619047
19.871787014007257,0.0017142857142857142,0.03447619047619047
19.876787014007256,0.0017142857142857142,0.03447619047619047
19.88178701400726,0.0017142857142857142,0.03447619047619047
19.886787014007258,0.0017142857142857142,0.03447619047619047
19.891787014007257,0.0017142857142857142,0.03447619047619047
19.89678701400726,0.0017142857142857142,0.03447619047619047
19.901787014007258,0.0017142857142857142,0.03438095238095238
19.906787014007257,0.0017142857142857142,0.03438095238095238
19.911787014007256,0.0017142857142857142,0.03438095238095238
19.916787014007255,0.0017142857142857142,0.03438095238095238
19.921787014007258,0.0017142857142857142,0.03438095238095238
19.926787014007257,0.0017142857142857142,0.03438095238095238
19.931787014007256,0.0017142857142857142,0.03438095238095238
19.93678701400726,0.0017142857142857142,0.03438095238095238
19.941787014007257,0.0017142857142857142,0.03438095238095238
19.946787014007256,0.0017142857142857142,0.03438095238095238
19.951787014007255,0.0017142857142857142,0.03438095238095238
19.956787014007254,0.0017142857142857142,0.03438095238095238
19.961787014007257,0.0017142857142857142,0.03438095238095238
19.966787014007256,0.0017142857142857142,0.03428571428571429
19.971787014007255,0.0017142857142857142,0.03428571428571429
19.976787014007257,0.0017142857142857142,0.03428571428571429
19.981787014007256,0.0017142857142857142,0.03428571428571429
19.986787014007255,0.0017142857142857142,0.03428571428571429
19.991787014007254,0.0017142857142857142,0.03428571428571429
19.996787014007253,0.0017142857142857142,0.03428571428571429
20.001787014007256,0.0017142857142857142,0.03428571428571429
20.006787014007255,0.0017142857142857142,0.03419047619047619
20.011787014007254,0.0017142857142857142,0.034095238095238095
20.016787014007257,0.0017142857142857142,0.034095238095238095
20.021787014007256,0.0017142857142857142,0.034095238095238095
20.026787014007255,0.0017142857142857142,0.034095238095238095
20.031787014007254,0.0017142857142857142,0.034095238095238095
20.036787014007253,0.0017142857142857142,0.034095238095238095
20.041787014007255,0.0017142857142857142,0.034
20.046787014007254,0.0017142857142857142,0.034
20.051787014007253,0.0017142857142857142,0.0339047619047619
20.056787014007256,0.0017142857142857142,0.0339047619047619
20.061787014007255,0.0017142857142857142,0.0339047619047619
20.066787014007254,0.0017142857142857142,0.0339047619047619
20.071787014007253,0.0017142857142857142,0.03380952380952381
20.07678701400725,0.0017142857142857142,0.03380952380952381
20.081787014007254,0.0016190476190476191,0.03380952380952381
20.086787014007253,0.0016190476190476191,0.03371428571428572
20.091787014007252,0.0016190476190476191,0.03361904761904762
20.096787014007255,0.0016190476190476191,0.03361904761904762
20.101787014007254,0.0016190476190476191,0.03361904761904762
20.106787014007253,0.0016190476190476191,0.03361904761904762
20.111787014007252,0.0016190476190476191,0.033523809523809525
20.11678701400725,0.0016190476190476191,0.033523809523809525
20.121787014007253,0.0016190476190476191,0.033523809523809525
20.126787014007252,0.0016190476190476191,0.03333333333333333
20.13178701400725,0.0016190476190476191,0.03333333333333333
20.136787014007254,0.0016190476190476191,0.03333333333333333
20.141787014007253,0.0016190476190476191,0.03333333333333333
20.146787014007252,0.0016190476190476191,0.03333333333333333
20.15178701400725,0.0016190476190476191,0.03333333333333333
20.15678701400725,0.0016190476190476191,0.03333333333333333
20.161787014007253,0.0016190476190476191,0.03333333333333333
20.16678701400725,0.0016190476190476191,0.03333333333333333
20.17178701400725,0.0016190476190476191,0.03333333333333333
20.176787014007253,0.0016190476190476191,0.03314285714285714
20.181787014007252,0.0016190476190476191,0.03304761904761905
20.18678701400725,0.0016190476190476191,0.03304761904761905
20.19178701400725,0.0016190476190476191,0.03304761904761905
20.19678701400725,0.0015238095238095239,0.03304761904761905
20.20178701400725,0.0015238095238095239,0.03304761904761905
20.20678701400725,0.0015238095238095239,0.03304761904761905
20.21178701400725,0.0015238095238095239,0.03304761904761905
20.216787014007252,0.0015238095238095239,0.032952380952380955
20.22178701400725,0.0015238095238095239,0.03276190476190476
20.22678701400725,0.0015238095238095239,0.03276190476190476
20.23178701400725,0.0015238095238095239,0.03276190476190476
20.23678701400725,0.0015238095238095239,0.03276190476190476
20.24178701400725,0.0015238095238095239,0.03276190476190476
20.24678701400725,0.0015238095238095239,0.03266666666666666
20.25178701400725,0.0015238095238095239,0.03266666666666666
20.25678701400725,0.0015238095238095239,0.03266666666666666
20.26178701400725,0.0015238095238095239,0.03266666666666666
20.26678701400725,0.0015238095238095239,0.03266666666666666
20.27178701400725,0.0015238095238095239,0.03266666666666666
20.276787014007247,0.0015238095238095239,0.03266666666666666
20.28178701400725,0.0015238095238095239,0.03266666666666666
20.28678701400725,0.0015238095238095239,0.03266666666666666
20.291787014007248,0.0015238095238095239,0.03257142857142857
20.29678701400725,0.0015238095238095239,0.03257142857142857
20.30178701400725,0.0015238095238095239,0.03257142857142857
20.30678701400725,0.0015238095238095239,0.03257142857142857
20.311787014007248,0.0015238095238095239,0.03257142857142857
20.316787014007247,0.0015238095238095239,0.03257142857142857
20.32178701400725,0.0015238095238095239,0.03257142857142857
20.326787014007248,0.0015238095238095239,0.03257142857142857
20.331787014007247,0.0015238095238095239,0.03247619047619048
20.33678701400725,0.0015238095238095239,0.03247619047619048
20.34178701400725,0.0015238095238095239,0.03247619047619048
20.346787014007248,0.0015238095238095239,0.03238095238095238
20.351787014007247,0.0015238095238095239,0.03238095238095238
20.356787014007246,0.0015238095238095239,0.03238095238095238
20.36178701400725,0.0015238095238095239,0.03238095238095238
20.366787014007247,0.0015238095238095239,0.032285714285714286
20.371787014007246,0.0015238095238095239,0.032285714285714286
20.37678701400725,0.0015238095238095239,0.032285714285714286
20.381787014007248,0.0015238095238095239,0.032285714285714286
20.386787014007247,0.0015238095238095239,0.03219047619047619
20.391787014007246,0.0015238095238095239,0.03219047619047619
20.396787014007245,0.0015238095238095239,0.03219047619047619
20.401787014007247,0.0015238095238095239,0.03219047619047619
20.406787014007246,0.0015238095238095239,0.03219047619047619
20.411787014007245,0.0015238095238095239,0.03209523809523809
20.416787014007248,0.0015238095238095239,0.03209523809523809
20.421787014007247,0.0015238095238095239,0.03209523809523809
20.426787014007246,0.0015238095238095239,0.03209523809523809
20.431787014007245,0.0015238095238095239,0.03209523809523809
20.436787014007244,0.0015238095238095239,0.03209523809523809
20.441787014007247,0.0015238095238095239,0.03209523809523809
20.446787014007246,0.0015238095238095239,0.03209523809523809
20.451787014007245,0.0015238095238095239,0.032
20.456787014007247,0.0015238095238095239,0.032
20.461787014007246,0.0015238095238095239,0.032
20.466787014007245,0.0015238095238095239,0.03190476190476191
20.471787014007244,0.0015238095238095239,0.03180952380952381
20.476787014007243,0.0015238095238095239,0.03180952380952381
20.481787014007246,0.0015238095238095239,0.03180952380952381
20.486787014007245,0.0014285714285714286,0.03180952380952381
20.491787014007244,0.0014285714285714286,0.03180952380952381
20.496787014007246,0.0014285714285714286,0.031714285714285716
20.501787014007245,0.0014285714285714286,0.031714285714285716
20.506787014007244,0.0014285714285714286,0.031714285714285716
20.511787014007243,0.0014285714285714286,0.031714285714285716
20.516787014007242,0.0014285714285714286,0.031714285714285716
20.521787014007245,0.0014285714285714286,0.031714285714285716
20.526787014007244,0.0014285714285714286,0.031714285714285716
20.531787014007243,0.0014285714285714286,0.031619047619047616
20.536787014007245,0.0014285714285714286,0.031619047619047616
20.541787014007244,0.0014285714285714286,0.031619047619047616
20.546787014007243,0.0014285714285714286,0.031619047619047616
20.551787014007243,0.0014285714285714286,0.03152380952380952
20.55678701400724,0.0014285714285714286,0.03152380952380952
20.561787014007244,0.0014285714285714286,0.03152380952380952
20.566787014007243,0.0014285714285714286,0.03152380952380952
20.571787014007242,0.0014285714285714286,0.03152380952380952
20.576787014007245,0.0014285714285714286,0.03152380952380952
20.581787014007244,0.0014285714285714286,0.03152380952380952
20.586787014007243,0.0014285714285714286,0.03152380952380952
20.59178701400724,0.0014285714285714286,0.03152380952380952
20.59678701400724,0.0014285714285714286,0.03152380952380952
20.601787014007243,0.0014285714285714286,0.03152380952380952
20.606787014007242,0.0014285714285714286,0.03152380952380952
20.61178701400724,0.0014285714285714286,0.03152380952380952
20.616787014007244,0.0014285714285714286,0.03152380952380952
20.621787014007243,0.0014285714285714286,0.03152380952380952
20.626787014007242,0.0014285714285714286,0.03152380952380952
20.63178701400724,0.0014285714285714286,0.03152380952380952
20.63678701400724,0.0014285714285714286,0.03152380952380952
20.641787014007242,0.0014285714285714286,0.03152380952380952
20.64678701400724,0.0014285714285714286,0.03152380952380952
20.65178701400724,0.0014285714285714286,0.03152380952380952
20.656787014007243,0.0014285714285714286,0.03152380952380952
20.661787014007242,0.0014285714285714286,0.03152380952380952
20.66678701400724,0.0014285714285714286,0.03142857142857143
20.67178701400724,0.0014285714285714286,0.03142857142857143
20.67678701400724,0.0014285714285714286,0.03142857142857143
20.68178701400724,0.0014285714285714286,0.03133333333333333
20.68678701400724,0.0014285714285714286,0.03133333333333333
20.69178701400724,0.0014285714285714286,0.03123809523809524
20.696787014007242,0.0014285714285714286,0.031047619047619046
20.70178701400724,0.0014285714285714286,0.031047619047619046
20.70678701400724,0.0014285714285714286,0.030952380952380953
20.71178701400724,0.0014285714285714286,0.030952380952380953
20.716787014007238,0.0014285714285714286,0.030952380952380953
20.72178701400724,0.0014285714285714286,0.030952380952380953
20.72678701400724,0.0014285714285714286,0.030952380952380953
20.73178701400724,0.0014285714285714286,0.030952380952380953
20.73678701400724,0.0014285714285714286,0.030952380952380953
20.74178701400724,0.0014285714285714286,0.030952380952380953
20.74678701400724,0.0014285714285714286,0.030952380952380953
20.75178701400724,0.0014285714285714286,0.030952380952380953
20.756787014007237,0.0013333333333333333,0.030857142857142857
20.76178701400724,0.0013333333333333333,0.030857142857142857
20.76678701400724,0.0013333333333333333,0.030857142857142857
20.771787014007238,0.0013333333333333333,0.03076190476190476
20.77678701400724,0.0013333333333333333,0.03076190476190476
20.78178701400724,0.0013333333333333333,0.03076190476190476
20.78678701400724,0.0013333333333333333,0.03076190476190476
20.791787014007237,0.0013333333333333333,0.03076190476190476
20.796787014007236,0.0013333333333333333,0.030666666666666665
20.80178701400724,0.001238095238095238,0.030666666666666665
20.806787014007238,0.001238095238095238,0.030666666666666665
20.811787014007237,0.001238095238095238,0.030571428571428572
20.81678701400724,0.001238095238095238,0.030571428571428572
20.82178701400724,0.001238095238095238,0.030571428571428572
20.826787014007238,0.001238095238095238,0.030476190476190476
20.831787014007237,0.001238095238095238,0.03038095238095238
20.836787014007236,0.001238095238095238,0.030285714285714287
20.841787014007238,0.001238095238095238,0.030285714285714287
20.846787014007237,0.001238095238095238,0.030285714285714287
20.851787014007236,0.001238095238095238,0.030285714285714287
20.85678701400724,0.001238095238095238,0.030285714285714287
20.861787014007238,0.001238095238095238,0.030285714285714287
20.866787014007237,0.001238095238095238,0.030285714285714287
20.871787014007236,0.001238095238095238,0.030285714285714287
20.876787014007235,0.001238095238095238,0.030285714285714287
20.881787014007237,0.001238095238095238,0.03019047619047619
20.886787014007236,0.001238095238095238,0.03019047619047619
20.891787014007235,0.001238095238095238,0.03019047619047619
20.896787014007238,0.001238095238095238,0.03019047619047619
20.901787014007237,0.001238095238095238,0.03019047619047619
20.906787014007236,0.001238095238095238,0.030095238095238095
20.911787014007235,0.001238095238095238,0.030095238095238095
20.916787014007234,0.001238095238095238,0.030095238095238095
20.921787014007236,0.001238095238095238,0.03
20.926787014007235,0.001238095238095238,0.03
20.931787014007234,0.001238095238095238,0.03
20.936787014007237,0.001238095238095238,0.03
20.941787014007236,0.001238095238095238,0.03
20.946787014007235,0.001238095238095238,0.03
20.951787014007234,0.001238095238095238,0.03
20.956787014007233,0.001238095238095238,0.03
20.961787014007236,0.001238095238095238,0.03
20.966787014007235,0.001238095238095238,0.029904761904761906
20.971787014007234,0.001238095238095238,0.029904761904761906
20.976787014007236,0.001238095238095238,0.02980952380952381
20.981787014007235,0.001238095238095238,0.02980952380952381
20.986787014007234,0.001238095238095238,0.02980952380952381
20.991787014007233,0.001238095238095238,0.029714285714285714
20.996787014007232,0.001238095238095238,0.029619047619047618
21.001787014007235,0.001238095238095238,0.029619047619047618
21.006787014007234,0.001238095238095238,0.029619047619047618
21.011787014007233,0.001238095238095238,0.029619047619047618
21.016787014007235,0.001142857142857143,0.029619047619047618
21.021787014007234,0.001142857142857143,0.029619047619047618
21.026787014007233,0.001142857142857143,0.029619047619047618
21.031787014007232,0.001142857142857143,0.029523809523809525
21.03678701400723,0.001142857142857143,0.029523809523809525
21.041787014007234,0.001142857142857143,0.02942857142857143
21.046787014007233,0.001142857142857143,0.02942857142857143
21.051787014007232,0.001142857142857143,0.02942857142857143
21.056787014007234,0.001142857142857143,0.029333333333333333
21.061787014007233,0.001142857142857143,0.029333333333333333
21.066787014007232,0.001142857142857143,0.029333333333333333
21.07178701400723,0.001142857142857143,0.029333333333333333
21.07678701400723,0.001142857142857143,0.029333333333333333
21.081787014007233,0.001142857142857143,0.029333333333333333
21.086787014007232,0.001142857142857143,0.029333333333333333
21.09178701400723,0.001142857142857143,0.029333333333333333
21.096787014007234,0.001142857142857143,0.029333333333333333
21.101787014007233,0.001142857142857143,0.029333333333333333
21.10678701400723,0.001142857142857143,0.029238095238095237
21.11178701400723,0.001142857142857143,0.029238095238095237
21.11678701400723,0.001142857142857143,0.029238095238095237
21.121787014007232,0.001142857142857143,0.029238095238095237
21.12678701400723,0.001142857142857143,0.029142857142857144
21.13178701400723,0.001142857142857143,0.029047619047619048
21.136787014007233,0.001142857142857143,0.029047619047619048
21.14178701400723,0.001142857142857143,0.02895238095238095
21.14678701400723,0.001142857142857143,0.02895238095238095
21.15178701400723,0.001142857142857143,0.02895238095238095
21.15678701400723,0.001142857142857143,0.02895238095238095
21.16178701400723,0.001142857142857143,0.02895238095238095
21.16678701400723,0.001142857142857143,0.02895238095238095
21.17178701400723,0.001142857142857143,0.02895238095238095
21.176787014007232,0.001142857142857143,0.02895238095238095
21.18178701400723,0.001142857142857143,0.02895238095238095
21.18678701400723,0.001142857142857143,0.028857142857142856
21.19178701400723,0.001142857142857143,0.028857142857142856
21.196787014007228,0.001142857142857143,0.028761904761904763
21.20178701400723,0.0010476190476190477,0.028761904761904763
21.20678701400723,0.0010476190476190477,0.028761904761904763
21.21178701400723,0.0010476190476190477,0.028761904761904763
21.21678701400723,0.0010476190476190477,0.028666666666666667
21.22178701400723,0.0010476190476190477,0.028476190476190478
21.22678701400723,0.0010476190476190477,0.028476190476190478
21.231787014007228,0.0010476190476190477,0.028476190476190478
21.236787014007227,0.0010476190476190477,0.028476190476190478
21.24178701400723,0.0010476190476190477,0.028476190476190478
21.24678701400723,0.0010476190476190477,0.028476190476190478
21.251787014007228,0.0010476190476190477,0.028476190476190478
21.25678701400723,0.0010476190476190477,0.02838095238095238
21.26178701400723,0.0010476190476190477,0.02838095238095238
21.266787014007228,0.0010476190476190477,0.028285714285714286
21.271787014007227,0.0010476190476190477,0.028285714285714286
21.276787014007226,0.0010476190476190477,0.028285714285714286
21.28178701400723,0.0010476190476190477,0.02819047619047619
21.286787014007228,0.0010476190476190477,0.02819047619047619
21.291787014007227,0.0010476190476190477,0.02819047619047619
21.29678701400723,0.0010476190476190477,0.028095238095238097
21.30178701400723,0.0010476190476190477,0.027904761904761904
21.306787014007227,0.0010476190476190477,0.027904761904761904
21.311787014007226,0.0010476190476190477,0.027904761904761904
21.316787014007225,0.0010476190476190477,0.027904761904761904
21.321787014007228,0.0010476190476190477,0.027904761904761904
21.326787014007227,0.0010476190476190477,0.02780952380952381
21.331787014007226,0.0010476190476190477,0.027714285714285716
21.33678701400723,0.0010476190476190477,0.027714285714285716
21.341787014007227,0.0010476190476190477,0.027714285714285716
21.346787014007226,0.0010476190476190477,0.027714285714285716
21.351787014007225,0.0010476190476190477,0.027714285714285716
21.356787014007224,0.0010476190476190477,0.027714285714285716
21.361787014007227,0.0010476190476190477,0.02761904761904762
21.366787014007226,0.0010476190476190477,0.02761904761904762
21.371787014007225,0.0010476190476190477,0.02761904761904762
21.376787014007228,0.0010476190476190477,0.02761904761904762
21.381787014007227,0.0010476190476190477,0.02761904761904762
21.386787014007226,0.0010476190476190477,0.027428571428571427
21.391787014007225,0.0010476190476190477,0.027428571428571427
21.396787014007224,0.0010476190476190477,0.027428571428571427
21.401787014007226,0.0009523809523809524,0.027333333333333334
21.406787014007225,0.0009523809523809524,0.027333333333333334
21.411787014007224,0.0009523809523809524,0.027333333333333334
21.416787014007227,0.0008571428571428571,0.027333333333333334
21.421787014007226,0.0008571428571428571,0.02723809523809524
21.426787014007225,0.0008571428571428571,0.02723809523809524
21.431787014007224,0.0008571428571428571,0.02723809523809524
21.436787014007223,0.0008571428571428571,0.02723809523809524
21.441787014007225,0.0008571428571428571,0.02723809523809524
21.446787014007224,0.0008571428571428571,0.02723809523809524
21.451787014007223,0.0008571428571428571,0.027142857142857142
21.456787014007226,0.0008571428571428571,0.027047619047619046
21.461787014007225,0.0008571428571428571,0.027047619047619046
21.466787014007224,0.0008571428571428571,0.027047619047619046
21.471787014007223,0.0008571428571428571,0.027047619047619046
21.476787014007222,0.0008571428571428571,0.027047619047619046
21.481787014007224,0.0008571428571428571,0.026952380952380953
21.486787014007223,0.0008571428571428571,0.026952380952380953
21.491787014007222,0.0008571428571428571,0.026952380952380953
21.496787014007225,0.0008571428571428571,0.026952380952380953
21.501787014007224,0.0008571428571428571,0.026952380952380953
21.506787014007223,0.0008571428571428571,0.026952380952380953
21.511787014007222,0.0008571428571428571,0.026952380952380953
21.51678701400722,0.0008571428571428571,0.026952380952380953
21.521787014007224,0.0008571428571428571,0.026952380952380953
21.526787014007223,0.0008571428571428571,0.026857142857142857
21.53178701400722,0.0008571428571428571,0.026857142857142857
21.536787014007224,0.0008571428571428571,0.026857142857142857
21.541787014007223,0.0008571428571428571,0.026857142857142857
21.546787014007222,0.0008571428571428571,0.02676190476190476
21.55178701400722,0.0008571428571428571,0.02666666666666667
21.55678701400722,0.0008571428571428571,0.026571428571428572
21.561787014007223,0.0008571428571428571,0.026571428571428572
21.56678701400722,0.0008571428571428571,0.026571428571428572
21.57178701400722,0.0008571428571428571,0.026476190476190476
21.576787014007223,0.0008571428571428571,0.026476190476190476
21.581787014007222,0.0008571428571428571,0.026476190476190476
21.58678701400722,0.0008571428571428571,0.02638095238095238
21.59178701400722,0.0008571428571428571,0.02638095238095238
21.59678701400722,0.0008571428571428571,0.02638095238095238
21.601787014007222,0.0008571428571428571,0.02638095238095238
21.60678701400722,0.0008571428571428571,0.02638095238095238
21.61178701400722,0.0008571428571428571,0.02638095238095238
21.616787014007222,0.0008571428571428571,0.02638095238095238
21.62178701400722,0.0008571428571428571,0.02638095238095238
21.62678701400722,0.0008571428571428571,0.026285714285714287
21.63178701400722,0.0008571428571428571,0.026095238095238095
21.63678701400722,0.0008571428571428571,0.026095238095238095
21.64178701400722,0.0008571428571428571,0.026095238095238095
21.64678701400722,0.0008571428571428571,0.026095238095238095
21.65178701400722,0.0008571428571428571,0.026095238095238095
21.65678701400722,0.0008571428571428571,0.026
21.66178701400722,0.0008571428571428571,0.026
21.66678701400722,0.0008571428571428571,0.025904761904761906
21.67178701400722,0.0008571428571428571,0.025904761904761906
21.676787014007218,0.0008571428571428571,0.02580952380952381
21.68178701400722,0.0008571428571428571,0.025714285714285714
21.68678701400722,0.0008571428571428571,0.025714285714285714
21.691787014007218,0.0008571428571428571,0.025714285714285714
21.69678701400722,0.0008571428571428571,0.025714285714285714
21.70178701400722,0.0008571428571428571,0.025714285714285714
21.70678701400722,0.0008571428571428571,0.025714285714285714
21.711787014007218,0.0008571428571428571,0.025714285714285714
21.716787014007217,0.0008571428571428571,0.025714285714285714
21.72178701400722,0.0008571428571428571,0.025714285714285714
21.72678701400722,0.0008571428571428571,0.025714285714285714
21.731787014007217,0.0008571428571428571,0.025714285714285714
21.73678701400722,0.0008571428571428571,0.025714285714285714
21.74178701400722,0.0008571428571428571,0.025714285714285714
21.746787014007218,0.0008571428571428571,0.025714285714285714
21.751787014007217,0.0008571428571428571,0.025714285714285714
21.756787014007216,0.0008571428571428571,0.025714285714285714
21.76178701400722,0.0008571428571428571,0.025523809523809525
21.766787014007217,0.0008571428571428571,0.025523809523809525
21.771787014007216,0.0008571428571428571,0.02542857142857143
21.77678701400722,0.0008571428571428571,0.02542857142857143
21.781787014007218,0.0008571428571428571,0.02542857142857143
21.786787014007217,0.0008571428571428571,0.02542857142857143
21.791787014007216,0.0008571428571428571,0.02542857142857143
21.796787014007215,0.0008571428571428571,0.02542857142857143
21.801787014007218,0.0008571428571428571,0.02542857142857143
21.806787014007217,0.0008571428571428571,0.02542857142857143
21.811787014007216,0.0008571428571428571,0.02542857142857143
21.816787014007218,0.0008571428571428571,0.02542857142857143
21.821787014007217,0.0008571428571428571,0.025333333333333333
21.826787014007216,0.0008571428571428571,0.025333333333333333
21.831787014007215,0.0008571428571428571,0.025333333333333333
21.836787014007214,0.0008571428571428571,0.025238095238095237
21.841787014007217,0.0008571428571428571,0.025142857142857144
21.846787014007216,0.0008571428571428571,0.025142857142857144
21.851787014007215,0.0008571428571428571,0.025142857142857144
21.856787014007217,0.0008571428571428571,0.025142857142857144
21.861787014007216,0.0008571428571428571,0.025142857142857144
21.866787014007215,0.0008571428571428571,0.025142857142857144
21.871787014007214,0.0008571428571428571,0.025142857142857144
21.876787014007213,0.0008571428571428571,0.025142857142857144
21.881787014007216,0.0008571428571428571,0.025047619047619048
21.886787014007215,0.0008571428571428571,0.025047619047619048
21.891787014007214,0.0008571428571428571,0.025047619047619048
21.896787014007216,0.0008571428571428571,0.02495238095238095
21.901787014007216,0.0008571428571428571,0.02495238095238095
21.906787014007215,0.0008571428571428571,0.02495238095238095
21.911787014007214,0.0008571428571428571,0.02495238095238095
21.916787014007213,0.0008571428571428571,0.02495238095238095
21.921787014007215,0.0008571428571428571,0.02495238095238095
21.926787014007214,0.0008571428571428571,0.02495238095238095
21.931787014007213,0.0008571428571428571,0.024857142857142855
21.936787014007216,0.0008571428571428571,0.024857142857142855
21.941787014007215,0.0008571428571428571,0.024857142857142855
21.946787014007214,0.0008571428571428571,0.024857142857142855
21.951787014007213,0.0008571428571428571,0.024857142857142855
21.95678701400721,0.0008571428571428571,0.02457142857142857
21.961787014007214,0.0008571428571428571,0.02457142857142857
21.966787014007213,0.0008571428571428571,0.024476190476190478
21.971787014007212,0.0008571428571428571,0.024476190476190478
21.976787014007215,0.0008571428571428571,0.024476190476190478
21.981787014007214,0.0008571428571428571,0.02438095238095238
21.986787014007213,0.0008571428571428571,0.02438095238095238
21.991787014007212,0.0008571428571428571,0.024285714285714285
21.99678701400721,0.0008571428571428571,0.024095238095238097
22.001787014007213,0.0008571428571428571,0.024095238095238097
22.006787014007212,0.0008571428571428571,0.024095238095238097
22.01178701400721,0.0008571428571428571,0.024095238095238097
22.016787014007214,0.0008571428571428571,0.024095238095238097
22.021787014007213,0.0008571428571428571,0.024095238095238097
22.026787014007212,0.0008571428571428571,0.024095238095238097
22.03178701400721,0.0008571428571428571,0.024
22.03678701400721,0.0008571428571428571,0.024
22.041787014007213,0.0008571428571428571,0.024
22.04678701400721,0.0008571428571428571,0.024
22.05178701400721,0.0008571428571428571,0.024
22.056787014007213,0.0008571428571428571,0.024
22.061787014007212,0.0008571428571428571,0.024
22.06678701400721,0.0008571428571428571,0.024
22.07178701400721,0.0008571428571428571,0.023904761904761904
22.07678701400721,0.0008571428571428571,0.023904761904761904
22.08178701400721,0.0008571428571428571,0.023904761904761904
22.08678701400721,0.0007619047619047619,0.023809523809523808
22.09178701400721,0.0007619047619047619,0.023809523809523808
22.096787014007212,0.0007619047619047619,0.023809523809523808
22.10178701400721,0.0007619047619047619,0.023809523809523808
22.10678701400721,0.0007619047619047619,0.023809523809523808
22.11178701400721,0.0007619047619047619,0.023809523809523808
22.11678701400721,0.0007619047619047619,0.023809523809523808
22.12178701400721,0.0007619047619047619,0.023809523809523808
22.12678701400721,0.0007619047619047619,0.023809523809523808
22.13178701400721,0.0007619047619047619,0.023809523809523808
22.13678701400721,0.0007619047619047619,0.023809523809523808
22.14178701400721,0.0007619047619047619,0.023809523809523808
22.14678701400721,0.0007619047619047619,0.023809523809523808
22.15178701400721,0.0007619047619047619,0.023809523809523808
22.156787014007207,0.0007619047619047619,0.023809523809523808
22.16178701400721,0.0007619047619047619,0.023809523809523808
22.16678701400721,0.0007619047619047619,0.023809523809523808
22.171787014007208,0.0007619047619047619,0.023809523809523808
22.17678701400721,0.0007619047619047619,0.023809523809523808
22.18178701400721,0.0007619047619047619,0.023809523809523808
22.18678701400721,0.0007619047619047619,0.023809523809523808
22.191787014007208,0.0007619047619047619,0.023809523809523808
22.196787014007207,0.0007619047619047619,0.023809523809523808
22.20178701400721,0.0007619047619047619,0.023809523809523808
22.206787014007208,0.0007619047619047619,0.023809523809523808
22.211787014007207,0.0007619047619047619,0.023714285714285716
22.21678701400721,0.0006666666666666666,0.02361904761904762
22.22178701400721,0.0006666666666666666,0.02361904761904762
22.226787014007208,0.0006666666666666666,0.02361904761904762
22.231787014007207,0.0006666666666666666,0.02361904761904762
22.236787014007206,0.0006666666666666666,0.02361904761904762
22.24178701400721,0.0006666666666666666,0.02361904761904762
22.246787014007207,0.0006666666666666666,0.02361904761904762
22.251787014007206,0.0005714285714285715,0.023428571428571427
22.25678701400721,0.0005714285714285715,0.023428571428571427
22.261787014007208,0.0005714285714285715,0.023333333333333334
22.266787014007207,0.0005714285714285715,0.023333333333333334
22.271787014007206,0.0005714285714285715,0.023333333333333334
22.276787014007205,0.0005714285714285715,0.023333333333333334
22.281787014007207,0.0005714285714285715,0.023333333333333334
22.286787014007206,0.0005714285714285715,0.023238095238095238
22.291787014007205,0.0005714285714285715,0.023238095238095238
22.296787014007208,0.0005714285714285715,0.023238095238095238
22.301787014007207,0.0005714285714285715,0.023238095238095238
22.306787014007206,0.0005714285714285715,0.023238095238095238
22.311787014007205,0.0005714285714285715,0.023238095238095238
22.316787014007204,0.0005714285714285715,0.023238095238095238
22.321787014007207,0.0005714285714285715,0.023238095238095238
22.326787014007206,0.0005714285714285715,0.023238095238095238
22.331787014007205,0.0005714285714285715,0.023238095238095238
22.336787014007207,0.0005714285714285715,0.023238095238095238
22.341787014007206,0.0005714285714285715,0.023238095238095238
22.346787014007205,0.0005714285714285715,0.023142857142857142
22.351787014007204,0.0005714285714285715,0.023142857142857142
22.356787014007203,0.0005714285714285715,0.023142857142857142
22.361787014007206,0.0005714285714285715,0.023142857142857142
22.366787014007205,0.0005714285714285715,0.023142857142857142
22.371787014007204,0.0005714285714285715,0.023142857142857142
22.376787014007206,0.0005714285714285715,0.023142857142857142
22.381787014007205,0.0005714285714285715,0.023142857142857142
22.386787014007204,0.0005714285714285715,0.023142857142857142
22.391787014007203,0.0005714285714285715,0.023142857142857142
22.396787014007202,0.0005714285714285715,0.023142857142857142
22.401787014007205,0.0005714285714285715,0.023142857142857142
22.406787014007204,0.0005714285714285715,0.023142857142857142
22.411787014007203,0.0005714285714285715,0.023047619047619046
22.416787014007205,0.0005714285714285715,0.023047619047619046
22.421787014007204,0.0005714285714285715,0.022952380952380953
22.426787014007203,0.0005714285714285715,0.022857142857142857
22.431787014007202,0.0004761904761904762,0.022857142857142857
22.4367870140072,0.0004761904761904762,0.022857142857142857
22.441787014007204,0.0004761904761904762,0.02276190476190476
22.446787014007203,0.0004761904761904762,0.02276190476190476
22.451787014007202,0.0004761904761904762,0.02276190476190476
22.456787014007205,0.0004761904761904762,0.02276190476190476
22.461787014007204,0.0004761904761904762,0.02266666666666667
22.466787014007203,0.0004761904761904762,0.022476190476190476
22.4717870140072,0.0004761904761904762,0.02238095238095238
22.4767870140072,0.0004761904761904762,0.02238095238095238
22.481787014007203,0.0004761904761904762,0.02219047619047619
22.486787014007202,0.0004761904761904762,0.02219047619047619
22.4917870140072,0.0004761904761904762,0.02219047619047619
22.496787014007204,0.0004761904761904762,0.02219047619047619
22.501787014007203,0.0004761904761904762,0.02219047619047619
22.5067870140072,0.0004761904761904762,0.02219047619047619
22.5117870140072,0.0004761904761904762,0.02219047619047619
22.5167870140072,0.0004761904761904762,0.02219047619047619
22.521787014007202,0.0004761904761904762,0.02219047619047619
22.5267870140072,0.0004761904761904762,0.02219047619047619
22.5317870140072,0.0004761904761904762,0.02219047619047619
22.536787014007203,0.0004761904761904762,0.02219047619047619
22.541787014007202,0.0004761904761904762,0.02219047619047619
22.5467870140072,0.0004761904761904762,0.02219047619047619
22.5517870140072,0.0004761904761904762,0.02219047619047619
22.5567870140072,0.0004761904761904762,0.022095238095238095
22.5617870140072,0.0004761904761904762,0.021904761904761906
22.5667870140072,0.0004761904761904762,0.021904761904761906
22.5717870140072,0.0004761904761904762,0.02180952380952381
22.576787014007202,0.0004761904761904762,0.02180952380952381
22.5817870140072,0.0004761904761904762,0.02180952380952381
22.5867870140072,0.0004761904761904762,0.02180952380952381
22.5917870140072,0.0004761904761904762,0.021714285714285714
22.596787014007198,0.0004761904761904762,0.021714285714285714
22.6017870140072,0.0004761904761904762,0.021714285714285714
22.6067870140072,0.0004761904761904762,0.021619047619047618
22.6117870140072,0.0004761904761904762,0.021619047619047618
22.6167870140072,0.0004761904761904762,0.021523809523809525
22.6217870140072,0.0004761904761904762,0.021523809523809525
22.6267870140072,0.0004761904761904762,0.021523809523809525
22.631787014007198,0.0004761904761904762,0.021523809523809525
22.636787014007197,0.0004761904761904762,0.021523809523809525
22.6417870140072,0.0004761904761904762,0.021523809523809525
22.6467870140072,0.0004761904761904762,0.021523809523809525
22.651787014007198,0.0004761904761904762,0.021523809523809525
22.6567870140072,0.0004761904761904762,0.021523809523809525
22.6617870140072,0.0004761904761904762,0.021523809523809525
22.6667870140072,0.0004761904761904762,0.021523809523809525
22.671787014007197,0.0004761904761904762,0.021523809523809525
22.676787014007196,0.0004761904761904762,0.021523809523809525
22.6817870140072,0.0004761904761904762,0.021523809523809525
22.686787014007198,0.0004761904761904762,0.021523809523809525
22.691787014007197,0.0004761904761904762,0.021523809523809525
22.6967870140072,0.0004761904761904762,0.021523809523809525
22.7017870140072,0.0004761904761904762,0.021523809523809525
22.706787014007197,0.0004761904761904762,0.021523809523809525
22.711787014007196,0.0004761904761904762,0.021523809523809525
22.716787014007195,0.0004761904761904762,0.021523809523809525
22.721787014007198,0.0004761904761904762,0.021523809523809525
22.726787014007197,0.0004761904761904762,0.021523809523809525
22.731787014007196,0.0004761904761904762,0.02142857142857143
22.7367870140072,0.0004761904761904762,0.02142857142857143
22.741787014007198,0.0004761904761904762,0.02142857142857143
22.746787014007197,0.0004761904761904762,0.02142857142857143
22.751787014007196,0.0004761904761904762,0.02142857142857143
22.756787014007195,0.0004761904761904762,0.02142857142857143
22.761787014007197,0.0004761904761904762,0.02142857142857143
22.766787014007196,0.0004761904761904762,0.02142857142857143
22.771787014007195,0.0004761904761904762,0.02142857142857143
22.776787014007198,0.0004761904761904762,0.02142857142857143
22.781787014007197,0.0004761904761904762,0.02142857142857143
22.786787014007196,0.0004761904761904762,0.02142857142857143
22.791787014007195,0.0004761904761904762,0.02142857142857143
22.796787014007194,0.0004761904761904762,0.021333333333333333
22.801787014007196,0.0004761904761904762,0.021333333333333333
22.806787014007195,0.0004761904761904762,0.021333333333333333
22.811787014007194,0.0004761904761904762,0.021333333333333333
22.816787014007197,0.0004761904761904762,0.021333333333333333
22.821787014007196,0.0004761904761904762,0.021333333333333333
22.826787014007195,0.0004761904761904762,0.021238095238095236
22.831787014007194,0.0004761904761904762,0.021142857142857144
22.836787014007193,0.0004761904761904762,0.021142857142857144
22.841787014007195,0.0004761904761904762,0.021142857142857144
22.846787014007194,0.0004761904761904762,0.021047619047619048
22.851787014007193,0.0004761904761904762,0.02095238095238095
22.856787014007196,0.0004761904761904762,0.02095238095238095
22.861787014007195,0.0004761904761904762,0.02095238095238095
22.866787014007194,0.0004761904761904762,0.02095238095238095
22.871787014007193,0.0004761904761904762,0.02095238095238095
22.876787014007192,0.0004761904761904762,0.02095238095238095
22.881787014007195,0.0004761904761904762,0.02095238095238095
22.886787014007194,0.0004761904761904762,0.02085714285714286
22.891787014007193,0.0004761904761904762,0.02085714285714286
22.896787014007195,0.0004761904761904762,0.020761904761904763
22.901787014007194,0.0004761904761904762,0.020761904761904763
22.906787014007193,0.0004761904761904762,0.020666666666666667
22.911787014007192,0.0004761904761904762,0.020666666666666667
22.91678701400719,0.0004761904761904762,0.020666666666666667
22.921787014007194,0.0004761904761904762,0.020666666666666667
22.926787014007193,0.0004761904761904762,0.020666666666666667
22.93178701400719,0.0004761904761904762,0.020666666666666667
22.936787014007194,0.0004761904761904762,0.020666666666666667
22.941787014007193,0.0004761904761904762,0.020666666666666667
22.946787014007192,0.0004761904761904762,0.020666666666666667
22.95178701400719,0.0004761904761904762,0.020666666666666667
22.95678701400719,0.0004761904761904762,0.020666666666666667
22.961787014007193,0.0004761904761904762,0.020666666666666667
22.966787014007192,0.0004761904761904762,0.020666666666666667
22.97178701400719,0.0004761904761904762,0.020666666666666667
22.976787014007193,0.0004761904761904762,0.020666666666666667
22.981787014007192,0.0004761904761904762,0.020666666666666667
22.98678701400719,0.00038095238095238096,0.020666666666666667
22.99178701400719,0.00038095238095238096,0.020666666666666667
22.99678701400719,0.00038095238095238096,0.02057142857142857
23.001787014007192,0.00038095238095238096,0.02057142857142857
23.00678701400719,0.00038095238095238096,0.02057142857142857
23.01178701400719,0.00038095238095238096,0.02057142857142857
23.016787014007193,0.00038095238095238096,0.02057142857142857
23.02178701400719,0.00038095238095238096,0.02057142857142857
23.02678701400719,0.00038095238095238096,0.02057142857142857
23.03178701400719,0.00038095238095238096,0.020476190476190478
23.03678701400719,0.00038095238095238096,0.020476190476190478
23.04178701400719,0.00038095238095238096,0.020476190476190478
23.04678701400719,0.00038095238095238096,0.020476190476190478
23.05178701400719,0.00038095238095238096,0.020476190476190478
23.05678701400719,0.00038095238095238096,0.020476190476190478
23.06178701400719,0.00038095238095238096,0.020476190476190478
23.06678701400719,0.00038095238095238096,0.020476190476190478
23.07178701400719,0.00038095238095238096,0.02038095238095238
23.076787014007188,0.00038095238095238096,0.02038095238095238
23.08178701400719,0.00038095238095238096,0.020285714285714285
23.08678701400719,0.00038095238095238096,0.020285714285714285
23.09178701400719,0.00038095238095238096,0.020285714285714285
23.09678701400719,0.00038095238095238096,0.020285714285714285
23.10178701400719,0.00038095238095238096,0.02019047619047619
23.10678701400719,0.00038095238095238096,0.02019047619047619
23.111787014007188,0.00038095238095238096,0.02019047619047619
23.116787014007187,0.00038095238095238096,0.02019047619047619
23.12178701400719,0.00038095238095238096,0.02019047619047619
23.12678701400719,0.00038095238095238096,0.020095238095238097
23.131787014007188,0.00038095238095238096,0.020095238095238097
23.13678701400719,0.00038095238095238096,0.020095238095238097
23.14178701400719,0.00038095238095238096,0.020095238095238097
23.146787014007188,0.00038095238095238096,0.02
23.151787014007187,0.00038095238095238096,0.02
23.156787014007186,0.00038095238095238096,0.02
23.16178701400719,0.00038095238095238096,0.02
23.166787014007188,0.00038095238095238096,0.019904761904761904
23.171787014007187,0.00038095238095238096,0.019904761904761904
23.17678701400719,0.00038095238095238096,0.019904761904761904
23.181787014007188,0.00038095238095238096,0.019904761904761904
23.186787014007187,0.00038095238095238096,0.019904761904761904
23.191787014007186,0.00038095238095238096,0.019904761904761904
23.196787014007185,0.00038095238095238096,0.019904761904761904
23.201787014007188,0.00038095238095238096,0.019904761904761904
23.206787014007187,0.00038095238095238096,0.019904761904761904
23.211787014007186,0.00038095238095238096,0.019904761904761904
23.21678701400719,0.00038095238095238096,0.019904761904761904
23.221787014007187,0.00038095238095238096,0.019904761904761904
23.226787014007186,0.00038095238095238096,0.019904761904761904
23.231787014007185,0.00038095238095238096,0.019904761904761904
23.236787014007184,0.00038095238095238096,0.019904761904761904
23.241787014007187,0.00038095238095238096,0.019809523809523808
23.246787014007186,0.00038095238095238096,0.019809523809523808
23.251787014007185,0.00038095238095238096,0.019809523809523808
23.256787014007188,0.00038095238095238096,0.019809523809523808
23.261787014007187,0.00038095238095238096,0.019809523809523808
23.266787014007186,0.00038095238095238096,0.019809523809523808
23.271787014007185,0.00038095238095238096,0.019809523809523808
23.276787014007184,0.00038095238095238096,0.019809523809523808
23.281787014007186,0.00038095238095238096,0.01961904761904762
23.286787014007185,0.00038095238095238096,0.01961904761904762
23.291787014007184,0.00038095238095238096,0.01961904761904762
23.296787014007187,0.00038095238095238096,0.019523809523809523
23.301787014007186,0.00038095238095238096,0.019523809523809523
23.306787014007185,0.00038095238095238096,0.019523809523809523
23.311787014007184,0.00038095238095238096,0.019523809523809523
23.316787014007183,0.00038095238095238096,0.019523809523809523
23.321787014007185,0.00038095238095238096,0.019523809523809523
23.326787014007184,0.00038095238095238096,0.019523809523809523
23.331787014007183,0.00038095238095238096,0.019523809523809523
23.336787014007186,0.00038095238095238096,0.019523809523809523
23.341787014007185,0.00038095238095238096,0.019523809523809523
23.346787014007184,0.00038095238095238096,0.019523809523809523
23.351787014007183,0.00038095238095238096,0.019523809523809523
23.356787014007182,0.00038095238095238096,0.019523809523809523
23.361787014007184,0.00038095238095238096,0.019428571428571427
23.366787014007183,0.00038095238095238096,0.019428571428571427
23.371787014007182,0.00038095238095238096,0.019333333333333334
23.376787014007185,0.00038095238095238096,0.019333333333333334
23.381787014007184,0.00038095238095238096,0.019333333333333334
23.386787014007183,0.00038095238095238096,0.019333333333333334
23.391787014007182,0.00038095238095238096,0.019333333333333334
23.39678701400718,0.00038095238095238096,0.019238095238095238
23.401787014007184,0.00038095238095238096,0.019238095238095238
23.406787014007183,0.00038095238095238096,0.019238095238095238
23.41178701400718,0.00038095238095238096,0.019238095238095238
23.416787014007184,0.00038095238095238096,0.019238095238095238
23.421787014007183,0.00038095238095238096,0.019238095238095238
23.426787014007182,0.00038095238095238096,0.019142857142857142
23.43178701400718,0.00038095238095238096,0.019142857142857142
23.43678701400718,0.00038095238095238096,0.019142857142857142
23.441787014007183,0.00038095238095238096,0.019142857142857142
23.44678701400718,0.00038095238095238096,0.018952380952380953
23.45178701400718,0.00038095238095238096,0.018952380952380953
23.456787014007183,0.00038095238095238096,0.018952380952380953
23.461787014007182,0.00038095238095238096,0.018857142857142857
23.46678701400718,0.00038095238095238096,0.018857142857142857
23.47178701400718,0.00038095238095238096,0.018857142857142857
23.47678701400718,0.00038095238095238096,0.01876190476190476
23.481787014007182,0.00038095238095238096,0.01876190476190476
23.48678701400718,0.00038095238095238096,0.018666666666666668
23.49178701400718,0.00038095238095238096,0.018666666666666668
23.496787014007182,0.00038095238095238096,0.018666666666666668
23.50178701400718,0.00038095238095238096,0.018666666666666668
23.50678701400718,0.00038095238095238096,0.018666666666666668
23.51178701400718,0.00038095238095238096,0.018666666666666668
23.51678701400718,0.00038095238095238096,0.018666666666666668
23.52178701400718,0.00038095238095238096,0.018666666666666668
23.52678701400718,0.00038095238095238096,0.018666666666666668
23.53178701400718,0.00038095238095238096,0.018666666666666668
23.53678701400718,0.00038095238095238096,0.018666666666666668
23.54178701400718,0.00038095238095238096,0.018666666666666668
23.54678701400718,0.00038095238095238096,0.018666666666666668
23.55178701400718,0.00038095238095238096,0.018571428571428572
23.556787014007178,0.00038095238095238096,0.018571428571428572
23.56178701400718,0.00038095238095238096,0.018571428571428572
23.56678701400718,0.00038095238095238096,0.018571428571428572
23.571787014007178,0.00038095238095238096,0.018571428571428572
23.57678701400718,0.00038095238095238096,0.018571428571428572
23.58178701400718,0.00038095238095238096,0.018476190476190476
23.58678701400718,0.00038095238095238096,0.01838095238095238
23.591787014007178,0.00038095238095238096,0.01838095238095238
23.596787014007177,0.00038095238095238096,0.01838095238095238
23.60178701400718,0.00038095238095238096,0.01838095238095238
23.60678701400718,0.00038095238095238096,0.01838095238095238
23.611787014007177,0.00038095238095238096,0.01838095238095238
23.61678701400718,0.00038095238095238096,0.018285714285714287
23.62178701400718,0.00038095238095238096,0.018285714285714287
23.626787014007178,0.00038095238095238096,0.018285714285714287
23.631787014007177,0.00038095238095238096,0.018285714285714287
23.636787014007176,0.00038095238095238096,0.018285714285714287
23.64178701400718,0.00038095238095238096,0.018285714285714287
23.646787014007177,0.00038095238095238096,0.018285714285714287
23.651787014007176,0.00038095238095238096,0.018285714285714287
23.65678701400718,0.00038095238095238096,0.018285714285714287
23.661787014007178,0.00038095238095238096,0.01819047619047619
23.666787014007177,0.00038095238095238096,0.01819047619047619
23.671787014007176,0.00038095238095238096,0.01819047619047619
23.676787014007175,0.00038095238095238096,0.01819047619047619
23.681787014007178,0.00038095238095238096,0.01819047619047619
23.686787014007177,0.00038095238095238096,0.01819047619047619
23.691787014007176,0.00038095238095238096,0.01819047619047619
23.696787014007178,0.00038095238095238096,0.01819047619047619
23.701787014007177,0.00038095238095238096,0.01819047619047619
23.706787014007176,0.00038095238095238096,0.01819047619047619
23.711787014007175,0.00038095238095238096,0.018095238095238095
23.716787014007174,0.00038095238095238096,0.018095238095238095
23.721787014007177,0.00038095238095238096,0.018095238095238095
23.726787014007176,0.00038095238095238096,0.018095238095238095
23.731787014007175,0.00038095238095238096,0.018095238095238095
23.736787014007177,0.00038095238095238096,0.018
23.741787014007176,0.00038095238095238096,0.018
23.746787014007175,0.00038095238095238096,0.018
23.751787014007174,0.00038095238095238096,0.018
23.756787014007173,0.00038095238095238096,0.017904761904761906
23.761787014007176,0.00038095238095238096,0.017904761904761906
23.766787014007175,0.00038095238095238096,0.017904761904761906
23.771787014007174,0.00038095238095238096,0.01780952380952381
23.776787014007176,0.00038095238095238096,0.01780952380952381
23.781787014007175,0.00038095238095238096,0.017619047619047618
23.786787014007174,0.00038095238095238096,0.017619047619047618
23.791787014007173,0.00038095238095238096,0.017619047619047618
23.796787014007172,0.00038095238095238096,0.017619047619047618
23.801787014007175,0.00038095238095238096,0.017619047619047618
23.806787014007174,0.00038095238095238096,0.017619047619047618
23.811787014007173,0.00038095238095238096,0.017619047619047618
23.816787014007176,0.00038095238095238096,0.017619047619047618
23.821787014007175,0.00038095238095238096,0.017619047619047618
23.826787014007174,0.00038095238095238096,0.017619047619047618
23.831787014007173,0.00038095238095238096,0.017619047619047618
23.83678701400717,0.00038095238095238096,0.017619047619047618
23.841787014007174,0.00038095238095238096,0.017523809523809525
23.846787014007173,0.00038095238095238096,0.017523809523809525
23.851787014007172,0.00038095238095238096,0.017523809523809525
23.856787014007175,0.00038095238095238096,0.017523809523809525
23.861787014007174,0.00038095238095238096,0.017523809523809525
23.866787014007173,0.00038095238095238096,0.017523809523809525
23.87178701400717,0.00038095238095238096,0.017523809523809525
23.87678701400717,0.00038095238095238096,0.017523809523809525
23.881787014007173,0.00038095238095238096,0.01742857142857143
23.886787014007172,0.00038095238095238096,0.01742857142857143
23.89178701400717,0.00038095238095238096,0.017333333333333333
23.896787014007174,0.00038095238095238096,0.017333333333333333
23.901787014007173,0.00038095238095238096,0.017333333333333333
23.906787014007172,0.00038095238095238096,0.017333333333333333
23.91178701400717,0.00038095238095238096,0.017333333333333333
23.91678701400717,0.00038095238095238096,0.017333333333333333
23.921787014007172,0.00038095238095238096,0.017333333333333333
23.92678701400717,0.00038095238095238096,0.017333333333333333
23.93178701400717,0.00038095238095238096,0.017333333333333333
23.936787014007173,0.00038095238095238096,0.017333333333333333
23.941787014007172,0.00038095238095238096,0.017333333333333333
23.94678701400717,0.00038095238095238096,0.017333333333333333
23.95178701400717,0.00038095238095238096,0.017333333333333333
23.95678701400717,0.00038095238095238096,0.017333333333333333
23.96178701400717,0.00038095238095238096,0.017333333333333333
23.96678701400717,0.00038095238095238096,0.017333333333333333
23.97178701400717,0.00038095238095238096,0.017333333333333333
23.976787014007172,0.00038095238095238096,0.017238095238095236
23.98178701400717,0.00038095238095238096,0.017238095238095236
23.98678701400717,0.00038095238095238096,0.017238095238095236
23.99178701400717,0.00038095238095238096,0.017238095238095236
23.996787014007168,0.00038095238095238096,0.017238095238095236
24.00178701400717,0.00038095238095238096,0.017238095238095236
24.00678701400717,0.00038095238095238096,0.017238095238095236
24.01178701400717,0.00038095238095238096,0.017238095238095236
24.01678701400717,0.00038095238095238096,0.017238095238095236
24.02178701400717,0.00038095238095238096,0.017238095238095236
24.02678701400717,0.00038095238095238096,0.017142857142857144
24.03178701400717,0.00038095238095238096,0.017142857142857144
24.036787014007167,0.00038095238095238096,0.017142857142857144
24.04178701400717,0.00038095238095238096,0.017142857142857144
24.04678701400717,0.00038095238095238096,0.017142857142857144
24.051787014007168,0.00038095238095238096,0.017047619047619048
24.05678701400717,0.00038095238095238096,0.017047619047619048
24.06178701400717,0.00038095238095238096,0.017047619047619048
24.06678701400717,0.00038095238095238096,0.017047619047619048
24.071787014007167,0.00038095238095238096,0.017047619047619048
24.076787014007166,0.00038095238095238096,0.017047619047619048
24.08178701400717,0.00038095238095238096,0.017047619047619048
24.086787014007168,0.00038095238095238096,0.017047619047619048
24.091787014007167,0.00038095238095238096,0.017047619047619048
24.09678701400717,0.00038095238095238096,0.017047619047619048
24.10178701400717,0.00038095238095238096,0.017047619047619048
24.106787014007168,0.00038095238095238096,0.017047619047619048
24.111787014007167,0.00038095238095238096,0.017047619047619048
24.116787014007166,0.00038095238095238096,0.017047619047619048
24.121787014007168,0.00038095238095238096,0.017047619047619048
24.126787014007167,0.00038095238095238096,0.017047619047619048
24.131787014007166,0.00038095238095238096,0.017047619047619048
24.13678701400717,0.00038095238095238096,0.017047619047619048
24.141787014007168,0.00038095238095238096,0.017047619047619048
24.146787014007167,0.00038095238095238096,0.017047619047619048
24.151787014007166,0.00038095238095238096,0.017047619047619048
24.156787014007165,0.00038095238095238096,0.017047619047619048
24.161787014007167,0.00038095238095238096,0.017047619047619048
24.166787014007166,0.00038095238095238096,0.017047619047619048
24.171787014007165,0.00038095238095238096,0.017047619047619048
24.176787014007168,0.00038095238095238096,0.017047619047619048
24.181787014007167,0.00038095238095238096,0.017047619047619048
24.186787014007166,0.00038095238095238096,0.017047619047619048
24.191787014007165,0.00038095238095238096,0.017047619047619048
24.196787014007164,0.00038095238095238096,0.017047619047619048
24.201787014007166,0.00038095238095238096,0.01695238095238095
24.206787014007165,0.00038095238095238096,0.01695238095238095
24.211787014007164,0.00038095238095238096,0.01695238095238095
24.216787014007167,0.00038095238095238096,0.01695238095238095
24.221787014007166,0.00038095238095238096,0.01685714285714286
24.226787014007165,0.00038095238095238096,0.016761904761904763
24.231787014007164,0.00038095238095238096,0.016761904761904763
24.236787014007163,0.00038095238095238096,0.016761904761904763
24.241787014007166,0.00038095238095238096,0.016761904761904763
24.246787014007165,0.00038095238095238096,0.016666666666666666
24.251787014007164,0.00038095238095238096,0.016666666666666666
24.256787014007166,0.00038095238095238096,0.016666666666666666
24.261787014007165,0.00038095238095238096,0.016666666666666666
24.266787014007164,0.00038095238095238096,0.016666666666666666
24.271787014007163,0.00038095238095238096,0.016666666666666666
24.276787014007162,0.00038095238095238096,0.016666666666666666
24.281787014007165,0.00038095238095238096,0.016666666666666666
24.286787014007164,0.00038095238095238096,0.016666666666666666
24.291787014007163,0.00038095238095238096,0.016666666666666666
24.296787014007165,0.00038095238095238096,0.016666666666666666
24.301787014007164,0.00038095238095238096,0.016666666666666666
24.306787014007163,0.00038095238095238096,0.016666666666666666
24.311787014007162,0.00038095238095238096,0.016666666666666666
24.31678701400716,0.00038095238095238096,0.016666666666666666
24.321787014007164,0.00038095238095238096,0.016666666666666666
24.326787014007163,0.00038095238095238096,0.016666666666666666
24.331787014007162,0.00038095238095238096,0.016666666666666666
24.336787014007164,0.00038095238095238096,0.016666666666666666
24.341787014007163,0.00038095238095238096,0.016666666666666666
24.346787014007162,0.00038095238095238096,0.016666666666666666
24.35178701400716,0.00038095238095238096,0.016666666666666666
24.35678701400716,0.00038095238095238096,0.016666666666666666
24.361787014007163,0.00038095238095238096,0.016666666666666666
24.366787014007162,0.00038095238095238096,0.016666666666666666
24.37178701400716,0.00038095238095238096,0.016666666666666666
24.376787014007164,0.00038095238095238096,0.016666666666666666
24.381787014007163,0.00038095238095238096,0.016666666666666666
24.38678701400716,0.00038095238095238096,0.016666666666666666
24.39178701400716,0.00038095238095238096,0.016666666666666666
24.39678701400716,0.00038095238095238096,0.01657142857142857
24.401787014007162,0.00038095238095238096,0.01657142857142857
24.40678701400716,0.00038095238095238096,0.01657142857142857
24.41178701400716,0.00038095238095238096,0.01657142857142857
24.416787014007163,0.00038095238095238096,0.016476190476190478
24.421787014007162,0.00038095238095238096,0.016476190476190478
24.42678701400716,0.00038095238095238096,0.01638095238095238
24.43178701400716,0.00038095238095238096,0.01638095238095238
24.43678701400716,0.00038095238095238096,0.01638095238095238
24.44178701400716,0.00038095238095238096,0.01638095238095238
24.44678701400716,0.00038095238095238096,0.01638095238095238
24.45178701400716,0.00038095238095238096,0.01638095238095238
24.456787014007162,0.00038095238095238096,0.01638095238095238
24.46178701400716,0.00038095238095238096,0.01638095238095238
24.46678701400716,0.00038095238095238096,0.01638095238095238
24.47178701400716,0.00038095238095238096,0.01638095238095238
24.476787014007158,0.00038095238095238096,0.01638095238095238
24.48178701400716,0.00038095238095238096,0.01638095238095238
24.48678701400716,0.00038095238095238096,0.01638095238095238
24.49178701400716,0.00038095238095238096,0.01638095238095238
24.49678701400716,0.00038095238095238096,0.01638095238095238
24.50178701400716,0.00038095238095238096,0.01638095238095238
24.50678701400716,0.00038095238095238096,0.01638095238095238
24.511787014007158,0.00038095238095238096,0.01638095238095238
24.516787014007157,0.00038095238095238096,0.01638095238095238
24.52178701400716,0.00038095238095238096,0.01638095238095238
24.52678701400716,0.00038095238095238096,0.016285714285714285
24.531787014007158,0.00038095238095238096,0.01619047619047619
24.53678701400716,0.00038095238095238096,0.016095238095238096
24.54178701400716,0.00038095238095238096,0.016095238095238096
24.54678701400716,0.00038095238095238096,0.016095238095238096
24.551787014007157,0.00038095238095238096,0.016095238095238096
24.556787014007156,0.00038095238095238096,0.016095238095238096
24.56178701400716,0.00038095238095238096,0.016095238095238096
24.566787014007158,0.00038095238095238096,0.016095238095238096
24.571787014007157,0.00038095238095238096,0.016095238095238096
24.57678701400716,0.00038095238095238096,0.016095238095238096
24.58178701400716,0.00038095238095238096,0.016095238095238096
24.586787014007157,0.00038095238095238096,0.016095238095238096
24.591787014007156,0.00038095238095238096,0.016095238095238096
24.596787014007155,0.00038095238095238096,0.016095238095238096
24.601787014007158,0.00038095238095238096,0.016095238095238096
24.606787014007157,0.00038095238095238096,0.016095238095238096
24.611787014007156,0.00038095238095238096,0.016095238095238096
24.61678701400716,0.00038095238095238096,0.016095238095238096
24.621787014007158,0.00038095238095238096,0.016095238095238096
24.626787014007157,0.00038095238095238096,0.016095238095238096
24.631787014007156,0.00038095238095238096,0.016
24.636787014007155,0.00038095238095238096,0.016
24.641787014007157,0.00038095238095238096,0.016
24.646787014007156,0.00038095238095238096,0.016
24.651787014007155,0.00038095238095238096,0.016
24.656787014007158,0.00038095238095238096,0.016
24.661787014007157,0.00038095238095238096,0.016
24.666787014007156,0.00038095238095238096,0.016
24.671787014007155,0.00038095238095238096,0.015904761904761904
24.676787014007154,0.00038095238095238096,0.015904761904761904
24.681787014007156,0.00038095238095238096,0.015904761904761904
24.686787014007155,0.00038095238095238096,0.015809523809523808
24.691787014007154,0.00038095238095238096,0.015809523809523808
24.696787014007157,0.00038095238095238096,0.015809523809523808
24.701787014007156,0.00038095238095238096,0.015809523809523808
24.706787014007155,0.00038095238095238096,0.015809523809523808
24.711787014007154,0.00038095238095238096,0.015809523809523808
24.716787014007153,0.00038095238095238096,0.015809523809523808
24.721787014007155,0.00038095238095238096,0.015809523809523808
24.726787014007154,0.00038095238095238096,0.015809523809523808
24.731787014007153,0.00038095238095238096,0.015809523809523808
24.736787014007156,0.00038095238095238096,0.015809523809523808
24.741787014007155,0.00038095238095238096,0.015809523809523808
24.746787014007154,0.00038095238095238096,0.015809523809523808
24.751787014007153,0.00038095238095238096,0.015809523809523808
24.756787014007152,0.00038095238095238096,0.015809523809523808
24.761787014007155,0.00038095238095238096,0.015809523809523808
24.766787014007154,0.00038095238095238096,0.015714285714285715
24.771787014007153,0.00038095238095238096,0.015714285714285715
24.776787014007155,0.00038095238095238096,0.015714285714285715
24.781787014007154,0.00038095238095238096,0.015714285714285715
24.786787014007153,0.00038095238095238096,0.01561904761904762
24.791787014007152,0.00038095238095238096,0.01561904761904762
24.79678701400715,0.00038095238095238096,0.01561904761904762
24.801787014007154,0.00038095238095238096,0.01561904761904762
24.806787014007153,0.00038095238095238096,0.015523809523809523
24.81178701400715,0.00038095238095238096,0.015428571428571429
24.816787014007154,0.00038095238095238096,0.015428571428571429
24.821787014007153,0.00038095238095238096,0.015333333333333332
24.826787014007152,0.00038095238095238096,0.015333333333333332
24.83178701400715,0.00038095238095238096,0.015333333333333332
24.83678701400715,0.00038095238095238096,0.015333333333333332
24.841787014007153,0.00038095238095238096,0.015333333333333332
24.846787014007152,0.00038095238095238096,0.015333333333333332
24.85178701400715,0.00038095238095238096,0.015333333333333332
24.856787014007153,0.00038095238095238096,0.015333333333333332
24.861787014007152,0.00038095238095238096,0.015333333333333332
24.86678701400715,0.00038095238095238096,0.015333333333333332
24.87178701400715,0.00038095238095238096,0.015333333333333332
24.87678701400715,0.00038095238095238096,0.015333333333333332
24.881787014007152,0.00038095238095238096,0.015333333333333332
24.88678701400715,0.00038095238095238096,0.015238095238095238
24.89178701400715,0.00038095238095238096,0.015238095238095238
24.896787014007153,0.00038095238095238096,0.015238095238095238
24.90178701400715,0.00038095238095238096,0.015238095238095238
24.90678701400715,0.00038095238095238096,0.015238095238095238
24.91178701400715,0.00038095238095238096,0.015238095238095238
24.91678701400715,0.00038095238095238096,0.015238095238095238
24.92178701400715,0.00038095238095238096,0.015238095238095238
24.92678701400715,0.00038095238095238096,0.015238095238095238
24.93178701400715,0.00038095238095238096,0.015238095238095238
24.93678701400715,0.00038095238095238096,0.015238095238095238
24.94178701400715,0.00038095238095238096,0.015238095238095238
24.94678701400715,0.00038095238095238096,0.015238095238095238
24.95178701400715,0.00038095238095238096,0.015238095238095238
24.956787014007148,0.00038095238095238096,0.015238095238095238
24.96178701400715,0.00038095238095238096,0.015238095238095238
24.96678701400715,0.00038095238095238096,0.015238095238095238
24.97178701400715,0.00038095238095238096,0.015142857142857144
24.97678701400715,0.00038095238095238096,0.015047619047619048
24.98178701400715,0.00038095238095238096,0.015047619047619048
24.98678701400715,0.00038095238095238096,0.015047619047619048
24.991787014007148,0.00038095238095238096,0.015047619047619048
24.996787014007147,0.00038095238095238096,0.015047619047619048
25.00178701400715,0.00038095238095238096,0.015047619047619048
25.00678701400715,0.00038095238095238096,0.015047619047619048
25.011787014007147,0.00038095238095238096,0.015047619047619048
25.01678701400715,0.00038095238095238096,0.015047619047619048
25.02178701400715,0.00038095238095238096,0.015047619047619048
25.026787014007148,0.00038095238095238096,0.014952380952380953
25.031787014007147,0.00038095238095238096,0.014952380952380953
25.036787014007146,0.00038095238095238096,0.014952380952380953
25.04178701400715,0.00038095238095238096,0.014952380952380953
25.046787014007148,0.00038095238095238096,0.014952380952380953
25.051787014007147,0.00038095238095238096,0.014952380952380953
25.05678701400715,0.00038095238095238096,0.014952380952380953
25.061787014007148,0.00038095238095238096,0.014952380952380953
25.066787014007147,0.00038095238095238096,0.014952380952380953
25.071787014007146,0.00038095238095238096,0.014952380952380953
25.076787014007145,0.00038095238095238096,0.014952380952380953
25.081787014007148,0.00038095238095238096,0.014952380952380953
25.086787014007147,0.00038095238095238096,0.014952380952380953
25.091787014007146,0.00038095238095238096,0.014952380952380953
25.09678701400715,0.00038095238095238096,0.014857142857142857
25.101787014007147,0.00038095238095238096,0.014857142857142857
25.106787014007146,0.00038095238095238096,0.014761904761904763
25.111787014007145,0.00038095238095238096,0.014761904761904763
25.116787014007144,0.00038095238095238096,0.014761904761904763
25.121787014007147,0.00038095238095238096,0.014761904761904763
25.126787014007146,0.00038095238095238096,0.014761904761904763
25.131787014007145,0.00038095238095238096,0.014761904761904763
25.136787014007147,0.00038095238095238096,0.014761904761904763
25.141787014007146,0.00038095238095238096,0.014761904761904763
25.146787014007145,0.00038095238095238096,0.014761904761904763
25.151787014007144,0.00038095238095238096,0.014761904761904763
25.156787014007143,0.00038095238095238096,0.014761904761904763
25.161787014007146,0.00038095238095238096,0.014761904761904763
25.166787014007145,0.00038095238095238096,0.014761904761904763
25.171787014007144,0.00038095238095238096,0.014761904761904763
25.176787014007147,0.00038095238095238096,0.014761904761904763
25.181787014007146,0.00038095238095238096,0.014666666666666666
25.186787014007145,0.00038095238095238096,0.014666666666666666
25.191787014007144,0.00038095238095238096,0.014666666666666666
25.196787014007143,0.00038095238095238096,0.014666666666666666
25.201787014007145,0.00038095238095238096,0.014666666666666666
25.206787014007144,0.00038095238095238096,0.014666666666666666
25.211787014007143,0.00038095238095238096,0.014666666666666666
25.216787014007146,0.00038095238095238096,0.014666666666666666
25.221787014007145,0.00038095238095238096,0.014666666666666666
25.226787014007144,0.00038095238095238096,0.014666666666666666
25.231787014007143,0.00038095238095238096,0.014666666666666666
25.23678701400714,0.00038095238095238096,0.014666666666666666
25.241787014007144,0.00038095238095238096,0.014666666666666666
25.246787014007143,0.00038095238095238096,0.014666666666666666
25.251787014007142,0.00038095238095238096,0.014666666666666666
25.256787014007145,0.00038095238095238096,0.014666666666666666
25.261787014007144,0.00038095238095238096,0.014666666666666666
25.266787014007143,0.00038095238095238096,0.014666666666666666
25.271787014007142,0.00038095238095238096,0.014666666666666666
25.27678701400714,0.00038095238095238096,0.014666666666666666
25.281787014007143,0.00038095238095238096,0.014666666666666666
25.286787014007142,0.00038095238095238096,0.014666666666666666
25.29178701400714,0.00038095238095238096,0.014666666666666666
25.296787014007144,0.00038095238095238096,0.014666666666666666
25.301787014007143,0.00038095238095238096,0.014666666666666666
25.306787014007142,0.00038095238095238096,0.014666666666666666
25.31178701400714,0.00038095238095238096,0.014666666666666666
25.31678701400714,0.00038095238095238096,0.014666666666666666
25.321787014007143,0.00038095238095238096,0.014666666666666666
25.32678701400714,0.00038095238095238096,0.014666666666666666
25.33178701400714,0.00038095238095238096,0.014666666666666666
25.336787014007143,0.00038095238095238096,0.014666666666666666
25.341787014007142,0.00038095238095238096,0.014571428571428572
25.34678701400714,0.00038095238095238096,0.014571428571428572
25.35178701400714,0.00038095238095238096,0.014571428571428572
25.35678701400714,0.00038095238095238096,0.014571428571428572
25.36178701400714,0.00038095238095238096,0.014571428571428572
25.36678701400714,0.00038095238095238096,0.014571428571428572
25.37178701400714,0.00038095238095238096,0.014571428571428572
25.376787014007142,0.00038095238095238096,0.014476190476190476
25.38178701400714,0.00038095238095238096,0.014476190476190476
25.38678701400714,0.00038095238095238096,0.014380952380952381
25.39178701400714,0.00038095238095238096,0.014380952380952381
25.39678701400714,0.00038095238095238096,0.014380952380952381
25.40178701400714,0.00038095238095238096,0.014380952380952381
25.40678701400714,0.00038095238095238096,0.014380952380952381
25.41178701400714,0.00038095238095238096,0.014380952380952381
25.41678701400714,0.00038095238095238096,0.014380952380952381
25.42178701400714,0.00038095238095238096,0.014380952380952381
25.42678701400714,0.00038095238095238096,0.014380952380952381
25.43178701400714,0.00038095238095238096,0.014380952380952381
25.436787014007137,0.00038095238095238096,0.014380952380952381
25.44178701400714,0.00038095238095238096,0.014380952380952381
25.44678701400714,0.00038095238095238096,0.014380952380952381
25.451787014007138,0.00038095238095238096,0.014285714285714285
25.45678701400714,0.00038095238095238096,0.014285714285714285
25.46178701400714,0.00038095238095238096,0.014285714285714285
25.46678701400714,0.00038095238095238096,0.014285714285714285
25.471787014007138,0.00038095238095238096,0.014285714285714285
25.476787014007137,0.00038095238095238096,0.014285714285714285
25.48178701400714,0.00038095238095238096,0.014285714285714285
25.486787014007138,0.00038095238095238096,0.014285714285714285
25.491787014007137,0.00038095238095238096,0.014285714285714285
25.49678701400714,0.00038095238095238096,0.014285714285714285
25.50178701400714,0.00038095238095238096,0.014285714285714285
25.506787014007138,0.00038095238095238096,0.014285714285714285
25.511787014007137,0.00038095238095238096,0.014285714285714285
25.516787014007136,0.00038095238095238096,0.014285714285714285
25.52178701400714,0.00038095238095238096,0.014285714285714285
25.526787014007137,0.00038095238095238096,0.014285714285714285
25.531787014007136,0.00038095238095238096,0.014285714285714285
25.53678701400714,0.00028571428571428574,0.014285714285714285
25.541787014007138,0.00028571428571428574,0.014285714285714285
25.546787014007137,0.00028571428571428574,0.014285714285714285
25.551787014007136,0.00028571428571428574,0.014285714285714285
25.556787014007135,0.00028571428571428574,0.01419047619047619
25.561787014007137,0.00028571428571428574,0.01419047619047619
25.566787014007136,0.00028571428571428574,0.01419047619047619
25.571787014007135,0.00028571428571428574,0.01419047619047619
25.576787014007138,0.00028571428571428574,0.01419047619047619
25.581787014007137,0.00028571428571428574,0.014095238095238095
25.586787014007136,0.00028571428571428574,0.014095238095238095
25.591787014007135,0.00028571428571428574,0.014095238095238095
25.596787014007134,0.00028571428571428574,0.014095238095238095
25.601787014007137,0.00028571428571428574,0.014095238095238095
25.606787014007136,0.00028571428571428574,0.014095238095238095
25.611787014007135,0.00028571428571428574,0.014095238095238095
25.616787014007137,0.00028571428571428574,0.014095238095238095
25.621787014007136,0.00028571428571428574,0.014095238095238095
25.626787014007135,0.00028571428571428574,0.014095238095238095
25.631787014007134,0.00028571428571428574,0.014095238095238095
25.636787014007133,0.00028571428571428574,0.014095238095238095
25.641787014007136,0.00028571428571428574,0.014095238095238095
25.646787014007135,0.00028571428571428574,0.014095238095238095
25.651787014007134,0.00028571428571428574,0.014095238095238095
25.656787014007136,0.00028571428571428574,0.014095238095238095
25.661787014007135,0.00028571428571428574,0.014
25.666787014007134,0.00028571428571428574,0.014
25.671787014007133,0.00028571428571428574,0.014
25.676787014007132,0.00028571428571428574,0.014
25.681787014007135,0.00028571428571428574,0.014
25.686787014007134,0.00028571428571428574,0.014
25.691787014007133,0.00028571428571428574,0.014
25.696787014007135,0.00028571428571428574,0.014
25.701787014007135,0.00028571428571428574,0.014
25.706787014007134,0.00028571428571428574,0.014
25.711787014007133,0.00028571428571428574,0.014
25.71678701400713,0.00028571428571428574,0.014
25.721787014007134,0.00028571428571428574,0.01380952380952381
25.726787014007133,0.00028571428571428574,0.01380952380952381
25.731787014007132,0.00028571428571428574,0.01380952380952381
25.736787014007135,0.00028571428571428574,0.01380952380952381
25.741787014007134,0.00028571428571428574,0.01380952380952381
25.746787014007133,0.00028571428571428574,0.01380952380952381
25.75178701400713,0.00028571428571428574,0.01380952380952381
25.75678701400713,0.00028571428571428574,0.01380952380952381
25.761787014007133,0.00028571428571428574,0.01380952380952381
25.766787014007132,0.00028571428571428574,0.01380952380952381
25.77178701400713,0.00028571428571428574,0.01380952380952381
25.776787014007134,0.00028571428571428574,0.01380952380952381
25.781787014007133,0.00028571428571428574,0.01380952380952381
25.786787014007132,0.00028571428571428574,0.01380952380952381
25.79178701400713,0.00028571428571428574,0.01380952380952381
25.79678701400713,0.00028571428571428574,0.01380952380952381
25.801787014007132,0.00028571428571428574,0.01380952380952381
25.80678701400713,0.00028571428571428574,0.01380952380952381
25.81178701400713,0.00028571428571428574,0.01380952380952381
25.816787014007133,0.00028571428571428574,0.013714285714285714
25.821787014007132,0.00028571428571428574,0.013714285714285714
25.82678701400713,0.00028571428571428574,0.01361904761904762
25.83178701400713,0.00028571428571428574,0.01361904761904762
25.83678701400713,0.00028571428571428574,0.01361904761904762
25.84178701400713,0.00028571428571428574,0.01361904761904762
25.84678701400713,0.00028571428571428574,0.01361904761904762
25.85178701400713,0.00028571428571428574,0.01361904761904762
25.856787014007132,0.00028571428571428574,0.01361904761904762
25.86178701400713,0.00028571428571428574,0.01361904761904762
25.86678701400713,0.00028571428571428574,0.01361904761904762
25.87178701400713,0.00028571428571428574,0.01361904761904762
25.876787014007128,0.00028571428571428574,0.013523809523809523
25.88178701400713,0.00028571428571428574,0.013523809523809523
25.88678701400713,0.00028571428571428574,0.013428571428571429
25.89178701400713,0.00028571428571428574,0.013428571428571429
25.89678701400713,0.00028571428571428574,0.013428571428571429
25.90178701400713,0.00028571428571428574,0.013428571428571429
25.90678701400713,0.00028571428571428574,0.013428571428571429
25.91178701400713,0.00028571428571428574,0.013428571428571429
25.916787014007127,0.00028571428571428574,0.013428571428571429
25.92178701400713,0.00028571428571428574,0.013428571428571429
25.92678701400713,0.00028571428571428574,0.013428571428571429
25.931787014007128,0.00028571428571428574,0.013428571428571429
25.93678701400713,0.00028571428571428574,0.013428571428571429
25.94178701400713,0.00028571428571428574,0.013428571428571429
25.94678701400713,0.00028571428571428574,0.013428571428571429
25.951787014007127,0.00028571428571428574,0.013428571428571429
25.956787014007126,0.00028571428571428574,0.013428571428571429
25.96178701400713,0.00028571428571428574,0.013428571428571429
25.966787014007128,0.00028571428571428574,0.013428571428571429
25.971787014007127,0.00028571428571428574,0.013428571428571429
25.97678701400713,0.00028571428571428574,0.013428571428571429
25.98178701400713,0.00028571428571428574,0.013428571428571429
25.986787014007128,0.00028571428571428574,0.013428571428571429
25.991787014007127,0.00028571428571428574,0.013428571428571429
25.996787014007126,0.00028571428571428574,0.013428571428571429
26.001787014007128,0.00028571428571428574,0.013428571428571429
26.006787014007127,0.00028571428571428574,0.013428571428571429
26.011787014007126,0.00028571428571428574,0.013428571428571429
26.01678701400713,0.00028571428571428574,0.013428571428571429
26.021787014007128,0.00028571428571428574,0.013428571428571429
26.026787014007127,0.00019047619047619048,0.013333333333333334
26.031787014007126,0.00019047619047619048,0.013333333333333334
26.036787014007125,0.00019047619047619048,0.013333333333333334
26.041787014007127,0.00019047619047619048,0.013333333333333334
26.046787014007126,0.00019047619047619048,0.013333333333333334
26.051787014007125,0.00019047619047619048,0.013333333333333334
26.056787014007128,0.00019047619047619048,0.013333333333333334
26.061787014007127,0.00019047619047619048,0.013333333333333334
26.066787014007126,0.00019047619047619048,0.013333333333333334
26.071787014007125,0.00019047619047619048,0.013333333333333334
26.076787014007124,0.00019047619047619048,0.013333333333333334
26.081787014007126,0.00019047619047619048,0.013333333333333334
26.086787014007125,0.00019047619047619048,0.013333333333333334
26.091787014007124,0.00019047619047619048,0.013333333333333334
26.096787014007127,0.00019047619047619048,0.013333333333333334
26.101787014007126,0.00019047619047619048,0.013333333333333334
26.106787014007125,0.00019047619047619048,0.013238095238095238
26.111787014007124,0.00019047619047619048,0.013238095238095238
26.116787014007123,0.00019047619047619048,0.013238095238095238
26.121787014007126,0.00019047619047619048,0.013238095238095238
26.126787014007125,0.00019047619047619048,0.013238095238095238
26.131787014007124,0.00019047619047619048,0.013238095238095238
26.136787014007126,0.00019047619047619048,0.013238095238095238
26.141787014007125,0.00019047619047619048,0.013238095238095238
26.146787014007124,0.00019047619047619048,0.013238095238095238
26.151787014007123,0.00019047619047619048,0.013238095238095238
26.156787014007122,0.00019047619047619048,0.013238095238095238
26.161787014007125,0.00019047619047619048,0.013238095238095238
26.166787014007124,0.00019047619047619048,0.013238095238095238
26.171787014007123,0.00019047619047619048,0.013238095238095238
26.176787014007125,0.00019047619047619048,0.013238095238095238
26.181787014007124,0.00019047619047619048,0.013238095238095238
26.186787014007123,0.00019047619047619048,0.013238095238095238
26.191787014007122,0.00019047619047619048,0.013238095238095238
26.19678701400712,0.00019047619047619048,0.013238095238095238
26.201787014007124,0.00019047619047619048,0.013238095238095238
26.206787014007123,0.00019047619047619048,0.013238095238095238
26.211787014007122,0.00019047619047619048,0.013238095238095238
26.216787014007124,0.00019047619047619048,0.013238095238095238
26.221787014007123,0.00019047619047619048,0.013238095238095238
26.226787014007122,0.00019047619047619048,0.013238095238095238
26.23178701400712,0.00019047619047619048,0.013238095238095238
26.23678701400712,0.00019047619047619048,0.013238095238095238
26.241787014007123,0.00019047619047619048,0.013238095238095238
26.246787014007122,0.00019047619047619048,0.013142857142857144
26.25178701400712,0.00019047619047619048,0.013142857142857144
26.256787014007124,0.00019047619047619048,0.013142857142857144
26.261787014007123,0.00019047619047619048,0.013142857142857144
26.26678701400712,0.00019047619047619048,0.013142857142857144
26.27178701400712,0.00019047619047619048,0.013142857142857144
26.27678701400712,0.00019047619047619048,0.013142857142857144
26.281787014007122,0.00019047619047619048,0.013142857142857144
26.28678701400712,0.00019047619047619048,0.013142857142857144
26.29178701400712,0.00019047619047619048,0.013142857142857144
26.296787014007123,0.00019047619047619048,0.013142857142857144
26.30178701400712,0.00019047619047619048,0.013142857142857144
26.30678701400712,0.00019047619047619048,0.013142857142857144
26.31178701400712,0.00019047619047619048,0.013142857142857144
26.31678701400712,0.00019047619047619048,0.013142857142857144
26.32178701400712,0.00019047619047619048,0.013142857142857144
26.32678701400712,0.00019047619047619048,0.013142857142857144
26.33178701400712,0.00019047619047619048,0.013142857142857144
26.336787014007122,0.00019047619047619048,0.013142857142857144
26.34178701400712,0.00019047619047619048,0.013142857142857144
26.34678701400712,0.00019047619047619048,0.013142857142857144
26.35178701400712,0.00019047619047619048,0.013142857142857144
26.356787014007118,0.00019047619047619048,0.013142857142857144
26.36178701400712,0.00019047619047619048,0.013142857142857144
26.36678701400712,0.00019047619047619048,0.013142857142857144
26.37178701400712,0.00019047619047619048,0.013142857142857144
26.37678701400712,0.00019047619047619048,0.013142857142857144
26.38178701400712,0.00019047619047619048,0.013142857142857144
26.38678701400712,9.523809523809524e-05,0.013142857142857144
26.391787014007118,9.523809523809524e-05,0.012952380952380953
26.396787014007117,9.523809523809524e-05,0.012952380952380953
26.40178701400712,9.523809523809524e-05,0.012952380952380953
26.40678701400712,9.523809523809524e-05,0.012952380952380953
26.411787014007118,9.523809523809524e-05,0.012952380952380953
26.41678701400712,9.523809523809524e-05,0.012952380952380953
26.42178701400712,9.523809523809524e-05,0.012952380952380953
26.426787014007118,9.523809523809524e-05,0.012952380952380953
26.431787014007117,9.523809523809524e-05,0.012952380952380953
26.436787014007116,9.523809523809524e-05,0.012952380952380953
26.44178701400712,9.523809523809524e-05,0.012952380952380953
26.446787014007118,9.523809523809524e-05,0.012952380952380953
26.451787014007117,9.523809523809524e-05,0.012952380952380953
