threshold,count_above_threshold1,count_above_threshold2
5.345393180847168,0.9994232987312572,1.0
5.350393180847168,0.9994232987312572,1.0
5.355393180847168,0.9994232987312572,1.0
5.360393180847168,0.9994232987312572,1.0
5.3653931808471675,0.9994232987312572,1.0
5.370393180847167,0.9994232987312572,1.0
5.375393180847167,0.9994232987312572,0.9995730145175064
5.380393180847167,0.9994232987312572,0.9995730145175064
5.385393180847167,0.9994232987312572,0.9995730145175064
5.390393180847167,0.9994232987312572,0.9995730145175064
5.395393180847167,0.9994232987312572,0.9995730145175064
5.400393180847167,0.9994232987312572,0.9995730145175064
5.405393180847167,0.9988465974625144,0.9995730145175064
5.410393180847167,0.9988465974625144,0.9995730145175064
5.4153931808471665,0.9988465974625144,0.9995730145175064
5.420393180847166,0.9982698961937716,0.9995730145175064
5.425393180847166,0.9982698961937716,0.9995730145175064
5.430393180847166,0.9971164936562861,0.9995730145175064
5.435393180847166,0.9971164936562861,0.9995730145175064
5.440393180847166,0.9971164936562861,0.9995730145175064
5.445393180847166,0.9971164936562861,0.9995730145175064
5.450393180847166,0.9965397923875432,0.9991460290350128
5.455393180847166,0.9965397923875432,0.9991460290350128
5.4603931808471655,0.9959630911188004,0.9991460290350128
5.465393180847165,0.9948096885813149,0.9991460290350128
5.470393180847165,0.9948096885813149,0.9991460290350128
5.475393180847165,0.9948096885813149,0.9991460290350128
5.480393180847165,0.9936562860438293,0.9991460290350128
5.485393180847165,0.9925028835063437,0.9991460290350128
5.490393180847165,0.9901960784313726,0.9987190435525192
5.495393180847165,0.9878892733564014,0.9987190435525192
5.500393180847165,0.986159169550173,0.9982920580700256
5.505393180847165,0.9855824682814303,0.9982920580700256
5.5103931808471645,0.9832756632064591,0.9982920580700256
5.515393180847164,0.9826989619377162,0.997865072587532
5.520393180847164,0.9815455594002307,0.997865072587532
5.525393180847164,0.9792387543252595,0.9970111016225448
5.530393180847164,0.9763552479815456,0.9970111016225448
5.535393180847164,0.9746251441753172,0.9970111016225448
5.540393180847164,0.9717416378316033,0.9970111016225448
5.545393180847164,0.9700115340253749,0.9970111016225448
5.550393180847164,0.9688581314878892,0.9970111016225448
5.5553931808471635,0.967128027681661,0.9970111016225448
5.560393180847163,0.9642445213379469,0.9965841161400513
5.565393180847163,0.9590542099192618,0.9965841161400513
5.570393180847163,0.9561707035755479,0.9965841161400513
5.575393180847163,0.9527104959630911,0.9961571306575576
5.580393180847163,0.947520184544406,0.9953031596925704
5.585393180847163,0.9434832756632064,0.9944491887275833
5.590393180847163,0.9400230680507498,0.9944491887275833
5.595393180847163,0.9342560553633218,0.9944491887275833
5.6003931808471625,0.9307958477508651,0.9944491887275833
5.605393180847162,0.9290657439446367,0.9931682322801024
5.610393180847162,0.9256055363321799,0.9918872758326217
5.615393180847162,0.9209919261822376,0.9901793339026473
5.620393180847162,0.9158016147635525,0.9901793339026473
5.625393180847162,0.9106113033448674,0.9897523484201537
5.630393180847162,0.9054209919261822,0.988471391972673
5.635393180847162,0.9019607843137255,0.9880444064901793
5.640393180847162,0.8990772779700116,0.9867634500426985
5.645393180847162,0.8910034602076125,0.9859094790777113
5.6503931808471615,0.8858131487889274,0.9854824935952178
5.655393180847161,0.878316032295271,0.9846285226302306
5.660393180847161,0.8719723183391004,0.984201537147737
5.665393180847161,0.8650519031141869,0.9824935952177626
5.670393180847161,0.8610149942329873,0.9812126387702819
5.675393180847161,0.8558246828143022,0.9795046968403074
5.680393180847161,0.8471741637831603,0.9782237403928267
5.685393180847161,0.8414071510957324,0.977796754910333
5.690393180847161,0.8333333333333334,0.9765157984628523
5.6953931808471605,0.8298731257208766,0.9748078565328779
5.70039318084716,0.8241061130334487,0.9730999146029035
5.70539318084716,0.8189158016147635,0.9713919726729291
5.71039318084716,0.8131487889273357,0.9701110162254484
5.71539318084716,0.8068050749711649,0.9675491033304867
5.72039318084716,0.8004613610149942,0.9666951323654995
5.72539318084716,0.7923875432525952,0.9649871904355252
5.73039318084716,0.7831603229527105,0.9632792485055508
5.73539318084716,0.7768166089965398,0.9607173356105893
5.7403931808471595,0.7675893886966552,0.9590093936806149
5.745393180847159,0.759515570934256,0.9564474807856533
5.750393180847159,0.7479815455594002,0.9534585824081981
5.755393180847159,0.7393310265282583,0.9508966695132366
5.760393180847159,0.7318339100346021,0.9483347566182749
5.765393180847159,0.7249134948096886,0.9466268146883006
5.770393180847159,0.7116493656286044,0.944064901793339
5.775393180847159,0.701845444059977,0.9427839453458582
5.780393180847159,0.6914648212226067,0.9406490179333903
5.785393180847159,0.6816608996539792,0.9368061485909479
5.7903931808471585,0.674163783160323,0.9350982066609735
5.795393180847158,0.6655132641291811,0.9329632792485055
5.800393180847158,0.657439446366782,0.932536293766012
5.805393180847158,0.6505190311418685,0.9299743808710503
5.810393180847158,0.6412918108419838,0.9274124679760888
5.815393180847158,0.6332179930795848,0.9261315115286081
5.820393180847158,0.6274509803921569,0.9222886421861657
5.825393180847158,0.6211072664359861,0.9205807002561913
5.830393180847158,0.6066897347174164,0.9184457728437233
5.8353931808471575,0.5974625144175317,0.9167378309137489
5.840393180847157,0.5905420991926182,0.9150298889837746
5.845393180847157,0.5732410611303345,0.9116140051238258
5.850393180847157,0.566320645905421,0.9077711357813835
5.855393180847157,0.5570934256055363,0.9022203245089667
5.860393180847157,0.5495963091118801,0.898804440649018
5.865393180847157,0.5432525951557093,0.8975234842015372
5.870393180847157,0.5351787773933102,0.8958155422715628
5.875393180847157,0.5259515570934256,0.8911187019641332
5.880393180847157,0.5149942329873126,0.8864218616567037
5.8853931808471565,0.5,0.8830059777967549
5.890393180847156,0.4930795847750865,0.8812980358667806
5.895393180847156,0.4809688581314879,0.8778821520068317
5.900393180847156,0.47520184544405997,0.8761742100768574
5.905393180847156,0.4671280276816609,0.8727583262169086
5.910393180847156,0.45674740484429066,0.8710503842869343
5.915393180847156,0.4486735870818916,0.8680614859094791
5.920393180847156,0.43771626297577854,0.8642186165670367
5.925393180847156,0.43079584775086505,0.8620836891545688
5.9303931808471555,0.4204152249134948,0.860802732707088
5.935393180847155,0.4146482122260669,0.856532877882152
5.940393180847155,0.408881199538639,0.8539709649871904
5.945393180847155,0.4031141868512111,0.8509820666097353
5.950393180847155,0.39273356401384085,0.8479931682322801
5.955393180847155,0.381199538638985,0.8462852263023057
5.960393180847155,0.37254901960784315,0.8441502988898377
5.965393180847155,0.3627450980392157,0.840734415029889
5.970393180847155,0.3546712802768166,0.8390264730999146
5.9753931808471545,0.3500576701268743,0.8368915456874466
5.980393180847154,0.3419838523644752,0.8334756618274979
5.985393180847154,0.3350634371395617,0.8309137489325363
5.990393180847154,0.3264129181084198,0.827070879590094
5.995393180847154,0.3223760092272203,0.8236549957301452
6.000393180847154,0.314878892733564,0.8198121263877028
6.005393180847154,0.30565167243367936,0.8151152860802733
6.010393180847154,0.29873125720876587,0.8125533731853117
6.015393180847154,0.2889273356401384,0.8095644748078565
6.020393180847154,0.28431372549019607,0.8074295473953885
6.0253931808471535,0.27854671280276816,0.8044406490179334
6.030393180847153,0.2722029988465975,0.8035866780529461
6.035393180847153,0.2681660899653979,0.8010247651579846
6.040393180847153,0.2629757785467128,0.7976088812980359
6.045393180847153,0.25836216839677045,0.7950469684030743
6.050393180847153,0.25259515570934254,0.7916310845431256
6.055393180847153,0.24798154555940022,0.786934244235696
6.060393180847153,0.24452133794694347,0.7835183603757472
6.065393180847153,0.23760092272202998,0.7813834329632793
6.0703931808471525,0.23183391003460208,0.7779675491033304
6.075393180847152,0.22837370242214533,0.7745516652433817
6.080393180847152,0.223760092272203,0.7719897523484202
6.085393180847152,0.2185697808535179,0.7698548249359521
6.090393180847152,0.21453287197231835,0.7660119555935099
6.095393180847152,0.20818915801614762,0.7617421007685738
6.100393180847152,0.20184544405997693,0.759607173356106
6.105393180847152,0.1966551326412918,0.7553373185311699
6.110393180847152,0.19434832756632064,0.7519214346712212
6.1153931808471516,0.18685121107266436,0.7502134927412468
6.1203931808471514,0.1845444059976932,0.7442356959863364
6.125393180847151,0.18108419838523646,0.7408198121263877
6.130393180847151,0.17531718569780855,0.7382578992314262
6.135393180847151,0.1707035755478662,0.7339880444064901
6.140393180847151,0.16782006920415224,0.7314261315115286
6.145393180847151,0.16493656286043828,0.728864218616567
6.150393180847151,0.16262975778546712,0.7271562766865927
6.155393180847151,0.157439446366782,0.7245943637916311
6.160393180847151,0.15282583621683968,0.7220324508966696
6.1653931808471505,0.14648212226066898,0.7198975234842016
6.17039318084715,0.14417531718569782,0.71733561058924
6.17539318084715,0.1389850057670127,0.7160546541417592
6.18039318084715,0.13552479815455595,0.7143467122117848
6.18539318084715,0.13494809688581316,0.7113578138343296
6.19039318084715,0.13206459054209918,0.7096498719043552
6.19539318084715,0.12745098039215685,0.7070879590093937
6.20039318084715,0.12399077277970011,0.7040990606319385
6.20539318084715,0.12110726643598616,0.7019641332194705
6.2103931808471495,0.12053056516724336,0.7011101622544833
6.215393180847149,0.11707035755478662,0.6989752348420154
6.220393180847149,0.11014994232987313,0.697267292912041
6.225393180847149,0.10726643598615918,0.6942783945345858
6.230393180847149,0.10553633217993079,0.6921434671221178
6.235393180847149,0.10322952710495963,0.6904355251921435
6.240393180847149,0.10149942329873125,0.6870196413321947
6.245393180847149,0.09919261822376009,0.6840307429547395
6.250393180847149,0.09746251441753172,0.6806148590947908
6.255393180847149,0.09573241061130335,0.6784799316823228
6.2603931808471485,0.09284890426758939,0.6754910333048676
6.265393180847148,0.08996539792387544,0.6737830913748932
6.270393180847148,0.08881199538638986,0.6720751494449189
6.275393180847148,0.08592848904267589,0.6690862510674637
6.280393180847148,0.08362168396770472,0.6656703672075149
6.285393180847148,0.08016147635524798,0.6622544833475662
6.290393180847148,0.07958477508650519,0.6605465414175918
6.295393180847148,0.0784313725490196,0.6584116140051238
6.300393180847148,0.07612456747404844,0.6558497011101623
6.3053931808471475,0.07497116493656286,0.6545687446626814
6.310393180847147,0.07439446366782007,0.6515798462852262
6.315393180847147,0.07381776239907728,0.6485909479077712
6.320393180847147,0.07208765859284891,0.6460290350128096
6.325393180847147,0.07093425605536333,0.6443210930828351
6.330393180847147,0.06862745098039216,0.6426131511528608
6.335393180847147,0.06862745098039216,0.6383432963279249
6.340393180847147,0.06747404844290658,0.6362083689154568
6.345393180847147,0.06747404844290658,0.6340734415029889
6.3503931808471465,0.06632064590542099,0.6336464560204953
6.355393180847146,0.0657439446366782,0.6319385140905209
6.360393180847146,0.06401384083044982,0.6285226302305722
6.365393180847146,0.06401384083044982,0.627668659265585
6.370393180847146,0.06286043829296424,0.625533731853117
6.375393180847146,0.06170703575547866,0.6216908625106746
6.380393180847146,0.059400230680507496,0.6191289496157131
6.385393180847146,0.058823529411764705,0.6182749786507259
6.390393180847146,0.05709342560553633,0.6165670367207515
6.395393180847146,0.05709342560553633,0.6148590947907772
6.4003931808471455,0.05709342560553633,0.6148590947907772
6.405393180847145,0.05594002306805075,0.6122971818958155
6.410393180847145,0.0530565167243368,0.6101622544833476
6.415393180847145,0.052479815455594,0.6058923996584116
6.420393180847145,0.05190311418685121,0.6050384286934244
6.425393180847145,0.05132641291810842,0.60333048676345
6.430393180847145,0.05074971164936563,0.6016225448334757
6.435393180847145,0.050173010380622836,0.5999146029035013
6.440393180847145,0.049596309111880045,0.5973526900085397
6.4453931808471445,0.049596309111880045,0.5956447480785654
6.450393180847144,0.04786620530565167,0.5943637916310845
6.455393180847144,0.04728950403690888,0.5930828351836037
6.460393180847144,0.0461361014994233,0.5913748932536294
6.465393180847144,0.04440599769319493,0.5892399658411615
6.470393180847144,0.04440599769319493,0.5871050384286934
6.475393180847144,0.04325259515570934,0.5858240819812126
6.480393180847144,0.04209919261822376,0.5828351836037575
6.485393180847144,0.040945790080738176,0.5807002561912895
6.490393180847144,0.040369088811995385,0.5789923142613151
6.4953931808471435,0.039792387543252594,0.5772843723313408
6.500393180847143,0.039792387543252594,0.57600341588386
6.505393180847143,0.039792387543252594,0.5734415029888984
6.510393180847143,0.0392156862745098,0.5713065755764304
6.515393180847143,0.03863898500576701,0.569598633646456
6.520393180847143,0.03748558246828143,0.5670367207514945
6.525393180847143,0.03690888119953864,0.5666097352690008
6.530393180847143,0.03690888119953864,0.5657557643040136
6.535393180847143,0.03633217993079585,0.5644748078565329
6.5403931808471425,0.03633217993079585,0.5631938514090521
6.545393180847142,0.03575547866205306,0.5610589239965841
6.550393180847142,0.03575547866205306,0.5593509820666097
6.555393180847142,0.03575547866205306,0.558070025619129
6.560393180847142,0.03575547866205306,0.5567890691716482
6.565393180847142,0.03575547866205306,0.5546541417591802
6.570393180847142,0.03575547866205306,0.5525192143467123
6.575393180847142,0.03575547866205306,0.5508112724167379
6.580393180847142,0.03460207612456748,0.549530315969257
6.5853931808471415,0.03460207612456748,0.5478223740392827
6.590393180847141,0.03460207612456748,0.5456874466268147
6.595393180847141,0.03460207612456748,0.5426985482493595
6.600393180847141,0.03460207612456748,0.5409906063193851
6.605393180847141,0.03460207612456748,0.5397096498719044
6.610393180847141,0.03460207612456748,0.5388556789069172
6.615393180847141,0.03460207612456748,0.5367207514944492
6.620393180847141,0.03460207612456748,0.5354397950469684
6.625393180847141,0.034025374855824686,0.5345858240819812
6.630393180847141,0.0328719723183391,0.5333048676345005
6.6353931808471405,0.0328719723183391,0.531596925704526
6.64039318084714,0.03229527104959631,0.5298889837745516
6.64539318084714,0.03229527104959631,0.5277540563620837
6.65039318084714,0.031718569780853516,0.5251921434671221
6.65539318084714,0.031718569780853516,0.5226302305721605
6.66039318084714,0.031718569780853516,0.520068317677199
6.66539318084714,0.031718569780853516,0.5192143467122118
6.67039318084714,0.031141868512110725,0.517933390264731
6.67539318084714,0.031141868512110725,0.5170794192997438
6.6803931808471395,0.031141868512110725,0.5149444918872759
6.685393180847139,0.030565167243367934,0.513663535439795
6.690393180847139,0.030565167243367934,0.5128095644748079
6.695393180847139,0.029988465974625143,0.5119555935098207
6.700393180847139,0.029411764705882353,0.5111016225448335
6.705393180847139,0.029411764705882353,0.5111016225448335
6.710393180847139,0.02825836216839677,0.5093936806148591
6.715393180847139,0.02825836216839677,0.5072587532023911
6.720393180847139,0.02825836216839677,0.5055508112724167
6.7253931808471386,0.02825836216839677,0.5046968403074296
6.7303931808471384,0.02768166089965398,0.5042698548249359
6.735393180847138,0.02768166089965398,0.5025619128949615
6.740393180847138,0.02768166089965398,0.502134927412468
6.745393180847138,0.02768166089965398,0.5012809564474808
6.750393180847138,0.02710495963091119,0.4995730145175064
6.755393180847138,0.02710495963091119,0.49829205807002563
6.760393180847138,0.02710495963091119,0.49743808710503845
6.765393180847138,0.02710495963091119,0.4965841161400512
6.770393180847138,0.0265282583621684,0.49487617421007685
6.7753931808471375,0.0265282583621684,0.4923142613151153
6.780393180847137,0.0265282583621684,0.4914602903501281
6.785393180847137,0.0265282583621684,0.4910333048676345
6.790393180847137,0.0265282583621684,0.4884713919726729
6.795393180847137,0.025951557093425604,0.48761742100768574
6.800393180847137,0.025951557093425604,0.48676345004269855
6.805393180847137,0.025951557093425604,0.4854824935952178
6.810393180847137,0.025951557093425604,0.48377455166524336
6.815393180847137,0.025374855824682813,0.4829205807002562
6.8203931808471365,0.025374855824682813,0.482066609735269
6.825393180847136,0.025374855824682813,0.4812126387702818
6.830393180847136,0.025374855824682813,0.47907771135781385
6.835393180847136,0.025374855824682813,0.47651579846285225
6.840393180847136,0.025374855824682813,0.4752348420153715
6.845393180847136,0.025374855824682813,0.4739538855678907
6.850393180847136,0.025374855824682813,0.4735269000853971
6.855393180847136,0.025374855824682813,0.4730999146029035
6.860393180847136,0.025374855824682813,0.4713919726729291
6.865393180847136,0.025374855824682813,0.4701110162254483
6.8703931808471355,0.025374855824682813,0.46883005977796754
6.875393180847135,0.025374855824682813,0.46840307429547395
6.880393180847135,0.025374855824682813,0.4671221178479932
6.885393180847135,0.025374855824682813,0.4658411614005124
6.890393180847135,0.025374855824682813,0.464133219470538
6.895393180847135,0.025374855824682813,0.4637062339880444
6.900393180847135,0.025374855824682813,0.46199829205807
6.905393180847135,0.024798154555940023,0.46029035012809566
6.910393180847135,0.024798154555940023,0.4590093936806149
6.9153931808471345,0.024798154555940023,0.4568744662681469
6.920393180847134,0.024798154555940023,0.4564474807856533
6.925393180847134,0.024798154555940023,0.4551665243381725
6.930393180847134,0.024798154555940023,0.4547395388556789
6.935393180847134,0.024798154555940023,0.45345858240819814
6.940393180847134,0.024798154555940023,0.45260461144321096
6.945393180847134,0.02364475201845444,0.4517506404782237
6.950393180847134,0.02364475201845444,0.45089666951323654
6.955393180847134,0.02364475201845444,0.44918872758326217
6.9603931808471335,0.02364475201845444,0.4479077711357814
6.965393180847133,0.02364475201845444,0.4474807856532878
6.970393180847133,0.02364475201845444,0.4466268146883006
6.975393180847133,0.02364475201845444,0.446199829205807
6.980393180847133,0.02364475201845444,0.44321093082835183
6.985393180847133,0.02364475201845444,0.44235695986336465
6.990393180847133,0.02306805074971165,0.4402220324508967
6.995393180847133,0.02306805074971165,0.43936806148590946
7.000393180847133,0.02306805074971165,0.4380871050384287
7.005393180847133,0.02306805074971165,0.4368061485909479
7.0103931808471325,0.02306805074971165,0.43467122117847995
7.015393180847132,0.02306805074971165,0.43296327924850553
7.020393180847132,0.02306805074971165,0.43168232280102475
7.025393180847132,0.02306805074971165,0.430401366353544
7.030393180847132,0.02306805074971165,0.4291204099060632
7.035393180847132,0.02306805074971165,0.42783945345858243
7.040393180847132,0.02306805074971165,0.4265584970111016
7.045393180847132,0.02306805074971165,0.42442356959863364
7.050393180847132,0.02306805074971165,0.42356959863364646
7.0553931808471315,0.02306805074971165,0.4227156276686593
7.060393180847131,0.02306805074971165,0.4210076857386849
7.065393180847131,0.02306805074971165,0.4210076857386849
7.070393180847131,0.02306805074971165,0.4201537147736977
7.075393180847131,0.02306805074971165,0.4197267292912041
7.080393180847131,0.02306805074971165,0.4192997438087105
7.085393180847131,0.02306805074971165,0.4184457728437233
7.090393180847131,0.02306805074971165,0.41631084543125535
7.095393180847131,0.02306805074971165,0.41631084543125535
7.100393180847131,0.02306805074971165,0.41545687446626817
7.1053931808471305,0.02306805074971165,0.4150298889837746
7.11039318084713,0.02306805074971165,0.41332194705380015
7.11539318084713,0.02306805074971165,0.4120409906063194
7.12039318084713,0.02306805074971165,0.4111870196413322
7.12539318084713,0.02306805074971165,0.40905209222886424
7.13039318084713,0.02249134948096886,0.4077711357813834
7.13539318084713,0.02249134948096886,0.4073441502988898
7.14039318084713,0.02249134948096886,0.40606319385140904
7.14539318084713,0.02249134948096886,0.40478223740392827
7.1503931808471295,0.02249134948096886,0.4039282664389411
7.155393180847129,0.02249134948096886,0.4017933390264731
7.160393180847129,0.02191464821222607,0.3996584116140051
7.165393180847129,0.02191464821222607,0.3996584116140051
7.170393180847129,0.021337946943483274,0.3996584116140051
7.175393180847129,0.021337946943483274,0.39880444064901793
7.180393180847129,0.020761245674740483,0.39752348420153716
7.185393180847129,0.020761245674740483,0.39752348420153716
7.190393180847129,0.020761245674740483,0.39666951323655
7.1953931808471285,0.020761245674740483,0.3958155422715628
7.200393180847128,0.020761245674740483,0.39410760034158837
7.205393180847128,0.020761245674740483,0.392399658411614
7.210393180847128,0.020761245674740483,0.3919726729291204
7.215393180847128,0.020761245674740483,0.39111870196413323
7.220393180847128,0.020761245674740483,0.38941076003415886
7.225393180847128,0.020761245674740483,0.3889837745516652
7.230393180847128,0.020761245674740483,0.3885567890691716
7.235393180847128,0.020761245674740483,0.38684884713919726
7.240393180847128,0.020761245674740483,0.3842869342442357
7.2453931808471275,0.020761245674740483,0.38300597779675494
7.250393180847127,0.020761245674740483,0.3821520068317677
7.255393180847127,0.020761245674740483,0.3812980358667805
7.260393180847127,0.020761245674740483,0.3808710503842869
7.265393180847127,0.020761245674740483,0.38001707941929974
7.270393180847127,0.020184544405997693,0.37959009393680615
7.275393180847127,0.020184544405997693,0.3783091374893254
7.280393180847127,0.020184544405997693,0.3770281810418446
7.285393180847127,0.020184544405997693,0.376601195559351
7.2903931808471265,0.020184544405997693,0.374466268146883
7.295393180847126,0.020184544405997693,0.3740392826643894
7.300393180847126,0.020184544405997693,0.37275832621690863
7.305393180847126,0.020184544405997693,0.3706233988044407
7.310393180847126,0.0196078431372549,0.36934244235695984
7.315393180847126,0.0196078431372549,0.36848847139197266
7.320393180847126,0.0196078431372549,0.36848847139197266
7.325393180847126,0.0196078431372549,0.36806148590947907
7.330393180847126,0.01903114186851211,0.3663535439795047
7.3353931808471255,0.01903114186851211,0.3654995730145175
7.340393180847125,0.01903114186851211,0.36464560204953034
7.345393180847125,0.01903114186851211,0.36421861656703675
7.350393180847125,0.01903114186851211,0.3633646456020495
7.355393180847125,0.01903114186851211,0.36122971818958155
7.360393180847125,0.01903114186851211,0.36122971818958155
7.365393180847125,0.01903114186851211,0.36080273270708796
7.370393180847125,0.01903114186851211,0.3590947907771136
7.375393180847125,0.01903114186851211,0.356532877882152
7.380393180847125,0.01903114186851211,0.3556789069171648
7.3853931808471245,0.01903114186851211,0.3552519214346712
7.390393180847124,0.01903114186851211,0.35354397950469685
7.395393180847124,0.01903114186851211,0.35269000853970967
7.400393180847124,0.01903114186851211,0.3514090520922289
7.405393180847124,0.01903114186851211,0.35012809564474806
7.410393180847124,0.01903114186851211,0.35012809564474806
7.415393180847124,0.01903114186851211,0.3492741246797609
7.420393180847124,0.01903114186851211,0.3475661827497865
7.425393180847124,0.01903114186851211,0.3471391972672929
7.4303931808471235,0.01903114186851211,0.34543125533731855
7.435393180847123,0.01903114186851211,0.3441502988898377
7.440393180847123,0.01903114186851211,0.34286934244235695
7.445393180847123,0.01903114186851211,0.3415883859948762
7.450393180847123,0.01903114186851211,0.3411614005123826
7.455393180847123,0.01903114186851211,0.3394534585824082
7.460393180847123,0.01903114186851211,0.3390264730999146
7.465393180847123,0.01903114186851211,0.3377455166524338
7.470393180847123,0.01903114186851211,0.3368915456874466
7.475393180847123,0.01903114186851211,0.336464560204953
7.4803931808471225,0.01903114186851211,0.33561058923996584
7.485393180847122,0.01903114186851211,0.33518360375747225
7.490393180847122,0.01903114186851211,0.33475661827497866
7.495393180847122,0.01903114186851211,0.3339026473099915
7.500393180847122,0.01903114186851211,0.3334756618274979
7.505393180847122,0.01903114186851211,0.33219470538001705
7.510393180847122,0.01903114186851211,0.33134073441502987
7.515393180847122,0.01903114186851211,0.3309137489325363
7.520393180847122,0.01903114186851211,0.3296327924850555
7.5253931808471215,0.01903114186851211,0.3296327924850555
7.530393180847121,0.01903114186851211,0.3296327924850555
7.535393180847121,0.01903114186851211,0.3292058070025619
7.540393180847121,0.01903114186851211,0.32835183603757473
7.545393180847121,0.01903114186851211,0.32707087959009395
7.550393180847121,0.01903114186851211,0.32621690862510677
7.555393180847121,0.01903114186851211,0.32536293766011953
7.560393180847121,0.01903114186851211,0.32450896669513235
7.565393180847121,0.01903114186851211,0.322801024765158
7.5703931808471205,0.01903114186851211,0.3215200683176772
7.57539318084712,0.01903114186851211,0.32066609735269
7.58039318084712,0.01903114186851211,0.32066609735269
7.58539318084712,0.01903114186851211,0.32023911187019644
7.59039318084712,0.01903114186851211,0.32023911187019644
7.59539318084712,0.01903114186851211,0.31981212638770284
7.60039318084712,0.01903114186851211,0.3193851409052092
7.60539318084712,0.01903114186851211,0.31767719897523483
7.61039318084712,0.01903114186851211,0.31639624252775406
7.61539318084712,0.01903114186851211,0.3146883005977797
7.6203931808471195,0.01903114186851211,0.3125533731853117
7.625393180847119,0.01903114186851211,0.30999146029035013
7.630393180847119,0.01903114186851211,0.30913748932536295
7.635393180847119,0.01845444059976932,0.307002561912895
7.640393180847119,0.01845444059976932,0.30657557643040134
7.645393180847119,0.01845444059976932,0.304867634500427
7.650393180847119,0.01845444059976932,0.3031596925704526
7.655393180847119,0.01787773933102653,0.302732707087959
7.660393180847119,0.01787773933102653,0.3023057216054654
7.6653931808471185,0.01787773933102653,0.30187873612297184
7.670393180847118,0.01787773933102653,0.30187873612297184
7.675393180847118,0.01787773933102653,0.30187873612297184
7.680393180847118,0.01787773933102653,0.30102476515798465
7.685393180847118,0.01787773933102653,0.30102476515798465
7.690393180847118,0.01787773933102653,0.29846285226302305
7.695393180847118,0.01787773933102653,0.29803586678052946
7.700393180847118,0.01787773933102653,0.29803586678052946
7.705393180847118,0.01787773933102653,0.2967549103330487
7.7103931808471176,0.01787773933102653,0.2959009393680615
7.7153931808471174,0.01787773933102653,0.2959009393680615
7.720393180847117,0.01730103806228374,0.2959009393680615
7.725393180847117,0.01730103806228374,0.2959009393680615
7.730393180847117,0.01730103806228374,0.2954739538855679
7.735393180847117,0.01730103806228374,0.2954739538855679
7.740393180847117,0.01730103806228374,0.2954739538855679
7.745393180847117,0.01730103806228374,0.2941929974380871
7.750393180847117,0.01730103806228374,0.2941929974380871
7.755393180847117,0.01730103806228374,0.2941929974380871
7.7603931808471165,0.01730103806228374,0.2920580700256191
7.765393180847116,0.016724336793540944,0.29120409906063194
7.770393180847116,0.016724336793540944,0.29035012809564475
7.775393180847116,0.016724336793540944,0.29035012809564475
7.780393180847116,0.016724336793540944,0.28992314261315116
7.785393180847116,0.016724336793540944,0.28949615713065757
7.790393180847116,0.016724336793540944,0.2886421861656704
7.795393180847116,0.016724336793540944,0.28778821520068315
7.800393180847116,0.016724336793540944,0.28736122971818956
7.8053931808471155,0.016724336793540944,0.2860802732707088
7.810393180847115,0.016724336793540944,0.2856532877882152
7.815393180847115,0.016724336793540944,0.2843723313407344
7.820393180847115,0.016724336793540944,0.2839453458582408
7.825393180847115,0.016724336793540944,0.28266438941076005
7.830393180847115,0.016724336793540944,0.28266438941076005
7.835393180847115,0.016724336793540944,0.28181041844577287
7.840393180847115,0.016724336793540944,0.2813834329632792
7.845393180847115,0.016724336793540944,0.28095644748078563
7.850393180847115,0.016724336793540944,0.28052946199829204
7.8553931808471145,0.016724336793540944,0.27967549103330486
7.860393180847114,0.016724336793540944,0.27924850555081127
7.865393180847114,0.016724336793540944,0.2783945345858241
7.870393180847114,0.016724336793540944,0.2766865926558497
7.875393180847114,0.016724336793540944,0.2762596071733561
7.880393180847114,0.016724336793540944,0.27583262169086253
7.885393180847114,0.016724336793540944,0.2736976942783945
7.890393180847114,0.016724336793540944,0.27284372331340734
7.895393180847114,0.016724336793540944,0.27113578138343297
7.9003931808471135,0.016724336793540944,0.2702818104184458
7.905393180847113,0.016724336793540944,0.2702818104184458
7.910393180847113,0.016724336793540944,0.2694278394534586
7.915393180847113,0.016724336793540944,0.269000853970965
7.920393180847113,0.016724336793540944,0.269000853970965
7.925393180847113,0.016724336793540944,0.266865926558497
7.930393180847113,0.016724336793540944,0.266865926558497
7.935393180847113,0.016147635524798153,0.2655849701110162
7.940393180847113,0.016147635524798153,0.26473099914602904
7.9453931808471125,0.015570934256055362,0.2630230572160547
7.950393180847112,0.015570934256055362,0.26216908625106744
7.955393180847112,0.015570934256055362,0.26216908625106744
7.960393180847112,0.015570934256055362,0.26174210076857385
7.965393180847112,0.015570934256055362,0.26088812980358667
7.970393180847112,0.015570934256055362,0.2600341588385995
7.975393180847112,0.015570934256055362,0.2591801878736123
7.980393180847112,0.015570934256055362,0.2591801878736123
7.985393180847112,0.015570934256055362,0.25747224594363793
7.990393180847112,0.015570934256055362,0.25661827497865075
7.9953931808471115,0.015570934256055362,0.2553373185311699
8.000393180847112,0.015570934256055362,0.25320239111870196
8.005393180847111,0.015570934256055362,0.25320239111870196
8.01039318084711,0.015570934256055362,0.2523484201537148
8.015393180847111,0.015570934256055362,0.251067463706234
8.020393180847112,0.015570934256055362,0.251067463706234
8.02539318084711,0.015570934256055362,0.2502134927412468
8.03039318084711,0.015570934256055362,0.24893253629376602
8.03539318084711,0.015570934256055362,0.24893253629376602
8.040393180847111,0.015570934256055362,0.24893253629376602
8.04539318084711,0.015570934256055362,0.24850555081127243
8.05039318084711,0.015570934256055362,0.2480785653287788
8.05539318084711,0.015570934256055362,0.24765157984628522
8.060393180847111,0.015570934256055362,0.24722459436379163
8.06539318084711,0.015570934256055362,0.24722459436379163
8.070393180847109,0.015570934256055362,0.24679760888129804
8.07539318084711,0.015570934256055362,0.24594363791631085
8.08039318084711,0.015570934256055362,0.24551665243381726
8.08539318084711,0.015570934256055362,0.24466268146883005
8.090393180847109,0.014994232987312572,0.24423569598633646
8.09539318084711,0.014994232987312572,0.24423569598633646
8.10039318084711,0.014994232987312572,0.24380871050384287
8.10539318084711,0.014994232987312572,0.24295473953885569
8.110393180847108,0.014994232987312572,0.2425277540563621
8.115393180847109,0.014994232987312572,0.2412467976088813
8.12039318084711,0.014994232987312572,0.2403928266438941
8.125393180847109,0.014994232987312572,0.23953885567890693
8.130393180847108,0.014994232987312572,0.23911187019641333
8.135393180847108,0.014994232987312572,0.23825789923142612
8.14039318084711,0.014994232987312572,0.23740392826643894
8.145393180847108,0.014994232987312572,0.23740392826643894
8.150393180847107,0.014994232987312572,0.23740392826643894
8.155393180847108,0.014994232987312572,0.23740392826643894
8.160393180847109,0.014994232987312572,0.23697694278394535
8.165393180847108,0.014994232987312572,0.23654995730145176
8.170393180847107,0.014994232987312572,0.23612297181895817
8.175393180847108,0.014994232987312572,0.23612297181895817
8.180393180847108,0.014994232987312572,0.23484201537147736
8.185393180847107,0.014994232987312572,0.23441502988898377
8.190393180847106,0.014994232987312572,0.23441502988898377
8.195393180847107,0.014994232987312572,0.2327070879590094
8.200393180847108,0.014994232987312572,0.2327070879590094
8.205393180847107,0.014994232987312572,0.2318531169940222
8.210393180847106,0.014994232987312572,0.23057216054654142
8.215393180847107,0.014994232987312572,0.23057216054654142
8.220393180847108,0.014994232987312572,0.23014517506404783
8.225393180847107,0.014994232987312572,0.23014517506404783
8.230393180847106,0.014994232987312572,0.23014517506404783
8.235393180847106,0.014994232987312572,0.22971818958155424
8.240393180847107,0.014994232987312572,0.22929120409906062
8.245393180847106,0.014994232987312572,0.22929120409906062
8.250393180847105,0.014994232987312572,0.22886421861656703
8.255393180847106,0.014994232987312572,0.22801024765157984
8.260393180847107,0.014994232987312572,0.22801024765157984
8.265393180847106,0.014994232987312572,0.22801024765157984
8.270393180847105,0.014994232987312572,0.22801024765157984
8.275393180847106,0.014994232987312572,0.22758326216908625
8.280393180847106,0.014994232987312572,0.22758326216908625
8.285393180847105,0.014994232987312572,0.22672929120409907
8.290393180847104,0.014994232987312572,0.22672929120409907
8.295393180847105,0.014994232987312572,0.22672929120409907
8.300393180847106,0.014994232987312572,0.22544833475661827
8.305393180847105,0.014994232987312572,0.22459436379163109
8.310393180847104,0.014994232987312572,0.2233134073441503
8.315393180847105,0.014994232987312572,0.2228864218616567
8.320393180847105,0.014994232987312572,0.2224594363791631
8.325393180847104,0.014994232987312572,0.22160546541417592
8.330393180847103,0.014994232987312572,0.22075149444918873
8.335393180847104,0.014994232987312572,0.22032450896669514
8.340393180847105,0.014994232987312572,0.22032450896669514
8.345393180847104,0.014994232987312572,0.22032450896669514
8.350393180847103,0.014994232987312572,0.21989752348420152
8.355393180847104,0.014994232987312572,0.21947053800170793
8.360393180847105,0.014994232987312572,0.21947053800170793
8.365393180847104,0.014994232987312572,0.21904355251921434
8.370393180847103,0.014994232987312572,0.21861656703672075
8.375393180847103,0.014994232987312572,0.21733561058923997
8.380393180847104,0.014994232987312572,0.21733561058923997
8.385393180847103,0.014994232987312572,0.21690862510674638
8.390393180847102,0.014994232987312572,0.21605465414175917
8.395393180847103,0.014994232987312572,0.21605465414175917
8.400393180847104,0.014994232987312572,0.21605465414175917
8.405393180847103,0.01441753171856978,0.2147736976942784
8.410393180847102,0.01441753171856978,0.2143467122117848
8.415393180847103,0.01441753171856978,0.2143467122117848
8.420393180847103,0.01441753171856978,0.21391972672929122
8.425393180847102,0.01441753171856978,0.213065755764304
8.430393180847101,0.01441753171856978,0.213065755764304
8.435393180847102,0.01441753171856978,0.2126387702818104
8.440393180847103,0.01441753171856978,0.21135781383432964
8.445393180847102,0.01441753171856978,0.21093082835183605
8.450393180847101,0.01441753171856978,0.21007685738684884
8.455393180847102,0.01441753171856978,0.20964987190435525
8.460393180847102,0.01441753171856978,0.20922288642186165
8.465393180847101,0.01441753171856978,0.20836891545687447
8.4703931808471,0.01441753171856978,0.2075149444918873
8.475393180847101,0.01441753171856978,0.20708795900939367
8.480393180847102,0.01441753171856978,0.20708795900939367
8.485393180847101,0.01441753171856978,0.20666097352690008
8.4903931808471,0.01441753171856978,0.20666097352690008
8.4953931808471,0.01441753171856978,0.20666097352690008
8.500393180847102,0.01441753171856978,0.20666097352690008
8.5053931808471,0.01441753171856978,0.20623398804440649
8.5103931808471,0.01441753171856978,0.2058070025619129
8.5153931808471,0.01441753171856978,0.20452604611443212
8.520393180847101,0.01441753171856978,0.20281810418445773
8.5253931808471,0.01441753171856978,0.20153714773697695
8.5303931808471,0.01441753171856978,0.20111016225448336
8.5353931808471,0.01441753171856978,0.20111016225448336
8.5403931808471,0.01441753171856978,0.19940222032450897
8.5453931808471,0.01441753171856978,0.19940222032450897
8.550393180847099,0.01441753171856978,0.19940222032450897
8.5553931808471,0.01441753171856978,0.19940222032450897
8.5603931808471,0.01441753171856978,0.19897523484201537
8.5653931808471,0.01441753171856978,0.19897523484201537
8.570393180847098,0.01441753171856978,0.19897523484201537
8.5753931808471,0.01441753171856978,0.19897523484201537
8.5803931808471,0.01441753171856978,0.19769427839453457
8.585393180847099,0.01441753171856978,0.19726729291204098
8.590393180847098,0.01441753171856978,0.1968403074295474
8.595393180847099,0.01441753171856978,0.1968403074295474
8.6003931808471,0.01441753171856978,0.1959863364645602
8.605393180847098,0.01441753171856978,0.1959863364645602
8.610393180847097,0.01441753171856978,0.19555935098206662
8.615393180847098,0.01441753171856978,0.19385140905209222
8.620393180847099,0.01441753171856978,0.19385140905209222
8.625393180847098,0.01441753171856978,0.19385140905209222
8.630393180847097,0.01441753171856978,0.19342442356959863
8.635393180847098,0.01441753171856978,0.19214346712211786
8.640393180847099,0.01441753171856978,0.19214346712211786
8.645393180847098,0.01441753171856978,0.19171648163962426
8.650393180847097,0.01441753171856978,0.19171648163962426
8.655393180847097,0.01441753171856978,0.19128949615713065
8.660393180847098,0.01441753171856978,0.19128949615713065
8.665393180847097,0.01384083044982699,0.19086251067463705
8.670393180847096,0.0132641291810842,0.19043552519214346
8.675393180847097,0.0132641291810842,0.19043552519214346
8.680393180847098,0.0132641291810842,0.19000853970964987
8.685393180847097,0.0132641291810842,0.19000853970964987
8.690393180847096,0.0132641291810842,0.19000853970964987
8.695393180847097,0.0132641291810842,0.19000853970964987
8.700393180847097,0.0132641291810842,0.1883005977796755
8.705393180847096,0.0132641291810842,0.1874466268146883
8.710393180847095,0.0132641291810842,0.1870196413321947
8.715393180847096,0.0132641291810842,0.18573868488471393
8.720393180847097,0.0132641291810842,0.18531169940222034
8.725393180847096,0.0132641291810842,0.18360375747224594
8.730393180847095,0.0132641291810842,0.18317677198975235
8.735393180847096,0.0132641291810842,0.18274978650725876
8.740393180847096,0.0132641291810842,0.18104184457728437
8.745393180847095,0.0132641291810842,0.1789069171648164
8.750393180847094,0.0132641291810842,0.1780529461998292
8.755393180847095,0.0132641291810842,0.1780529461998292
8.760393180847096,0.0132641291810842,0.1776259607173356
8.765393180847095,0.0132641291810842,0.17719897523484202
8.770393180847094,0.0132641291810842,0.17719897523484202
8.775393180847095,0.0132641291810842,0.17591801878736124
8.780393180847096,0.0132641291810842,0.17591801878736124
8.785393180847095,0.0132641291810842,0.17591801878736124
8.790393180847094,0.0132641291810842,0.17549103330486762
8.795393180847094,0.0132641291810842,0.17549103330486762
8.800393180847095,0.012687427912341407,0.17549103330486762
8.805393180847094,0.012687427912341407,0.17506404782237403
8.810393180847093,0.012687427912341407,0.17463706233988044
8.815393180847094,0.012687427912341407,0.17463706233988044
8.820393180847095,0.012687427912341407,0.17421007685738685
8.825393180847094,0.012687427912341407,0.17378309137489326
8.830393180847093,0.012687427912341407,0.17378309137489326
8.835393180847094,0.012687427912341407,0.17335610589239966
8.840393180847094,0.012110726643598616,0.17292912040990607
8.845393180847093,0.012110726643598616,0.17292912040990607
8.850393180847092,0.012110726643598616,0.17250213492741248
8.855393180847093,0.012110726643598616,0.17207514944491886
8.860393180847094,0.012110726643598616,0.17207514944491886
8.865393180847093,0.012110726643598616,0.17122117847993168
8.870393180847092,0.011534025374855825,0.17122117847993168
8.875393180847093,0.011534025374855825,0.1703672075149445
8.880393180847094,0.011534025374855825,0.1699402220324509
8.885393180847093,0.011534025374855825,0.1699402220324509
8.890393180847092,0.011534025374855825,0.1699402220324509
8.895393180847092,0.011534025374855825,0.1695132365499573
8.900393180847093,0.011534025374855825,0.1682322801024765
8.905393180847092,0.011534025374855825,0.16780529461998292
8.910393180847091,0.011534025374855825,0.16737830913748933
8.915393180847092,0.011534025374855825,0.16652433817250215
8.920393180847093,0.011534025374855825,0.16652433817250215
8.925393180847092,0.011534025374855825,0.16652433817250215
8.93039318084709,0.011534025374855825,0.16652433817250215
8.935393180847091,0.011534025374855825,0.16652433817250215
8.940393180847092,0.011534025374855825,0.16652433817250215
8.945393180847091,0.011534025374855825,0.16567036720751493
8.95039318084709,0.011534025374855825,0.16524338172502134
8.955393180847091,0.011534025374855825,0.16524338172502134
8.960393180847092,0.011534025374855825,0.16438941076003416
8.96539318084709,0.011534025374855825,0.16353543979504698
8.97039318084709,0.011534025374855825,0.16268146883005977
8.97539318084709,0.011534025374855825,0.16268146883005977
8.980393180847091,0.011534025374855825,0.16268146883005977
8.98539318084709,0.011534025374855825,0.16268146883005977
8.99039318084709,0.011534025374855825,0.16225448334756618
8.99539318084709,0.011534025374855825,0.16225448334756618
9.000393180847091,0.011534025374855825,0.16225448334756618
9.00539318084709,0.011534025374855825,0.16182749786507258
9.010393180847089,0.011534025374855825,0.161400512382579
9.01539318084709,0.011534025374855825,0.1609735269000854
9.02039318084709,0.011534025374855825,0.1609735269000854
9.02539318084709,0.011534025374855825,0.1609735269000854
9.030393180847089,0.011534025374855825,0.1605465414175918
9.03539318084709,0.011534025374855825,0.16011955593509822
9.04039318084709,0.011534025374855825,0.1596925704526046
9.045393180847089,0.011534025374855825,0.159265584970111
9.050393180847088,0.011534025374855825,0.15883859948761742
9.055393180847089,0.011534025374855825,0.15841161400512382
9.06039318084709,0.011534025374855825,0.15841161400512382
9.065393180847089,0.010957324106113034,0.15755764304013664
9.070393180847088,0.010957324106113034,0.15713065755764305
9.075393180847088,0.010957324106113034,0.15670367207514946
9.08039318084709,0.010957324106113034,0.15670367207514946
9.085393180847088,0.010957324106113034,0.15584970111016225
9.090393180847087,0.010957324106113034,0.15542271562766866
9.095393180847088,0.010957324106113034,0.15456874466268147
9.100393180847089,0.010957324106113034,0.1537147736976943
9.105393180847088,0.010957324106113034,0.1537147736976943
9.110393180847087,0.010957324106113034,0.15328778821520067
9.115393180847088,0.010957324106113034,0.15286080273270708
9.120393180847088,0.010957324106113034,0.15286080273270708
9.125393180847087,0.010957324106113034,0.1524338172502135
9.130393180847086,0.010957324106113034,0.1524338172502135
9.135393180847087,0.010957324106113034,0.1520068317677199
9.140393180847088,0.010957324106113034,0.1511528608027327
9.145393180847087,0.010957324106113034,0.1511528608027327
9.150393180847086,0.010957324106113034,0.1511528608027327
9.155393180847087,0.010957324106113034,0.15072587532023912
9.160393180847088,0.010957324106113034,0.15072587532023912
9.165393180847087,0.010957324106113034,0.1498719043552519
9.170393180847086,0.010957324106113034,0.1498719043552519
9.175393180847086,0.010957324106113034,0.1498719043552519
9.180393180847087,0.010957324106113034,0.1498719043552519
9.185393180847086,0.010957324106113034,0.14944491887275832
9.190393180847085,0.010957324106113034,0.14944491887275832
9.195393180847086,0.010957324106113034,0.14901793339026473
9.200393180847087,0.010957324106113034,0.14859094790777114
9.205393180847086,0.010957324106113034,0.14773697694278395
9.210393180847085,0.010957324106113034,0.14773697694278395
9.215393180847085,0.010957324106113034,0.14730999146029036
9.220393180847086,0.010957324106113034,0.14688300597779674
9.225393180847085,0.010957324106113034,0.14688300597779674
9.230393180847084,0.010957324106113034,0.14688300597779674
9.235393180847085,0.010957324106113034,0.14688300597779674
9.240393180847086,0.010957324106113034,0.14688300597779674
9.245393180847085,0.010957324106113034,0.14602903501280956
9.250393180847084,0.010957324106113034,0.14517506404782238
9.255393180847085,0.010957324106113034,0.1443210930828352
9.260393180847085,0.010957324106113034,0.1443210930828352
9.265393180847084,0.010957324106113034,0.1443210930828352
9.270393180847083,0.010957324106113034,0.1443210930828352
9.275393180847084,0.010957324106113034,0.14346712211784798
9.280393180847085,0.010957324106113034,0.14346712211784798
9.285393180847084,0.010957324106113034,0.14346712211784798
9.290393180847083,0.010957324106113034,0.14346712211784798
9.295393180847084,0.010957324106113034,0.14346712211784798
9.300393180847085,0.010957324106113034,0.14346712211784798
9.305393180847084,0.010957324106113034,0.1430401366353544
9.310393180847083,0.010957324106113034,0.1430401366353544
9.315393180847083,0.010957324106113034,0.1421861656703672
9.320393180847084,0.010957324106113034,0.1421861656703672
9.325393180847083,0.010957324106113034,0.14175918018787362
9.330393180847082,0.010957324106113034,0.14175918018787362
9.335393180847083,0.010957324106113034,0.14175918018787362
9.340393180847084,0.010957324106113034,0.14047822374039282
9.345393180847083,0.010957324106113034,0.14005123825789922
9.350393180847082,0.010957324106113034,0.14005123825789922
9.355393180847082,0.010957324106113034,0.14005123825789922
9.360393180847083,0.010957324106113034,0.13962425277540563
9.365393180847082,0.010957324106113034,0.13919726729291204
9.370393180847081,0.010957324106113034,0.13834329632792486
9.375393180847082,0.010957324106113034,0.13834329632792486
9.380393180847083,0.010957324106113034,0.13834329632792486
9.385393180847082,0.010957324106113034,0.13834329632792486
9.39039318084708,0.010957324106113034,0.13834329632792486
9.395393180847082,0.010957324106113034,0.13834329632792486
9.400393180847082,0.010957324106113034,0.13834329632792486
9.405393180847081,0.010957324106113034,0.13834329632792486
9.41039318084708,0.010957324106113034,0.13791631084543127
9.415393180847081,0.010957324106113034,0.13791631084543127
9.420393180847082,0.010957324106113034,0.13791631084543127
9.425393180847081,0.010957324106113034,0.13791631084543127
9.43039318084708,0.010957324106113034,0.13791631084543127
9.43539318084708,0.010957324106113034,0.13748932536293765
9.440393180847082,0.010957324106113034,0.13748932536293765
9.44539318084708,0.010957324106113034,0.13748932536293765
9.45039318084708,0.010957324106113034,0.13748932536293765
9.45539318084708,0.010957324106113034,0.13748932536293765
9.460393180847081,0.010957324106113034,0.13748932536293765
9.46539318084708,0.010957324106113034,0.13748932536293765
9.47039318084708,0.010957324106113034,0.13748932536293765
9.47539318084708,0.010957324106113034,0.13663535439795046
9.48039318084708,0.010957324106113034,0.13620836891545687
9.48539318084708,0.010957324106113034,0.13620836891545687
9.490393180847079,0.010957324106113034,0.13620836891545687
9.49539318084708,0.010957324106113034,0.13620836891545687
9.50039318084708,0.010957324106113034,0.13620836891545687
9.50539318084708,0.010957324106113034,0.13620836891545687
9.510393180847078,0.010957324106113034,0.13620836891545687
9.515393180847079,0.010957324106113034,0.13620836891545687
9.52039318084708,0.010957324106113034,0.13620836891545687
9.525393180847079,0.010957324106113034,0.13620836891545687
9.530393180847078,0.010957324106113034,0.13578138343296328
9.535393180847079,0.010957324106113034,0.13578138343296328
9.54039318084708,0.010957324106113034,0.13578138343296328
9.545393180847078,0.010957324106113034,0.13578138343296328
9.550393180847077,0.010957324106113034,0.1353543979504697
9.555393180847078,0.010957324106113034,0.1353543979504697
9.560393180847079,0.010957324106113034,0.1353543979504697
9.565393180847078,0.010957324106113034,0.1353543979504697
9.570393180847077,0.010957324106113034,0.1349274124679761
9.575393180847078,0.010957324106113034,0.1345004269854825
9.580393180847079,0.010957324106113034,0.1340734415029889
9.585393180847078,0.010957324106113034,0.1336464560204953
9.590393180847077,0.010957324106113034,0.1336464560204953
9.595393180847077,0.010957324106113034,0.1336464560204953
9.600393180847078,0.010380622837370242,0.1336464560204953
9.605393180847077,0.010380622837370242,0.1332194705380017
9.610393180847076,0.010380622837370242,0.1332194705380017
9.615393180847077,0.010380622837370242,0.1327924850555081
9.620393180847078,0.010380622837370242,0.1327924850555081
9.625393180847077,0.010380622837370242,0.1327924850555081
9.630393180847076,0.010380622837370242,0.1327924850555081
9.635393180847077,0.010380622837370242,0.1327924850555081
9.640393180847077,0.010380622837370242,0.13236549957301452
9.645393180847076,0.010380622837370242,0.13236549957301452
9.650393180847075,0.010380622837370242,0.13193851409052093
9.655393180847076,0.010380622837370242,0.13151152860802734
9.660393180847077,0.010380622837370242,0.13108454312553372
9.665393180847076,0.010380622837370242,0.13023057216054654
9.670393180847075,0.010380622837370242,0.13023057216054654
9.675393180847076,0.010380622837370242,0.13023057216054654
9.680393180847076,0.010380622837370242,0.13023057216054654
9.685393180847075,0.010380622837370242,0.13023057216054654
9.690393180847074,0.00980392156862745,0.12809564474807855
9.695393180847075,0.00980392156862745,0.12724167378309137
9.700393180847076,0.00980392156862745,0.12681468830059778
9.705393180847075,0.00980392156862745,0.12681468830059778
9.710393180847074,0.00980392156862745,0.12681468830059778
9.715393180847075,0.00980392156862745,0.12681468830059778
9.720393180847076,0.00980392156862745,0.1263877028181042
9.725393180847075,0.00980392156862745,0.1263877028181042
9.730393180847074,0.00980392156862745,0.1263877028181042
9.735393180847074,0.00922722029988466,0.1259607173356106
9.740393180847075,0.00922722029988466,0.1259607173356106
9.745393180847074,0.00922722029988466,0.1251067463706234
9.750393180847073,0.00922722029988466,0.1251067463706234
9.755393180847074,0.00922722029988466,0.1251067463706234
9.760393180847075,0.00922722029988466,0.1251067463706234
9.765393180847074,0.00922722029988466,0.1251067463706234
9.770393180847073,0.00922722029988466,0.1251067463706234
9.775393180847074,0.00922722029988466,0.1251067463706234
9.780393180847074,0.00922722029988466,0.1246797608881298
9.785393180847073,0.00922722029988466,0.12425277540563621
9.790393180847072,0.00922722029988466,0.12425277540563621
9.795393180847073,0.00922722029988466,0.12382578992314261
9.800393180847074,0.00922722029988466,0.12339880444064902
9.805393180847073,0.00922722029988466,0.12339880444064902
9.810393180847072,0.00922722029988466,0.12297181895815543
9.815393180847073,0.00922722029988466,0.12297181895815543
9.820393180847073,0.00922722029988466,0.12297181895815543
9.825393180847072,0.00922722029988466,0.12211784799316823
9.830393180847071,0.00922722029988466,0.12211784799316823
9.835393180847072,0.00922722029988466,0.12211784799316823
9.840393180847073,0.00922722029988466,0.12211784799316823
9.845393180847072,0.00922722029988466,0.12211784799316823
9.850393180847071,0.00922722029988466,0.12083689154568744
9.855393180847072,0.00922722029988466,0.12083689154568744
9.860393180847073,0.00922722029988466,0.12040990606319385
9.865393180847072,0.00922722029988466,0.11998292058070026
9.87039318084707,0.00922722029988466,0.11912894961571306
9.875393180847071,0.00922722029988466,0.11912894961571306
9.880393180847072,0.00922722029988466,0.11912894961571306
9.885393180847071,0.00922722029988466,0.11870196413321947
9.89039318084707,0.00922722029988466,0.11870196413321947
9.895393180847071,0.00922722029988466,0.11827497865072588
9.900393180847072,0.00922722029988466,0.11827497865072588
9.90539318084707,0.00922722029988466,0.11784799316823227
9.91039318084707,0.00922722029988466,0.11742100768573868
9.91539318084707,0.00922722029988466,0.11742100768573868
9.920393180847071,0.00922722029988466,0.11742100768573868
9.92539318084707,0.00922722029988466,0.11742100768573868
9.93039318084707,0.00922722029988466,0.11742100768573868
9.93539318084707,0.00922722029988466,0.11742100768573868
9.940393180847071,0.00922722029988466,0.11742100768573868
9.94539318084707,0.00922722029988466,0.11742100768573868
9.950393180847069,0.00922722029988466,0.11699402220324509
9.95539318084707,0.00922722029988466,0.11699402220324509
9.96039318084707,0.00922722029988466,0.1165670367207515
9.96539318084707,0.00922722029988466,0.1165670367207515
9.970393180847068,0.00922722029988466,0.1165670367207515
9.97539318084707,0.00922722029988466,0.1165670367207515
9.98039318084707,0.00922722029988466,0.1165670367207515
9.985393180847069,0.00922722029988466,0.1165670367207515
9.990393180847068,0.00922722029988466,0.1165670367207515
9.995393180847069,0.00922722029988466,0.1165670367207515
10.00039318084707,0.00922722029988466,0.1161400512382579
10.005393180847069,0.00922722029988466,0.1161400512382579
10.010393180847068,0.00922722029988466,0.1157130657557643
10.015393180847068,0.00922722029988466,0.11528608027327071
10.02039318084707,0.00922722029988466,0.11528608027327071
10.025393180847068,0.00922722029988466,0.11528608027327071
10.030393180847067,0.00922722029988466,0.11485909479077712
10.035393180847068,0.00922722029988466,0.11485909479077712
10.040393180847069,0.00922722029988466,0.11485909479077712
10.045393180847068,0.00922722029988466,0.11485909479077712
10.050393180847067,0.00922722029988466,0.11485909479077712
10.055393180847068,0.00922722029988466,0.11443210930828351
10.060393180847068,0.00922722029988466,0.11400512382578992
10.065393180847067,0.00922722029988466,0.11357813834329633
10.070393180847066,0.00922722029988466,0.11357813834329633
10.075393180847067,0.00922722029988466,0.11357813834329633
10.080393180847068,0.00922722029988466,0.11357813834329633
10.085393180847067,0.00922722029988466,0.11357813834329633
10.090393180847066,0.00922722029988466,0.11357813834329633
10.095393180847067,0.00922722029988466,0.11357813834329633
10.100393180847067,0.00922722029988466,0.11315115286080274
10.105393180847067,0.00922722029988466,0.11272416737830913
10.110393180847066,0.00922722029988466,0.11229718189581554
10.115393180847066,0.00922722029988466,0.11229718189581554
10.120393180847067,0.00922722029988466,0.11229718189581554
10.125393180847066,0.00922722029988466,0.11229718189581554
10.130393180847065,0.00922722029988466,0.11229718189581554
10.135393180847066,0.00922722029988466,0.11101622544833475
10.140393180847067,0.00922722029988466,0.11101622544833475
10.145393180847066,0.00922722029988466,0.11058923996584116
10.150393180847065,0.00922722029988466,0.11058923996584116
10.155393180847065,0.00922722029988466,0.11058923996584116
10.160393180847066,0.00922722029988466,0.11058923996584116
10.165393180847065,0.00922722029988466,0.11016225448334757
10.170393180847064,0.00922722029988466,0.11016225448334757
10.175393180847065,0.00922722029988466,0.11016225448334757
10.180393180847066,0.00922722029988466,0.10973526900085397
10.185393180847065,0.00922722029988466,0.10930828351836037
10.190393180847064,0.00922722029988466,0.10888129803586678
10.195393180847065,0.00922722029988466,0.10845431255337319
10.200393180847065,0.00865051903114187,0.107600341588386
10.205393180847064,0.00865051903114187,0.107600341588386
10.210393180847063,0.00865051903114187,0.1071733561058924
10.215393180847064,0.00865051903114187,0.1071733561058924
10.220393180847065,0.008073817762399077,0.1071733561058924
10.225393180847064,0.008073817762399077,0.1071733561058924
10.230393180847063,0.008073817762399077,0.1071733561058924
10.235393180847064,0.008073817762399077,0.1063193851409052
10.240393180847065,0.008073817762399077,0.1063193851409052
10.245393180847064,0.008073817762399077,0.1063193851409052
10.250393180847063,0.008073817762399077,0.10589239965841162
10.255393180847063,0.008073817762399077,0.10589239965841162
10.260393180847064,0.008073817762399077,0.10589239965841162
10.265393180847063,0.008073817762399077,0.10589239965841162
10.270393180847062,0.008073817762399077,0.10589239965841162
10.275393180847063,0.007497116493656286,0.10589239965841162
10.280393180847064,0.007497116493656286,0.10546541417591802
10.285393180847063,0.007497116493656286,0.10546541417591802
10.290393180847062,0.007497116493656286,0.10546541417591802
10.295393180847062,0.007497116493656286,0.10546541417591802
10.300393180847063,0.007497116493656286,0.10546541417591802
10.305393180847062,0.007497116493656286,0.10503842869342442
10.310393180847061,0.007497116493656286,0.10461144321093083
10.315393180847062,0.007497116493656286,0.10418445772843724
10.320393180847063,0.007497116493656286,0.10375747224594364
10.325393180847062,0.007497116493656286,0.10375747224594364
10.33039318084706,0.007497116493656286,0.10375747224594364
10.335393180847062,0.007497116493656286,0.10375747224594364
10.340393180847062,0.007497116493656286,0.10333048676345004
10.345393180847061,0.007497116493656286,0.10333048676345004
10.35039318084706,0.007497116493656286,0.10247651579846286
10.355393180847061,0.007497116493656286,0.10247651579846286
10.360393180847062,0.007497116493656286,0.10204953031596925
10.365393180847061,0.006920415224913495,0.10204953031596925
10.37039318084706,0.006920415224913495,0.10204953031596925
10.37539318084706,0.006343713956170703,0.10204953031596925
10.380393180847062,0.006343713956170703,0.10204953031596925
10.38539318084706,0.006343713956170703,0.10162254483347566
10.39039318084706,0.006343713956170703,0.10162254483347566
10.39539318084706,0.006343713956170703,0.10162254483347566
10.400393180847061,0.006343713956170703,0.10162254483347566
10.40539318084706,0.006343713956170703,0.10162254483347566
10.41039318084706,0.006343713956170703,0.10119555935098207
10.41539318084706,0.006343713956170703,0.10119555935098207
10.42039318084706,0.006343713956170703,0.10119555935098207
10.42539318084706,0.006343713956170703,0.10076857386848848
10.430393180847059,0.006343713956170703,0.10076857386848848
10.43539318084706,0.006343713956170703,0.10076857386848848
10.44039318084706,0.006343713956170703,0.10034158838599487
10.44539318084706,0.006343713956170703,0.09991460290350128
10.450393180847058,0.006343713956170703,0.09991460290350128
10.455393180847059,0.006343713956170703,0.09991460290350128
10.46039318084706,0.006343713956170703,0.09991460290350128
10.465393180847059,0.006343713956170703,0.09991460290350128
10.470393180847058,0.006343713956170703,0.09991460290350128
10.475393180847059,0.006343713956170703,0.09948761742100769
10.48039318084706,0.006343713956170703,0.0990606319385141
10.485393180847058,0.006343713956170703,0.0990606319385141
10.490393180847057,0.006343713956170703,0.09863364645602049
10.495393180847058,0.006343713956170703,0.09863364645602049
10.500393180847059,0.006343713956170703,0.0982066609735269
10.505393180847058,0.006343713956170703,0.0982066609735269
10.510393180847057,0.006343713956170703,0.0982066609735269
10.515393180847058,0.006343713956170703,0.0982066609735269
10.520393180847059,0.006343713956170703,0.0982066609735269
10.525393180847058,0.006343713956170703,0.09777967549103331
10.530393180847057,0.006343713956170703,0.09777967549103331
10.535393180847057,0.006343713956170703,0.09735269000853972
10.540393180847058,0.006343713956170703,0.09692570452604611
10.545393180847057,0.006343713956170703,0.09692570452604611
10.550393180847056,0.006343713956170703,0.09692570452604611
10.555393180847057,0.006343713956170703,0.09649871904355252
10.560393180847058,0.006343713956170703,0.09607173356105893
10.565393180847057,0.006343713956170703,0.09564474807856532
10.570393180847056,0.006343713956170703,0.09479077711357814
10.575393180847056,0.006343713956170703,0.09436379163108455
10.580393180847057,0.006343713956170703,0.09436379163108455
10.585393180847056,0.006343713956170703,0.09436379163108455
10.590393180847055,0.006343713956170703,0.09436379163108455
10.595393180847056,0.006343713956170703,0.09436379163108455
10.600393180847057,0.006343713956170703,0.09393680614859094
10.605393180847056,0.006343713956170703,0.09393680614859094
10.610393180847055,0.006343713956170703,0.09393680614859094
10.615393180847056,0.006343713956170703,0.09393680614859094
10.620393180847056,0.006343713956170703,0.09393680614859094
10.625393180847055,0.006343713956170703,0.09350982066609735
10.630393180847054,0.006343713956170703,0.09350982066609735
10.635393180847055,0.006343713956170703,0.09308283518360376
10.640393180847056,0.006343713956170703,0.09308283518360376
10.645393180847055,0.006343713956170703,0.09308283518360376
10.650393180847054,0.006343713956170703,0.09265584970111017
10.655393180847055,0.006343713956170703,0.09265584970111017
10.660393180847056,0.006343713956170703,0.09265584970111017
10.665393180847055,0.006343713956170703,0.09180187873612297
10.670393180847054,0.006343713956170703,0.09180187873612297
10.675393180847054,0.006343713956170703,0.09180187873612297
10.680393180847055,0.006343713956170703,0.09180187873612297
10.685393180847054,0.006343713956170703,0.09180187873612297
10.690393180847053,0.006343713956170703,0.09137489325362938
10.695393180847054,0.006343713956170703,0.09137489325362938
10.700393180847055,0.006343713956170703,0.09137489325362938
10.705393180847054,0.006343713956170703,0.09137489325362938
10.710393180847053,0.006343713956170703,0.09094790777113577
10.715393180847054,0.006343713956170703,0.09094790777113577
10.720393180847054,0.006343713956170703,0.09052092228864218
10.725393180847053,0.006343713956170703,0.09052092228864218
10.730393180847052,0.006343713956170703,0.09052092228864218
10.735393180847053,0.006343713956170703,0.09052092228864218
10.740393180847054,0.006343713956170703,0.09009393680614859
10.745393180847053,0.006343713956170703,0.09009393680614859
10.750393180847052,0.006343713956170703,0.09009393680614859
10.755393180847053,0.006343713956170703,0.089666951323655
10.760393180847053,0.006343713956170703,0.089666951323655
10.765393180847052,0.006343713956170703,0.089666951323655
10.770393180847051,0.006343713956170703,0.089666951323655
10.775393180847052,0.006343713956170703,0.089666951323655
10.780393180847053,0.006343713956170703,0.089666951323655
10.785393180847052,0.006343713956170703,0.089666951323655
10.790393180847051,0.006343713956170703,0.089666951323655
10.795393180847052,0.006343713956170703,0.0892399658411614
10.800393180847053,0.006343713956170703,0.0892399658411614
10.805393180847052,0.006343713956170703,0.0888129803586678
10.81039318084705,0.006343713956170703,0.0888129803586678
10.815393180847051,0.006343713956170703,0.0888129803586678
10.820393180847052,0.006343713956170703,0.0888129803586678
10.825393180847051,0.006343713956170703,0.0888129803586678
10.83039318084705,0.006343713956170703,0.08838599487617421
10.835393180847051,0.006343713956170703,0.08795900939368062
10.840393180847052,0.006343713956170703,0.08753202391118702
10.84539318084705,0.006343713956170703,0.08753202391118702
10.85039318084705,0.006343713956170703,0.08710503842869342
10.85539318084705,0.006343713956170703,0.08710503842869342
10.860393180847051,0.006343713956170703,0.08710503842869342
10.86539318084705,0.006343713956170703,0.08710503842869342
10.87039318084705,0.006343713956170703,0.08710503842869342
10.87539318084705,0.006343713956170703,0.08710503842869342
10.88039318084705,0.006343713956170703,0.08710503842869342
10.88539318084705,0.006343713956170703,0.08625106746370624
10.890393180847049,0.006343713956170703,0.08625106746370624
10.89539318084705,0.006343713956170703,0.08625106746370624
10.90039318084705,0.006343713956170703,0.08582408198121264
10.90539318084705,0.006343713956170703,0.08582408198121264
10.910393180847048,0.006343713956170703,0.08582408198121264
10.91539318084705,0.006343713956170703,0.08582408198121264
10.92039318084705,0.006343713956170703,0.08582408198121264
10.925393180847049,0.006343713956170703,0.08539709649871904
10.930393180847048,0.006343713956170703,0.08539709649871904
10.935393180847049,0.006343713956170703,0.08497011101622545
10.94039318084705,0.006343713956170703,0.08497011101622545
10.945393180847049,0.006343713956170703,0.08411614005123826
10.950393180847048,0.006343713956170703,0.08411614005123826
10.955393180847048,0.006343713956170703,0.08411614005123826
10.96039318084705,0.006343713956170703,0.08411614005123826
10.965393180847048,0.006343713956170703,0.08411614005123826
10.970393180847047,0.006343713956170703,0.08368915456874466
10.975393180847048,0.006343713956170703,0.08326216908625107
10.980393180847049,0.006343713956170703,0.08326216908625107
10.985393180847048,0.006343713956170703,0.08326216908625107
10.990393180847047,0.006343713956170703,0.08326216908625107
10.995393180847048,0.006343713956170703,0.08283518360375747
11.000393180847048,0.006343713956170703,0.08240819812126388
11.005393180847047,0.006343713956170703,0.08155422715627669
11.010393180847046,0.006343713956170703,0.08155422715627669
11.015393180847047,0.006343713956170703,0.08155422715627669
11.020393180847048,0.006343713956170703,0.08112724167378309
11.025393180847047,0.006343713956170703,0.08112724167378309
11.030393180847046,0.006343713956170703,0.08112724167378309
11.035393180847047,0.006343713956170703,0.08112724167378309
11.040393180847047,0.006343713956170703,0.08112724167378309
11.045393180847046,0.006343713956170703,0.0807002561912895
11.050393180847045,0.006343713956170703,0.0807002561912895
11.055393180847046,0.006343713956170703,0.0807002561912895
11.060393180847047,0.006343713956170703,0.0807002561912895
11.065393180847046,0.006343713956170703,0.07941929974380871
11.070393180847045,0.006343713956170703,0.07941929974380871
11.075393180847046,0.006343713956170703,0.07899231426131512
11.080393180847047,0.006343713956170703,0.07856532877882152
11.085393180847046,0.006343713956170703,0.07856532877882152
11.090393180847045,0.006343713956170703,0.07813834329632792
11.095393180847045,0.006343713956170703,0.07813834329632792
11.100393180847046,0.006343713956170703,0.07728437233134074
11.105393180847045,0.006343713956170703,0.07728437233134074
11.110393180847044,0.006343713956170703,0.07728437233134074
11.115393180847045,0.006343713956170703,0.07728437233134074
11.120393180847046,0.006343713956170703,0.07728437233134074
11.125393180847045,0.006343713956170703,0.07728437233134074
11.130393180847044,0.006343713956170703,0.07728437233134074
11.135393180847045,0.006343713956170703,0.07728437233134074
11.140393180847045,0.006343713956170703,0.07728437233134074
11.145393180847044,0.006343713956170703,0.07728437233134074
11.150393180847043,0.006343713956170703,0.07685738684884715
11.155393180847044,0.006343713956170703,0.07685738684884715
11.160393180847045,0.006343713956170703,0.07685738684884715
11.165393180847044,0.006343713956170703,0.07643040136635354
11.170393180847043,0.006343713956170703,0.07557643040136636
11.175393180847044,0.006343713956170703,0.07557643040136636
11.180393180847044,0.006343713956170703,0.07557643040136636
11.185393180847043,0.006343713956170703,0.07557643040136636
11.190393180847042,0.006343713956170703,0.07557643040136636
11.195393180847043,0.006343713956170703,0.07557643040136636
11.200393180847044,0.006343713956170703,0.07557643040136636
11.205393180847043,0.006343713956170703,0.07557643040136636
11.210393180847042,0.006343713956170703,0.07557643040136636
11.215393180847043,0.006343713956170703,0.07557643040136636
11.220393180847044,0.006343713956170703,0.07557643040136636
11.225393180847043,0.006343713956170703,0.07557643040136636
11.230393180847042,0.006343713956170703,0.07514944491887275
11.235393180847042,0.006343713956170703,0.07514944491887275
11.240393180847043,0.006343713956170703,0.07429547395388557
11.245393180847042,0.006343713956170703,0.07429547395388557
11.250393180847041,0.006343713956170703,0.07429547395388557
11.255393180847042,0.006343713956170703,0.07429547395388557
11.260393180847043,0.006343713956170703,0.07429547395388557
11.265393180847042,0.006343713956170703,0.07429547395388557
11.27039318084704,0.006343713956170703,0.07429547395388557
11.275393180847042,0.006343713956170703,0.07429547395388557
11.280393180847042,0.006343713956170703,0.07429547395388557
11.285393180847041,0.006343713956170703,0.07429547395388557
11.29039318084704,0.006343713956170703,0.07429547395388557
11.295393180847041,0.006343713956170703,0.07429547395388557
11.300393180847042,0.006343713956170703,0.07429547395388557
11.305393180847041,0.006343713956170703,0.07429547395388557
11.31039318084704,0.006343713956170703,0.07386848847139198
11.31539318084704,0.006343713956170703,0.07386848847139198
11.320393180847041,0.006343713956170703,0.07386848847139198
11.32539318084704,0.006343713956170703,0.07386848847139198
11.33039318084704,0.006343713956170703,0.07386848847139198
11.33539318084704,0.006343713956170703,0.07386848847139198
11.340393180847041,0.006343713956170703,0.07386848847139198
11.34539318084704,0.006343713956170703,0.07386848847139198
11.350393180847039,0.006343713956170703,0.07386848847139198
11.35539318084704,0.006343713956170703,0.07386848847139198
11.36039318084704,0.006343713956170703,0.07386848847139198
11.36539318084704,0.006343713956170703,0.07386848847139198
11.370393180847039,0.006343713956170703,0.07344150298889837
11.37539318084704,0.006343713956170703,0.07344150298889837
11.38039318084704,0.006343713956170703,0.07344150298889837
11.38539318084704,0.006343713956170703,0.07344150298889837
11.390393180847038,0.006343713956170703,0.07344150298889837
11.395393180847039,0.006343713956170703,0.07301451750640478
11.40039318084704,0.006343713956170703,0.07301451750640478
11.405393180847039,0.006343713956170703,0.07258753202391119
11.410393180847038,0.006343713956170703,0.0721605465414176
11.415393180847039,0.006343713956170703,0.0721605465414176
11.42039318084704,0.006343713956170703,0.07173356105892399
11.425393180847038,0.006343713956170703,0.0713065755764304
11.430393180847037,0.006343713956170703,0.0713065755764304
11.435393180847038,0.006343713956170703,0.0713065755764304
11.440393180847039,0.006343713956170703,0.0713065755764304
11.445393180847038,0.006343713956170703,0.07087959009393681
11.450393180847037,0.006343713956170703,0.07087959009393681
11.455393180847038,0.006343713956170703,0.07087959009393681
11.460393180847039,0.006343713956170703,0.07087959009393681
11.465393180847038,0.006343713956170703,0.07087959009393681
11.470393180847037,0.006343713956170703,0.07045260461144322
11.475393180847037,0.006343713956170703,0.07045260461144322
11.480393180847038,0.006343713956170703,0.07045260461144322
11.485393180847037,0.006343713956170703,0.07045260461144322
11.490393180847036,0.006343713956170703,0.07045260461144322
11.495393180847037,0.006343713956170703,0.07045260461144322
11.500393180847038,0.006343713956170703,0.07002561912894961
11.505393180847037,0.006343713956170703,0.07002561912894961
11.510393180847036,0.006343713956170703,0.07002561912894961
11.515393180847036,0.006343713956170703,0.07002561912894961
11.520393180847037,0.006343713956170703,0.07002561912894961
11.525393180847036,0.006343713956170703,0.07002561912894961
11.530393180847035,0.006343713956170703,0.07002561912894961
11.535393180847036,0.006343713956170703,0.07002561912894961
11.540393180847037,0.006343713956170703,0.07002561912894961
11.545393180847036,0.006343713956170703,0.06917164816396243
11.550393180847035,0.006343713956170703,0.06917164816396243
11.555393180847036,0.006343713956170703,0.06917164816396243
11.560393180847036,0.006343713956170703,0.06874466268146882
11.565393180847035,0.006343713956170703,0.06874466268146882
11.570393180847034,0.006343713956170703,0.06874466268146882
11.575393180847035,0.006343713956170703,0.06874466268146882
11.580393180847036,0.006343713956170703,0.06874466268146882
11.585393180847035,0.006343713956170703,0.06874466268146882
11.590393180847034,0.006343713956170703,0.06874466268146882
11.595393180847035,0.006343713956170703,0.06874466268146882
11.600393180847036,0.006343713956170703,0.06874466268146882
11.605393180847035,0.006343713956170703,0.06874466268146882
11.610393180847034,0.006343713956170703,0.06874466268146882
11.615393180847034,0.006343713956170703,0.06874466268146882
11.620393180847035,0.006343713956170703,0.06874466268146882
11.625393180847034,0.006343713956170703,0.06874466268146882
11.630393180847033,0.006343713956170703,0.06831767719897523
11.635393180847034,0.006343713956170703,0.06831767719897523
11.640393180847035,0.006343713956170703,0.06789069171648164
11.645393180847034,0.006343713956170703,0.06789069171648164
11.650393180847033,0.006343713956170703,0.06746370623398805
11.655393180847033,0.006343713956170703,0.06746370623398805
11.660393180847034,0.006343713956170703,0.06746370623398805
11.665393180847033,0.006343713956170703,0.06746370623398805
11.670393180847032,0.006343713956170703,0.06746370623398805
11.675393180847033,0.006343713956170703,0.06703672075149444
11.680393180847034,0.006343713956170703,0.06703672075149444
11.685393180847033,0.006343713956170703,0.06703672075149444
11.690393180847032,0.006343713956170703,0.06703672075149444
11.695393180847033,0.006343713956170703,0.06703672075149444
11.700393180847033,0.006343713956170703,0.06703672075149444
11.705393180847032,0.006343713956170703,0.06703672075149444
11.710393180847031,0.006343713956170703,0.06703672075149444
11.715393180847032,0.006343713956170703,0.06703672075149444
11.720393180847033,0.006343713956170703,0.06660973526900085
11.725393180847032,0.006343713956170703,0.06660973526900085
11.730393180847031,0.006343713956170703,0.06618274978650726
11.735393180847032,0.006343713956170703,0.06618274978650726
11.740393180847033,0.006343713956170703,0.06618274978650726
11.745393180847032,0.006343713956170703,0.06575576430401367
11.75039318084703,0.006343713956170703,0.06575576430401367
11.755393180847031,0.006343713956170703,0.06575576430401367
11.760393180847032,0.006343713956170703,0.06532877882152006
11.765393180847031,0.006343713956170703,0.06490179333902647
11.77039318084703,0.006343713956170703,0.06490179333902647
11.775393180847031,0.006343713956170703,0.06490179333902647
11.780393180847032,0.006343713956170703,0.06490179333902647
11.78539318084703,0.006343713956170703,0.06490179333902647
11.79039318084703,0.006343713956170703,0.06490179333902647
11.79539318084703,0.006343713956170703,0.06490179333902647
11.800393180847031,0.006343713956170703,0.06447480785653288
11.80539318084703,0.006343713956170703,0.06404782237403928
11.81039318084703,0.006343713956170703,0.06404782237403928
11.81539318084703,0.006343713956170703,0.06404782237403928
11.82039318084703,0.006343713956170703,0.06404782237403928
11.82539318084703,0.006343713956170703,0.06362083689154568
11.830393180847029,0.006343713956170703,0.0631938514090521
11.83539318084703,0.006343713956170703,0.0631938514090521
11.84039318084703,0.006343713956170703,0.0627668659265585
11.84539318084703,0.006343713956170703,0.0627668659265585
11.850393180847028,0.006343713956170703,0.0627668659265585
11.85539318084703,0.006343713956170703,0.0627668659265585
11.86039318084703,0.006343713956170703,0.0627668659265585
11.865393180847029,0.006343713956170703,0.0627668659265585
11.870393180847028,0.006343713956170703,0.0627668659265585
11.875393180847029,0.006343713956170703,0.0627668659265585
11.88039318084703,0.006343713956170703,0.0627668659265585
11.885393180847029,0.006343713956170703,0.0627668659265585
11.890393180847028,0.006343713956170703,0.0627668659265585
11.895393180847028,0.006343713956170703,0.0627668659265585
11.90039318084703,0.006343713956170703,0.0627668659265585
11.905393180847028,0.006343713956170703,0.0627668659265585
11.910393180847027,0.006343713956170703,0.0627668659265585
11.915393180847028,0.006343713956170703,0.0627668659265585
11.920393180847029,0.006343713956170703,0.0623398804440649
11.925393180847028,0.006343713956170703,0.0623398804440649
11.930393180847027,0.006343713956170703,0.0623398804440649
11.935393180847027,0.006343713956170703,0.0623398804440649
11.940393180847028,0.006343713956170703,0.0623398804440649
11.945393180847027,0.006343713956170703,0.0623398804440649
11.950393180847026,0.006343713956170703,0.061912894961571305
11.955393180847027,0.006343713956170703,0.06148590947907771
11.960393180847028,0.006343713956170703,0.06148590947907771
11.965393180847027,0.006343713956170703,0.06148590947907771
11.970393180847026,0.006343713956170703,0.06148590947907771
11.975393180847027,0.006343713956170703,0.06148590947907771
11.980393180847027,0.006343713956170703,0.06148590947907771
11.985393180847026,0.006343713956170703,0.06148590947907771
11.990393180847025,0.006343713956170703,0.06148590947907771
11.995393180847026,0.006343713956170703,0.06148590947907771
12.000393180847027,0.006343713956170703,0.06148590947907771
12.005393180847026,0.006343713956170703,0.06148590947907771
12.010393180847025,0.006343713956170703,0.061058923996584115
12.015393180847026,0.006343713956170703,0.06063193851409052
12.020393180847027,0.006343713956170703,0.06063193851409052
12.025393180847026,0.006343713956170703,0.06063193851409052
12.030393180847025,0.006343713956170703,0.06063193851409052
12.035393180847025,0.006343713956170703,0.06063193851409052
12.040393180847026,0.006343713956170703,0.06063193851409052
12.045393180847025,0.006343713956170703,0.06063193851409052
12.050393180847024,0.006343713956170703,0.06063193851409052
12.055393180847025,0.006343713956170703,0.06063193851409052
12.060393180847026,0.006343713956170703,0.06063193851409052
12.065393180847025,0.006343713956170703,0.060204953031596925
12.070393180847024,0.006343713956170703,0.060204953031596925
12.075393180847025,0.006343713956170703,0.060204953031596925
12.080393180847025,0.006343713956170703,0.060204953031596925
12.085393180847024,0.006343713956170703,0.060204953031596925
12.090393180847023,0.006343713956170703,0.060204953031596925
12.095393180847024,0.006343713956170703,0.060204953031596925
12.100393180847025,0.006343713956170703,0.060204953031596925
12.105393180847024,0.006343713956170703,0.060204953031596925
12.110393180847023,0.006343713956170703,0.060204953031596925
12.115393180847024,0.006343713956170703,0.060204953031596925
12.120393180847024,0.006343713956170703,0.060204953031596925
12.125393180847023,0.006343713956170703,0.060204953031596925
12.130393180847022,0.006343713956170703,0.060204953031596925
12.135393180847023,0.006343713956170703,0.060204953031596925
12.140393180847024,0.006343713956170703,0.060204953031596925
12.145393180847023,0.006343713956170703,0.060204953031596925
12.150393180847022,0.006343713956170703,0.060204953031596925
12.155393180847023,0.006343713956170703,0.060204953031596925
12.160393180847024,0.006343713956170703,0.060204953031596925
12.165393180847023,0.006343713956170703,0.059777967549103334
12.170393180847022,0.006343713956170703,0.059777967549103334
12.175393180847022,0.006343713956170703,0.059777967549103334
12.180393180847023,0.006343713956170703,0.059777967549103334
12.185393180847022,0.006343713956170703,0.059350982066609735
12.190393180847021,0.006343713956170703,0.059350982066609735
12.195393180847022,0.006343713956170703,0.05892399658411614
12.200393180847023,0.0057670126874279125,0.05892399658411614
12.205393180847022,0.0057670126874279125,0.05892399658411614
12.21039318084702,0.0057670126874279125,0.05892399658411614
12.215393180847022,0.0057670126874279125,0.05892399658411614
12.220393180847022,0.0057670126874279125,0.05892399658411614
12.225393180847021,0.0057670126874279125,0.05892399658411614
12.23039318084702,0.0057670126874279125,0.05892399658411614
12.235393180847021,0.0057670126874279125,0.05892399658411614
12.240393180847022,0.0057670126874279125,0.05892399658411614
12.24539318084702,0.0057670126874279125,0.05892399658411614
12.25039318084702,0.0057670126874279125,0.05892399658411614
12.25539318084702,0.0057670126874279125,0.05892399658411614
12.260393180847021,0.0057670126874279125,0.05892399658411614
12.26539318084702,0.0057670126874279125,0.05892399658411614
12.27039318084702,0.0057670126874279125,0.05892399658411614
12.27539318084702,0.0057670126874279125,0.05892399658411614
12.280393180847021,0.0057670126874279125,0.05892399658411614
12.28539318084702,0.0057670126874279125,0.05892399658411614
12.290393180847019,0.0057670126874279125,0.05892399658411614
12.29539318084702,0.0057670126874279125,0.05892399658411614
12.30039318084702,0.0057670126874279125,0.05892399658411614
12.30539318084702,0.0057670126874279125,0.05892399658411614
12.310393180847019,0.0057670126874279125,0.05892399658411614
12.31539318084702,0.0057670126874279125,0.05892399658411614
12.32039318084702,0.0057670126874279125,0.05892399658411614
12.32539318084702,0.0057670126874279125,0.05892399658411614
12.330393180847018,0.0057670126874279125,0.05892399658411614
12.335393180847019,0.0057670126874279125,0.05892399658411614
12.34039318084702,0.0057670126874279125,0.05892399658411614
12.345393180847019,0.0057670126874279125,0.05892399658411614
12.350393180847018,0.0057670126874279125,0.05892399658411614
12.355393180847019,0.0057670126874279125,0.05892399658411614
12.36039318084702,0.0057670126874279125,0.05892399658411614
12.365393180847018,0.0057670126874279125,0.058497011101622545
12.370393180847017,0.0057670126874279125,0.058497011101622545
12.375393180847018,0.0057670126874279125,0.058497011101622545
12.380393180847019,0.0057670126874279125,0.058497011101622545
12.385393180847018,0.0057670126874279125,0.058497011101622545
12.390393180847017,0.0057670126874279125,0.058497011101622545
12.395393180847018,0.0057670126874279125,0.058497011101622545
12.400393180847018,0.0057670126874279125,0.058497011101622545
12.405393180847017,0.0057670126874279125,0.058497011101622545
12.410393180847016,0.0057670126874279125,0.058497011101622545
12.415393180847017,0.0057670126874279125,0.058497011101622545
12.420393180847018,0.0057670126874279125,0.058497011101622545
12.425393180847017,0.0057670126874279125,0.058497011101622545
12.430393180847016,0.0057670126874279125,0.058497011101622545
12.435393180847017,0.0057670126874279125,0.058497011101622545
12.440393180847018,0.0057670126874279125,0.058497011101622545
12.445393180847017,0.0057670126874279125,0.058497011101622545
12.450393180847016,0.0057670126874279125,0.05807002561912895
12.455393180847016,0.0057670126874279125,0.05807002561912895
12.460393180847017,0.0057670126874279125,0.05807002561912895
12.465393180847016,0.0057670126874279125,0.05807002561912895
12.470393180847015,0.005190311418685121,0.05807002561912895
12.475393180847016,0.005190311418685121,0.05807002561912895
12.480393180847017,0.005190311418685121,0.05807002561912895
12.485393180847016,0.005190311418685121,0.05807002561912895
12.490393180847015,0.005190311418685121,0.05807002561912895
12.495393180847016,0.005190311418685121,0.05807002561912895
12.500393180847016,0.005190311418685121,0.05721605465414176
12.505393180847015,0.005190311418685121,0.05721605465414176
12.510393180847014,0.005190311418685121,0.05721605465414176
12.515393180847015,0.005190311418685121,0.056789069171648165
12.520393180847016,0.005190311418685121,0.056789069171648165
12.525393180847015,0.005190311418685121,0.056789069171648165
12.530393180847014,0.005190311418685121,0.05636208368915457
12.535393180847015,0.005190311418685121,0.05636208368915457
12.540393180847015,0.005190311418685121,0.055935098206660976
12.545393180847014,0.005190311418685121,0.055935098206660976
12.550393180847013,0.005190311418685121,0.055935098206660976
12.555393180847014,0.005190311418685121,0.055935098206660976
12.560393180847015,0.005190311418685121,0.05550811272416738
12.565393180847014,0.005190311418685121,0.05550811272416738
12.570393180847013,0.005190311418685121,0.05550811272416738
12.575393180847014,0.005190311418685121,0.05550811272416738
12.580393180847015,0.005190311418685121,0.05550811272416738
12.585393180847014,0.005190311418685121,0.05550811272416738
12.590393180847013,0.005190311418685121,0.05550811272416738
12.595393180847013,0.005190311418685121,0.05550811272416738
12.600393180847014,0.005190311418685121,0.05550811272416738
12.605393180847013,0.005190311418685121,0.05550811272416738
12.610393180847012,0.005190311418685121,0.055081127241673786
12.615393180847013,0.005190311418685121,0.05465414175918019
12.620393180847014,0.005190311418685121,0.05465414175918019
12.625393180847013,0.005190311418685121,0.05465414175918019
12.630393180847012,0.005190311418685121,0.05465414175918019
12.635393180847013,0.005190311418685121,0.05465414175918019
12.640393180847013,0.005190311418685121,0.05465414175918019
12.645393180847012,0.005190311418685121,0.05465414175918019
12.650393180847011,0.005190311418685121,0.05465414175918019
12.655393180847012,0.005190311418685121,0.05465414175918019
12.660393180847013,0.005190311418685121,0.05465414175918019
12.665393180847012,0.005190311418685121,0.054227156276686596
12.670393180847011,0.005190311418685121,0.054227156276686596
12.675393180847012,0.005190311418685121,0.054227156276686596
12.680393180847013,0.005190311418685121,0.054227156276686596
12.685393180847012,0.005190311418685121,0.054227156276686596
12.69039318084701,0.005190311418685121,0.054227156276686596
12.695393180847011,0.005190311418685121,0.054227156276686596
12.700393180847012,0.005190311418685121,0.054227156276686596
12.705393180847011,0.005190311418685121,0.053800170794193
12.71039318084701,0.005190311418685121,0.053800170794193
12.71539318084701,0.005190311418685121,0.053800170794193
12.720393180847012,0.005190311418685121,0.053800170794193
12.72539318084701,0.005190311418685121,0.0533731853116994
12.73039318084701,0.005190311418685121,0.05294619982920581
12.73539318084701,0.005190311418685121,0.05251921434671221
12.740393180847011,0.005190311418685121,0.05251921434671221
12.74539318084701,0.005190311418685121,0.05251921434671221
12.75039318084701,0.005190311418685121,0.05209222886421862
12.75539318084701,0.005190311418685121,0.05209222886421862
12.76039318084701,0.005190311418685121,0.05209222886421862
12.76539318084701,0.005190311418685121,0.05209222886421862
12.770393180847009,0.005190311418685121,0.05209222886421862
12.77539318084701,0.005190311418685121,0.05209222886421862
12.78039318084701,0.005190311418685121,0.05166524338172502
12.78539318084701,0.005190311418685121,0.05166524338172502
12.790393180847008,0.005190311418685121,0.05166524338172502
12.79539318084701,0.005190311418685121,0.05166524338172502
12.80039318084701,0.005190311418685121,0.05166524338172502
12.805393180847009,0.005190311418685121,0.05123825789923143
12.810393180847008,0.005190311418685121,0.05123825789923143
12.815393180847009,0.005190311418685121,0.05123825789923143
12.82039318084701,0.005190311418685121,0.05123825789923143
12.825393180847009,0.005190311418685121,0.05123825789923143
12.830393180847008,0.005190311418685121,0.05123825789923143
12.835393180847008,0.005190311418685121,0.05123825789923143
12.840393180847009,0.005190311418685121,0.05123825789923143
12.845393180847008,0.005190311418685121,0.05123825789923143
12.850393180847007,0.005190311418685121,0.05123825789923143
12.855393180847008,0.005190311418685121,0.05123825789923143
12.860393180847009,0.005190311418685121,0.05123825789923143
12.865393180847008,0.005190311418685121,0.05081127241673783
12.870393180847007,0.005190311418685121,0.05081127241673783
12.875393180847007,0.005190311418685121,0.05038428693424424
12.880393180847008,0.005190311418685121,0.04995730145175064
12.885393180847007,0.005190311418685121,0.04995730145175064
12.890393180847006,0.005190311418685121,0.04995730145175064
12.895393180847007,0.005190311418685121,0.04995730145175064
12.900393180847008,0.005190311418685121,0.04995730145175064
12.905393180847007,0.005190311418685121,0.04953031596925705
12.910393180847006,0.005190311418685121,0.04953031596925705
12.915393180847007,0.005190311418685121,0.04953031596925705
12.920393180847007,0.005190311418685121,0.04953031596925705
12.925393180847006,0.005190311418685121,0.04953031596925705
12.930393180847005,0.005190311418685121,0.04953031596925705
12.935393180847006,0.005190311418685121,0.04910333048676345
12.940393180847007,0.005190311418685121,0.04910333048676345
12.945393180847006,0.005190311418685121,0.04910333048676345
12.950393180847005,0.005190311418685121,0.04910333048676345
12.955393180847006,0.005190311418685121,0.04910333048676345
12.960393180847007,0.005190311418685121,0.04910333048676345
12.965393180847006,0.005190311418685121,0.04910333048676345
12.970393180847005,0.005190311418685121,0.04910333048676345
12.975393180847005,0.005190311418685121,0.04910333048676345
12.980393180847006,0.005190311418685121,0.04910333048676345
12.985393180847005,0.005190311418685121,0.04910333048676345
12.990393180847004,0.005190311418685121,0.04910333048676345
12.995393180847005,0.005190311418685121,0.04910333048676345
13.000393180847006,0.005190311418685121,0.04910333048676345
13.005393180847005,0.005190311418685121,0.04910333048676345
13.010393180847004,0.005190311418685121,0.04910333048676345
13.015393180847004,0.005190311418685121,0.04910333048676345
13.020393180847005,0.005190311418685121,0.04910333048676345
13.025393180847004,0.005190311418685121,0.04910333048676345
13.030393180847003,0.005190311418685121,0.04867634500426986
13.035393180847004,0.005190311418685121,0.04824935952177626
13.040393180847005,0.005190311418685121,0.04824935952177626
13.045393180847004,0.005190311418685121,0.04824935952177626
13.050393180847003,0.005190311418685121,0.04824935952177626
13.055393180847004,0.005190311418685121,0.04824935952177626
13.060393180847004,0.005190311418685121,0.04824935952177626
13.065393180847003,0.005190311418685121,0.04824935952177626
13.070393180847002,0.005190311418685121,0.04824935952177626
13.075393180847003,0.005190311418685121,0.04824935952177626
13.080393180847004,0.005190311418685121,0.04782237403928266
13.085393180847003,0.005190311418685121,0.04782237403928266
13.090393180847002,0.005190311418685121,0.04782237403928266
13.095393180847003,0.005190311418685121,0.04739538855678907
13.100393180847004,0.005190311418685121,0.04739538855678907
13.105393180847003,0.005190311418685121,0.04739538855678907
13.110393180847002,0.005190311418685121,0.04696840307429547
13.115393180847002,0.005190311418685121,0.04696840307429547
13.120393180847003,0.005190311418685121,0.04696840307429547
13.125393180847002,0.005190311418685121,0.04696840307429547
13.130393180847001,0.005190311418685121,0.04696840307429547
13.135393180847002,0.005190311418685121,0.04696840307429547
13.140393180847003,0.005190311418685121,0.04696840307429547
13.145393180847002,0.005190311418685121,0.04696840307429547
13.150393180847,0.005190311418685121,0.04696840307429547
13.155393180847001,0.005190311418685121,0.04696840307429547
13.160393180847002,0.005190311418685121,0.04696840307429547
13.165393180847001,0.005190311418685121,0.04696840307429547
13.170393180847,0.005190311418685121,0.04696840307429547
13.175393180847001,0.005190311418685121,0.04696840307429547
13.180393180847002,0.005190311418685121,0.04696840307429547
13.185393180847,0.005190311418685121,0.04696840307429547
13.190393180847,0.005190311418685121,0.04654141759180188
13.195393180847,0.005190311418685121,0.04654141759180188
13.200393180847001,0.00461361014994233,0.04654141759180188
13.205393180847,0.00461361014994233,0.04654141759180188
13.210393180847,0.00461361014994233,0.04654141759180188
13.215393180847,0.00461361014994233,0.04654141759180188
13.220393180847001,0.00461361014994233,0.04654141759180188
13.225393180847,0.00461361014994233,0.04654141759180188
13.230393180846999,0.00461361014994233,0.04611443210930828
13.235393180847,0.00461361014994233,0.04568744662681469
13.240393180847,0.00461361014994233,0.04568744662681469
13.245393180847,0.00461361014994233,0.04568744662681469
13.250393180846999,0.00461361014994233,0.04568744662681469
13.255393180847,0.00461361014994233,0.04568744662681469
13.260393180847,0.00461361014994233,0.04568744662681469
13.265393180847,0.00461361014994233,0.04526046114432109
13.270393180846998,0.00461361014994233,0.04526046114432109
13.275393180846999,0.00461361014994233,0.04526046114432109
13.280393180847,0.00461361014994233,0.04526046114432109
13.285393180846999,0.00461361014994233,0.04526046114432109
13.290393180846998,0.004036908881199538,0.04526046114432109
13.295393180846999,0.004036908881199538,0.04526046114432109
13.300393180847,0.004036908881199538,0.0448334756618275
13.305393180846998,0.004036908881199538,0.0448334756618275
13.310393180846997,0.004036908881199538,0.0448334756618275
13.315393180846998,0.004036908881199538,0.0448334756618275
13.320393180846999,0.004036908881199538,0.0448334756618275
13.325393180846998,0.004036908881199538,0.0448334756618275
13.330393180846997,0.004036908881199538,0.0444064901793339
13.335393180846998,0.004036908881199538,0.0444064901793339
13.340393180846998,0.004036908881199538,0.0444064901793339
13.345393180846997,0.004036908881199538,0.0444064901793339
13.350393180846996,0.004036908881199538,0.0444064901793339
13.355393180846997,0.004036908881199538,0.0444064901793339
13.360393180846998,0.004036908881199538,0.04397950469684031
13.365393180846997,0.004036908881199538,0.04397950469684031
13.370393180846996,0.004036908881199538,0.04397950469684031
13.375393180846997,0.004036908881199538,0.04397950469684031
13.380393180846998,0.004036908881199538,0.04397950469684031
13.385393180846997,0.004036908881199538,0.04397950469684031
13.390393180846996,0.004036908881199538,0.04397950469684031
13.395393180846996,0.004036908881199538,0.04312553373185312
13.400393180846997,0.004036908881199538,0.04312553373185312
13.405393180846996,0.004036908881199538,0.04312553373185312
13.410393180846995,0.004036908881199538,0.04312553373185312
13.415393180846996,0.004036908881199538,0.04312553373185312
13.420393180846997,0.004036908881199538,0.04312553373185312
13.425393180846996,0.004036908881199538,0.042271562766865924
13.430393180846995,0.004036908881199538,0.042271562766865924
13.435393180846996,0.004036908881199538,0.042271562766865924
13.440393180846996,0.004036908881199538,0.04184457728437233
13.445393180846995,0.004036908881199538,0.04184457728437233
13.450393180846994,0.004036908881199538,0.04184457728437233
13.455393180846995,0.004036908881199538,0.041417591801878734
13.460393180846996,0.004036908881199538,0.041417591801878734
13.465393180846995,0.004036908881199538,0.041417591801878734
13.470393180846994,0.004036908881199538,0.041417591801878734
13.475393180846995,0.004036908881199538,0.041417591801878734
13.480393180846995,0.004036908881199538,0.041417591801878734
13.485393180846994,0.004036908881199538,0.041417591801878734
13.490393180846993,0.004036908881199538,0.041417591801878734
13.495393180846994,0.004036908881199538,0.041417591801878734
13.500393180846995,0.004036908881199538,0.041417591801878734
13.505393180846994,0.004036908881199538,0.04099060631938514
13.510393180846993,0.004036908881199538,0.04099060631938514
13.515393180846994,0.004036908881199538,0.04099060631938514
13.520393180846995,0.004036908881199538,0.04099060631938514
13.525393180846994,0.004036908881199538,0.04099060631938514
13.530393180846993,0.004036908881199538,0.040563620836891544
13.535393180846993,0.004036908881199538,0.040563620836891544
13.540393180846994,0.004036908881199538,0.040563620836891544
13.545393180846993,0.004036908881199538,0.040563620836891544
13.550393180846992,0.004036908881199538,0.040563620836891544
13.555393180846993,0.004036908881199538,0.040563620836891544
13.560393180846994,0.004036908881199538,0.040563620836891544
13.565393180846993,0.004036908881199538,0.040563620836891544
13.570393180846992,0.004036908881199538,0.040563620836891544
13.575393180846993,0.004036908881199538,0.04013663535439795
13.580393180846993,0.004036908881199538,0.04013663535439795
13.585393180846992,0.004036908881199538,0.04013663535439795
13.590393180846991,0.004036908881199538,0.04013663535439795
13.595393180846992,0.004036908881199538,0.04013663535439795
13.600393180846993,0.004036908881199538,0.04013663535439795
13.605393180846992,0.004036908881199538,0.04013663535439795
13.610393180846991,0.004036908881199538,0.039709649871904354
13.615393180846992,0.004036908881199538,0.039709649871904354
13.620393180846992,0.004036908881199538,0.039709649871904354
13.625393180846991,0.004036908881199538,0.039709649871904354
13.63039318084699,0.004036908881199538,0.039709649871904354
13.635393180846991,0.004036908881199538,0.039709649871904354
13.640393180846992,0.004036908881199538,0.039709649871904354
13.645393180846991,0.004036908881199538,0.039709649871904354
13.65039318084699,0.004036908881199538,0.03928266438941076
13.65539318084699,0.004036908881199538,0.03928266438941076
13.660393180846992,0.004036908881199538,0.03928266438941076
13.66539318084699,0.004036908881199538,0.03928266438941076
13.67039318084699,0.004036908881199538,0.03928266438941076
13.67539318084699,0.004036908881199538,0.03928266438941076
13.680393180846991,0.004036908881199538,0.03928266438941076
13.68539318084699,0.004036908881199538,0.03928266438941076
13.69039318084699,0.004036908881199538,0.03928266438941076
13.69539318084699,0.004036908881199538,0.03928266438941076
13.70039318084699,0.004036908881199538,0.03928266438941076
13.70539318084699,0.004036908881199538,0.03928266438941076
13.710393180846989,0.004036908881199538,0.03928266438941076
13.71539318084699,0.004036908881199538,0.03928266438941076
13.72039318084699,0.004036908881199538,0.03928266438941076
13.72539318084699,0.004036908881199538,0.03928266438941076
13.730393180846988,0.004036908881199538,0.038855678906917164
13.73539318084699,0.004036908881199538,0.038855678906917164
13.74039318084699,0.004036908881199538,0.038855678906917164
13.745393180846989,0.004036908881199538,0.038855678906917164
13.750393180846988,0.004036908881199538,0.038855678906917164
13.755393180846989,0.004036908881199538,0.038855678906917164
13.76039318084699,0.004036908881199538,0.038855678906917164
13.765393180846988,0.004036908881199538,0.038855678906917164
13.770393180846987,0.004036908881199538,0.038855678906917164
13.775393180846988,0.004036908881199538,0.038855678906917164
13.780393180846989,0.004036908881199538,0.038001707941929974
13.785393180846988,0.004036908881199538,0.038001707941929974
13.790393180846987,0.004036908881199538,0.038001707941929974
13.795393180846988,0.004036908881199538,0.038001707941929974
13.800393180846989,0.004036908881199538,0.038001707941929974
13.805393180846988,0.004036908881199538,0.038001707941929974
13.810393180846987,0.004036908881199538,0.038001707941929974
13.815393180846987,0.004036908881199538,0.038001707941929974
13.820393180846988,0.004036908881199538,0.038001707941929974
13.825393180846987,0.004036908881199538,0.038001707941929974
13.830393180846986,0.004036908881199538,0.038001707941929974
13.835393180846987,0.004036908881199538,0.038001707941929974
13.840393180846988,0.004036908881199538,0.038001707941929974
13.845393180846987,0.004036908881199538,0.038001707941929974
13.850393180846986,0.004036908881199538,0.038001707941929974
13.855393180846987,0.004036908881199538,0.038001707941929974
13.860393180846987,0.004036908881199538,0.038001707941929974
13.865393180846986,0.0034602076124567475,0.038001707941929974
13.870393180846985,0.0034602076124567475,0.038001707941929974
13.875393180846986,0.0034602076124567475,0.038001707941929974
13.880393180846987,0.0034602076124567475,0.038001707941929974
13.885393180846986,0.0034602076124567475,0.037574722459436376
13.890393180846985,0.0034602076124567475,0.037147736976942784
13.895393180846986,0.0034602076124567475,0.037147736976942784
13.900393180846986,0.0034602076124567475,0.037147736976942784
13.905393180846986,0.0034602076124567475,0.037147736976942784
13.910393180846985,0.0034602076124567475,0.037147736976942784
13.915393180846985,0.0034602076124567475,0.037147736976942784
13.920393180846986,0.0034602076124567475,0.037147736976942784
13.925393180846985,0.0034602076124567475,0.036720751494449186
13.930393180846984,0.0034602076124567475,0.036720751494449186
13.935393180846985,0.0034602076124567475,0.036720751494449186
13.940393180846986,0.0034602076124567475,0.036720751494449186
13.945393180846985,0.0034602076124567475,0.036720751494449186
13.950393180846984,0.0034602076124567475,0.036720751494449186
13.955393180846984,0.0034602076124567475,0.036720751494449186
13.960393180846985,0.0034602076124567475,0.036293766011955594
13.965393180846984,0.0034602076124567475,0.036293766011955594
13.970393180846983,0.0034602076124567475,0.036293766011955594
13.975393180846984,0.0034602076124567475,0.036293766011955594
13.980393180846985,0.0034602076124567475,0.035866780529461996
13.985393180846984,0.0034602076124567475,0.035866780529461996
13.990393180846983,0.0034602076124567475,0.035866780529461996
13.995393180846984,0.0034602076124567475,0.035439795046968404
14.000393180846984,0.0034602076124567475,0.035439795046968404
14.005393180846983,0.0034602076124567475,0.035439795046968404
14.010393180846982,0.0034602076124567475,0.035439795046968404
14.015393180846983,0.0034602076124567475,0.035439795046968404
14.020393180846984,0.0034602076124567475,0.035439795046968404
14.025393180846983,0.0034602076124567475,0.035439795046968404
14.030393180846982,0.0034602076124567475,0.035439795046968404
14.035393180846983,0.0034602076124567475,0.035439795046968404
14.040393180846984,0.0034602076124567475,0.035012809564474806
14.045393180846983,0.0034602076124567475,0.034585824081981215
14.050393180846982,0.0034602076124567475,0.034585824081981215
14.055393180846982,0.0034602076124567475,0.034585824081981215
14.060393180846983,0.0034602076124567475,0.034585824081981215
14.065393180846982,0.0034602076124567475,0.034158838599487616
14.070393180846981,0.0034602076124567475,0.034158838599487616
14.075393180846982,0.0034602076124567475,0.034158838599487616
14.080393180846983,0.0034602076124567475,0.034158838599487616
14.085393180846982,0.0034602076124567475,0.034158838599487616
14.09039318084698,0.0034602076124567475,0.033731853116994025
14.095393180846981,0.0034602076124567475,0.033731853116994025
14.100393180846982,0.0034602076124567475,0.033304867634500426
14.105393180846981,0.0034602076124567475,0.033304867634500426
14.11039318084698,0.0034602076124567475,0.033304867634500426
14.115393180846981,0.0034602076124567475,0.033304867634500426
14.120393180846982,0.0034602076124567475,0.032877882152006835
14.12539318084698,0.0034602076124567475,0.032877882152006835
14.13039318084698,0.0034602076124567475,0.032877882152006835
14.13539318084698,0.0034602076124567475,0.032877882152006835
14.140393180846981,0.0034602076124567475,0.032877882152006835
14.14539318084698,0.0034602076124567475,0.032450896669513236
14.15039318084698,0.0034602076124567475,0.032450896669513236
14.15539318084698,0.0034602076124567475,0.032450896669513236
14.160393180846981,0.0034602076124567475,0.032450896669513236
14.16539318084698,0.0034602076124567475,0.03202391118701964
14.170393180846979,0.0034602076124567475,0.03202391118701964
14.17539318084698,0.0034602076124567475,0.03202391118701964
14.18039318084698,0.0034602076124567475,0.03202391118701964
14.18539318084698,0.0034602076124567475,0.03202391118701964
14.190393180846979,0.0034602076124567475,0.03202391118701964
14.19539318084698,0.0034602076124567475,0.03202391118701964
14.20039318084698,0.0034602076124567475,0.03202391118701964
14.205393180846979,0.0034602076124567475,0.03202391118701964
14.210393180846978,0.0034602076124567475,0.03202391118701964
14.215393180846979,0.0034602076124567475,0.03202391118701964
14.22039318084698,0.0034602076124567475,0.03202391118701964
14.225393180846979,0.0034602076124567475,0.03202391118701964
14.230393180846978,0.0034602076124567475,0.03202391118701964
14.235393180846978,0.0034602076124567475,0.03159692570452605
14.24039318084698,0.0034602076124567475,0.03159692570452605
14.245393180846978,0.0034602076124567475,0.03159692570452605
14.250393180846977,0.0034602076124567475,0.03159692570452605
14.255393180846978,0.0034602076124567475,0.03159692570452605
14.260393180846979,0.0034602076124567475,0.03159692570452605
14.265393180846978,0.0034602076124567475,0.03159692570452605
14.270393180846977,0.0034602076124567475,0.03159692570452605
14.275393180846978,0.0034602076124567475,0.03159692570452605
14.280393180846978,0.0034602076124567475,0.03159692570452605
14.285393180846977,0.0034602076124567475,0.03159692570452605
14.290393180846976,0.0034602076124567475,0.03159692570452605
14.295393180846977,0.0034602076124567475,0.03159692570452605
14.300393180846978,0.0034602076124567475,0.03159692570452605
14.305393180846977,0.0034602076124567475,0.03159692570452605
14.310393180846976,0.0034602076124567475,0.03159692570452605
14.315393180846977,0.0034602076124567475,0.03159692570452605
14.320393180846978,0.0034602076124567475,0.03159692570452605
14.325393180846977,0.0034602076124567475,0.03159692570452605
14.330393180846976,0.0034602076124567475,0.03159692570452605
14.335393180846976,0.0034602076124567475,0.03159692570452605
14.340393180846977,0.0034602076124567475,0.03159692570452605
14.345393180846976,0.0034602076124567475,0.03159692570452605
14.350393180846975,0.0034602076124567475,0.03159692570452605
14.355393180846976,0.0034602076124567475,0.03159692570452605
14.360393180846977,0.0034602076124567475,0.03159692570452605
14.365393180846976,0.0034602076124567475,0.03159692570452605
14.370393180846975,0.0034602076124567475,0.03159692570452605
14.375393180846975,0.0034602076124567475,0.03159692570452605
14.380393180846976,0.0034602076124567475,0.03159692570452605
14.385393180846975,0.0034602076124567475,0.03159692570452605
14.390393180846974,0.0034602076124567475,0.03116994022203245
14.395393180846975,0.0034602076124567475,0.03116994022203245
14.400393180846976,0.0034602076124567475,0.03116994022203245
14.405393180846975,0.0034602076124567475,0.03116994022203245
14.410393180846974,0.0034602076124567475,0.03116994022203245
14.415393180846975,0.0034602076124567475,0.03116994022203245
14.420393180846975,0.0034602076124567475,0.03116994022203245
14.425393180846974,0.0034602076124567475,0.030742954739538857
14.430393180846973,0.0034602076124567475,0.030742954739538857
14.435393180846974,0.0034602076124567475,0.030742954739538857
14.440393180846975,0.0034602076124567475,0.030742954739538857
14.445393180846974,0.0034602076124567475,0.030742954739538857
14.450393180846973,0.0034602076124567475,0.030742954739538857
14.455393180846974,0.0034602076124567475,0.030742954739538857
14.460393180846975,0.0034602076124567475,0.03031596925704526
14.465393180846974,0.0034602076124567475,0.03031596925704526
14.470393180846973,0.0034602076124567475,0.03031596925704526
14.475393180846973,0.0034602076124567475,0.03031596925704526
14.480393180846974,0.0034602076124567475,0.03031596925704526
14.485393180846973,0.0034602076124567475,0.03031596925704526
14.490393180846972,0.0034602076124567475,0.03031596925704526
14.495393180846973,0.0034602076124567475,0.03031596925704526
14.500393180846974,0.0034602076124567475,0.03031596925704526
14.505393180846973,0.0034602076124567475,0.03031596925704526
14.510393180846972,0.0028835063437139563,0.03031596925704526
14.515393180846972,0.0028835063437139563,0.03031596925704526
14.520393180846973,0.0028835063437139563,0.03031596925704526
14.525393180846972,0.0028835063437139563,0.03031596925704526
14.530393180846971,0.0028835063437139563,0.03031596925704526
14.535393180846972,0.0028835063437139563,0.03031596925704526
14.540393180846973,0.0028835063437139563,0.03031596925704526
14.545393180846972,0.0028835063437139563,0.02946199829205807
14.55039318084697,0.0028835063437139563,0.02946199829205807
14.555393180846972,0.0028835063437139563,0.02946199829205807
14.560393180846972,0.0028835063437139563,0.02946199829205807
14.565393180846971,0.0028835063437139563,0.02946199829205807
14.57039318084697,0.0028835063437139563,0.02946199829205807
14.575393180846971,0.0028835063437139563,0.02946199829205807
14.580393180846972,0.0028835063437139563,0.02946199829205807
14.585393180846971,0.0028835063437139563,0.02946199829205807
14.59039318084697,0.0028835063437139563,0.02946199829205807
14.59539318084697,0.0028835063437139563,0.02946199829205807
14.600393180846972,0.0028835063437139563,0.02946199829205807
14.60539318084697,0.0028835063437139563,0.02946199829205807
14.61039318084697,0.0028835063437139563,0.02946199829205807
14.61539318084697,0.0028835063437139563,0.02946199829205807
14.620393180846971,0.0028835063437139563,0.02946199829205807
14.62539318084697,0.0028835063437139563,0.02946199829205807
14.63039318084697,0.0028835063437139563,0.02946199829205807
14.63539318084697,0.0028835063437139563,0.02946199829205807
14.64039318084697,0.0028835063437139563,0.02946199829205807
14.64539318084697,0.0028835063437139563,0.02946199829205807
14.650393180846969,0.0028835063437139563,0.02946199829205807
14.65539318084697,0.0028835063437139563,0.02946199829205807
14.66039318084697,0.0028835063437139563,0.02946199829205807
14.66539318084697,0.0028835063437139563,0.02946199829205807
14.670393180846968,0.0028835063437139563,0.02946199829205807
14.675393180846969,0.0028835063437139563,0.02946199829205807
14.68039318084697,0.0028835063437139563,0.02946199829205807
14.685393180846969,0.0028835063437139563,0.02946199829205807
14.690393180846968,0.0028835063437139563,0.02946199829205807
14.695393180846969,0.0028835063437139563,0.02946199829205807
14.70039318084697,0.0028835063437139563,0.02946199829205807
14.705393180846968,0.0028835063437139563,0.02946199829205807
14.710393180846967,0.0028835063437139563,0.02946199829205807
14.715393180846968,0.0028835063437139563,0.02946199829205807
14.720393180846969,0.0028835063437139563,0.02946199829205807
14.725393180846968,0.0028835063437139563,0.02946199829205807
14.730393180846967,0.0028835063437139563,0.02946199829205807
14.735393180846968,0.0028835063437139563,0.02946199829205807
14.740393180846969,0.0028835063437139563,0.029035012809564473
14.745393180846968,0.0028835063437139563,0.029035012809564473
14.750393180846967,0.0028835063437139563,0.029035012809564473
14.755393180846967,0.0028835063437139563,0.029035012809564473
14.760393180846968,0.0028835063437139563,0.02860802732707088
14.765393180846967,0.0028835063437139563,0.02860802732707088
14.770393180846966,0.0028835063437139563,0.02860802732707088
14.775393180846967,0.0028835063437139563,0.02860802732707088
14.780393180846968,0.0028835063437139563,0.02860802732707088
14.785393180846967,0.0028835063437139563,0.02860802732707088
14.790393180846966,0.0028835063437139563,0.02860802732707088
14.795393180846967,0.0028835063437139563,0.02860802732707088
14.800393180846967,0.0028835063437139563,0.02860802732707088
14.805393180846966,0.0028835063437139563,0.02860802732707088
14.810393180846965,0.0028835063437139563,0.028181041844577284
14.815393180846966,0.0028835063437139563,0.028181041844577284
14.820393180846967,0.0028835063437139563,0.028181041844577284
14.825393180846966,0.0028835063437139563,0.028181041844577284
14.830393180846965,0.0028835063437139563,0.028181041844577284
14.835393180846966,0.0028835063437139563,0.02775405636208369
14.840393180846966,0.0028835063437139563,0.027327070879590094
14.845393180846965,0.0028835063437139563,0.027327070879590094
14.850393180846964,0.0028835063437139563,0.0269000853970965
14.855393180846965,0.0028835063437139563,0.0269000853970965
14.860393180846966,0.0028835063437139563,0.0269000853970965
14.865393180846965,0.0028835063437139563,0.0269000853970965
14.870393180846964,0.0028835063437139563,0.0269000853970965
14.875393180846965,0.0028835063437139563,0.0269000853970965
14.880393180846966,0.0028835063437139563,0.0269000853970965
14.885393180846965,0.0028835063437139563,0.0269000853970965
14.890393180846964,0.0028835063437139563,0.0269000853970965
14.895393180846964,0.0028835063437139563,0.0269000853970965
14.900393180846965,0.0028835063437139563,0.0269000853970965
14.905393180846964,0.0028835063437139563,0.0269000853970965
14.910393180846963,0.0028835063437139563,0.0269000853970965
14.915393180846964,0.0028835063437139563,0.0269000853970965
14.920393180846965,0.0028835063437139563,0.0269000853970965
14.925393180846964,0.0028835063437139563,0.0269000853970965
14.930393180846963,0.0028835063437139563,0.0269000853970965
14.935393180846964,0.0028835063437139563,0.0269000853970965
14.940393180846964,0.0028835063437139563,0.0269000853970965
14.945393180846963,0.0028835063437139563,0.0269000853970965
14.950393180846962,0.0028835063437139563,0.0269000853970965
14.955393180846963,0.0028835063437139563,0.0269000853970965
14.960393180846964,0.0028835063437139563,0.0269000853970965
14.965393180846963,0.0028835063437139563,0.0269000853970965
14.970393180846962,0.0028835063437139563,0.0269000853970965
14.975393180846963,0.0028835063437139563,0.0269000853970965
14.980393180846963,0.0028835063437139563,0.0269000853970965
14.985393180846962,0.0028835063437139563,0.0269000853970965
14.990393180846961,0.0028835063437139563,0.0269000853970965
14.995393180846962,0.0028835063437139563,0.0269000853970965
15.000393180846963,0.0028835063437139563,0.0269000853970965
15.005393180846962,0.0028835063437139563,0.0269000853970965
15.010393180846961,0.0028835063437139563,0.0269000853970965
15.015393180846962,0.0028835063437139563,0.0269000853970965
15.020393180846963,0.0028835063437139563,0.0269000853970965
15.025393180846962,0.0028835063437139563,0.0269000853970965
15.03039318084696,0.0028835063437139563,0.0269000853970965
15.035393180846961,0.0028835063437139563,0.0269000853970965
15.040393180846962,0.0028835063437139563,0.0269000853970965
15.045393180846961,0.0028835063437139563,0.0269000853970965
15.05039318084696,0.0028835063437139563,0.0269000853970965
15.055393180846961,0.0028835063437139563,0.0269000853970965
15.060393180846962,0.0028835063437139563,0.0269000853970965
15.06539318084696,0.0028835063437139563,0.0269000853970965
15.07039318084696,0.0028835063437139563,0.0269000853970965
15.07539318084696,0.0028835063437139563,0.0269000853970965
15.080393180846961,0.0028835063437139563,0.0269000853970965
15.08539318084696,0.0028835063437139563,0.0269000853970965
15.09039318084696,0.0028835063437139563,0.0269000853970965
15.09539318084696,0.0028835063437139563,0.0269000853970965
15.100393180846961,0.0028835063437139563,0.0269000853970965
15.10539318084696,0.0028835063437139563,0.0269000853970965
15.110393180846959,0.0028835063437139563,0.0269000853970965
15.11539318084696,0.0028835063437139563,0.0269000853970965
15.12039318084696,0.0028835063437139563,0.026473099914602904
15.12539318084696,0.0028835063437139563,0.026473099914602904
15.130393180846959,0.0028835063437139563,0.026473099914602904
15.13539318084696,0.0028835063437139563,0.026473099914602904
15.14039318084696,0.0028835063437139563,0.026473099914602904
15.145393180846959,0.0028835063437139563,0.026473099914602904
15.150393180846958,0.0028835063437139563,0.026473099914602904
15.155393180846959,0.0028835063437139563,0.026473099914602904
15.16039318084696,0.0028835063437139563,0.026473099914602904
15.165393180846959,0.0028835063437139563,0.026473099914602904
15.170393180846958,0.0028835063437139563,0.026473099914602904
15.175393180846958,0.0028835063437139563,0.026473099914602904
15.18039318084696,0.0028835063437139563,0.026473099914602904
15.185393180846958,0.0028835063437139563,0.026473099914602904
15.190393180846957,0.0028835063437139563,0.026473099914602904
15.195393180846958,0.0028835063437139563,0.026473099914602904
15.200393180846959,0.0028835063437139563,0.026473099914602904
15.205393180846958,0.0028835063437139563,0.026473099914602904
15.210393180846957,0.0028835063437139563,0.026473099914602904
15.215393180846958,0.0028835063437139563,0.026473099914602904
15.220393180846958,0.0028835063437139563,0.026473099914602904
15.225393180846957,0.0028835063437139563,0.026473099914602904
15.230393180846956,0.0028835063437139563,0.026473099914602904
15.235393180846957,0.0028835063437139563,0.026473099914602904
15.240393180846958,0.0028835063437139563,0.026473099914602904
15.245393180846957,0.0028835063437139563,0.026473099914602904
15.250393180846956,0.0028835063437139563,0.026473099914602904
15.255393180846957,0.0028835063437139563,0.026473099914602904
15.260393180846958,0.0028835063437139563,0.026473099914602904
15.265393180846957,0.0028835063437139563,0.026473099914602904
15.270393180846956,0.0028835063437139563,0.02604611443210931
15.275393180846956,0.0028835063437139563,0.02604611443210931
15.280393180846957,0.0028835063437139563,0.02604611443210931
15.285393180846956,0.0028835063437139563,0.02604611443210931
15.290393180846955,0.0028835063437139563,0.02604611443210931
15.295393180846956,0.0028835063437139563,0.025619128949615714
15.300393180846957,0.0028835063437139563,0.025619128949615714
15.305393180846956,0.0028835063437139563,0.025619128949615714
15.310393180846955,0.0028835063437139563,0.025619128949615714
15.315393180846955,0.0028835063437139563,0.025619128949615714
15.320393180846956,0.0028835063437139563,0.025619128949615714
15.325393180846955,0.0028835063437139563,0.02519214346712212
15.330393180846954,0.0028835063437139563,0.02519214346712212
15.335393180846955,0.0028835063437139563,0.024765157984628524
15.340393180846956,0.0028835063437139563,0.024765157984628524
15.345393180846955,0.0028835063437139563,0.024765157984628524
15.350393180846954,0.0028835063437139563,0.024765157984628524
15.355393180846955,0.0028835063437139563,0.024765157984628524
15.360393180846955,0.0028835063437139563,0.024765157984628524
15.365393180846954,0.0028835063437139563,0.024765157984628524
15.370393180846953,0.0028835063437139563,0.024765157984628524
15.375393180846954,0.0028835063437139563,0.024765157984628524
15.380393180846955,0.0028835063437139563,0.024765157984628524
15.385393180846954,0.0028835063437139563,0.024765157984628524
15.390393180846953,0.0028835063437139563,0.024765157984628524
15.395393180846954,0.0028835063437139563,0.024765157984628524
15.400393180846955,0.0028835063437139563,0.024765157984628524
15.405393180846954,0.0028835063437139563,0.024765157984628524
15.410393180846953,0.0028835063437139563,0.024765157984628524
15.415393180846953,0.0028835063437139563,0.02391118701964133
15.420393180846954,0.0028835063437139563,0.02391118701964133
15.425393180846953,0.0028835063437139563,0.02391118701964133
15.430393180846952,0.0028835063437139563,0.02391118701964133
15.435393180846953,0.0028835063437139563,0.02391118701964133
15.440393180846954,0.0028835063437139563,0.02391118701964133
15.445393180846953,0.0028835063437139563,0.023484201537147736
15.450393180846952,0.0028835063437139563,0.02305721605465414
15.455393180846952,0.0028835063437139563,0.02305721605465414
15.460393180846953,0.0028835063437139563,0.02305721605465414
15.465393180846952,0.0028835063437139563,0.02305721605465414
15.470393180846951,0.0028835063437139563,0.02305721605465414
15.475393180846952,0.0028835063437139563,0.02305721605465414
15.480393180846953,0.0028835063437139563,0.02305721605465414
15.485393180846952,0.0028835063437139563,0.02305721605465414
15.49039318084695,0.0028835063437139563,0.02305721605465414
15.495393180846952,0.0028835063437139563,0.02305721605465414
15.500393180846952,0.0028835063437139563,0.02305721605465414
15.505393180846951,0.0028835063437139563,0.02305721605465414
15.51039318084695,0.0028835063437139563,0.02305721605465414
15.515393180846951,0.0028835063437139563,0.02305721605465414
15.520393180846952,0.0028835063437139563,0.02305721605465414
15.525393180846951,0.0028835063437139563,0.022630230572160546
15.53039318084695,0.0028835063437139563,0.022630230572160546
15.53539318084695,0.0028835063437139563,0.022630230572160546
15.540393180846952,0.0028835063437139563,0.022630230572160546
15.54539318084695,0.0028835063437139563,0.022630230572160546
15.55039318084695,0.0028835063437139563,0.022630230572160546
15.55539318084695,0.0028835063437139563,0.022630230572160546
15.560393180846951,0.0028835063437139563,0.022630230572160546
15.56539318084695,0.0028835063437139563,0.022630230572160546
15.57039318084695,0.0028835063437139563,0.022630230572160546
15.57539318084695,0.0028835063437139563,0.022630230572160546
15.58039318084695,0.0028835063437139563,0.022630230572160546
15.58539318084695,0.0028835063437139563,0.022630230572160546
15.590393180846949,0.0028835063437139563,0.022630230572160546
15.59539318084695,0.0028835063437139563,0.022630230572160546
15.60039318084695,0.0028835063437139563,0.022630230572160546
15.60539318084695,0.0028835063437139563,0.022630230572160546
15.610393180846948,0.0028835063437139563,0.022630230572160546
15.615393180846949,0.0028835063437139563,0.022630230572160546
15.62039318084695,0.0028835063437139563,0.022630230572160546
15.625393180846949,0.0028835063437139563,0.022630230572160546
15.630393180846948,0.0028835063437139563,0.022630230572160546
15.635393180846949,0.0028835063437139563,0.022630230572160546
15.64039318084695,0.0028835063437139563,0.022630230572160546
15.645393180846948,0.0028835063437139563,0.022630230572160546
15.650393180846947,0.0028835063437139563,0.022630230572160546
15.655393180846948,0.0028835063437139563,0.022630230572160546
15.660393180846949,0.0028835063437139563,0.022630230572160546
15.665393180846948,0.0028835063437139563,0.022630230572160546
15.670393180846947,0.0028835063437139563,0.022630230572160546
15.675393180846948,0.0028835063437139563,0.022630230572160546
15.680393180846949,0.0028835063437139563,0.022630230572160546
15.685393180846948,0.0028835063437139563,0.022630230572160546
15.690393180846947,0.0028835063437139563,0.022630230572160546
15.695393180846947,0.0028835063437139563,0.022630230572160546
15.700393180846948,0.0028835063437139563,0.022630230572160546
15.705393180846947,0.0028835063437139563,0.022630230572160546
15.710393180846946,0.0028835063437139563,0.022630230572160546
15.715393180846947,0.0028835063437139563,0.022630230572160546
15.720393180846948,0.0028835063437139563,0.022630230572160546
15.725393180846947,0.0028835063437139563,0.022630230572160546
15.730393180846946,0.0028835063437139563,0.02220324508966695
15.735393180846946,0.0028835063437139563,0.02220324508966695
15.740393180846947,0.0028835063437139563,0.02220324508966695
15.745393180846946,0.0028835063437139563,0.02220324508966695
15.750393180846945,0.0028835063437139563,0.02220324508966695
15.755393180846946,0.0028835063437139563,0.02220324508966695
15.760393180846947,0.0028835063437139563,0.02220324508966695
15.765393180846946,0.0028835063437139563,0.02220324508966695
15.770393180846945,0.0028835063437139563,0.02220324508966695
15.775393180846946,0.0028835063437139563,0.02220324508966695
15.780393180846946,0.0028835063437139563,0.02220324508966695
15.785393180846945,0.0028835063437139563,0.02220324508966695
15.790393180846944,0.0028835063437139563,0.02220324508966695
15.795393180846945,0.0028835063437139563,0.02220324508966695
15.800393180846946,0.0028835063437139563,0.02220324508966695
15.805393180846945,0.0028835063437139563,0.02220324508966695
15.810393180846944,0.0028835063437139563,0.02220324508966695
15.815393180846945,0.0028835063437139563,0.02220324508966695
15.820393180846946,0.0028835063437139563,0.02220324508966695
15.825393180846945,0.0028835063437139563,0.02220324508966695
15.830393180846944,0.0028835063437139563,0.02220324508966695
15.835393180846944,0.0028835063437139563,0.02220324508966695
15.840393180846945,0.0028835063437139563,0.02220324508966695
15.845393180846944,0.0028835063437139563,0.02220324508966695
15.850393180846943,0.0028835063437139563,0.02220324508966695
15.855393180846944,0.0028835063437139563,0.02220324508966695
15.860393180846945,0.0028835063437139563,0.02220324508966695
15.865393180846944,0.0028835063437139563,0.02220324508966695
15.870393180846943,0.0028835063437139563,0.02220324508966695
15.875393180846944,0.0028835063437139563,0.02220324508966695
15.880393180846944,0.0028835063437139563,0.02220324508966695
15.885393180846943,0.0028835063437139563,0.02220324508966695
15.890393180846942,0.0028835063437139563,0.02220324508966695
15.895393180846943,0.0028835063437139563,0.02220324508966695
15.900393180846944,0.0028835063437139563,0.02220324508966695
15.905393180846943,0.0028835063437139563,0.02220324508966695
15.910393180846942,0.0028835063437139563,0.02220324508966695
15.915393180846943,0.0028835063437139563,0.02220324508966695
15.920393180846943,0.0028835063437139563,0.02220324508966695
15.925393180846942,0.0028835063437139563,0.02220324508966695
15.930393180846941,0.0028835063437139563,0.02220324508966695
15.935393180846942,0.0028835063437139563,0.02220324508966695
15.940393180846943,0.0028835063437139563,0.02220324508966695
15.945393180846942,0.0028835063437139563,0.021776259607173356
15.950393180846941,0.0028835063437139563,0.021776259607173356
15.955393180846942,0.0028835063437139563,0.021776259607173356
15.960393180846943,0.0028835063437139563,0.021776259607173356
15.965393180846942,0.0028835063437139563,0.021776259607173356
15.97039318084694,0.0028835063437139563,0.021776259607173356
15.975393180846941,0.0028835063437139563,0.021776259607173356
15.980393180846942,0.0028835063437139563,0.021776259607173356
15.985393180846941,0.0028835063437139563,0.021776259607173356
15.99039318084694,0.0028835063437139563,0.021776259607173356
15.995393180846941,0.0028835063437139563,0.021776259607173356
16.00039318084694,0.0028835063437139563,0.021776259607173356
16.00539318084694,0.0028835063437139563,0.021776259607173356
16.01039318084694,0.0028835063437139563,0.021776259607173356
16.015393180846942,0.0028835063437139563,0.021776259607173356
16.02039318084694,0.0028835063437139563,0.021776259607173356
16.02539318084694,0.0028835063437139563,0.021776259607173356
16.03039318084694,0.0028835063437139563,0.021776259607173356
16.03539318084694,0.0028835063437139563,0.021776259607173356
16.04039318084694,0.0028835063437139563,0.021776259607173356
16.04539318084694,0.0028835063437139563,0.021776259607173356
16.05039318084694,0.0028835063437139563,0.021776259607173356
16.05539318084694,0.0028835063437139563,0.021776259607173356
16.06039318084694,0.0028835063437139563,0.02134927412467976
16.06539318084694,0.0028835063437139563,0.02134927412467976
16.07039318084694,0.0028835063437139563,0.02134927412467976
16.075393180846937,0.0028835063437139563,0.02134927412467976
16.08039318084694,0.0028835063437139563,0.02134927412467976
16.08539318084694,0.0028835063437139563,0.02134927412467976
16.090393180846938,0.0028835063437139563,0.020922288642186166
16.09539318084694,0.0028835063437139563,0.020922288642186166
16.10039318084694,0.0028835063437139563,0.020922288642186166
16.10539318084694,0.0028835063437139563,0.02049530315969257
16.110393180846938,0.0028835063437139563,0.02049530315969257
16.115393180846937,0.0028835063437139563,0.02049530315969257
16.12039318084694,0.0028835063437139563,0.02049530315969257
16.125393180846938,0.0028835063437139563,0.02049530315969257
16.130393180846937,0.0028835063437139563,0.02049530315969257
16.13539318084694,0.0028835063437139563,0.02049530315969257
16.14039318084694,0.0028835063437139563,0.02049530315969257
16.145393180846938,0.0028835063437139563,0.02049530315969257
16.150393180846937,0.0028835063437139563,0.02049530315969257
16.155393180846936,0.0028835063437139563,0.02049530315969257
16.16039318084694,0.0028835063437139563,0.02049530315969257
16.165393180846937,0.0028835063437139563,0.02049530315969257
16.170393180846936,0.0028835063437139563,0.02049530315969257
16.17539318084694,0.0028835063437139563,0.02049530315969257
16.180393180846938,0.0028835063437139563,0.02049530315969257
16.185393180846937,0.0028835063437139563,0.02049530315969257
16.190393180846936,0.0028835063437139563,0.02049530315969257
16.195393180846935,0.0028835063437139563,0.02049530315969257
16.200393180846937,0.0028835063437139563,0.02049530315969257
16.205393180846936,0.0028835063437139563,0.02049530315969257
16.210393180846935,0.0028835063437139563,0.02049530315969257
16.215393180846938,0.0028835063437139563,0.02049530315969257
16.220393180846937,0.0028835063437139563,0.02049530315969257
16.225393180846936,0.0028835063437139563,0.020068317677198976
16.230393180846935,0.0028835063437139563,0.020068317677198976
16.235393180846934,0.0028835063437139563,0.020068317677198976
16.240393180846937,0.0028835063437139563,0.020068317677198976
16.245393180846936,0.0028835063437139563,0.020068317677198976
16.250393180846935,0.0028835063437139563,0.020068317677198976
16.255393180846937,0.0028835063437139563,0.020068317677198976
16.260393180846936,0.0028835063437139563,0.020068317677198976
16.265393180846935,0.0028835063437139563,0.020068317677198976
16.270393180846934,0.0028835063437139563,0.020068317677198976
16.275393180846933,0.0028835063437139563,0.020068317677198976
16.280393180846936,0.0028835063437139563,0.020068317677198976
16.285393180846935,0.0028835063437139563,0.020068317677198976
16.290393180846934,0.0028835063437139563,0.020068317677198976
16.295393180846936,0.0028835063437139563,0.01964133219470538
16.300393180846935,0.0028835063437139563,0.01964133219470538
16.305393180846934,0.0028835063437139563,0.01964133219470538
16.310393180846933,0.0028835063437139563,0.01964133219470538
16.315393180846932,0.0028835063437139563,0.01964133219470538
16.320393180846935,0.0028835063437139563,0.01964133219470538
16.325393180846934,0.0028835063437139563,0.01964133219470538
16.330393180846933,0.0028835063437139563,0.01964133219470538
16.335393180846935,0.0028835063437139563,0.01964133219470538
16.340393180846934,0.0028835063437139563,0.01964133219470538
16.345393180846933,0.0028835063437139563,0.01964133219470538
16.350393180846932,0.0028835063437139563,0.01964133219470538
16.35539318084693,0.0028835063437139563,0.01964133219470538
16.360393180846934,0.0028835063437139563,0.01964133219470538
16.365393180846933,0.0028835063437139563,0.01964133219470538
16.370393180846932,0.0028835063437139563,0.01964133219470538
16.375393180846935,0.0028835063437139563,0.01964133219470538
16.380393180846934,0.0028835063437139563,0.01964133219470538
16.385393180846933,0.0028835063437139563,0.01964133219470538
16.39039318084693,0.0028835063437139563,0.01964133219470538
16.39539318084693,0.0028835063437139563,0.01964133219470538
16.400393180846933,0.0028835063437139563,0.01964133219470538
16.405393180846932,0.0028835063437139563,0.01964133219470538
16.41039318084693,0.0028835063437139563,0.01964133219470538
16.415393180846934,0.0028835063437139563,0.01964133219470538
16.420393180846933,0.0028835063437139563,0.019214346712211786
16.425393180846932,0.0028835063437139563,0.019214346712211786
16.43039318084693,0.0028835063437139563,0.019214346712211786
16.43539318084693,0.0028835063437139563,0.019214346712211786
16.440393180846932,0.0028835063437139563,0.019214346712211786
16.44539318084693,0.0028835063437139563,0.019214346712211786
16.45039318084693,0.0028835063437139563,0.019214346712211786
16.455393180846933,0.0028835063437139563,0.019214346712211786
16.460393180846932,0.0028835063437139563,0.019214346712211786
16.46539318084693,0.0028835063437139563,0.019214346712211786
16.47039318084693,0.0028835063437139563,0.019214346712211786
16.47539318084693,0.0028835063437139563,0.019214346712211786
16.48039318084693,0.0028835063437139563,0.019214346712211786
16.48539318084693,0.0028835063437139563,0.019214346712211786
16.49039318084693,0.0028835063437139563,0.019214346712211786
16.495393180846932,0.0028835063437139563,0.019214346712211786
16.50039318084693,0.0028835063437139563,0.019214346712211786
16.50539318084693,0.0028835063437139563,0.019214346712211786
16.51039318084693,0.0028835063437139563,0.019214346712211786
16.515393180846928,0.0028835063437139563,0.019214346712211786
16.52039318084693,0.0028835063437139563,0.019214346712211786
16.52539318084693,0.0028835063437139563,0.019214346712211786
16.53039318084693,0.0028835063437139563,0.019214346712211786
16.53539318084693,0.0028835063437139563,0.019214346712211786
16.54039318084693,0.0028835063437139563,0.019214346712211786
16.54539318084693,0.0028835063437139563,0.019214346712211786
16.55039318084693,0.0028835063437139563,0.019214346712211786
16.555393180846927,0.0028835063437139563,0.019214346712211786
16.56039318084693,0.0028835063437139563,0.018787361229718188
16.56539318084693,0.0028835063437139563,0.018787361229718188
16.570393180846928,0.0028835063437139563,0.018787361229718188
16.57539318084693,0.0028835063437139563,0.018787361229718188
16.58039318084693,0.0028835063437139563,0.018787361229718188
16.58539318084693,0.0028835063437139563,0.018787361229718188
16.590393180846927,0.0028835063437139563,0.018787361229718188
16.595393180846926,0.0028835063437139563,0.018787361229718188
16.60039318084693,0.0028835063437139563,0.018787361229718188
16.605393180846928,0.0028835063437139563,0.018787361229718188
16.610393180846927,0.0028835063437139563,0.018787361229718188
16.61539318084693,0.0028835063437139563,0.018787361229718188
16.62039318084693,0.0028835063437139563,0.018787361229718188
16.625393180846928,0.0028835063437139563,0.018787361229718188
16.630393180846927,0.0028835063437139563,0.018787361229718188
16.635393180846926,0.0028835063437139563,0.018787361229718188
16.640393180846928,0.0028835063437139563,0.018787361229718188
16.645393180846927,0.0028835063437139563,0.018787361229718188
16.650393180846926,0.0028835063437139563,0.018787361229718188
16.65539318084693,0.0028835063437139563,0.018787361229718188
16.660393180846928,0.0028835063437139563,0.018787361229718188
16.665393180846927,0.0028835063437139563,0.018787361229718188
16.670393180846926,0.0028835063437139563,0.018787361229718188
16.675393180846925,0.0028835063437139563,0.018787361229718188
16.680393180846927,0.0028835063437139563,0.018787361229718188
16.685393180846926,0.0028835063437139563,0.018787361229718188
16.690393180846925,0.0028835063437139563,0.018787361229718188
16.695393180846928,0.0028835063437139563,0.018787361229718188
16.700393180846927,0.0028835063437139563,0.018787361229718188
16.705393180846926,0.0028835063437139563,0.018787361229718188
16.710393180846925,0.0028835063437139563,0.018787361229718188
16.715393180846924,0.0028835063437139563,0.018787361229718188
16.720393180846926,0.0028835063437139563,0.018787361229718188
16.725393180846925,0.0028835063437139563,0.018787361229718188
16.730393180846924,0.0028835063437139563,0.018787361229718188
16.735393180846927,0.0028835063437139563,0.018787361229718188
16.740393180846926,0.0028835063437139563,0.018787361229718188
16.745393180846925,0.0028835063437139563,0.018787361229718188
16.750393180846924,0.0028835063437139563,0.018787361229718188
16.755393180846923,0.0028835063437139563,0.018787361229718188
16.760393180846926,0.0028835063437139563,0.018787361229718188
16.765393180846925,0.0028835063437139563,0.018787361229718188
16.770393180846924,0.0028835063437139563,0.018787361229718188
16.775393180846926,0.0028835063437139563,0.018360375747224593
16.780393180846925,0.0028835063437139563,0.018360375747224593
16.785393180846924,0.0028835063437139563,0.018360375747224593
16.790393180846923,0.0028835063437139563,0.018360375747224593
16.795393180846922,0.0028835063437139563,0.018360375747224593
16.800393180846925,0.0028835063437139563,0.017933390264730998
16.805393180846924,0.0028835063437139563,0.017933390264730998
16.810393180846923,0.0028835063437139563,0.017933390264730998
16.815393180846925,0.0028835063437139563,0.017933390264730998
16.820393180846924,0.0028835063437139563,0.017933390264730998
16.825393180846923,0.0028835063437139563,0.017933390264730998
16.830393180846922,0.0028835063437139563,0.017933390264730998
16.83539318084692,0.0028835063437139563,0.017933390264730998
16.840393180846924,0.0028835063437139563,0.017933390264730998
16.845393180846923,0.0028835063437139563,0.017933390264730998
16.850393180846922,0.0028835063437139563,0.017933390264730998
16.855393180846924,0.0028835063437139563,0.017933390264730998
16.860393180846923,0.0028835063437139563,0.017933390264730998
16.865393180846922,0.0028835063437139563,0.017933390264730998
16.87039318084692,0.0028835063437139563,0.017933390264730998
16.87539318084692,0.0028835063437139563,0.017933390264730998
16.880393180846923,0.0028835063437139563,0.017933390264730998
16.885393180846922,0.0028835063437139563,0.017933390264730998
16.89039318084692,0.0028835063437139563,0.017933390264730998
16.895393180846924,0.0028835063437139563,0.017933390264730998
16.900393180846923,0.0028835063437139563,0.017933390264730998
16.90539318084692,0.0028835063437139563,0.017933390264730998
16.91039318084692,0.0028835063437139563,0.017933390264730998
16.91539318084692,0.0028835063437139563,0.017933390264730998
16.920393180846922,0.0028835063437139563,0.017933390264730998
16.92539318084692,0.0028835063437139563,0.017933390264730998
16.93039318084692,0.0028835063437139563,0.017933390264730998
16.935393180846923,0.0028835063437139563,0.017933390264730998
16.94039318084692,0.0028835063437139563,0.017933390264730998
16.94539318084692,0.0028835063437139563,0.017933390264730998
16.95039318084692,0.0028835063437139563,0.017933390264730998
16.95539318084692,0.0028835063437139563,0.017933390264730998
16.96039318084692,0.0028835063437139563,0.017933390264730998
16.96539318084692,0.0028835063437139563,0.017933390264730998
16.97039318084692,0.0028835063437139563,0.017933390264730998
16.975393180846922,0.0028835063437139563,0.017933390264730998
16.98039318084692,0.0028835063437139563,0.017933390264730998
16.98539318084692,0.0028835063437139563,0.017506404782237403
16.99039318084692,0.0028835063437139563,0.017506404782237403
16.995393180846918,0.0028835063437139563,0.017506404782237403
17.00039318084692,0.0028835063437139563,0.017079419299743808
17.00539318084692,0.0028835063437139563,0.017079419299743808
17.01039318084692,0.0028835063437139563,0.017079419299743808
17.01539318084692,0.0028835063437139563,0.017079419299743808
17.02039318084692,0.0028835063437139563,0.017079419299743808
17.02539318084692,0.0028835063437139563,0.017079419299743808
17.030393180846918,0.0028835063437139563,0.017079419299743808
17.035393180846917,0.0028835063437139563,0.017079419299743808
17.04039318084692,0.0028835063437139563,0.017079419299743808
17.04539318084692,0.0028835063437139563,0.017079419299743808
17.050393180846918,0.0028835063437139563,0.017079419299743808
17.05539318084692,0.0028835063437139563,0.017079419299743808
17.06039318084692,0.0028835063437139563,0.017079419299743808
17.065393180846918,0.0028835063437139563,0.017079419299743808
17.070393180846917,0.0028835063437139563,0.017079419299743808
17.075393180846916,0.002306805074971165,0.017079419299743808
17.08039318084692,0.002306805074971165,0.017079419299743808
17.085393180846918,0.002306805074971165,0.017079419299743808
17.090393180846917,0.002306805074971165,0.017079419299743808
17.09539318084692,0.002306805074971165,0.017079419299743808
17.10039318084692,0.002306805074971165,0.017079419299743808
17.105393180846917,0.002306805074971165,0.017079419299743808
17.110393180846916,0.002306805074971165,0.016652433817250213
17.115393180846915,0.002306805074971165,0.016652433817250213
17.120393180846918,0.002306805074971165,0.016652433817250213
17.125393180846917,0.002306805074971165,0.016652433817250213
17.130393180846916,0.002306805074971165,0.016652433817250213
17.13539318084692,0.002306805074971165,0.016652433817250213
17.140393180846917,0.002306805074971165,0.016225448334756618
17.145393180846916,0.002306805074971165,0.016225448334756618
17.150393180846915,0.002306805074971165,0.016225448334756618
17.155393180846914,0.002306805074971165,0.016225448334756618
17.160393180846917,0.002306805074971165,0.016225448334756618
17.165393180846916,0.002306805074971165,0.016225448334756618
17.170393180846915,0.002306805074971165,0.016225448334756618
17.175393180846918,0.002306805074971165,0.016225448334756618
17.180393180846917,0.002306805074971165,0.016225448334756618
17.185393180846916,0.002306805074971165,0.016225448334756618
17.190393180846915,0.0017301038062283738,0.016225448334756618
17.195393180846914,0.0017301038062283738,0.016225448334756618
17.200393180846916,0.0017301038062283738,0.016225448334756618
17.205393180846915,0.0017301038062283738,0.016225448334756618
17.210393180846914,0.0017301038062283738,0.016225448334756618
17.215393180846917,0.0017301038062283738,0.016225448334756618
17.220393180846916,0.0017301038062283738,0.016225448334756618
17.225393180846915,0.0017301038062283738,0.016225448334756618
17.230393180846914,0.0017301038062283738,0.016225448334756618
17.235393180846913,0.0017301038062283738,0.016225448334756618
17.240393180846915,0.0017301038062283738,0.016225448334756618
17.245393180846914,0.0017301038062283738,0.016225448334756618
17.250393180846913,0.0017301038062283738,0.016225448334756618
17.255393180846916,0.0017301038062283738,0.016225448334756618
17.260393180846915,0.0017301038062283738,0.016225448334756618
17.265393180846914,0.0017301038062283738,0.015798462852263023
17.270393180846913,0.0017301038062283738,0.015798462852263023
17.275393180846912,0.0017301038062283738,0.015798462852263023
17.280393180846914,0.0017301038062283738,0.015798462852263023
17.285393180846913,0.0017301038062283738,0.015798462852263023
17.290393180846912,0.0017301038062283738,0.015798462852263023
17.295393180846915,0.0017301038062283738,0.015798462852263023
17.300393180846914,0.0017301038062283738,0.015798462852263023
17.305393180846913,0.0017301038062283738,0.015798462852263023
17.310393180846912,0.0017301038062283738,0.015798462852263023
17.31539318084691,0.0017301038062283738,0.015798462852263023
17.320393180846914,0.0017301038062283738,0.015798462852263023
17.325393180846913,0.0017301038062283738,0.015371477369769428
17.33039318084691,0.0017301038062283738,0.015371477369769428
17.335393180846914,0.0017301038062283738,0.015371477369769428
17.340393180846913,0.0017301038062283738,0.015371477369769428
17.345393180846912,0.0017301038062283738,0.015371477369769428
17.35039318084691,0.0017301038062283738,0.015371477369769428
17.35539318084691,0.0017301038062283738,0.015371477369769428
17.360393180846913,0.0017301038062283738,0.014944491887275833
17.36539318084691,0.0017301038062283738,0.014944491887275833
17.37039318084691,0.0017301038062283738,0.014944491887275833
17.375393180846913,0.0017301038062283738,0.014944491887275833
17.380393180846912,0.0017301038062283738,0.014517506404782237
17.38539318084691,0.0017301038062283738,0.014517506404782237
17.39039318084691,0.0017301038062283738,0.014517506404782237
17.39539318084691,0.0017301038062283738,0.014517506404782237
17.400393180846912,0.0017301038062283738,0.014517506404782237
17.40539318084691,0.0017301038062283738,0.014517506404782237
17.41039318084691,0.0017301038062283738,0.014517506404782237
17.415393180846912,0.0017301038062283738,0.014517506404782237
17.42039318084691,0.0017301038062283738,0.014517506404782237
17.42539318084691,0.0017301038062283738,0.014517506404782237
17.43039318084691,0.0017301038062283738,0.014517506404782237
17.43539318084691,0.0017301038062283738,0.014517506404782237
17.44039318084691,0.0017301038062283738,0.014517506404782237
17.44539318084691,0.0017301038062283738,0.014517506404782237
17.45039318084691,0.0017301038062283738,0.014517506404782237
17.45539318084691,0.0017301038062283738,0.014517506404782237
17.46039318084691,0.0017301038062283738,0.014517506404782237
17.46539318084691,0.0017301038062283738,0.014517506404782237
17.47039318084691,0.0017301038062283738,0.014517506404782237
17.475393180846908,0.0017301038062283738,0.014517506404782237
17.48039318084691,0.0017301038062283738,0.014517506404782237
17.48539318084691,0.0017301038062283738,0.014517506404782237
17.490393180846908,0.0017301038062283738,0.014517506404782237
17.49539318084691,0.0017301038062283738,0.014517506404782237
17.50039318084691,0.0017301038062283738,0.014517506404782237
17.50539318084691,0.0017301038062283738,0.014517506404782237
17.510393180846908,0.0017301038062283738,0.014517506404782237
17.515393180846907,0.0017301038062283738,0.014517506404782237
17.52039318084691,0.0017301038062283738,0.014517506404782237
17.52539318084691,0.0017301038062283738,0.014090520922288642
17.530393180846907,0.0017301038062283738,0.014090520922288642
17.53539318084691,0.0017301038062283738,0.013663535439795047
17.54039318084691,0.0017301038062283738,0.013663535439795047
17.545393180846908,0.0017301038062283738,0.013663535439795047
17.550393180846907,0.0017301038062283738,0.013663535439795047
17.555393180846906,0.0017301038062283738,0.013663535439795047
17.56039318084691,0.0017301038062283738,0.013663535439795047
17.565393180846907,0.0017301038062283738,0.013663535439795047
17.570393180846906,0.0017301038062283738,0.013663535439795047
17.57539318084691,0.0017301038062283738,0.013663535439795047
17.580393180846908,0.0017301038062283738,0.013663535439795047
17.585393180846907,0.0017301038062283738,0.013663535439795047
17.590393180846906,0.0017301038062283738,0.013663535439795047
17.595393180846905,0.0017301038062283738,0.013663535439795047
17.600393180846908,0.0017301038062283738,0.013663535439795047
17.605393180846907,0.0017301038062283738,0.013663535439795047
17.610393180846906,0.0017301038062283738,0.013663535439795047
17.615393180846908,0.0017301038062283738,0.013663535439795047
17.620393180846907,0.0017301038062283738,0.013663535439795047
17.625393180846906,0.0017301038062283738,0.013663535439795047
17.630393180846905,0.0017301038062283738,0.013663535439795047
17.635393180846904,0.0017301038062283738,0.013663535439795047
17.640393180846907,0.0017301038062283738,0.013663535439795047
17.645393180846906,0.0017301038062283738,0.013663535439795047
17.650393180846905,0.0017301038062283738,0.013663535439795047
17.655393180846907,0.0017301038062283738,0.013663535439795047
17.660393180846906,0.0017301038062283738,0.013663535439795047
17.665393180846905,0.0017301038062283738,0.013663535439795047
17.670393180846904,0.0017301038062283738,0.013663535439795047
17.675393180846903,0.0017301038062283738,0.013236549957301452
17.680393180846906,0.0017301038062283738,0.013236549957301452
17.685393180846905,0.0017301038062283738,0.013236549957301452
17.690393180846904,0.0017301038062283738,0.013236549957301452
17.695393180846906,0.0017301038062283738,0.013236549957301452
17.700393180846905,0.0017301038062283738,0.013236549957301452
17.705393180846904,0.0017301038062283738,0.013236549957301452
17.710393180846904,0.0017301038062283738,0.013236549957301452
17.715393180846903,0.0017301038062283738,0.013236549957301452
17.720393180846905,0.0017301038062283738,0.013236549957301452
17.725393180846904,0.0017301038062283738,0.013236549957301452
17.730393180846903,0.0017301038062283738,0.013236549957301452
17.735393180846906,0.0017301038062283738,0.013236549957301452
17.740393180846905,0.0017301038062283738,0.013236549957301452
17.745393180846904,0.0017301038062283738,0.013236549957301452
17.750393180846903,0.0017301038062283738,0.013236549957301452
17.7553931808469,0.0017301038062283738,0.013236549957301452
17.760393180846904,0.0017301038062283738,0.013236549957301452
17.765393180846903,0.0017301038062283738,0.013236549957301452
17.770393180846902,0.0017301038062283738,0.013236549957301452
17.775393180846905,0.0017301038062283738,0.013236549957301452
17.780393180846904,0.0017301038062283738,0.013236549957301452
17.785393180846903,0.0017301038062283738,0.013236549957301452
17.790393180846902,0.0017301038062283738,0.013236549957301452
17.7953931808469,0.0017301038062283738,0.013236549957301452
17.800393180846903,0.0017301038062283738,0.013236549957301452
17.805393180846902,0.0017301038062283738,0.013236549957301452
17.8103931808469,0.0017301038062283738,0.013236549957301452
17.815393180846904,0.0017301038062283738,0.013236549957301452
17.820393180846903,0.0017301038062283738,0.013236549957301452
17.825393180846902,0.0017301038062283738,0.013236549957301452
17.8303931808469,0.0017301038062283738,0.013236549957301452
17.8353931808469,0.0017301038062283738,0.013236549957301452
17.840393180846903,0.0017301038062283738,0.013236549957301452
17.8453931808469,0.0017301038062283738,0.013236549957301452
17.8503931808469,0.0017301038062283738,0.013236549957301452
17.855393180846903,0.0017301038062283738,0.013236549957301452
17.860393180846902,0.0017301038062283738,0.013236549957301452
17.8653931808469,0.0017301038062283738,0.013236549957301452
17.8703931808469,0.0017301038062283738,0.013236549957301452
17.8753931808469,0.0017301038062283738,0.013236549957301452
17.8803931808469,0.0017301038062283738,0.013236549957301452
17.8853931808469,0.0017301038062283738,0.013236549957301452
17.8903931808469,0.0017301038062283738,0.013236549957301452
17.895393180846902,0.0017301038062283738,0.012809564474807857
17.9003931808469,0.0017301038062283738,0.012809564474807857
17.9053931808469,0.0017301038062283738,0.012809564474807857
17.9103931808469,0.0017301038062283738,0.012809564474807857
17.9153931808469,0.0017301038062283738,0.012382578992314262
17.9203931808469,0.0017301038062283738,0.012382578992314262
17.9253931808469,0.0017301038062283738,0.012382578992314262
17.9303931808469,0.0017301038062283738,0.012382578992314262
17.9353931808469,0.0017301038062283738,0.012382578992314262
17.9403931808469,0.0017301038062283738,0.012382578992314262
17.9453931808469,0.0017301038062283738,0.012382578992314262
17.9503931808469,0.0017301038062283738,0.011955593509820665
17.955393180846897,0.0017301038062283738,0.011955593509820665
17.9603931808469,0.0017301038062283738,0.011955593509820665
17.9653931808469,0.0017301038062283738,0.011955593509820665
17.970393180846898,0.0017301038062283738,0.011955593509820665
17.9753931808469,0.0017301038062283738,0.011955593509820665
17.9803931808469,0.0017301038062283738,0.011955593509820665
17.9853931808469,0.0017301038062283738,0.011955593509820665
17.990393180846898,0.0017301038062283738,0.011955593509820665
17.995393180846897,0.0017301038062283738,0.011955593509820665
18.0003931808469,0.0017301038062283738,0.011955593509820665
18.005393180846898,0.0017301038062283738,0.011955593509820665
18.010393180846897,0.0017301038062283738,0.011955593509820665
18.0153931808469,0.0017301038062283738,0.011955593509820665
18.0203931808469,0.0017301038062283738,0.011955593509820665
18.025393180846898,0.0017301038062283738,0.011955593509820665
18.030393180846897,0.0017301038062283738,0.011955593509820665
18.035393180846896,0.0017301038062283738,0.011955593509820665
18.0403931808469,0.0017301038062283738,0.011955593509820665
18.045393180846897,0.0017301038062283738,0.011955593509820665
18.050393180846896,0.0017301038062283738,0.011955593509820665
18.0553931808469,0.0017301038062283738,0.011955593509820665
18.060393180846898,0.0017301038062283738,0.011955593509820665
18.065393180846897,0.0017301038062283738,0.011955593509820665
18.070393180846896,0.0017301038062283738,0.011955593509820665
18.075393180846895,0.0017301038062283738,0.011955593509820665
18.080393180846897,0.0017301038062283738,0.011955593509820665
18.085393180846896,0.0017301038062283738,0.011955593509820665
18.090393180846895,0.0017301038062283738,0.011955593509820665
18.095393180846898,0.0017301038062283738,0.011955593509820665
18.100393180846897,0.0017301038062283738,0.011955593509820665
18.105393180846896,0.0017301038062283738,0.011955593509820665
18.110393180846895,0.0017301038062283738,0.011955593509820665
18.115393180846894,0.0017301038062283738,0.011955593509820665
18.120393180846897,0.0017301038062283738,0.011955593509820665
18.125393180846896,0.0017301038062283738,0.011955593509820665
18.130393180846895,0.0017301038062283738,0.011955593509820665
18.135393180846897,0.0017301038062283738,0.011955593509820665
18.140393180846896,0.0017301038062283738,0.011955593509820665
18.145393180846895,0.0017301038062283738,0.011955593509820665
18.150393180846894,0.0017301038062283738,0.011955593509820665
18.155393180846893,0.0017301038062283738,0.011955593509820665
18.160393180846896,0.0017301038062283738,0.011955593509820665
18.165393180846895,0.0017301038062283738,0.011955593509820665
18.170393180846894,0.0017301038062283738,0.011955593509820665
18.175393180846896,0.0017301038062283738,0.011955593509820665
18.180393180846895,0.0017301038062283738,0.011955593509820665
18.185393180846894,0.0017301038062283738,0.011955593509820665
18.190393180846893,0.0017301038062283738,0.011955593509820665
18.195393180846892,0.0017301038062283738,0.011955593509820665
18.200393180846895,0.0017301038062283738,0.011955593509820665
18.205393180846894,0.0017301038062283738,0.011955593509820665
18.210393180846893,0.0017301038062283738,0.011955593509820665
18.215393180846895,0.0017301038062283738,0.011955593509820665
18.220393180846894,0.0017301038062283738,0.011955593509820665
18.225393180846893,0.0017301038062283738,0.011955593509820665
18.230393180846892,0.0017301038062283738,0.011955593509820665
18.23539318084689,0.0017301038062283738,0.011955593509820665
18.240393180846894,0.0017301038062283738,0.011955593509820665
18.245393180846893,0.0017301038062283738,0.011955593509820665
18.250393180846892,0.0017301038062283738,0.011955593509820665
18.255393180846895,0.0017301038062283738,0.011955593509820665
18.260393180846894,0.0017301038062283738,0.011955593509820665
18.265393180846893,0.0017301038062283738,0.011955593509820665
18.27039318084689,0.0017301038062283738,0.011955593509820665
18.27539318084689,0.0017301038062283738,0.011955593509820665
18.280393180846893,0.0017301038062283738,0.011955593509820665
18.285393180846892,0.0017301038062283738,0.011955593509820665
18.29039318084689,0.0017301038062283738,0.011955593509820665
18.295393180846894,0.0017301038062283738,0.011955593509820665
18.300393180846893,0.0017301038062283738,0.01152860802732707
18.30539318084689,0.0017301038062283738,0.01152860802732707
18.31039318084689,0.0017301038062283738,0.01152860802732707
18.31539318084689,0.0017301038062283738,0.01152860802732707
18.320393180846892,0.0017301038062283738,0.011101622544833475
18.32539318084689,0.0017301038062283738,0.011101622544833475
18.33039318084689,0.0017301038062283738,0.011101622544833475
18.335393180846893,0.0017301038062283738,0.011101622544833475
18.340393180846892,0.0017301038062283738,0.011101622544833475
18.34539318084689,0.0017301038062283738,0.011101622544833475
18.35039318084689,0.0017301038062283738,0.011101622544833475
18.35539318084689,0.0017301038062283738,0.011101622544833475
18.36039318084689,0.0017301038062283738,0.011101622544833475
18.36539318084689,0.0017301038062283738,0.011101622544833475
18.37039318084689,0.0017301038062283738,0.011101622544833475
18.375393180846892,0.0017301038062283738,0.011101622544833475
18.38039318084689,0.0011534025374855825,0.011101622544833475
18.38539318084689,0.0011534025374855825,0.011101622544833475
18.39039318084689,0.0011534025374855825,0.011101622544833475
18.395393180846888,0.0011534025374855825,0.011101622544833475
18.40039318084689,0.0011534025374855825,0.011101622544833475
18.40539318084689,0.0011534025374855825,0.011101622544833475
18.41039318084689,0.0011534025374855825,0.011101622544833475
18.41539318084689,0.0011534025374855825,0.011101622544833475
18.42039318084689,0.0011534025374855825,0.011101622544833475
18.42539318084689,0.0011534025374855825,0.011101622544833475
18.430393180846888,0.0005767012687427913,0.011101622544833475
18.435393180846887,0.0005767012687427913,0.011101622544833475
18.44039318084689,0.0005767012687427913,0.011101622544833475
18.44539318084689,0.0005767012687427913,0.011101622544833475
18.450393180846888,0.0005767012687427913,0.011101622544833475
18.45539318084689,0.0005767012687427913,0.011101622544833475
18.46039318084689,0.0005767012687427913,0.011101622544833475
18.46539318084689,0.0005767012687427913,0.01067463706233988
18.470393180846887,0.0005767012687427913,0.01067463706233988
18.475393180846886,0.0005767012687427913,0.01067463706233988
18.48039318084689,0.0005767012687427913,0.01067463706233988
18.485393180846888,0.0005767012687427913,0.010247651579846286
18.490393180846887,0.0005767012687427913,0.010247651579846286
18.49539318084689,0.0005767012687427913,0.010247651579846286
18.50039318084689,0.0005767012687427913,0.010247651579846286
18.505393180846887,0.0005767012687427913,0.010247651579846286
18.510393180846886,0.0005767012687427913,0.010247651579846286
18.515393180846885,0.0005767012687427913,0.010247651579846286
18.520393180846888,0.0005767012687427913,0.010247651579846286
18.525393180846887,0.0005767012687427913,0.010247651579846286
18.530393180846886,0.0005767012687427913,0.010247651579846286
18.53539318084689,0.0005767012687427913,0.010247651579846286
18.540393180846888,0.0005767012687427913,0.010247651579846286
18.545393180846887,0.0005767012687427913,0.010247651579846286
18.550393180846886,0.0005767012687427913,0.010247651579846286
18.555393180846885,0.0005767012687427913,0.010247651579846286
18.560393180846887,0.0005767012687427913,0.010247651579846286
18.565393180846886,0.0005767012687427913,0.010247651579846286
18.570393180846885,0.0005767012687427913,0.010247651579846286
18.575393180846888,0.0005767012687427913,0.010247651579846286
18.580393180846887,0.0005767012687427913,0.010247651579846286
18.585393180846886,0.0005767012687427913,0.010247651579846286
18.590393180846885,0.0005767012687427913,0.010247651579846286
18.595393180846884,0.0005767012687427913,0.010247651579846286
18.600393180846886,0.0005767012687427913,0.010247651579846286
18.605393180846885,0.0005767012687427913,0.010247651579846286
18.610393180846884,0.0005767012687427913,0.010247651579846286
18.615393180846887,0.0005767012687427913,0.010247651579846286
18.620393180846886,0.0005767012687427913,0.010247651579846286
18.625393180846885,0.0005767012687427913,0.010247651579846286
18.630393180846884,0.0005767012687427913,0.010247651579846286
18.635393180846883,0.0005767012687427913,0.010247651579846286
18.640393180846885,0.0005767012687427913,0.010247651579846286
18.645393180846884,0.0005767012687427913,0.010247651579846286
18.650393180846883,0.0005767012687427913,0.010247651579846286
18.655393180846886,0.0005767012687427913,0.010247651579846286
18.660393180846885,0.0005767012687427913,0.010247651579846286
18.665393180846884,0.0005767012687427913,0.010247651579846286
18.670393180846883,0.0005767012687427913,0.010247651579846286
18.675393180846882,0.0005767012687427913,0.010247651579846286
18.680393180846885,0.0005767012687427913,0.010247651579846286
18.685393180846884,0.0005767012687427913,0.010247651579846286
18.690393180846883,0.0005767012687427913,0.010247651579846286
18.695393180846885,0.0005767012687427913,0.010247651579846286
18.700393180846884,0.0005767012687427913,0.010247651579846286
18.705393180846883,0.0005767012687427913,0.010247651579846286
18.710393180846882,0.0005767012687427913,0.010247651579846286
18.71539318084688,0.0005767012687427913,0.010247651579846286
18.720393180846884,0.0005767012687427913,0.010247651579846286
18.725393180846883,0.0005767012687427913,0.010247651579846286
18.73039318084688,0.0005767012687427913,0.010247651579846286
18.735393180846884,0.0005767012687427913,0.010247651579846286
18.740393180846883,0.0005767012687427913,0.010247651579846286
18.745393180846882,0.0005767012687427913,0.010247651579846286
18.75039318084688,0.0005767012687427913,0.010247651579846286
18.75539318084688,0.0005767012687427913,0.010247651579846286
18.760393180846883,0.0005767012687427913,0.010247651579846286
18.765393180846882,0.0005767012687427913,0.010247651579846286
18.77039318084688,0.0005767012687427913,0.010247651579846286
18.775393180846883,0.0005767012687427913,0.010247651579846286
18.780393180846882,0.0005767012687427913,0.010247651579846286
18.78539318084688,0.0005767012687427913,0.010247651579846286
18.79039318084688,0.0005767012687427913,0.010247651579846286
18.79539318084688,0.0005767012687427913,0.010247651579846286
18.800393180846882,0.0005767012687427913,0.010247651579846286
18.80539318084688,0.0005767012687427913,0.010247651579846286
18.81039318084688,0.0005767012687427913,0.010247651579846286
18.815393180846883,0.0005767012687427913,0.010247651579846286
18.82039318084688,0.0005767012687427913,0.010247651579846286
18.82539318084688,0.0005767012687427913,0.00982066609735269
18.83039318084688,0.0005767012687427913,0.00982066609735269
18.83539318084688,0.0005767012687427913,0.00982066609735269
18.84039318084688,0.0005767012687427913,0.00982066609735269
18.84539318084688,0.0005767012687427913,0.00982066609735269
18.85039318084688,0.0005767012687427913,0.00982066609735269
18.85539318084688,0.0005767012687427913,0.00982066609735269
18.86039318084688,0.0005767012687427913,0.00982066609735269
18.86539318084688,0.0005767012687427913,0.00982066609735269
18.87039318084688,0.0005767012687427913,0.00982066609735269
18.875393180846878,0.0005767012687427913,0.00982066609735269
18.88039318084688,0.0005767012687427913,0.00982066609735269
18.88539318084688,0.0005767012687427913,0.00982066609735269
18.89039318084688,0.0005767012687427913,0.00982066609735269
18.89539318084688,0.0005767012687427913,0.00982066609735269
18.90039318084688,0.0005767012687427913,0.00982066609735269
18.90539318084688,0.0005767012687427913,0.00982066609735269
18.910393180846878,0.0005767012687427913,0.00982066609735269
18.915393180846877,0.0005767012687427913,0.00982066609735269
18.92039318084688,0.0005767012687427913,0.00982066609735269
18.92539318084688,0.0005767012687427913,0.00982066609735269
18.930393180846877,0.0005767012687427913,0.00982066609735269
18.93539318084688,0.0005767012687427913,0.00982066609735269
18.94039318084688,0.0005767012687427913,0.00982066609735269
18.945393180846878,0.0005767012687427913,0.00982066609735269
18.950393180846877,0.0005767012687427913,0.00982066609735269
18.955393180846876,0.0005767012687427913,0.00982066609735269
18.96039318084688,0.0005767012687427913,0.00982066609735269
18.965393180846878,0.0005767012687427913,0.00982066609735269
18.970393180846877,0.0005767012687427913,0.00982066609735269
18.97539318084688,0.0005767012687427913,0.00982066609735269
18.980393180846878,0.0005767012687427913,0.00982066609735269
18.985393180846877,0.0005767012687427913,0.00982066609735269
18.990393180846876,0.0005767012687427913,0.00982066609735269
18.995393180846875,0.0005767012687427913,0.00982066609735269
19.000393180846878,0.0005767012687427913,0.00982066609735269
19.005393180846877,0.0005767012687427913,0.00982066609735269
19.010393180846876,0.0005767012687427913,0.00982066609735269
19.01539318084688,0.0005767012687427913,0.00982066609735269
19.020393180846877,0.0005767012687427913,0.009393680614859094
19.025393180846876,0.0005767012687427913,0.009393680614859094
19.030393180846875,0.0005767012687427913,0.009393680614859094
19.035393180846874,0.0005767012687427913,0.008539709649871904
19.040393180846877,0.0005767012687427913,0.008539709649871904
19.045393180846876,0.0005767012687427913,0.008539709649871904
19.050393180846875,0.0005767012687427913,0.008539709649871904
19.055393180846877,0.0005767012687427913,0.008539709649871904
19.060393180846877,0.0005767012687427913,0.008539709649871904
19.065393180846876,0.0005767012687427913,0.008539709649871904
19.070393180846875,0.0005767012687427913,0.008539709649871904
19.075393180846874,0.0005767012687427913,0.008539709649871904
19.080393180846876,0.0005767012687427913,0.008539709649871904
19.085393180846875,0.0005767012687427913,0.008539709649871904
19.090393180846874,0.0005767012687427913,0.008539709649871904
19.095393180846877,0.0005767012687427913,0.008539709649871904
19.100393180846876,0.0005767012687427913,0.008539709649871904
19.105393180846875,0.0005767012687427913,0.008539709649871904
19.110393180846874,0.0005767012687427913,0.008539709649871904
19.115393180846873,0.0005767012687427913,0.008539709649871904
19.120393180846875,0.0005767012687427913,0.008539709649871904
19.125393180846874,0.0005767012687427913,0.008539709649871904
19.130393180846873,0.0005767012687427913,0.008539709649871904
19.135393180846876,0.0005767012687427913,0.008539709649871904
19.140393180846875,0.0005767012687427913,0.008539709649871904
19.145393180846874,0.0005767012687427913,0.008539709649871904
19.150393180846873,0.0005767012687427913,0.008539709649871904
19.155393180846872,0.0005767012687427913,0.008539709649871904
19.160393180846874,0.0005767012687427913,0.008539709649871904
19.165393180846873,0.0005767012687427913,0.008539709649871904
19.170393180846872,0.0005767012687427913,0.008539709649871904
19.175393180846875,0.0005767012687427913,0.008539709649871904
19.180393180846874,0.0005767012687427913,0.008539709649871904
19.185393180846873,0.0005767012687427913,0.008539709649871904
19.190393180846872,0.0005767012687427913,0.008539709649871904
19.19539318084687,0.0005767012687427913,0.008539709649871904
19.200393180846874,0.0005767012687427913,0.008539709649871904
19.205393180846873,0.0005767012687427913,0.008539709649871904
19.21039318084687,0.0005767012687427913,0.008539709649871904
19.215393180846874,0.0005767012687427913,0.008539709649871904
19.220393180846873,0.0005767012687427913,0.008539709649871904
19.225393180846872,0.0005767012687427913,0.008539709649871904
19.23039318084687,0.0005767012687427913,0.008539709649871904
19.23539318084687,0.0005767012687427913,0.008539709649871904
19.240393180846873,0.0005767012687427913,0.008539709649871904
19.24539318084687,0.0005767012687427913,0.008539709649871904
19.25039318084687,0.0005767012687427913,0.008539709649871904
19.255393180846873,0.0005767012687427913,0.008539709649871904
19.260393180846872,0.0005767012687427913,0.008539709649871904
19.26539318084687,0.0005767012687427913,0.008539709649871904
19.27039318084687,0.0005767012687427913,0.008539709649871904
19.27539318084687,0.0005767012687427913,0.008539709649871904
19.280393180846872,0.0005767012687427913,0.008539709649871904
19.28539318084687,0.0005767012687427913,0.008539709649871904
19.29039318084687,0.0005767012687427913,0.008539709649871904
19.295393180846872,0.0005767012687427913,0.008112724167378309
19.30039318084687,0.0005767012687427913,0.008112724167378309
19.30539318084687,0.0005767012687427913,0.008112724167378309
19.31039318084687,0.0005767012687427913,0.008112724167378309
19.31539318084687,0.0005767012687427913,0.008112724167378309
19.32039318084687,0.0005767012687427913,0.008112724167378309
19.32539318084687,0.0005767012687427913,0.008112724167378309
19.33039318084687,0.0005767012687427913,0.008112724167378309
19.33539318084687,0.0005767012687427913,0.008112724167378309
19.34039318084687,0.0005767012687427913,0.008112724167378309
19.34539318084687,0.0005767012687427913,0.008112724167378309
19.35039318084687,0.0005767012687427913,0.008112724167378309
19.355393180846868,0.0005767012687427913,0.008112724167378309
19.36039318084687,0.0005767012687427913,0.008112724167378309
19.36539318084687,0.0005767012687427913,0.008112724167378309
19.370393180846868,0.0005767012687427913,0.008112724167378309
19.37539318084687,0.0005767012687427913,0.008112724167378309
19.38039318084687,0.0005767012687427913,0.008112724167378309
19.38539318084687,0.0005767012687427913,0.008112724167378309
19.390393180846868,0.0005767012687427913,0.008112724167378309
19.395393180846867,0.0005767012687427913,0.008112724167378309
19.40039318084687,0.0005767012687427913,0.008112724167378309
19.40539318084687,0.0005767012687427913,0.008112724167378309
19.410393180846867,0.0005767012687427913,0.008112724167378309
19.41539318084687,0.0005767012687427913,0.008112724167378309
19.42039318084687,0.0005767012687427913,0.008112724167378309
19.425393180846868,0.0005767012687427913,0.008112724167378309
19.430393180846867,0.0005767012687427913,0.008112724167378309
19.435393180846866,0.0005767012687427913,0.007685738684884714
19.44039318084687,0.0005767012687427913,0.007685738684884714
19.445393180846867,0.0005767012687427913,0.007685738684884714
19.450393180846866,0.0005767012687427913,0.007685738684884714
19.45539318084687,0.0005767012687427913,0.007258753202391118
19.460393180846868,0.0005767012687427913,0.007258753202391118
19.465393180846867,0.0005767012687427913,0.007258753202391118
19.470393180846866,0.0005767012687427913,0.007258753202391118
19.475393180846865,0.0005767012687427913,0.007258753202391118
19.480393180846868,0.0005767012687427913,0.007258753202391118
19.485393180846867,0.0005767012687427913,0.007258753202391118
19.490393180846866,0.0005767012687427913,0.007258753202391118
19.495393180846868,0.0005767012687427913,0.007258753202391118
19.500393180846867,0.0005767012687427913,0.007258753202391118
19.505393180846866,0.0005767012687427913,0.007258753202391118
19.510393180846865,0.0005767012687427913,0.007258753202391118
19.515393180846864,0.0005767012687427913,0.007258753202391118
19.520393180846867,0.0005767012687427913,0.007258753202391118
19.525393180846866,0.0005767012687427913,0.007258753202391118
19.530393180846865,0.0005767012687427913,0.007258753202391118
19.535393180846867,0.0005767012687427913,0.007258753202391118
19.540393180846866,0.0005767012687427913,0.007258753202391118
19.545393180846865,0.0005767012687427913,0.007258753202391118
19.550393180846864,0.0005767012687427913,0.007258753202391118
19.555393180846863,0.0005767012687427913,0.007258753202391118
19.560393180846866,0.0005767012687427913,0.007258753202391118
19.565393180846865,0.0005767012687427913,0.007258753202391118
19.570393180846864,0.0005767012687427913,0.007258753202391118
19.575393180846866,0.0005767012687427913,0.007258753202391118
19.580393180846865,0.0005767012687427913,0.007258753202391118
19.585393180846864,0.0005767012687427913,0.007258753202391118
19.590393180846863,0.0005767012687427913,0.007258753202391118
19.595393180846862,0.0005767012687427913,0.007258753202391118
19.600393180846865,0.0005767012687427913,0.007258753202391118
19.605393180846864,0.0005767012687427913,0.007258753202391118
19.610393180846863,0.0005767012687427913,0.007258753202391118
19.615393180846866,0.0005767012687427913,0.007258753202391118
19.620393180846865,0.0005767012687427913,0.007258753202391118
19.625393180846864,0.0005767012687427913,0.007258753202391118
19.630393180846863,0.0005767012687427913,0.007258753202391118
19.63539318084686,0.0005767012687427913,0.007258753202391118
19.640393180846864,0.0005767012687427913,0.007258753202391118
19.645393180846863,0.0005767012687427913,0.007258753202391118
19.650393180846862,0.0005767012687427913,0.007258753202391118
19.655393180846865,0.0005767012687427913,0.007258753202391118
19.660393180846864,0.0005767012687427913,0.007258753202391118
19.665393180846863,0.0005767012687427913,0.007258753202391118
19.67039318084686,0.0005767012687427913,0.007258753202391118
19.67539318084686,0.0005767012687427913,0.007258753202391118
19.680393180846863,0.0005767012687427913,0.007258753202391118
19.685393180846862,0.0005767012687427913,0.007258753202391118
19.69039318084686,0.0005767012687427913,0.007258753202391118
19.695393180846864,0.0005767012687427913,0.007258753202391118
19.700393180846863,0.0005767012687427913,0.007258753202391118
19.705393180846862,0.0005767012687427913,0.007258753202391118
19.71039318084686,0.0005767012687427913,0.007258753202391118
19.71539318084686,0.0005767012687427913,0.007258753202391118
19.720393180846862,0.0005767012687427913,0.007258753202391118
19.72539318084686,0.0005767012687427913,0.007258753202391118
19.73039318084686,0.0005767012687427913,0.007258753202391118
19.735393180846863,0.0005767012687427913,0.007258753202391118
19.740393180846862,0.0005767012687427913,0.007258753202391118
19.74539318084686,0.0005767012687427913,0.007258753202391118
19.75039318084686,0.0005767012687427913,0.007258753202391118
19.75539318084686,0.0005767012687427913,0.007258753202391118
19.76039318084686,0.0005767012687427913,0.007258753202391118
19.76539318084686,0.0005767012687427913,0.007258753202391118
19.77039318084686,0.0005767012687427913,0.007258753202391118
19.775393180846862,0.0005767012687427913,0.007258753202391118
19.78039318084686,0.0005767012687427913,0.007258753202391118
19.78539318084686,0.0005767012687427913,0.007258753202391118
19.79039318084686,0.0005767012687427913,0.007258753202391118
19.795393180846858,0.0005767012687427913,0.007258753202391118
19.80039318084686,0.0005767012687427913,0.007258753202391118
19.80539318084686,0.0005767012687427913,0.007258753202391118
19.81039318084686,0.0005767012687427913,0.007258753202391118
19.81539318084686,0.0005767012687427913,0.007258753202391118
19.82039318084686,0.0005767012687427913,0.007258753202391118
19.82539318084686,0.0005767012687427913,0.007258753202391118
19.83039318084686,0.0005767012687427913,0.007258753202391118
19.835393180846857,0.0005767012687427913,0.007258753202391118
19.84039318084686,0.0005767012687427913,0.007258753202391118
19.84539318084686,0.0005767012687427913,0.007258753202391118
19.850393180846858,0.0005767012687427913,0.007258753202391118
19.85539318084686,0.0005767012687427913,0.007258753202391118
19.86039318084686,0.0005767012687427913,0.007258753202391118
19.86539318084686,0.0005767012687427913,0.007258753202391118
19.870393180846857,0.0005767012687427913,0.007258753202391118
19.875393180846856,0.0005767012687427913,0.007258753202391118
19.88039318084686,0.0005767012687427913,0.007258753202391118
19.885393180846858,0.0005767012687427913,0.007258753202391118
19.890393180846857,0.0005767012687427913,0.007258753202391118
19.89539318084686,0.0005767012687427913,0.007258753202391118
19.90039318084686,0.0005767012687427913,0.007258753202391118
19.905393180846858,0.0005767012687427913,0.007258753202391118
19.910393180846857,0.0005767012687427913,0.007258753202391118
19.915393180846856,0.0005767012687427913,0.007258753202391118
19.920393180846858,0.0005767012687427913,0.007258753202391118
19.925393180846857,0.0005767012687427913,0.007258753202391118
19.930393180846856,0.0005767012687427913,0.007258753202391118
19.93539318084686,0.0005767012687427913,0.007258753202391118
19.940393180846858,0.0005767012687427913,0.007258753202391118
19.945393180846857,0.0005767012687427913,0.007258753202391118
19.950393180846856,0.0005767012687427913,0.007258753202391118
19.955393180846855,0.0005767012687427913,0.007258753202391118
19.960393180846857,0.0005767012687427913,0.007258753202391118
19.965393180846856,0.0005767012687427913,0.007258753202391118
19.970393180846855,0.0005767012687427913,0.007258753202391118
19.975393180846858,0.0005767012687427913,0.007258753202391118
19.980393180846857,0.0005767012687427913,0.007258753202391118
19.985393180846856,0.0005767012687427913,0.007258753202391118
19.990393180846855,0.0005767012687427913,0.007258753202391118
19.995393180846854,0.0005767012687427913,0.007258753202391118
20.000393180846856,0.0005767012687427913,0.007258753202391118
20.005393180846855,0.0005767012687427913,0.007258753202391118
20.010393180846854,0.0005767012687427913,0.007258753202391118
20.015393180846857,0.0005767012687427913,0.007258753202391118
20.020393180846856,0.0005767012687427913,0.007258753202391118
20.025393180846855,0.0005767012687427913,0.007258753202391118
20.030393180846854,0.0005767012687427913,0.007258753202391118
20.035393180846853,0.0005767012687427913,0.007258753202391118
20.040393180846856,0.0005767012687427913,0.007258753202391118
20.045393180846855,0.0005767012687427913,0.007258753202391118
20.050393180846854,0.0005767012687427913,0.007258753202391118
20.055393180846856,0.0005767012687427913,0.007258753202391118
20.060393180846855,0.0005767012687427913,0.007258753202391118
20.065393180846854,0.0005767012687427913,0.007258753202391118
20.070393180846853,0.0005767012687427913,0.007258753202391118
20.075393180846852,0.0005767012687427913,0.007258753202391118
20.080393180846855,0.0005767012687427913,0.007258753202391118
20.085393180846854,0.0005767012687427913,0.007258753202391118
20.090393180846853,0.0005767012687427913,0.007258753202391118
20.095393180846855,0.0005767012687427913,0.007258753202391118
20.100393180846854,0.0005767012687427913,0.007258753202391118
20.105393180846853,0.0005767012687427913,0.007258753202391118
20.110393180846852,0.0005767012687427913,0.007258753202391118
20.11539318084685,0.0005767012687427913,0.007258753202391118
20.120393180846854,0.0005767012687427913,0.007258753202391118
20.125393180846853,0.0005767012687427913,0.007258753202391118
20.130393180846852,0.0005767012687427913,0.007258753202391118
20.135393180846854,0.0005767012687427913,0.007258753202391118
20.140393180846853,0.0005767012687427913,0.007258753202391118
20.145393180846852,0.0005767012687427913,0.007258753202391118
20.15039318084685,0.0005767012687427913,0.007258753202391118
20.15539318084685,0.0005767012687427913,0.007258753202391118
20.160393180846853,0.0005767012687427913,0.007258753202391118
20.165393180846852,0.0005767012687427913,0.006831767719897523
20.17039318084685,0.0005767012687427913,0.006831767719897523
20.175393180846854,0.0005767012687427913,0.006831767719897523
20.180393180846853,0.0005767012687427913,0.006831767719897523
20.18539318084685,0.0005767012687427913,0.006831767719897523
20.19039318084685,0.0005767012687427913,0.006831767719897523
20.19539318084685,0.0005767012687427913,0.006831767719897523
20.200393180846852,0.0005767012687427913,0.006831767719897523
20.20539318084685,0.0005767012687427913,0.006831767719897523
20.21039318084685,0.0005767012687427913,0.006831767719897523
20.215393180846853,0.0005767012687427913,0.006831767719897523
20.220393180846852,0.0005767012687427913,0.006831767719897523
20.22539318084685,0.0005767012687427913,0.006831767719897523
20.23039318084685,0.0005767012687427913,0.006831767719897523
20.23539318084685,0.0005767012687427913,0.006831767719897523
20.24039318084685,0.0005767012687427913,0.006831767719897523
20.24539318084685,0.0005767012687427913,0.006831767719897523
20.25039318084685,0.0005767012687427913,0.006831767719897523
20.255393180846852,0.0005767012687427913,0.006831767719897523
20.26039318084685,0.0005767012687427913,0.006831767719897523
20.26539318084685,0.0005767012687427913,0.006831767719897523
20.27039318084685,0.0005767012687427913,0.006831767719897523
20.275393180846848,0.0005767012687427913,0.006831767719897523
20.28039318084685,0.0005767012687427913,0.006831767719897523
20.28539318084685,0.0005767012687427913,0.006831767719897523
20.29039318084685,0.0005767012687427913,0.006831767719897523
20.29539318084685,0.0005767012687427913,0.006831767719897523
20.30039318084685,0.0005767012687427913,0.006831767719897523
20.30539318084685,0.0005767012687427913,0.006831767719897523
20.310393180846848,0.0005767012687427913,0.006831767719897523
20.315393180846847,0.0005767012687427913,0.006831767719897523
20.32039318084685,0.0005767012687427913,0.006831767719897523
20.32539318084685,0.0005767012687427913,0.006831767719897523
20.330393180846848,0.0005767012687427913,0.006831767719897523
20.33539318084685,0.0005767012687427913,0.006831767719897523
20.34039318084685,0.0005767012687427913,0.006831767719897523
20.34539318084685,0.0005767012687427913,0.006831767719897523
20.350393180846847,0.0005767012687427913,0.006831767719897523
20.355393180846846,0.0005767012687427913,0.006831767719897523
20.36039318084685,0.0005767012687427913,0.006831767719897523
20.365393180846848,0.0005767012687427913,0.006831767719897523
20.370393180846847,0.0005767012687427913,0.006831767719897523
20.37539318084685,0.0005767012687427913,0.0064047822374039285
20.38039318084685,0.0005767012687427913,0.0064047822374039285
20.385393180846847,0.0005767012687427913,0.0064047822374039285
20.390393180846846,0.0005767012687427913,0.0064047822374039285
20.395393180846845,0.0005767012687427913,0.0064047822374039285
20.400393180846848,0.0005767012687427913,0.0064047822374039285
20.405393180846847,0.0005767012687427913,0.0064047822374039285
20.410393180846846,0.0005767012687427913,0.0064047822374039285
20.41539318084685,0.0005767012687427913,0.0064047822374039285
20.420393180846848,0.0005767012687427913,0.0064047822374039285
20.425393180846847,0.0005767012687427913,0.0064047822374039285
20.430393180846846,0.0005767012687427913,0.0064047822374039285
20.435393180846845,0.0005767012687427913,0.0064047822374039285
20.440393180846847,0.0005767012687427913,0.0064047822374039285
20.445393180846846,0.0005767012687427913,0.0064047822374039285
20.450393180846845,0.0005767012687427913,0.0064047822374039285
20.455393180846848,0.0005767012687427913,0.0064047822374039285
20.460393180846847,0.0005767012687427913,0.0064047822374039285
20.465393180846846,0.0005767012687427913,0.0064047822374039285
20.470393180846845,0.0005767012687427913,0.0064047822374039285
20.475393180846844,0.0005767012687427913,0.0064047822374039285
20.480393180846846,0.0005767012687427913,0.0064047822374039285
20.485393180846845,0.0005767012687427913,0.0064047822374039285
20.490393180846844,0.0005767012687427913,0.0064047822374039285
20.495393180846847,0.0005767012687427913,0.0064047822374039285
20.500393180846846,0.0005767012687427913,0.0064047822374039285
20.505393180846845,0.0005767012687427913,0.0064047822374039285
20.510393180846844,0.0005767012687427913,0.0064047822374039285
20.515393180846843,0.0005767012687427913,0.0064047822374039285
20.520393180846845,0.0005767012687427913,0.0064047822374039285
20.525393180846844,0.0005767012687427913,0.0064047822374039285
20.530393180846843,0.0005767012687427913,0.0064047822374039285
20.535393180846846,0.0005767012687427913,0.0064047822374039285
20.540393180846845,0.0005767012687427913,0.0064047822374039285
20.545393180846844,0.0005767012687427913,0.0064047822374039285
20.550393180846843,0.0005767012687427913,0.0064047822374039285
20.555393180846842,0.0005767012687427913,0.0064047822374039285
20.560393180846845,0.0005767012687427913,0.0064047822374039285
20.565393180846844,0.0005767012687427913,0.0064047822374039285
20.570393180846843,0.0005767012687427913,0.0064047822374039285
20.575393180846845,0.0005767012687427913,0.0064047822374039285
20.580393180846844,0.0005767012687427913,0.0064047822374039285
20.585393180846843,0.0005767012687427913,0.0064047822374039285
20.590393180846842,0.0005767012687427913,0.0064047822374039285
20.59539318084684,0.0005767012687427913,0.0064047822374039285
20.600393180846844,0.0005767012687427913,0.0064047822374039285
20.605393180846843,0.0005767012687427913,0.0064047822374039285
20.61039318084684,0.0005767012687427913,0.0064047822374039285
20.615393180846844,0.0005767012687427913,0.0064047822374039285
20.620393180846843,0.0005767012687427913,0.0064047822374039285
20.625393180846842,0.0005767012687427913,0.0064047822374039285
20.63039318084684,0.0005767012687427913,0.0064047822374039285
20.63539318084684,0.0005767012687427913,0.0064047822374039285
20.640393180846843,0.0005767012687427913,0.0064047822374039285
20.645393180846842,0.0005767012687427913,0.0064047822374039285
20.65039318084684,0.0005767012687427913,0.0064047822374039285
20.655393180846843,0.0005767012687427913,0.0064047822374039285
20.660393180846842,0.0005767012687427913,0.0064047822374039285
20.66539318084684,0.0005767012687427913,0.0064047822374039285
20.67039318084684,0.0005767012687427913,0.0064047822374039285
20.67539318084684,0.0005767012687427913,0.0064047822374039285
20.680393180846842,0.0005767012687427913,0.0064047822374039285
20.68539318084684,0.0005767012687427913,0.0064047822374039285
20.69039318084684,0.0005767012687427913,0.0064047822374039285
20.695393180846843,0.0005767012687427913,0.0064047822374039285
20.70039318084684,0.0005767012687427913,0.0064047822374039285
20.70539318084684,0.0005767012687427913,0.0064047822374039285
20.71039318084684,0.0005767012687427913,0.0064047822374039285
20.71539318084684,0.0005767012687427913,0.0064047822374039285
20.72039318084684,0.0005767012687427913,0.0064047822374039285
20.72539318084684,0.0005767012687427913,0.0064047822374039285
20.73039318084684,0.0005767012687427913,0.0064047822374039285
20.73539318084684,0.0005767012687427913,0.0064047822374039285
20.74039318084684,0.0005767012687427913,0.0064047822374039285
20.74539318084684,0.0005767012687427913,0.0064047822374039285
20.75039318084684,0.0005767012687427913,0.0064047822374039285
20.755393180846838,0.0005767012687427913,0.0064047822374039285
20.76039318084684,0.0005767012687427913,0.0064047822374039285
20.76539318084684,0.0005767012687427913,0.0064047822374039285
20.77039318084684,0.0005767012687427913,0.0064047822374039285
20.77539318084684,0.0005767012687427913,0.0064047822374039285
20.78039318084684,0.0005767012687427913,0.0064047822374039285
20.78539318084684,0.0005767012687427913,0.0064047822374039285
20.790393180846838,0.0005767012687427913,0.0064047822374039285
20.795393180846837,0.0005767012687427913,0.0064047822374039285
20.80039318084684,0.0005767012687427913,0.0064047822374039285
20.80539318084684,0.0005767012687427913,0.0064047822374039285
20.810393180846837,0.0005767012687427913,0.0064047822374039285
20.81539318084684,0.0005767012687427913,0.0064047822374039285
20.82039318084684,0.0005767012687427913,0.0064047822374039285
20.825393180846838,0.0005767012687427913,0.0064047822374039285
20.830393180846837,0.0005767012687427913,0.0064047822374039285
20.835393180846836,0.0005767012687427913,0.0064047822374039285
20.84039318084684,0.0005767012687427913,0.0064047822374039285
20.845393180846838,0.0005767012687427913,0.0064047822374039285
20.850393180846837,0.0005767012687427913,0.0064047822374039285
20.85539318084684,0.0005767012687427913,0.0064047822374039285
20.860393180846838,0.0005767012687427913,0.0064047822374039285
20.865393180846837,0.0005767012687427913,0.0064047822374039285
20.870393180846836,0.0005767012687427913,0.0064047822374039285
20.875393180846835,0.0005767012687427913,0.0064047822374039285
20.880393180846838,0.0005767012687427913,0.0064047822374039285
20.885393180846837,0.0005767012687427913,0.0064047822374039285
20.890393180846836,0.0005767012687427913,0.0064047822374039285
20.89539318084684,0.0005767012687427913,0.0064047822374039285
20.900393180846837,0.0005767012687427913,0.0064047822374039285
20.905393180846836,0.0005767012687427913,0.0064047822374039285
20.910393180846835,0.0005767012687427913,0.0064047822374039285
20.915393180846834,0.0005767012687427913,0.0064047822374039285
20.920393180846837,0.0005767012687427913,0.0064047822374039285
20.925393180846836,0.0005767012687427913,0.0064047822374039285
20.930393180846835,0.0005767012687427913,0.0064047822374039285
20.935393180846837,0.0005767012687427913,0.0064047822374039285
20.940393180846836,0.0005767012687427913,0.0064047822374039285
20.945393180846835,0.0005767012687427913,0.0064047822374039285
20.950393180846834,0.0005767012687427913,0.0064047822374039285
20.955393180846833,0.0005767012687427913,0.0064047822374039285
20.960393180846836,0.0005767012687427913,0.0064047822374039285
20.965393180846835,0.0005767012687427913,0.0064047822374039285
20.970393180846834,0.0005767012687427913,0.0064047822374039285
20.975393180846837,0.0005767012687427913,0.0064047822374039285
20.980393180846836,0.0005767012687427913,0.0064047822374039285
20.985393180846835,0.0005767012687427913,0.0064047822374039285
20.990393180846834,0.0005767012687427913,0.0064047822374039285
20.995393180846833,0.0005767012687427913,0.0064047822374039285
21.000393180846835,0.0005767012687427913,0.0064047822374039285
21.005393180846834,0.0005767012687427913,0.0064047822374039285
21.010393180846833,0.0005767012687427913,0.0064047822374039285
21.015393180846836,0.0005767012687427913,0.0064047822374039285
21.020393180846835,0.0005767012687427913,0.0064047822374039285
21.025393180846834,0.0005767012687427913,0.0064047822374039285
21.030393180846833,0.0005767012687427913,0.0064047822374039285
21.03539318084683,0.0005767012687427913,0.0064047822374039285
21.040393180846834,0.0005767012687427913,0.0064047822374039285
21.045393180846833,0.0005767012687427913,0.0064047822374039285
21.050393180846832,0.0005767012687427913,0.0064047822374039285
21.055393180846835,0.0005767012687427913,0.0064047822374039285
21.060393180846834,0.0005767012687427913,0.0064047822374039285
21.065393180846833,0.0005767012687427913,0.005977796754910333
21.070393180846832,0.0005767012687427913,0.005977796754910333
21.07539318084683,0.0005767012687427913,0.005977796754910333
21.080393180846833,0.0005767012687427913,0.005977796754910333
21.085393180846832,0.0005767012687427913,0.005977796754910333
21.09039318084683,0.0005767012687427913,0.005977796754910333
21.095393180846834,0.0005767012687427913,0.005977796754910333
21.100393180846833,0.0005767012687427913,0.005977796754910333
21.105393180846832,0.0005767012687427913,0.005977796754910333
21.11039318084683,0.0005767012687427913,0.005977796754910333
21.11539318084683,0.0005767012687427913,0.005977796754910333
21.120393180846833,0.0005767012687427913,0.005977796754910333
21.12539318084683,0.0005767012687427913,0.005977796754910333
21.13039318084683,0.0005767012687427913,0.005977796754910333
21.135393180846833,0.0005767012687427913,0.005977796754910333
21.140393180846832,0.0005767012687427913,0.005550811272416738
21.14539318084683,0.0005767012687427913,0.005550811272416738
21.15039318084683,0.0005767012687427913,0.005550811272416738
21.15539318084683,0.0005767012687427913,0.005550811272416738
21.16039318084683,0.0005767012687427913,0.005550811272416738
21.16539318084683,0.0005767012687427913,0.005550811272416738
21.17039318084683,0.0005767012687427913,0.005550811272416738
21.175393180846832,0.0005767012687427913,0.005550811272416738
21.18039318084683,0.0005767012687427913,0.005550811272416738
21.18539318084683,0.0005767012687427913,0.005550811272416738
21.19039318084683,0.0005767012687427913,0.005550811272416738
21.19539318084683,0.0005767012687427913,0.005550811272416738
21.20039318084683,0.0005767012687427913,0.005550811272416738
21.20539318084683,0.0005767012687427913,0.005550811272416738
21.21039318084683,0.0005767012687427913,0.005550811272416738
21.21539318084683,0.0005767012687427913,0.005550811272416738
21.22039318084683,0.0005767012687427913,0.005550811272416738
21.22539318084683,0.0005767012687427913,0.005550811272416738
21.23039318084683,0.0005767012687427913,0.005550811272416738
21.235393180846827,0.0005767012687427913,0.005550811272416738
21.24039318084683,0.0005767012687427913,0.005550811272416738
21.24539318084683,0.0005767012687427913,0.005550811272416738
21.250393180846828,0.0005767012687427913,0.005550811272416738
21.25539318084683,0.0005767012687427913,0.005550811272416738
21.26039318084683,0.0005767012687427913,0.005550811272416738
21.26539318084683,0.0005767012687427913,0.005550811272416738
21.270393180846828,0.0005767012687427913,0.005550811272416738
21.275393180846827,0.0005767012687427913,0.005550811272416738
21.28039318084683,0.0005767012687427913,0.005550811272416738
21.285393180846828,0.0005767012687427913,0.005550811272416738
21.290393180846827,0.0005767012687427913,0.005550811272416738
21.29539318084683,0.0005767012687427913,0.005550811272416738
21.30039318084683,0.0005767012687427913,0.005550811272416738
21.305393180846828,0.0005767012687427913,0.005550811272416738
21.310393180846827,0.0005767012687427913,0.005550811272416738
21.315393180846826,0.0005767012687427913,0.005550811272416738
21.32039318084683,0.0005767012687427913,0.005550811272416738
21.325393180846827,0.0005767012687427913,0.005550811272416738
21.330393180846826,0.0005767012687427913,0.005550811272416738
21.33539318084683,0.0005767012687427913,0.005550811272416738
21.340393180846828,0.0005767012687427913,0.005550811272416738
21.345393180846827,0.0005767012687427913,0.005550811272416738
21.350393180846826,0.0005767012687427913,0.005550811272416738
21.355393180846825,0.0005767012687427913,0.005550811272416738
21.360393180846827,0.0005767012687427913,0.005550811272416738
21.365393180846826,0.0005767012687427913,0.005550811272416738
21.370393180846825,0.0005767012687427913,0.005550811272416738
21.375393180846828,0.0005767012687427913,0.005550811272416738
21.380393180846827,0.0005767012687427913,0.005550811272416738
21.385393180846826,0.0005767012687427913,0.005550811272416738
21.390393180846825,0.0005767012687427913,0.005550811272416738
21.395393180846824,0.0005767012687427913,0.005550811272416738
21.400393180846827,0.0005767012687427913,0.005550811272416738
21.405393180846826,0.0005767012687427913,0.005550811272416738
21.410393180846825,0.0005767012687427913,0.005550811272416738
21.415393180846827,0.0005767012687427913,0.005550811272416738
21.420393180846826,0.0005767012687427913,0.005550811272416738
21.425393180846825,0.0005767012687427913,0.005550811272416738
21.430393180846824,0.0005767012687427913,0.005550811272416738
21.435393180846823,0.0005767012687427913,0.005550811272416738
21.440393180846826,0.0005767012687427913,0.005550811272416738
21.445393180846825,0.0005767012687427913,0.005550811272416738
21.450393180846824,0.0005767012687427913,0.005550811272416738
21.455393180846826,0.0005767012687427913,0.005550811272416738
21.460393180846825,0.0005767012687427913,0.005550811272416738
21.465393180846824,0.0005767012687427913,0.005550811272416738
21.470393180846823,0.0005767012687427913,0.005550811272416738
21.475393180846822,0.0005767012687427913,0.005550811272416738
21.480393180846825,0.0005767012687427913,0.005550811272416738
21.485393180846824,0.0005767012687427913,0.005550811272416738
21.490393180846823,0.0005767012687427913,0.005550811272416738
21.495393180846825,0.0005767012687427913,0.005550811272416738
21.500393180846824,0.0005767012687427913,0.005550811272416738
21.505393180846823,0.0005767012687427913,0.005550811272416738
21.510393180846823,0.0005767012687427913,0.005550811272416738
21.51539318084682,0.0005767012687427913,0.005550811272416738
21.520393180846824,0.0005767012687427913,0.005550811272416738
21.525393180846823,0.0005767012687427913,0.005550811272416738
21.530393180846822,0.0005767012687427913,0.005550811272416738
21.535393180846825,0.0005767012687427913,0.005550811272416738
21.540393180846824,0.0005767012687427913,0.005550811272416738
21.545393180846823,0.0005767012687427913,0.005550811272416738
21.55039318084682,0.0005767012687427913,0.005550811272416738
21.55539318084682,0.0005767012687427913,0.005550811272416738
21.560393180846823,0.0005767012687427913,0.005550811272416738
21.565393180846822,0.0005767012687427913,0.005550811272416738
21.57039318084682,0.0005767012687427913,0.005550811272416738
21.575393180846824,0.0005767012687427913,0.005550811272416738
21.580393180846823,0.0005767012687427913,0.005550811272416738
21.585393180846822,0.0005767012687427913,0.005550811272416738
21.59039318084682,0.0005767012687427913,0.005550811272416738
21.59539318084682,0.0005767012687427913,0.005550811272416738
21.600393180846822,0.0005767012687427913,0.005550811272416738
21.60539318084682,0.0005767012687427913,0.005550811272416738
21.61039318084682,0.0005767012687427913,0.005550811272416738
21.615393180846823,0.0005767012687427913,0.005550811272416738
21.620393180846822,0.0005767012687427913,0.005550811272416738
21.62539318084682,0.0005767012687427913,0.005550811272416738
21.63039318084682,0.0005767012687427913,0.005550811272416738
21.63539318084682,0.0005767012687427913,0.005550811272416738
21.64039318084682,0.0005767012687427913,0.005550811272416738
21.64539318084682,0.0005767012687427913,0.005550811272416738
21.65039318084682,0.0005767012687427913,0.005550811272416738
21.655393180846822,0.0005767012687427913,0.005550811272416738
21.66039318084682,0.0005767012687427913,0.005550811272416738
21.66539318084682,0.0005767012687427913,0.005550811272416738
21.67039318084682,0.0005767012687427913,0.005550811272416738
21.675393180846818,0.0005767012687427913,0.005550811272416738
21.68039318084682,0.0005767012687427913,0.005550811272416738
21.68539318084682,0.0005767012687427913,0.005550811272416738
21.69039318084682,0.0005767012687427913,0.005550811272416738
21.69539318084682,0.0005767012687427913,0.005550811272416738
21.70039318084682,0.0005767012687427913,0.005550811272416738
21.70539318084682,0.0005767012687427913,0.005550811272416738
21.71039318084682,0.0005767012687427913,0.005550811272416738
21.715393180846817,0.0005767012687427913,0.005550811272416738
21.72039318084682,0.0005767012687427913,0.005550811272416738
21.72539318084682,0.0005767012687427913,0.005550811272416738
21.730393180846818,0.0005767012687427913,0.005550811272416738
21.73539318084682,0.0005767012687427913,0.005550811272416738
21.74039318084682,0.0005767012687427913,0.005550811272416738
21.74539318084682,0.0005767012687427913,0.005550811272416738
21.750393180846817,0.0005767012687427913,0.005550811272416738
21.755393180846816,0.0005767012687427913,0.005550811272416738
21.76039318084682,0.0005767012687427913,0.005550811272416738
21.765393180846818,0.0005767012687427913,0.005550811272416738
21.770393180846817,0.0005767012687427913,0.005550811272416738
21.77539318084682,0.0005767012687427913,0.005550811272416738
21.78039318084682,0.0005767012687427913,0.005550811272416738
21.785393180846818,0.0005767012687427913,0.005550811272416738
21.790393180846817,0.0005767012687427913,0.005550811272416738
21.795393180846816,0.0005767012687427913,0.005550811272416738
21.800393180846818,0.0005767012687427913,0.005550811272416738
21.805393180846817,0.0005767012687427913,0.005550811272416738
21.810393180846816,0.0005767012687427913,0.005550811272416738
21.81539318084682,0.0005767012687427913,0.005550811272416738
21.820393180846818,0.0005767012687427913,0.005550811272416738
21.825393180846817,0.0005767012687427913,0.005550811272416738
21.830393180846816,0.0005767012687427913,0.005550811272416738
21.835393180846815,0.0005767012687427913,0.005550811272416738
21.840393180846817,0.0005767012687427913,0.005550811272416738
21.845393180846816,0.0005767012687427913,0.005550811272416738
21.850393180846815,0.0005767012687427913,0.005550811272416738
21.855393180846818,0.0005767012687427913,0.005550811272416738
21.860393180846817,0.0005767012687427913,0.005550811272416738
21.865393180846816,0.0005767012687427913,0.005550811272416738
21.870393180846815,0.0005767012687427913,0.005550811272416738
21.875393180846814,0.0005767012687427913,0.005550811272416738
21.880393180846816,0.0005767012687427913,0.005550811272416738
21.885393180846815,0.0005767012687427913,0.005550811272416738
21.890393180846814,0.0005767012687427913,0.005550811272416738
21.895393180846817,0.0005767012687427913,0.005550811272416738
21.900393180846816,0.0005767012687427913,0.005550811272416738
21.905393180846815,0.0005767012687427913,0.005550811272416738
21.910393180846814,0.0005767012687427913,0.005550811272416738
21.915393180846813,0.0005767012687427913,0.005550811272416738
21.920393180846816,0.0005767012687427913,0.005550811272416738
21.925393180846815,0.0005767012687427913,0.005550811272416738
21.930393180846814,0.0005767012687427913,0.005550811272416738
21.935393180846816,0.0005767012687427913,0.005550811272416738
21.940393180846815,0.0005767012687427913,0.005550811272416738
21.945393180846814,0.0005767012687427913,0.005550811272416738
21.950393180846813,0.0005767012687427913,0.005550811272416738
21.955393180846812,0.0005767012687427913,0.005550811272416738
21.960393180846815,0.0005767012687427913,0.005550811272416738
21.965393180846814,0.0005767012687427913,0.005550811272416738
21.970393180846813,0.0005767012687427913,0.005550811272416738
21.975393180846815,0.0005767012687427913,0.005550811272416738
21.980393180846814,0.0005767012687427913,0.005550811272416738
21.985393180846813,0.0005767012687427913,0.005550811272416738
21.990393180846812,0.0005767012687427913,0.005550811272416738
21.99539318084681,0.0005767012687427913,0.005550811272416738
22.000393180846814,0.0005767012687427913,0.005550811272416738
22.005393180846813,0.0005767012687427913,0.005550811272416738
22.010393180846812,0.0005767012687427913,0.005550811272416738
22.015393180846814,0.0005767012687427913,0.005550811272416738
22.020393180846813,0.0005767012687427913,0.005550811272416738
22.025393180846812,0.0005767012687427913,0.005550811272416738
22.03039318084681,0.0005767012687427913,0.005550811272416738
22.03539318084681,0.0005767012687427913,0.005550811272416738
22.040393180846813,0.0005767012687427913,0.005550811272416738
22.045393180846812,0.0005767012687427913,0.005550811272416738
22.05039318084681,0.0005767012687427913,0.005550811272416738
22.055393180846814,0.0005767012687427913,0.005550811272416738
22.060393180846813,0.0005767012687427913,0.005550811272416738
22.06539318084681,0.0005767012687427913,0.005550811272416738
22.07039318084681,0.0005767012687427913,0.005550811272416738
22.07539318084681,0.0005767012687427913,0.005550811272416738
22.080393180846812,0.0005767012687427913,0.005550811272416738
22.08539318084681,0.0005767012687427913,0.005123825789923143
22.09039318084681,0.0005767012687427913,0.005123825789923143
22.095393180846813,0.0005767012687427913,0.005123825789923143
22.10039318084681,0.0005767012687427913,0.005123825789923143
22.10539318084681,0.0005767012687427913,0.005123825789923143
22.11039318084681,0.0005767012687427913,0.005123825789923143
22.11539318084681,0.0005767012687427913,0.005123825789923143
22.12039318084681,0.0005767012687427913,0.005123825789923143
22.12539318084681,0.0005767012687427913,0.005123825789923143
22.13039318084681,0.0005767012687427913,0.005123825789923143
22.135393180846812,0.0005767012687427913,0.005123825789923143
22.14039318084681,0.0005767012687427913,0.005123825789923143
22.14539318084681,0.0005767012687427913,0.005123825789923143
22.15039318084681,0.0005767012687427913,0.005123825789923143
22.155393180846808,0.0005767012687427913,0.005123825789923143
22.16039318084681,0.0005767012687427913,0.005123825789923143
22.16539318084681,0.0005767012687427913,0.005123825789923143
22.17039318084681,0.0005767012687427913,0.005123825789923143
22.17539318084681,0.0005767012687427913,0.005123825789923143
22.18039318084681,0.0005767012687427913,0.005123825789923143
22.18539318084681,0.0005767012687427913,0.005123825789923143
22.190393180846808,0.0005767012687427913,0.005123825789923143
22.195393180846807,0.0005767012687427913,0.005123825789923143
22.20039318084681,0.0005767012687427913,0.005123825789923143
22.20539318084681,0.0005767012687427913,0.005123825789923143
22.210393180846808,0.0005767012687427913,0.005123825789923143
22.21539318084681,0.0005767012687427913,0.005123825789923143
22.22039318084681,0.0005767012687427913,0.005123825789923143
22.225393180846808,0.0005767012687427913,0.005123825789923143
22.230393180846807,0.0005767012687427913,0.005123825789923143
22.235393180846806,0.0005767012687427913,0.005123825789923143
22.24039318084681,0.0005767012687427913,0.005123825789923143
22.245393180846808,0.0005767012687427913,0.005123825789923143
22.250393180846807,0.0005767012687427913,0.005123825789923143
22.25539318084681,0.0005767012687427913,0.005123825789923143
22.26039318084681,0.0005767012687427913,0.005123825789923143
22.265393180846807,0.0005767012687427913,0.005123825789923143
22.270393180846806,0.0005767012687427913,0.005123825789923143
22.275393180846805,0.0005767012687427913,0.005123825789923143
22.280393180846808,0.0005767012687427913,0.005123825789923143
22.285393180846807,0.0005767012687427913,0.005123825789923143
22.290393180846806,0.0005767012687427913,0.005123825789923143
22.29539318084681,0.0005767012687427913,0.005123825789923143
22.300393180846807,0.0005767012687427913,0.005123825789923143
22.305393180846806,0.0005767012687427913,0.005123825789923143
22.310393180846805,0.0005767012687427913,0.005123825789923143
22.315393180846804,0.0005767012687427913,0.005123825789923143
22.320393180846807,0.0005767012687427913,0.005123825789923143
22.325393180846806,0.0005767012687427913,0.005123825789923143
22.330393180846805,0.0005767012687427913,0.005123825789923143
22.335393180846808,0.0005767012687427913,0.005123825789923143
22.340393180846807,0.0005767012687427913,0.005123825789923143
22.345393180846806,0.0005767012687427913,0.005123825789923143
22.350393180846805,0.0005767012687427913,0.005123825789923143
22.355393180846804,0.0005767012687427913,0.005123825789923143
22.360393180846806,0.0005767012687427913,0.005123825789923143
22.365393180846805,0.0005767012687427913,0.005123825789923143
22.370393180846804,0.0005767012687427913,0.005123825789923143
22.375393180846807,0.0005767012687427913,0.005123825789923143
22.380393180846806,0.0005767012687427913,0.005123825789923143
22.385393180846805,0.0005767012687427913,0.005123825789923143
22.390393180846804,0.0005767012687427913,0.005123825789923143
22.395393180846803,0.0005767012687427913,0.005123825789923143
22.400393180846805,0.0005767012687427913,0.005123825789923143
22.405393180846804,0.0005767012687427913,0.005123825789923143
22.410393180846803,0.0005767012687427913,0.005123825789923143
22.415393180846806,0.0005767012687427913,0.005123825789923143
22.420393180846805,0.0005767012687427913,0.005123825789923143
22.425393180846804,0.0005767012687427913,0.005123825789923143
22.430393180846803,0.0005767012687427913,0.005123825789923143
22.435393180846802,0.0005767012687427913,0.005123825789923143
22.440393180846804,0.0005767012687427913,0.004696840307429547
22.445393180846803,0.0005767012687427913,0.004696840307429547
22.450393180846802,0.0005767012687427913,0.004696840307429547
22.455393180846805,0.0005767012687427913,0.004696840307429547
22.460393180846804,0.0005767012687427913,0.004696840307429547
22.465393180846803,0.0005767012687427913,0.004696840307429547
22.470393180846802,0.0005767012687427913,0.004696840307429547
22.4753931808468,0.0005767012687427913,0.004696840307429547
22.480393180846804,0.0005767012687427913,0.004696840307429547
22.485393180846803,0.0005767012687427913,0.004696840307429547
22.4903931808468,0.0005767012687427913,0.004696840307429547
22.495393180846804,0.0005767012687427913,0.004696840307429547
22.500393180846803,0.0005767012687427913,0.004696840307429547
22.505393180846802,0.0005767012687427913,0.004696840307429547
22.5103931808468,0.0005767012687427913,0.004696840307429547
22.5153931808468,0.0005767012687427913,0.004696840307429547
22.520393180846803,0.0005767012687427913,0.004696840307429547
22.5253931808468,0.0005767012687427913,0.004696840307429547
22.5303931808468,0.0005767012687427913,0.004696840307429547
22.535393180846803,0.0005767012687427913,0.004696840307429547
22.540393180846802,0.0005767012687427913,0.004696840307429547
22.5453931808468,0.0005767012687427913,0.004696840307429547
22.5503931808468,0.0005767012687427913,0.004696840307429547
22.5553931808468,0.0005767012687427913,0.004696840307429547
22.560393180846802,0.0005767012687427913,0.004696840307429547
22.5653931808468,0.0005767012687427913,0.004696840307429547
22.5703931808468,0.0005767012687427913,0.004696840307429547
22.575393180846802,0.0005767012687427913,0.004696840307429547
22.5803931808468,0.0005767012687427913,0.004696840307429547
22.5853931808468,0.0005767012687427913,0.004696840307429547
22.5903931808468,0.0005767012687427913,0.004696840307429547
22.5953931808468,0.0005767012687427913,0.004696840307429547
22.6003931808468,0.0005767012687427913,0.004696840307429547
22.6053931808468,0.0005767012687427913,0.004696840307429547
22.6103931808468,0.0005767012687427913,0.004696840307429547
22.6153931808468,0.0005767012687427913,0.004696840307429547
22.6203931808468,0.0005767012687427913,0.004696840307429547
22.6253931808468,0.0005767012687427913,0.004696840307429547
22.6303931808468,0.0005767012687427913,0.004696840307429547
22.635393180846798,0.0005767012687427913,0.004696840307429547
22.6403931808468,0.0005767012687427913,0.004696840307429547
22.6453931808468,0.0005767012687427913,0.004696840307429547
22.650393180846798,0.0005767012687427913,0.004696840307429547
22.6553931808468,0.0005767012687427913,0.004696840307429547
22.6603931808468,0.0005767012687427913,0.004696840307429547
22.6653931808468,0.0005767012687427913,0.004696840307429547
22.670393180846798,0.0005767012687427913,0.004696840307429547
22.675393180846797,0.0005767012687427913,0.004696840307429547
22.6803931808468,0.0005767012687427913,0.004696840307429547
22.6853931808468,0.0005767012687427913,0.004696840307429547
22.690393180846797,0.0005767012687427913,0.004696840307429547
22.6953931808468,0.0005767012687427913,0.004696840307429547
22.7003931808468,0.0005767012687427913,0.004696840307429547
22.705393180846798,0.0005767012687427913,0.004269854824935952
22.710393180846797,0.0005767012687427913,0.004269854824935952
22.715393180846796,0.0005767012687427913,0.004269854824935952
22.7203931808468,0.0005767012687427913,0.004269854824935952
22.725393180846797,0.0005767012687427913,0.004269854824935952
22.730393180846796,0.0005767012687427913,0.004269854824935952
22.7353931808468,0.0005767012687427913,0.004269854824935952
22.740393180846798,0.0005767012687427913,0.004269854824935952
22.745393180846797,0.0005767012687427913,0.004269854824935952
22.750393180846796,0.0005767012687427913,0.004269854824935952
22.755393180846795,0.0005767012687427913,0.004269854824935952
22.760393180846798,0.0005767012687427913,0.004269854824935952
22.765393180846797,0.0005767012687427913,0.004269854824935952
22.770393180846796,0.0005767012687427913,0.004269854824935952
22.775393180846798,0.0005767012687427913,0.004269854824935952
22.780393180846797,0.0005767012687427913,0.004269854824935952
22.785393180846796,0.0005767012687427913,0.004269854824935952
22.790393180846795,0.0005767012687427913,0.004269854824935952
22.795393180846794,0.0005767012687427913,0.004269854824935952
22.800393180846797,0.0005767012687427913,0.004269854824935952
22.805393180846796,0.0005767012687427913,0.004269854824935952
22.810393180846795,0.0005767012687427913,0.004269854824935952
22.815393180846797,0.0005767012687427913,0.004269854824935952
22.820393180846796,0.0005767012687427913,0.004269854824935952
22.825393180846795,0.0005767012687427913,0.004269854824935952
22.830393180846794,0.0005767012687427913,0.004269854824935952
22.835393180846793,0.0005767012687427913,0.004269854824935952
22.840393180846796,0.0005767012687427913,0.004269854824935952
22.845393180846795,0.0005767012687427913,0.004269854824935952
22.850393180846794,0.0005767012687427913,0.004269854824935952
22.855393180846796,0.0005767012687427913,0.004269854824935952
22.860393180846796,0.0005767012687427913,0.003842869342442357
22.865393180846795,0.0005767012687427913,0.003842869342442357
22.870393180846794,0.0005767012687427913,0.003842869342442357
22.875393180846793,0.0005767012687427913,0.003842869342442357
22.880393180846795,0.0005767012687427913,0.003842869342442357
22.885393180846794,0.0005767012687427913,0.003842869342442357
22.890393180846793,0.0005767012687427913,0.003842869342442357
22.895393180846796,0.0005767012687427913,0.003842869342442357
22.900393180846795,0.0005767012687427913,0.003842869342442357
22.905393180846794,0.0005767012687427913,0.003842869342442357
22.910393180846793,0.0005767012687427913,0.003842869342442357
22.91539318084679,0.0005767012687427913,0.003842869342442357
22.920393180846794,0.0005767012687427913,0.003842869342442357
22.925393180846793,0.0005767012687427913,0.003842869342442357
22.930393180846792,0.0005767012687427913,0.003842869342442357
22.935393180846795,0.0005767012687427913,0.003842869342442357
22.940393180846794,0.0005767012687427913,0.003842869342442357
22.945393180846793,0.0005767012687427913,0.003842869342442357
22.950393180846792,0.0005767012687427913,0.003842869342442357
22.95539318084679,0.0005767012687427913,0.003842869342442357
22.960393180846793,0.0005767012687427913,0.003842869342442357
22.965393180846792,0.0005767012687427913,0.003842869342442357
22.97039318084679,0.0005767012687427913,0.003842869342442357
22.975393180846794,0.0005767012687427913,0.003842869342442357
22.980393180846793,0.0005767012687427913,0.003842869342442357
