threshold,count_above_threshold1,count_above_threshold2
5.306787014007568,0.9999047619047619,1.0
5.311787014007568,0.9999047619047619,1.0
5.316787014007568,0.9998095238095238,1.0
5.321787014007568,0.9998095238095238,1.0
5.326787014007568,0.9998095238095238,1.0
5.331787014007568,0.9998095238095238,1.0
5.336787014007568,0.9998095238095238,1.0
5.341787014007568,0.9998095238095238,1.0
5.3467870140075675,0.9997142857142857,1.0
5.351787014007567,0.9996190476190476,1.0
5.356787014007567,0.9996190476190476,1.0
5.361787014007567,0.9995238095238095,1.0
5.366787014007567,0.9993333333333333,1.0
5.371787014007567,0.9993333333333333,1.0
5.376787014007567,0.9993333333333333,1.0
5.381787014007567,0.9992380952380953,1.0
5.386787014007567,0.9992380952380953,1.0
5.3917870140075665,0.9991428571428571,1.0
5.396787014007566,0.9988571428571429,1.0
5.401787014007566,0.9987619047619047,1.0
5.406787014007566,0.9985714285714286,1.0
5.411787014007566,0.9984761904761905,1.0
5.416787014007566,0.9979047619047619,1.0
5.421787014007566,0.9975238095238095,1.0
5.426787014007566,0.9972380952380953,1.0
5.431787014007566,0.9969523809523809,1.0
5.436787014007566,0.9961904761904762,1.0
5.4417870140075655,0.9957142857142857,1.0
5.446787014007565,0.9948571428571429,1.0
5.451787014007565,0.9941904761904762,1.0
5.456787014007565,0.9933333333333333,1.0
5.461787014007565,0.9927619047619047,1.0
5.466787014007565,0.991904761904762,1.0
5.471787014007565,0.9914285714285714,1.0
5.476787014007565,0.9905714285714285,1.0
5.481787014007565,0.989904761904762,1.0
5.4867870140075645,0.9888571428571429,0.9998095238095238
5.491787014007564,0.987904761904762,0.9998095238095238
5.496787014007564,0.9857142857142858,0.9998095238095238
5.501787014007564,0.9842857142857143,0.9996190476190476
5.506787014007564,0.9833333333333333,0.9994285714285714
5.511787014007564,0.982,0.9992380952380953
5.516787014007564,0.98,0.9989523809523809
5.521787014007564,0.9782857142857143,0.9988571428571429
5.526787014007564,0.9765714285714285,0.9987619047619047
5.531787014007564,0.9748571428571429,0.9986666666666667
5.5367870140075635,0.9729523809523809,0.9986666666666667
5.541787014007563,0.9706666666666667,0.9985714285714286
5.546787014007563,0.9687619047619047,0.9983809523809524
5.551787014007563,0.9665714285714285,0.9983809523809524
5.556787014007563,0.964952380952381,0.9982857142857143
5.561787014007563,0.9624761904761905,0.9981904761904762
5.566787014007563,0.9598095238095238,0.9979047619047619
5.571787014007563,0.9575238095238096,0.9979047619047619
5.576787014007563,0.9534285714285714,0.9977142857142857
5.5817870140075625,0.950952380952381,0.9976190476190476
5.586787014007562,0.9473333333333334,0.9973333333333333
5.591787014007562,0.9413333333333334,0.9970476190476191
5.596787014007562,0.9380952380952381,0.9964761904761905
5.601787014007562,0.9338095238095238,0.9962857142857143
5.606787014007562,0.93,0.996
5.611787014007562,0.9262857142857143,0.9958095238095238
5.616787014007562,0.9216190476190477,0.9955238095238095
5.621787014007562,0.9157142857142857,0.9947619047619047
5.6267870140075615,0.9117142857142857,0.994
5.631787014007561,0.906952380952381,0.9934285714285714
5.636787014007561,0.9033333333333333,0.9930476190476191
5.641787014007561,0.8978095238095238,0.9928571428571429
5.646787014007561,0.8912380952380953,0.9925714285714285
5.651787014007561,0.8857142857142857,0.9920952380952381
5.656787014007561,0.8797142857142857,0.9920952380952381
5.661787014007561,0.8731428571428571,0.9915238095238095
5.666787014007561,0.867904761904762,0.9908571428571429
5.671787014007561,0.8609523809523809,0.9901904761904762
5.6767870140075605,0.8555238095238096,0.9895238095238095
5.68178701400756,0.8476190476190476,0.9889523809523809
5.68678701400756,0.8407619047619047,0.9881904761904762
5.69178701400756,0.8341904761904761,0.988
5.69678701400756,0.8277142857142857,0.9869523809523809
5.70178701400756,0.8208571428571428,0.9864761904761905
5.70678701400756,0.8135238095238095,0.986
5.71178701400756,0.8059047619047619,0.9856190476190476
5.71678701400756,0.7981904761904762,0.9850476190476191
5.7217870140075595,0.7914285714285715,0.9837142857142858
5.726787014007559,0.7845714285714286,0.9827619047619047
5.731787014007559,0.7755238095238095,0.9814285714285714
5.736787014007559,0.7682857142857142,0.9804761904761905
5.741787014007559,0.7585714285714286,0.9796190476190476
5.746787014007559,0.7505714285714286,0.9785714285714285
5.751787014007559,0.7424761904761905,0.9778095238095238
5.756787014007559,0.7346666666666667,0.9767619047619047
5.761787014007559,0.7268571428571429,0.9760952380952381
5.7667870140075586,0.7166666666666667,0.9752380952380952
5.7717870140075584,0.706952380952381,0.9745714285714285
5.776787014007558,0.6971428571428572,0.973047619047619
5.781787014007558,0.6882857142857143,0.9719047619047619
5.786787014007558,0.6780952380952381,0.9709523809523809
5.791787014007558,0.6701904761904762,0.9700952380952381
5.796787014007558,0.6615238095238095,0.9689523809523809
5.801787014007558,0.6534285714285715,0.9672380952380952
5.806787014007558,0.6445714285714286,0.9663809523809523
5.811787014007558,0.6351428571428571,0.9652380952380952
5.8167870140075575,0.6241904761904762,0.9647619047619047
5.821787014007557,0.6154285714285714,0.9636190476190476
5.826787014007557,0.6055238095238096,0.9623809523809523
5.831787014007557,0.5945714285714285,0.960952380952381
5.836787014007557,0.5859047619047619,0.9594285714285714
5.841787014007557,0.5766666666666667,0.9588571428571429
5.846787014007557,0.5672380952380952,0.958
5.851787014007557,0.56,0.9566666666666667
5.856787014007557,0.5514285714285714,0.9559047619047619
5.8617870140075565,0.542952380952381,0.9541904761904761
5.866787014007556,0.534,0.9527619047619048
5.871787014007556,0.5255238095238095,0.951047619047619
5.876787014007556,0.5169523809523809,0.9503809523809523
5.881787014007556,0.508095238095238,0.9493333333333334
5.886787014007556,0.4982857142857143,0.9478095238095238
5.891787014007556,0.49038095238095236,0.946
5.896787014007556,0.48095238095238096,0.9444761904761905
5.901787014007556,0.4734285714285714,0.9434285714285714
5.906787014007556,0.46504761904761904,0.9418095238095238
5.9117870140075555,0.4561904761904762,0.9404761904761905
5.916787014007555,0.448,0.9388571428571428
5.921787014007555,0.43952380952380954,0.9379047619047619
5.926787014007555,0.43114285714285716,0.9366666666666666
5.931787014007555,0.4228571428571429,0.9353333333333333
5.936787014007555,0.4142857142857143,0.9342857142857143
5.941787014007555,0.4056190476190476,0.9328571428571428
5.946787014007555,0.39885714285714285,0.9315238095238095
5.951787014007555,0.3893333333333333,0.9302857142857143
5.9567870140075545,0.37952380952380954,0.9291428571428572
5.961787014007554,0.37323809523809526,0.9282857142857143
5.966787014007554,0.36638095238095236,0.9268571428571428
5.971787014007554,0.3585714285714286,0.9244761904761905
5.976787014007554,0.3515238095238095,0.9228571428571428
5.981787014007554,0.3433333333333333,0.9212380952380952
5.986787014007554,0.3372380952380952,0.9188571428571428
5.991787014007554,0.33057142857142857,0.9172380952380952
5.996787014007554,0.3233333333333333,0.9156190476190477
6.0017870140075535,0.3158095238095238,0.9141904761904762
6.006787014007553,0.30838095238095237,0.9131428571428571
6.011787014007553,0.30228571428571427,0.9119047619047619
6.016787014007553,0.29723809523809525,0.9098095238095238
6.021787014007553,0.2916190476190476,0.9079047619047619
6.026787014007553,0.28495238095238096,0.9064761904761904
6.031787014007553,0.2795238095238095,0.9052380952380953
6.036787014007553,0.2740952380952381,0.9041904761904762
6.041787014007553,0.2682857142857143,0.9025714285714286
6.046787014007553,0.2622857142857143,0.9011428571428571
6.0517870140075525,0.256,0.9002857142857142
6.056787014007552,0.25161904761904763,0.8992380952380953
6.061787014007552,0.24752380952380953,0.8979047619047619
6.066787014007552,0.24266666666666667,0.8970476190476191
6.071787014007552,0.23742857142857143,0.8957142857142857
6.076787014007552,0.23314285714285715,0.8941904761904762
6.081787014007552,0.228,0.8929523809523809
6.086787014007552,0.22266666666666668,0.8918095238095238
6.091787014007552,0.2179047619047619,0.8903809523809524
6.0967870140075515,0.21171428571428572,0.8887619047619048
6.101787014007551,0.20666666666666667,0.8872380952380953
6.106787014007551,0.20152380952380952,0.8852380952380953
6.111787014007551,0.19752380952380952,0.8835238095238095
6.116787014007551,0.19257142857142856,0.8824761904761905
6.121787014007551,0.18942857142857142,0.8804761904761905
6.126787014007551,0.18561904761904763,0.8789523809523809
6.131787014007551,0.18133333333333335,0.8773333333333333
6.136787014007551,0.17819047619047618,0.8762857142857143
6.141787014007551,0.1741904761904762,0.8751428571428571
6.1467870140075505,0.1701904761904762,0.8740952380952381
6.15178701400755,0.16695238095238096,0.8725714285714286
6.15678701400755,0.16304761904761905,0.8706666666666667
6.16178701400755,0.15971428571428573,0.8691428571428571
6.16678701400755,0.15495238095238095,0.8680952380952381
6.17178701400755,0.15085714285714286,0.8662857142857143
6.17678701400755,0.14809523809523809,0.8645714285714285
6.18178701400755,0.1457142857142857,0.8633333333333333
6.18678701400755,0.14333333333333334,0.8618095238095238
6.1917870140075495,0.1398095238095238,0.8605714285714285
6.196787014007549,0.13704761904761906,0.8590476190476191
6.201787014007549,0.13390476190476192,0.8577142857142858
6.206787014007549,0.13104761904761905,0.8568571428571429
6.211787014007549,0.12895238095238096,0.8558095238095238
6.216787014007549,0.1259047619047619,0.8543809523809524
6.221787014007549,0.12285714285714286,0.8526666666666667
6.226787014007549,0.12,0.8513333333333334
6.231787014007549,0.11714285714285715,0.85
6.2367870140075485,0.11466666666666667,0.8478095238095238
6.241787014007548,0.11219047619047619,0.8465714285714285
6.246787014007548,0.10961904761904762,0.8440952380952381
6.251787014007548,0.10704761904761904,0.8421904761904762
6.256787014007548,0.10514285714285715,0.8407619047619047
6.261787014007548,0.10228571428571429,0.8395238095238096
6.266787014007548,0.10028571428571428,0.8375238095238096
6.271787014007548,0.09828571428571428,0.8366666666666667
6.276787014007548,0.09647619047619048,0.8354285714285714
6.281787014007548,0.09428571428571429,0.8337142857142857
6.2867870140075475,0.09238095238095238,0.8320952380952381
6.291787014007547,0.09104761904761904,0.8308571428571428
6.296787014007547,0.08904761904761904,0.8299047619047619
6.301787014007547,0.08704761904761905,0.8285714285714286
6.306787014007547,0.08571428571428572,0.8271428571428572
6.311787014007547,0.08447619047619048,0.8251428571428572
6.316787014007547,0.08295238095238096,0.8234285714285714
6.321787014007547,0.08085714285714286,0.8213333333333334
6.326787014007547,0.07961904761904762,0.8201904761904761
6.3317870140075465,0.07828571428571429,0.8181904761904762
6.336787014007546,0.07695238095238095,0.8174285714285714
6.341787014007546,0.07523809523809524,0.8154285714285714
6.346787014007546,0.07380952380952381,0.8143809523809524
6.351787014007546,0.07276190476190476,0.8132380952380952
6.356787014007546,0.07123809523809524,0.8121904761904762
6.361787014007546,0.07,0.811047619047619
6.366787014007546,0.06876190476190476,0.8099047619047619
6.371787014007546,0.0678095238095238,0.8086666666666666
6.3767870140075456,0.06647619047619048,0.8076190476190476
6.3817870140075454,0.06504761904761905,0.8062857142857143
6.386787014007545,0.06380952380952382,0.8053333333333333
6.391787014007545,0.06285714285714286,0.804
6.396787014007545,0.06133333333333333,0.802952380952381
6.401787014007545,0.060571428571428575,0.8014285714285714
6.406787014007545,0.05971428571428571,0.7999047619047619
6.411787014007545,0.05847619047619047,0.7981904761904762
6.416787014007545,0.057428571428571426,0.7967619047619048
6.421787014007545,0.056666666666666664,0.7956190476190477
6.4267870140075445,0.056095238095238094,0.7938095238095239
6.431787014007544,0.05533333333333333,0.7928571428571428
6.436787014007544,0.054380952380952384,0.7917142857142857
6.441787014007544,0.05333333333333334,0.7901904761904762
6.446787014007544,0.052571428571428575,0.7888571428571428
6.451787014007544,0.05152380952380953,0.7880952380952381
6.456787014007544,0.050666666666666665,0.7864761904761904
6.461787014007544,0.049523809523809526,0.7855238095238095
6.466787014007544,0.04876190476190476,0.7844761904761904
6.4717870140075435,0.04819047619047619,0.783047619047619
6.476787014007543,0.047047619047619046,0.782
6.481787014007543,0.04619047619047619,0.7806666666666666
6.486787014007543,0.04552380952380952,0.7794285714285715
6.491787014007543,0.04485714285714286,0.7782857142857142
6.496787014007543,0.04438095238095238,0.7771428571428571
6.501787014007543,0.044,0.776
6.506787014007543,0.04352380952380953,0.7750476190476191
6.511787014007543,0.04257142857142857,0.7739047619047619
6.516787014007543,0.041428571428571426,0.7733333333333333
6.5217870140075425,0.04104761904761905,0.7722857142857142
6.526787014007542,0.04057142857142857,0.7712380952380953
6.531787014007542,0.040285714285714286,0.7695238095238095
6.536787014007542,0.04,0.7683809523809524
6.541787014007542,0.039619047619047616,0.7672380952380953
6.546787014007542,0.039142857142857146,0.766095238095238
6.551787014007542,0.03866666666666667,0.7648571428571429
6.556787014007542,0.038380952380952384,0.7638095238095238
6.561787014007542,0.038285714285714284,0.7621904761904762
6.5667870140075415,0.03780952380952381,0.7608571428571429
6.571787014007541,0.03761904761904762,0.7586666666666667
6.576787014007541,0.037142857142857144,0.7568571428571429
6.581787014007541,0.036571428571428574,0.7548571428571429
6.586787014007541,0.03628571428571428,0.7531428571428571
6.591787014007541,0.03580952380952381,0.752
6.596787014007541,0.03542857142857143,0.7510476190476191
6.601787014007541,0.035238095238095235,0.7494285714285714
6.606787014007541,0.03504761904761905,0.7492380952380953
6.6117870140075405,0.034666666666666665,0.7478095238095238
6.61678701400754,0.03447619047619047,0.7460952380952381
6.62178701400754,0.034095238095238095,0.7454285714285714
6.62678701400754,0.033428571428571426,0.7438095238095238
6.63178701400754,0.03314285714285714,0.7418095238095238
6.63678701400754,0.032952380952380955,0.7404761904761905
6.64178701400754,0.03266666666666666,0.7392380952380952
6.64678701400754,0.03257142857142857,0.7382857142857143
6.65178701400754,0.03247619047619048,0.7372380952380952
6.65678701400754,0.03238095238095238,0.7366666666666667
6.6617870140075395,0.03190476190476191,0.7351428571428571
6.666787014007539,0.031714285714285716,0.7330476190476191
6.671787014007539,0.031619047619047616,0.7318095238095238
6.676787014007539,0.03142857142857143,0.7308571428571429
6.681787014007539,0.031142857142857142,0.7293333333333333
6.686787014007539,0.03076190476190476,0.7285714285714285
6.691787014007539,0.030571428571428572,0.7274285714285714
6.696787014007539,0.03019047619047619,0.7257142857142858
6.701787014007539,0.029904761904761906,0.7247619047619047
6.7067870140075385,0.029714285714285714,0.7238095238095238
6.711787014007538,0.029238095238095237,0.7227619047619047
6.716787014007538,0.029238095238095237,0.7220952380952381
6.721787014007538,0.029142857142857144,0.721047619047619
6.726787014007538,0.02895238095238095,0.7194285714285714
6.731787014007538,0.028857142857142856,0.7184761904761905
6.736787014007538,0.028666666666666667,0.7166666666666667
6.741787014007538,0.028666666666666667,0.7157142857142857
6.746787014007538,0.02838095238095238,0.7140952380952381
6.751787014007538,0.028285714285714286,0.713047619047619
6.7567870140075375,0.02819047619047619,0.7112380952380952
6.761787014007537,0.028095238095238097,0.7099047619047619
6.766787014007537,0.02780952380952381,0.708952380952381
6.771787014007537,0.027333333333333334,0.7078095238095238
6.776787014007537,0.02723809523809524,0.707047619047619
6.781787014007537,0.027047619047619046,0.7056190476190476
6.786787014007537,0.027047619047619046,0.7041904761904761
6.791787014007537,0.026952380952380953,0.7034285714285714
6.796787014007537,0.02666666666666667,0.702
6.8017870140075365,0.02666666666666667,0.7008571428571428
6.806787014007536,0.026571428571428572,0.6997142857142857
6.811787014007536,0.02638095238095238,0.6979047619047619
6.816787014007536,0.02619047619047619,0.6964761904761905
6.821787014007536,0.02619047619047619,0.6957142857142857
6.826787014007536,0.02619047619047619,0.6944761904761905
6.831787014007536,0.02619047619047619,0.6934285714285714
6.836787014007536,0.02619047619047619,0.6920952380952381
6.841787014007536,0.02619047619047619,0.691047619047619
6.8467870140075355,0.026,0.6895238095238095
6.851787014007535,0.026,0.6883809523809524
6.856787014007535,0.025904761904761906,0.6871428571428572
6.861787014007535,0.025904761904761906,0.6859047619047619
6.866787014007535,0.02580952380952381,0.6840952380952381
6.871787014007535,0.02580952380952381,0.6827619047619048
6.876787014007535,0.02580952380952381,0.6819047619047619
6.881787014007535,0.025619047619047618,0.6803809523809524
6.886787014007535,0.025523809523809525,0.6787619047619048
6.891787014007535,0.025333333333333333,0.6779047619047619
6.8967870140075345,0.025333333333333333,0.6765714285714286
6.901787014007534,0.025238095238095237,0.6756190476190476
6.906787014007534,0.025238095238095237,0.6747619047619048
6.911787014007534,0.025142857142857144,0.6737142857142857
6.916787014007534,0.025047619047619048,0.6723809523809524
6.921787014007534,0.02495238095238095,0.6713333333333333
6.926787014007534,0.02495238095238095,0.6703809523809524
6.931787014007534,0.02495238095238095,0.6694285714285715
6.936787014007534,0.02495238095238095,0.6686666666666666
6.9417870140075335,0.024761904761904763,0.6676190476190477
6.946787014007533,0.024666666666666667,0.6666666666666666
6.951787014007533,0.024666666666666667,0.6660952380952381
6.956787014007533,0.024666666666666667,0.6654285714285715
6.961787014007533,0.024666666666666667,0.6646666666666666
6.966787014007533,0.024666666666666667,0.6631428571428571
6.971787014007533,0.024476190476190478,0.6619047619047619
6.976787014007533,0.024476190476190478,0.6606666666666666
6.981787014007533,0.024476190476190478,0.6592380952380953
6.9867870140075325,0.024285714285714285,0.658
6.991787014007532,0.024285714285714285,0.6567619047619048
6.996787014007532,0.024285714285714285,0.6559047619047619
7.001787014007532,0.024285714285714285,0.654
7.006787014007532,0.02419047619047619,0.652952380952381
7.011787014007532,0.024095238095238097,0.6519047619047619
7.016787014007532,0.024095238095238097,0.650952380952381
7.021787014007532,0.024095238095238097,0.6494285714285715
7.026787014007532,0.024,0.6481904761904762
7.031787014007532,0.024,0.6473333333333333
7.0367870140075315,0.024,0.6460952380952381
7.041787014007531,0.024,0.6445714285714286
7.046787014007531,0.024,0.6429523809523809
7.051787014007531,0.024,0.642095238095238
7.056787014007531,0.024,0.6410476190476191
7.061787014007531,0.023904761904761904,0.640095238095238
7.066787014007531,0.023904761904761904,0.6392380952380953
7.071787014007531,0.023904761904761904,0.6381904761904762
7.076787014007531,0.023809523809523808,0.6363809523809524
7.0817870140075305,0.023809523809523808,0.6353333333333333
7.08678701400753,0.023809523809523808,0.6344761904761905
7.09178701400753,0.023809523809523808,0.6336190476190476
7.09678701400753,0.023714285714285716,0.632095238095238
7.10178701400753,0.02361904761904762,0.6311428571428571
7.10678701400753,0.02361904761904762,0.6299047619047619
7.11178701400753,0.02361904761904762,0.6286666666666667
7.11678701400753,0.02361904761904762,0.6268571428571429
7.12178701400753,0.02361904761904762,0.6260952380952381
7.12678701400753,0.02361904761904762,0.6245714285714286
7.1317870140075295,0.023523809523809523,0.6235238095238095
7.136787014007529,0.023523809523809523,0.6223809523809524
7.141787014007529,0.023428571428571427,0.6217142857142857
7.146787014007529,0.023428571428571427,0.6210476190476191
7.151787014007529,0.023428571428571427,0.6194285714285714
7.156787014007529,0.023428571428571427,0.618
7.161787014007529,0.023238095238095238,0.6165714285714285
7.166787014007529,0.023238095238095238,0.6158095238095238
7.171787014007529,0.023142857142857142,0.6154285714285714
7.1767870140075285,0.023142857142857142,0.6141904761904762
7.181787014007528,0.023047619047619046,0.6133333333333333
7.186787014007528,0.022952380952380953,0.6116190476190476
7.191787014007528,0.022952380952380953,0.6102857142857143
7.196787014007528,0.022857142857142857,0.6092380952380952
7.201787014007528,0.02276190476190476,0.6078095238095238
7.206787014007528,0.02266666666666667,0.6065714285714285
7.211787014007528,0.02266666666666667,0.6057142857142858
7.216787014007528,0.02266666666666667,0.6047619047619047
7.2217870140075275,0.02266666666666667,0.6036190476190476
7.226787014007527,0.022571428571428572,0.6026666666666667
7.231787014007527,0.022571428571428572,0.6011428571428571
7.236787014007527,0.022571428571428572,0.6003809523809523
7.241787014007527,0.022571428571428572,0.599047619047619
7.246787014007527,0.022571428571428572,0.5976190476190476
7.251787014007527,0.022571428571428572,0.5966666666666667
7.256787014007527,0.022571428571428572,0.5953333333333334
7.261787014007527,0.022571428571428572,0.5941904761904762
7.266787014007527,0.022571428571428572,0.5938095238095238
7.2717870140075265,0.022476190476190476,0.5925714285714285
7.276787014007526,0.022476190476190476,0.5913333333333334
7.281787014007526,0.02238095238095238,0.5899047619047619
7.286787014007526,0.02238095238095238,0.5885714285714285
7.291787014007526,0.02238095238095238,0.5873333333333334
7.296787014007526,0.02238095238095238,0.5863809523809523
7.301787014007526,0.02238095238095238,0.5854285714285714
7.306787014007526,0.02238095238095238,0.5844761904761905
7.311787014007526,0.022095238095238095,0.5835238095238096
7.3167870140075255,0.022095238095238095,0.5825714285714285
7.321787014007525,0.022095238095238095,0.5815238095238096
7.326787014007525,0.022095238095238095,0.5804761904761905
7.331787014007525,0.022,0.5797142857142857
7.336787014007525,0.022,0.5785714285714286
7.341787014007525,0.022,0.5776190476190476
7.346787014007525,0.022,0.576
7.351787014007525,0.022,0.5745714285714286
7.356787014007525,0.022,0.5736190476190476
7.3617870140075246,0.022,0.5723809523809524
7.3667870140075244,0.022,0.571047619047619
7.371787014007524,0.022,0.5700952380952381
7.376787014007524,0.022,0.5682857142857143
7.381787014007524,0.022,0.5667619047619048
7.386787014007524,0.022,0.5654285714285714
7.391787014007524,0.021904761904761906,0.5642857142857143
7.396787014007524,0.021904761904761906,0.5632380952380952
7.401787014007524,0.021904761904761906,0.5615238095238095
7.406787014007524,0.021904761904761906,0.5604761904761905
7.4117870140075235,0.021904761904761906,0.5596190476190476
7.416787014007523,0.021904761904761906,0.5586666666666666
7.421787014007523,0.021904761904761906,0.5579047619047619
7.426787014007523,0.021904761904761906,0.557047619047619
7.431787014007523,0.021904761904761906,0.556
7.436787014007523,0.021904761904761906,0.5553333333333333
7.441787014007523,0.021904761904761906,0.5540952380952381
7.446787014007523,0.021904761904761906,0.5532380952380952
7.451787014007523,0.021904761904761906,0.5521904761904762
7.4567870140075225,0.021904761904761906,0.5508571428571428
7.461787014007522,0.021904761904761906,0.55
7.466787014007522,0.02180952380952381,0.549047619047619
7.471787014007522,0.02180952380952381,0.5481904761904762
7.476787014007522,0.02180952380952381,0.5464761904761904
7.481787014007522,0.021714285714285714,0.545047619047619
7.486787014007522,0.021714285714285714,0.5440952380952381
7.491787014007522,0.021714285714285714,0.542952380952381
7.496787014007522,0.021714285714285714,0.5417142857142857
7.501787014007522,0.021619047619047618,0.5408571428571428
7.5067870140075215,0.021619047619047618,0.5399047619047619
7.511787014007521,0.021619047619047618,0.5384761904761904
7.516787014007521,0.02142857142857143,0.5375238095238095
7.521787014007521,0.021333333333333333,0.5363809523809524
7.526787014007521,0.021238095238095236,0.534952380952381
7.531787014007521,0.021238095238095236,0.5341904761904762
7.536787014007521,0.021238095238095236,0.533047619047619
7.541787014007521,0.021142857142857144,0.5322857142857143
7.546787014007521,0.021047619047619048,0.5308571428571428
7.5517870140075205,0.021047619047619048,0.5299047619047619
7.55678701400752,0.021047619047619048,0.5287619047619048
7.56178701400752,0.021047619047619048,0.5279047619047619
7.56678701400752,0.021047619047619048,0.5271428571428571
7.57178701400752,0.021047619047619048,0.5255238095238095
7.57678701400752,0.021047619047619048,0.5243809523809524
7.58178701400752,0.021047619047619048,0.5234285714285715
7.58678701400752,0.021047619047619048,0.5222857142857142
7.59178701400752,0.021047619047619048,0.5208571428571429
7.5967870140075195,0.021047619047619048,0.5203809523809524
7.601787014007519,0.021047619047619048,0.5192380952380953
7.606787014007519,0.021047619047619048,0.5179047619047619
7.611787014007519,0.021047619047619048,0.5168571428571429
7.616787014007519,0.021047619047619048,0.5151428571428571
7.621787014007519,0.021047619047619048,0.5139047619047619
7.626787014007519,0.021047619047619048,0.5124761904761905
7.631787014007519,0.021047619047619048,0.5110476190476191
7.636787014007519,0.02095238095238095,0.5102857142857142
7.641787014007519,0.02095238095238095,0.5085714285714286
7.6467870140075185,0.02095238095238095,0.5076190476190476
7.651787014007518,0.02085714285714286,0.5067619047619047
7.656787014007518,0.020761904761904763,0.5053333333333333
7.661787014007518,0.020666666666666667,0.5046666666666667
7.666787014007518,0.02057142857142857,0.5031428571428571
7.671787014007518,0.02057142857142857,0.5020952380952381
7.676787014007518,0.02057142857142857,0.5013333333333333
7.681787014007518,0.02057142857142857,0.4998095238095238
7.686787014007518,0.020476190476190478,0.49857142857142855
7.6917870140075175,0.020476190476190478,0.4976190476190476
7.696787014007517,0.020476190476190478,0.49647619047619046
7.701787014007517,0.020285714285714285,0.49514285714285716
7.706787014007517,0.020285714285714285,0.49447619047619046
7.711787014007517,0.020285714285714285,0.4936190476190476
7.716787014007517,0.02019047619047619,0.49228571428571427
7.721787014007517,0.02019047619047619,0.4916190476190476
7.726787014007517,0.02,0.49
7.731787014007517,0.02,0.48904761904761906
7.736787014007517,0.02,0.4878095238095238
7.7417870140075165,0.02,0.4868571428571429
7.746787014007516,0.02,0.4856190476190476
7.751787014007516,0.019904761904761904,0.48514285714285715
7.756787014007516,0.019904761904761904,0.4838095238095238
7.761787014007516,0.019809523809523808,0.48314285714285715
7.766787014007516,0.019809523809523808,0.482
7.771787014007516,0.019809523809523808,0.48114285714285715
7.776787014007516,0.01961904761904762,0.4803809523809524
7.781787014007516,0.019523809523809523,0.47914285714285715
7.7867870140075155,0.019523809523809523,0.4783809523809524
7.791787014007515,0.019428571428571427,0.4775238095238095
7.796787014007515,0.019428571428571427,0.4766666666666667
7.801787014007515,0.019428571428571427,0.4758095238095238
7.806787014007515,0.019428571428571427,0.47504761904761905
7.811787014007515,0.019428571428571427,0.4739047619047619
7.816787014007515,0.019238095238095238,0.47314285714285714
7.821787014007515,0.019142857142857142,0.4725714285714286
7.826787014007515,0.019142857142857142,0.4717142857142857
7.8317870140075145,0.019142857142857142,0.47085714285714286
7.836787014007514,0.019142857142857142,0.4697142857142857
7.841787014007514,0.019142857142857142,0.4686666666666667
7.846787014007514,0.019142857142857142,0.4675238095238095
7.851787014007514,0.019142857142857142,0.4662857142857143
7.856787014007514,0.019142857142857142,0.4658095238095238
7.861787014007514,0.019142857142857142,0.46495238095238095
7.866787014007514,0.01904761904761905,0.4638095238095238
7.871787014007514,0.01904761904761905,0.46304761904761904
7.876787014007514,0.01904761904761905,0.46180952380952384
7.8817870140075135,0.01904761904761905,0.46104761904761904
7.886787014007513,0.01904761904761905,0.4602857142857143
7.891787014007513,0.01904761904761905,0.4593333333333333
7.896787014007513,0.01904761904761905,0.4583809523809524
7.901787014007513,0.01904761904761905,0.45704761904761904
7.906787014007513,0.018952380952380953,0.45561904761904765
7.911787014007513,0.018952380952380953,0.4552380952380952
7.916787014007513,0.018952380952380953,0.4540952380952381
7.921787014007513,0.018952380952380953,0.4534285714285714
7.9267870140075125,0.018952380952380953,0.4524761904761905
7.931787014007512,0.018857142857142857,0.45104761904761903
7.936787014007512,0.01876190476190476,0.4500952380952381
7.941787014007512,0.018571428571428572,0.4491428571428571
7.946787014007512,0.018476190476190476,0.4479047619047619
7.951787014007512,0.018476190476190476,0.4472380952380952
7.956787014007512,0.018476190476190476,0.44676190476190475
7.961787014007512,0.01838095238095238,0.44571428571428573
7.966787014007512,0.01838095238095238,0.44476190476190475
7.9717870140075116,0.01838095238095238,0.444
7.9767870140075114,0.01838095238095238,0.4431428571428571
7.981787014007511,0.01838095238095238,0.4421904761904762
7.986787014007511,0.018285714285714287,0.44123809523809526
7.991787014007511,0.018285714285714287,0.4400952380952381
7.996787014007511,0.01819047619047619,0.43942857142857145
8.001787014007512,0.01819047619047619,0.43866666666666665
8.00678701400751,0.018095238095238095,0.43752380952380954
8.01178701400751,0.018095238095238095,0.4360952380952381
8.01678701400751,0.018095238095238095,0.4357142857142857
8.021787014007511,0.018095238095238095,0.43542857142857144
8.02678701400751,0.018095238095238095,0.43514285714285716
8.03178701400751,0.018,0.4340952380952381
8.03678701400751,0.018,0.43333333333333335
8.041787014007511,0.018,0.4322857142857143
8.04678701400751,0.01780952380952381,0.43123809523809525
8.051787014007509,0.01780952380952381,0.43057142857142855
8.05678701400751,0.01780952380952381,0.43
8.06178701400751,0.01780952380952381,0.4288571428571429
8.06678701400751,0.01780952380952381,0.42742857142857144
8.071787014007509,0.01780952380952381,0.4261904761904762
8.07678701400751,0.017714285714285714,0.42457142857142854
8.08178701400751,0.017714285714285714,0.4235238095238095
8.086787014007509,0.017619047619047618,0.4228571428571429
8.091787014007508,0.017523809523809525,0.4219047619047619
8.096787014007509,0.017523809523809525,0.4208571428571429
8.10178701400751,0.017523809523809525,0.41942857142857143
8.106787014007509,0.017523809523809525,0.41838095238095235
8.111787014007508,0.017523809523809525,0.4177142857142857
8.116787014007508,0.017523809523809525,0.4166666666666667
8.12178701400751,0.017523809523809525,0.4155238095238095
8.126787014007508,0.017523809523809525,0.41495238095238096
8.131787014007507,0.017523809523809525,0.4143809523809524
8.136787014007508,0.017523809523809525,0.4136190476190476
8.141787014007509,0.017523809523809525,0.4125714285714286
8.146787014007508,0.017523809523809525,0.4119047619047619
8.151787014007507,0.017523809523809525,0.4107619047619048
8.156787014007508,0.017523809523809525,0.41009523809523807
8.161787014007508,0.01742857142857143,0.40914285714285714
8.166787014007507,0.01742857142857143,0.4083809523809524
8.171787014007506,0.01742857142857143,0.4078095238095238
8.176787014007507,0.01742857142857143,0.40704761904761905
8.181787014007508,0.01742857142857143,0.4064761904761905
8.186787014007507,0.01742857142857143,0.4057142857142857
8.191787014007506,0.01742857142857143,0.40495238095238095
8.196787014007507,0.01742857142857143,0.4036190476190476
8.201787014007508,0.01742857142857143,0.40276190476190477
8.206787014007507,0.01742857142857143,0.4020952380952381
8.211787014007506,0.01742857142857143,0.4013333333333333
8.216787014007506,0.01742857142857143,0.39990476190476193
8.221787014007507,0.01742857142857143,0.39914285714285713
8.226787014007506,0.017333333333333333,0.3981904761904762
8.231787014007505,0.017333333333333333,0.3977142857142857
8.236787014007506,0.017238095238095236,0.3975238095238095
8.241787014007507,0.017238095238095236,0.39714285714285713
8.246787014007506,0.017142857142857144,0.3964761904761905
8.251787014007505,0.017142857142857144,0.3952380952380952
8.256787014007505,0.017142857142857144,0.3945714285714286
8.261787014007506,0.017142857142857144,0.3933333333333333
8.266787014007505,0.017047619047619048,0.3922857142857143
8.271787014007504,0.017047619047619048,0.3913333333333333
8.276787014007505,0.017047619047619048,0.39066666666666666
8.281787014007506,0.017047619047619048,0.38980952380952383
8.286787014007505,0.017047619047619048,0.38904761904761903
8.291787014007504,0.01685714285714286,0.3883809523809524
8.296787014007505,0.01685714285714286,0.38771428571428573
8.301787014007505,0.01685714285714286,0.38666666666666666
8.306787014007504,0.01685714285714286,0.38571428571428573
8.311787014007503,0.01685714285714286,0.3851428571428571
8.316787014007504,0.01685714285714286,0.3842857142857143
8.321787014007505,0.016761904761904763,0.3838095238095238
8.326787014007504,0.016761904761904763,0.38266666666666665
8.331787014007503,0.016761904761904763,0.38123809523809526
8.336787014007504,0.016761904761904763,0.38095238095238093
8.341787014007505,0.016761904761904763,0.3797142857142857
8.346787014007504,0.016761904761904763,0.37847619047619047
8.351787014007503,0.016761904761904763,0.3779047619047619
8.356787014007503,0.016666666666666666,0.37742857142857145
8.361787014007504,0.016666666666666666,0.37676190476190474
8.366787014007503,0.016666666666666666,0.376
8.371787014007502,0.016666666666666666,0.37523809523809526
8.376787014007503,0.016666666666666666,0.3749523809523809
8.381787014007504,0.016666666666666666,0.374
8.386787014007503,0.016666666666666666,0.372952380952381
8.391787014007502,0.016666666666666666,0.3719047619047619
8.396787014007502,0.016666666666666666,0.37104761904761907
8.401787014007503,0.01657142857142857,0.37
8.406787014007502,0.01657142857142857,0.36904761904761907
8.411787014007501,0.01657142857142857,0.36866666666666664
8.416787014007502,0.01657142857142857,0.3679047619047619
8.421787014007503,0.01657142857142857,0.366952380952381
8.426787014007502,0.01657142857142857,0.36628571428571427
8.4317870140075,0.01657142857142857,0.36552380952380953
8.436787014007502,0.01657142857142857,0.36514285714285716
8.441787014007502,0.01657142857142857,0.3641904761904762
8.446787014007501,0.01657142857142857,0.3636190476190476
8.4517870140075,0.01657142857142857,0.3626666666666667
8.456787014007501,0.01657142857142857,0.362
8.461787014007502,0.01657142857142857,0.36095238095238097
8.466787014007501,0.01657142857142857,0.3598095238095238
8.4717870140075,0.01657142857142857,0.35923809523809525
8.4767870140075,0.01657142857142857,0.35923809523809525
8.481787014007502,0.01657142857142857,0.3587619047619048
8.4867870140075,0.01657142857142857,0.35819047619047617
8.4917870140075,0.01657142857142857,0.35704761904761906
8.4967870140075,0.01657142857142857,0.35638095238095235
8.501787014007501,0.01657142857142857,0.3554285714285714
8.5067870140075,0.01657142857142857,0.3546666666666667
8.5117870140075,0.01657142857142857,0.3537142857142857
8.5167870140075,0.01657142857142857,0.35295238095238096
8.5217870140075,0.01657142857142857,0.3524761904761905
8.5267870140075,0.01657142857142857,0.3520952380952381
8.531787014007499,0.01657142857142857,0.3514285714285714
8.5367870140075,0.01657142857142857,0.35123809523809524
8.5417870140075,0.01657142857142857,0.3504761904761905
8.5467870140075,0.01657142857142857,0.3497142857142857
8.551787014007498,0.01657142857142857,0.34904761904761905
8.556787014007499,0.01657142857142857,0.34895238095238096
8.5617870140075,0.01657142857142857,0.3478095238095238
8.566787014007499,0.01657142857142857,0.3473333333333333
8.571787014007498,0.01657142857142857,0.34676190476190477
8.576787014007499,0.01657142857142857,0.3463809523809524
8.5817870140075,0.01657142857142857,0.3456190476190476
8.586787014007498,0.01657142857142857,0.34476190476190477
8.591787014007497,0.016476190476190478,0.3441904761904762
8.596787014007498,0.016476190476190478,0.3438095238095238
8.601787014007499,0.01638095238095238,0.34323809523809523
8.606787014007498,0.01638095238095238,0.3424761904761905
8.611787014007497,0.01638095238095238,0.3418095238095238
8.616787014007498,0.01638095238095238,0.34114285714285714
8.621787014007499,0.01638095238095238,0.3404761904761905
8.626787014007498,0.01638095238095238,0.3395238095238095
8.631787014007497,0.01638095238095238,0.33904761904761904
8.636787014007497,0.01638095238095238,0.3381904761904762
8.641787014007498,0.01638095238095238,0.33714285714285713
8.646787014007497,0.01638095238095238,0.3363809523809524
8.651787014007496,0.01638095238095238,0.3356190476190476
8.656787014007497,0.01638095238095238,0.3353333333333333
8.661787014007498,0.01638095238095238,0.33466666666666667
8.666787014007497,0.016285714285714285,0.334
8.671787014007496,0.016095238095238096,0.3333333333333333
8.676787014007497,0.016095238095238096,0.33276190476190476
8.681787014007497,0.016,0.332
8.686787014007496,0.016,0.33076190476190476
8.691787014007495,0.016,0.3303809523809524
8.696787014007496,0.016,0.32961904761904764
8.701787014007497,0.016,0.32866666666666666
8.706787014007496,0.016,0.3282857142857143
8.711787014007495,0.015904761904761904,0.3282857142857143
8.716787014007496,0.015904761904761904,0.32695238095238094
8.721787014007496,0.015904761904761904,0.3262857142857143
8.726787014007495,0.015904761904761904,0.32504761904761903
8.731787014007494,0.015904761904761904,0.3243809523809524
8.736787014007495,0.015904761904761904,0.3239047619047619
8.741787014007496,0.015904761904761904,0.3231428571428571
8.746787014007495,0.015904761904761904,0.3222857142857143
8.751787014007494,0.015904761904761904,0.322
8.756787014007495,0.015904761904761904,0.32133333333333336
8.761787014007496,0.015904761904761904,0.32095238095238093
8.766787014007495,0.015904761904761904,0.32047619047619047
8.771787014007494,0.015904761904761904,0.3198095238095238
8.776787014007494,0.015809523809523808,0.31942857142857145
8.781787014007495,0.015809523809523808,0.31885714285714284
8.786787014007494,0.015809523809523808,0.3182857142857143
8.791787014007493,0.015809523809523808,0.3177142857142857
8.796787014007494,0.015809523809523808,0.317047619047619
8.801787014007495,0.015714285714285715,0.31666666666666665
8.806787014007494,0.015714285714285715,0.3158095238095238
8.811787014007493,0.015714285714285715,0.31495238095238093
8.816787014007494,0.015714285714285715,0.31447619047619046
8.821787014007494,0.015714285714285715,0.3138095238095238
8.826787014007493,0.015714285714285715,0.3129523809523809
8.831787014007492,0.015714285714285715,0.3120952380952381
8.836787014007493,0.015714285714285715,0.310952380952381
8.841787014007494,0.01561904761904762,0.3098095238095238
8.846787014007493,0.015523809523809523,0.30952380952380953
8.851787014007492,0.015523809523809523,0.30904761904761907
8.856787014007493,0.015523809523809523,0.30876190476190474
8.861787014007493,0.015523809523809523,0.3081904761904762
8.866787014007492,0.015523809523809523,0.3077142857142857
8.871787014007491,0.015428571428571429,0.30723809523809525
8.876787014007492,0.015428571428571429,0.30676190476190474
8.881787014007493,0.015428571428571429,0.3059047619047619
8.886787014007492,0.015428571428571429,0.3056190476190476
8.891787014007491,0.015428571428571429,0.30523809523809525
8.896787014007492,0.015428571428571429,0.30466666666666664
8.901787014007493,0.015428571428571429,0.30428571428571427
8.906787014007492,0.015428571428571429,0.3038095238095238
8.91178701400749,0.015428571428571429,0.30333333333333334
8.916787014007491,0.015333333333333332,0.3021904761904762
8.921787014007492,0.015333333333333332,0.3019047619047619
8.926787014007491,0.015333333333333332,0.30123809523809525
8.93178701400749,0.015238095238095238,0.3007619047619048
8.936787014007491,0.015238095238095238,0.30038095238095236
8.941787014007492,0.015238095238095238,0.29942857142857143
8.94678701400749,0.015238095238095238,0.2986666666666667
8.95178701400749,0.015238095238095238,0.2981904761904762
8.95678701400749,0.015238095238095238,0.298
8.961787014007491,0.015142857142857144,0.29723809523809525
8.96678701400749,0.015142857142857144,0.29619047619047617
8.97178701400749,0.015142857142857144,0.29533333333333334
8.97678701400749,0.015142857142857144,0.2947619047619048
8.981787014007491,0.015142857142857144,0.2938095238095238
8.98678701400749,0.015142857142857144,0.29285714285714287
8.991787014007489,0.015142857142857144,0.2923809523809524
8.99678701400749,0.015142857142857144,0.2917142857142857
9.00178701400749,0.015047619047619048,0.29133333333333333
9.00678701400749,0.015047619047619048,0.29085714285714287
9.011787014007488,0.015047619047619048,0.2898095238095238
9.01678701400749,0.015047619047619048,0.2886666666666667
9.02178701400749,0.015047619047619048,0.28819047619047616
9.026787014007489,0.014952380952380953,0.2878095238095238
9.031787014007488,0.014952380952380953,0.28714285714285714
9.036787014007489,0.014952380952380953,0.2865714285714286
9.04178701400749,0.014952380952380953,0.2861904761904762
9.046787014007489,0.014952380952380953,0.2856190476190476
9.051787014007488,0.014952380952380953,0.28514285714285714
9.056787014007488,0.014952380952380953,0.28495238095238096
9.06178701400749,0.014952380952380953,0.2843809523809524
9.066787014007488,0.014857142857142857,0.2836190476190476
9.071787014007487,0.014857142857142857,0.28314285714285714
9.076787014007488,0.014666666666666666,0.28285714285714286
9.081787014007489,0.014666666666666666,0.2815238095238095
9.086787014007488,0.014666666666666666,0.28104761904761905
9.091787014007487,0.014666666666666666,0.2802857142857143
9.096787014007488,0.014666666666666666,0.2799047619047619
9.101787014007488,0.014666666666666666,0.2797142857142857
9.106787014007487,0.014666666666666666,0.27885714285714286
9.111787014007486,0.014666666666666666,0.2780952380952381
9.116787014007487,0.014666666666666666,0.2773333333333333
9.121787014007488,0.014666666666666666,0.27676190476190476
9.126787014007487,0.014666666666666666,0.2763809523809524
9.131787014007486,0.014666666666666666,0.2762857142857143
9.136787014007487,0.014666666666666666,0.2758095238095238
9.141787014007487,0.014666666666666666,0.2753333333333333
9.146787014007487,0.014666666666666666,0.27476190476190476
9.151787014007486,0.014666666666666666,0.2740952380952381
9.156787014007486,0.014666666666666666,0.27380952380952384
9.161787014007487,0.014666666666666666,0.2733333333333333
9.166787014007486,0.014666666666666666,0.27266666666666667
9.171787014007485,0.014666666666666666,0.2720952380952381
9.176787014007486,0.014666666666666666,0.2719047619047619
9.181787014007487,0.014666666666666666,0.2716190476190476
9.186787014007486,0.014666666666666666,0.27095238095238094
9.191787014007485,0.014666666666666666,0.2703809523809524
9.196787014007485,0.014666666666666666,0.26980952380952383
9.201787014007486,0.014666666666666666,0.2696190476190476
9.206787014007485,0.014666666666666666,0.26914285714285713
9.211787014007484,0.014666666666666666,0.26857142857142857
9.216787014007485,0.014666666666666666,0.2680952380952381
9.221787014007486,0.014666666666666666,0.2674285714285714
9.226787014007485,0.014666666666666666,0.2671428571428571
9.231787014007484,0.014666666666666666,0.26695238095238094
9.236787014007485,0.014571428571428572,0.26666666666666666
9.241787014007485,0.014571428571428572,0.2664761904761905
9.246787014007484,0.014571428571428572,0.2660952380952381
9.251787014007483,0.014571428571428572,0.26571428571428574
9.256787014007484,0.014571428571428572,0.26504761904761903
9.261787014007485,0.014571428571428572,0.26495238095238094
9.266787014007484,0.014571428571428572,0.2644761904761905
9.271787014007483,0.014571428571428572,0.26361904761904764
9.276787014007484,0.014571428571428572,0.2632380952380952
9.281787014007485,0.014571428571428572,0.26257142857142857
9.286787014007484,0.014476190476190476,0.2618095238095238
9.291787014007483,0.014380952380952381,0.2612380952380952
9.296787014007483,0.014380952380952381,0.26076190476190475
9.301787014007484,0.014380952380952381,0.2601904761904762
9.306787014007483,0.014380952380952381,0.25961904761904764
9.311787014007482,0.014380952380952381,0.25933333333333336
9.316787014007483,0.014380952380952381,0.259047619047619
9.321787014007484,0.014380952380952381,0.25895238095238093
9.326787014007483,0.014380952380952381,0.25866666666666666
9.331787014007482,0.014380952380952381,0.2580952380952381
9.336787014007482,0.014285714285714285,0.2578095238095238
9.341787014007483,0.014285714285714285,0.25733333333333336
9.346787014007482,0.01419047619047619,0.257047619047619
9.351787014007481,0.01419047619047619,0.25657142857142856
9.356787014007482,0.01419047619047619,0.256
9.361787014007483,0.01419047619047619,0.2557142857142857
9.366787014007482,0.01419047619047619,0.25542857142857145
9.37178701400748,0.01419047619047619,0.25476190476190474
9.376787014007482,0.01419047619047619,0.25447619047619047
9.381787014007482,0.01419047619047619,0.2539047619047619
9.386787014007481,0.01419047619047619,0.25342857142857145
9.39178701400748,0.014095238095238095,0.25266666666666665
9.396787014007481,0.014095238095238095,0.2522857142857143
9.401787014007482,0.014095238095238095,0.2519047619047619
9.406787014007481,0.014095238095238095,0.25152380952380954
9.41178701400748,0.014095238095238095,0.25133333333333335
9.41678701400748,0.014095238095238095,0.25076190476190474
9.421787014007482,0.014095238095238095,0.2502857142857143
9.42678701400748,0.014095238095238095,0.24961904761904763
9.43178701400748,0.014095238095238095,0.24933333333333332
9.43678701400748,0.014095238095238095,0.24876190476190477
9.441787014007481,0.014095238095238095,0.248
9.44678701400748,0.014095238095238095,0.24742857142857144
9.45178701400748,0.014095238095238095,0.24704761904761904
9.45678701400748,0.014095238095238095,0.24657142857142858
9.46178701400748,0.014095238095238095,0.24619047619047618
9.46678701400748,0.014095238095238095,0.246
9.471787014007479,0.014095238095238095,0.24514285714285713
9.47678701400748,0.014095238095238095,0.24485714285714286
9.48178701400748,0.014095238095238095,0.2443809523809524
9.48678701400748,0.014095238095238095,0.2440952380952381
9.491787014007478,0.014095238095238095,0.24371428571428572
9.496787014007479,0.014,0.24323809523809523
9.50178701400748,0.014,0.24276190476190476
9.506787014007479,0.014,0.24247619047619048
9.511787014007478,0.014,0.24171428571428571
9.516787014007479,0.013904761904761904,0.24104761904761904
9.52178701400748,0.013904761904761904,0.24076190476190476
9.526787014007478,0.013904761904761904,0.2403809523809524
9.531787014007477,0.013904761904761904,0.2397142857142857
9.536787014007478,0.013904761904761904,0.23923809523809525
9.541787014007479,0.013904761904761904,0.23885714285714285
9.546787014007478,0.013904761904761904,0.2381904761904762
9.551787014007477,0.013904761904761904,0.2378095238095238
9.556787014007478,0.01380952380952381,0.23752380952380953
9.561787014007479,0.01380952380952381,0.23695238095238094
9.566787014007478,0.01380952380952381,0.23676190476190476
9.571787014007477,0.01380952380952381,0.2362857142857143
9.576787014007477,0.01380952380952381,0.236
9.581787014007478,0.01380952380952381,0.23542857142857143
9.586787014007477,0.01380952380952381,0.23514285714285715
9.591787014007476,0.013714285714285714,0.23485714285714285
9.596787014007477,0.013714285714285714,0.23485714285714285
9.601787014007478,0.01361904761904762,0.23466666666666666
9.606787014007477,0.01361904761904762,0.23438095238095238
9.611787014007476,0.01361904761904762,0.234
9.616787014007476,0.01361904761904762,0.2338095238095238
9.621787014007477,0.013523809523809523,0.23361904761904762
9.626787014007476,0.013523809523809523,0.23323809523809524
9.631787014007475,0.013523809523809523,0.23276190476190475
9.636787014007476,0.013523809523809523,0.2321904761904762
9.641787014007477,0.013523809523809523,0.23152380952380952
9.646787014007476,0.013523809523809523,0.23114285714285715
9.651787014007475,0.013523809523809523,0.23085714285714284
9.656787014007476,0.013523809523809523,0.23066666666666666
9.661787014007476,0.013523809523809523,0.2301904761904762
9.666787014007475,0.013523809523809523,0.2298095238095238
9.671787014007474,0.013523809523809523,0.22942857142857143
9.676787014007475,0.013523809523809523,0.22933333333333333
9.681787014007476,0.013523809523809523,0.22885714285714287
9.686787014007475,0.013523809523809523,0.2282857142857143
9.691787014007474,0.013428571428571429,0.22790476190476192
9.696787014007475,0.013333333333333334,0.22742857142857142
9.701787014007476,0.013333333333333334,0.22695238095238096
9.706787014007475,0.013333333333333334,0.22638095238095238
9.711787014007474,0.013333333333333334,0.22580952380952382
9.716787014007474,0.013333333333333334,0.2256190476190476
9.721787014007475,0.013333333333333334,0.22514285714285714
9.726787014007474,0.013333333333333334,0.22485714285714287
9.731787014007473,0.013333333333333334,0.22447619047619047
9.736787014007474,0.013238095238095238,0.2240952380952381
9.741787014007475,0.013238095238095238,0.2236190476190476
9.746787014007474,0.013238095238095238,0.2235238095238095
9.751787014007473,0.013238095238095238,0.22314285714285714
9.756787014007474,0.013238095238095238,0.22266666666666668
9.761787014007474,0.013238095238095238,0.22228571428571428
9.766787014007473,0.013238095238095238,0.22180952380952382
9.771787014007472,0.013238095238095238,0.22142857142857142
9.776787014007473,0.013238095238095238,0.22104761904761905
9.781787014007474,0.013238095238095238,0.22047619047619046
9.786787014007473,0.013238095238095238,0.22038095238095237
9.791787014007472,0.013238095238095238,0.22028571428571428
9.796787014007473,0.013238095238095238,0.2200952380952381
9.801787014007473,0.013238095238095238,0.21971428571428572
9.806787014007472,0.013238095238095238,0.21904761904761905
9.811787014007471,0.012952380952380953,0.21847619047619046
9.816787014007472,0.012952380952380953,0.21780952380952381
9.821787014007473,0.012952380952380953,0.21752380952380954
9.826787014007472,0.012952380952380953,0.21685714285714286
9.831787014007471,0.012952380952380953,0.21676190476190477
9.836787014007472,0.012952380952380953,0.21657142857142858
9.841787014007473,0.012952380952380953,0.216
9.846787014007472,0.012952380952380953,0.2159047619047619
9.85178701400747,0.012952380952380953,0.21561904761904763
9.856787014007471,0.012857142857142857,0.21523809523809523
9.861787014007472,0.012857142857142857,0.21466666666666667
9.866787014007471,0.012857142857142857,0.2143809523809524
9.87178701400747,0.012857142857142857,0.2139047619047619
9.876787014007471,0.012857142857142857,0.21304761904761904
9.881787014007472,0.012857142857142857,0.21285714285714286
9.88678701400747,0.012857142857142857,0.21276190476190476
9.89178701400747,0.012857142857142857,0.21276190476190476
9.89678701400747,0.012761904761904763,0.21228571428571427
9.901787014007471,0.012761904761904763,0.2118095238095238
9.90678701400747,0.012761904761904763,0.21152380952380953
9.91178701400747,0.012761904761904763,0.21104761904761904
9.91678701400747,0.012761904761904763,0.21076190476190476
9.92178701400747,0.012761904761904763,0.21047619047619048
9.92678701400747,0.012666666666666666,0.20971428571428571
9.931787014007469,0.012666666666666666,0.20923809523809525
9.93678701400747,0.012666666666666666,0.20923809523809525
9.94178701400747,0.012571428571428572,0.20876190476190476
9.94678701400747,0.012571428571428572,0.2082857142857143
9.951787014007468,0.012571428571428572,0.20809523809523808
9.95678701400747,0.012571428571428572,0.20761904761904762
9.96178701400747,0.012571428571428572,0.20733333333333334
9.966787014007469,0.012571428571428572,0.20704761904761904
9.971787014007468,0.012571428571428572,0.20685714285714285
9.976787014007469,0.012571428571428572,0.20657142857142857
9.98178701400747,0.012571428571428572,0.2060952380952381
9.986787014007469,0.012571428571428572,0.206
9.991787014007468,0.012571428571428572,0.2059047619047619
9.996787014007468,0.012571428571428572,0.2057142857142857
10.00178701400747,0.012571428571428572,0.2057142857142857
10.006787014007468,0.012571428571428572,0.20533333333333334
10.011787014007467,0.012571428571428572,0.20504761904761903
10.016787014007468,0.012571428571428572,0.20485714285714285
10.021787014007469,0.012571428571428572,0.20457142857142857
10.026787014007468,0.012571428571428572,0.20447619047619048
10.031787014007467,0.012571428571428572,0.204
10.036787014007468,0.012571428571428572,0.2039047619047619
10.041787014007468,0.012571428571428572,0.2039047619047619
10.046787014007467,0.012571428571428572,0.2038095238095238
10.051787014007466,0.012571428571428572,0.20323809523809525
10.056787014007467,0.012571428571428572,0.20285714285714285
10.061787014007468,0.012380952380952381,0.20266666666666666
10.066787014007467,0.012380952380952381,0.20238095238095238
10.071787014007466,0.012380952380952381,0.2021904761904762
10.076787014007467,0.012380952380952381,0.2019047619047619
10.081787014007467,0.012380952380952381,0.2018095238095238
10.086787014007466,0.012380952380952381,0.2017142857142857
10.091787014007465,0.012380952380952381,0.20133333333333334
10.096787014007466,0.012380952380952381,0.20085714285714285
10.101787014007467,0.012380952380952381,0.20057142857142857
10.106787014007466,0.012380952380952381,0.20038095238095238
10.111787014007465,0.012380952380952381,0.2000952380952381
10.116787014007466,0.012380952380952381,0.1996190476190476
10.121787014007467,0.012380952380952381,0.19933333333333333
10.126787014007466,0.012380952380952381,0.19895238095238096
10.131787014007465,0.012380952380952381,0.19857142857142857
10.136787014007465,0.012380952380952381,0.19847619047619047
10.141787014007466,0.012380952380952381,0.19790476190476192
10.146787014007465,0.012380952380952381,0.19742857142857143
10.151787014007464,0.012285714285714285,0.19723809523809524
10.156787014007465,0.012285714285714285,0.19704761904761905
10.161787014007466,0.012285714285714285,0.19685714285714287
10.166787014007465,0.012285714285714285,0.19638095238095238
10.171787014007464,0.012285714285714285,0.196
10.176787014007465,0.012285714285714285,0.19590476190476191
10.181787014007465,0.012285714285714285,0.1956190476190476
10.186787014007464,0.012285714285714285,0.19514285714285715
10.191787014007463,0.012285714285714285,0.19514285714285715
10.196787014007464,0.012285714285714285,0.19485714285714287
10.201787014007465,0.01219047619047619,0.19476190476190477
10.206787014007464,0.01219047619047619,0.19476190476190477
10.211787014007463,0.012095238095238095,0.19466666666666665
10.216787014007464,0.012095238095238095,0.19447619047619047
10.221787014007464,0.012,0.1941904761904762
10.226787014007463,0.011904761904761904,0.1941904761904762
10.231787014007462,0.011904761904761904,0.19380952380952382
10.236787014007463,0.011904761904761904,0.19333333333333333
10.241787014007464,0.011904761904761904,0.19314285714285714
10.246787014007463,0.011904761904761904,0.19257142857142856
10.251787014007462,0.011904761904761904,0.1920952380952381
10.256787014007463,0.011904761904761904,0.19180952380952382
10.261787014007464,0.011904761904761904,0.1916190476190476
10.266787014007463,0.011904761904761904,0.19142857142857142
10.271787014007462,0.011714285714285714,0.19114285714285714
10.276787014007462,0.011714285714285714,0.19076190476190477
10.281787014007463,0.011714285714285714,0.19057142857142856
10.286787014007462,0.011714285714285714,0.19038095238095237
10.291787014007461,0.011714285714285714,0.18980952380952382
10.296787014007462,0.011619047619047619,0.18942857142857142
10.301787014007463,0.011619047619047619,0.18923809523809523
10.306787014007462,0.011619047619047619,0.18895238095238095
10.31178701400746,0.011619047619047619,0.18876190476190477
10.316787014007462,0.011619047619047619,0.18857142857142858
10.321787014007462,0.011619047619047619,0.18838095238095237
10.326787014007461,0.011619047619047619,0.1880952380952381
10.33178701400746,0.011619047619047619,0.18761904761904763
10.336787014007461,0.011619047619047619,0.18733333333333332
10.341787014007462,0.011619047619047619,0.18733333333333332
10.346787014007461,0.011523809523809523,0.18704761904761905
10.35178701400746,0.011523809523809523,0.18695238095238095
10.35678701400746,0.011523809523809523,0.18657142857142858
10.361787014007461,0.011523809523809523,0.18619047619047618
10.36678701400746,0.011428571428571429,0.1860952380952381
10.37178701400746,0.011428571428571429,0.18542857142857141
10.37678701400746,0.011333333333333334,0.18514285714285714
10.381787014007461,0.011333333333333334,0.18466666666666667
10.38678701400746,0.011238095238095238,0.1844761904761905
10.391787014007459,0.011238095238095238,0.1844761904761905
10.39678701400746,0.011238095238095238,0.1840952380952381
10.40178701400746,0.011238095238095238,0.1838095238095238
10.40678701400746,0.011238095238095238,0.18371428571428572
10.411787014007459,0.011238095238095238,0.18342857142857144
10.41678701400746,0.011238095238095238,0.18342857142857144
10.42178701400746,0.011238095238095238,0.18304761904761904
10.42678701400746,0.011238095238095238,0.18295238095238095
10.431787014007458,0.011238095238095238,0.18266666666666667
10.436787014007459,0.011238095238095238,0.1824761904761905
10.44178701400746,0.011238095238095238,0.18228571428571427
10.446787014007459,0.011238095238095238,0.182
10.451787014007458,0.011238095238095238,0.18171428571428572
10.456787014007459,0.011238095238095238,0.18142857142857144
10.46178701400746,0.011238095238095238,0.18123809523809523
10.466787014007458,0.011238095238095238,0.18085714285714286
10.471787014007457,0.011238095238095238,0.18047619047619048
10.476787014007458,0.011142857142857144,0.18019047619047618
10.481787014007459,0.011142857142857144,0.1798095238095238
10.486787014007458,0.011047619047619047,0.17914285714285713
10.491787014007457,0.011047619047619047,0.17904761904761904
10.496787014007458,0.011047619047619047,0.17866666666666667
10.501787014007459,0.011047619047619047,0.17819047619047618
10.506787014007458,0.011047619047619047,0.1778095238095238
10.511787014007457,0.011047619047619047,0.17752380952380953
10.516787014007457,0.011047619047619047,0.17714285714285713
10.521787014007458,0.011047619047619047,0.17695238095238094
10.526787014007457,0.011047619047619047,0.17666666666666667
10.531787014007456,0.011047619047619047,0.17647619047619048
10.536787014007457,0.010952380952380953,0.1762857142857143
10.541787014007458,0.010857142857142857,0.17552380952380953
10.546787014007457,0.010857142857142857,0.17504761904761904
10.551787014007456,0.010857142857142857,0.17495238095238094
10.556787014007456,0.010857142857142857,0.17457142857142857
10.561787014007457,0.010857142857142857,0.1742857142857143
10.566787014007456,0.010857142857142857,0.1737142857142857
10.571787014007455,0.010857142857142857,0.17323809523809525
10.576787014007456,0.010857142857142857,0.17304761904761906
10.581787014007457,0.010857142857142857,0.17304761904761906
10.586787014007456,0.010857142857142857,0.17285714285714285
10.591787014007455,0.010857142857142857,0.17247619047619048
10.596787014007456,0.010857142857142857,0.1719047619047619
10.601787014007456,0.010857142857142857,0.1717142857142857
10.606787014007455,0.010857142857142857,0.17123809523809524
10.611787014007454,0.010857142857142857,0.17066666666666666
10.616787014007455,0.010857142857142857,0.17066666666666666
10.621787014007456,0.010857142857142857,0.1701904761904762
10.626787014007455,0.010857142857142857,0.1700952380952381
10.631787014007454,0.010857142857142857,0.1698095238095238
10.636787014007455,0.010857142857142857,0.16952380952380952
10.641787014007456,0.010857142857142857,0.16914285714285715
10.646787014007455,0.010857142857142857,0.16876190476190475
10.651787014007454,0.010857142857142857,0.16876190476190475
10.656787014007454,0.010857142857142857,0.16866666666666666
10.661787014007455,0.010857142857142857,0.16838095238095238
10.666787014007454,0.010857142857142857,0.1681904761904762
10.671787014007453,0.010857142857142857,0.16790476190476192
10.676787014007454,0.010857142857142857,0.1676190476190476
10.681787014007455,0.010857142857142857,0.16742857142857143
10.686787014007454,0.010857142857142857,0.16733333333333333
10.691787014007453,0.010857142857142857,0.16685714285714287
10.696787014007453,0.010857142857142857,0.16666666666666666
10.701787014007454,0.010857142857142857,0.16638095238095238
10.706787014007453,0.010857142857142857,0.1660952380952381
10.711787014007452,0.010857142857142857,0.1660952380952381
10.716787014007453,0.010857142857142857,0.1656190476190476
10.721787014007454,0.010857142857142857,0.1656190476190476
10.726787014007453,0.010761904761904762,0.16504761904761905
10.731787014007452,0.010761904761904762,0.16466666666666666
10.736787014007453,0.010761904761904762,0.16447619047619047
10.741787014007453,0.010761904761904762,0.164
10.746787014007452,0.010761904761904762,0.16380952380952382
10.751787014007451,0.010761904761904762,0.16352380952380952
10.756787014007452,0.010761904761904762,0.16333333333333333
10.761787014007453,0.010761904761904762,0.16304761904761905
10.766787014007452,0.010761904761904762,0.16257142857142856
10.771787014007451,0.010761904761904762,0.16228571428571428
10.776787014007452,0.010761904761904762,0.1621904761904762
10.781787014007453,0.010761904761904762,0.162
10.786787014007452,0.010761904761904762,0.16180952380952382
10.79178701400745,0.010761904761904762,0.16152380952380951
10.796787014007451,0.010761904761904762,0.16104761904761905
10.801787014007452,0.010761904761904762,0.16095238095238096
10.806787014007451,0.010761904761904762,0.16038095238095237
10.81178701400745,0.010761904761904762,0.1600952380952381
10.816787014007451,0.010761904761904762,0.1599047619047619
10.821787014007452,0.010761904761904762,0.15961904761904763
10.82678701400745,0.010761904761904762,0.15933333333333333
10.83178701400745,0.010761904761904762,0.15895238095238096
10.83678701400745,0.010761904761904762,0.15847619047619046
10.841787014007451,0.010761904761904762,0.15838095238095237
10.84678701400745,0.010761904761904762,0.15828571428571428
10.85178701400745,0.010761904761904762,0.1581904761904762
10.85678701400745,0.010761904761904762,0.1579047619047619
10.86178701400745,0.010761904761904762,0.1575238095238095
10.86678701400745,0.010761904761904762,0.15704761904761905
10.871787014007449,0.010761904761904762,0.15704761904761905
10.87678701400745,0.010666666666666666,0.15676190476190477
10.88178701400745,0.010666666666666666,0.15676190476190477
10.88678701400745,0.010666666666666666,0.15657142857142858
10.891787014007448,0.010666666666666666,0.15628571428571428
10.89678701400745,0.010666666666666666,0.1559047619047619
10.90178701400745,0.010571428571428572,0.15542857142857142
10.906787014007449,0.010571428571428572,0.15533333333333332
10.911787014007448,0.010571428571428572,0.15495238095238095
10.916787014007449,0.010571428571428572,0.15438095238095237
10.92178701400745,0.010571428571428572,0.15419047619047618
10.926787014007449,0.010571428571428572,0.1538095238095238
10.931787014007448,0.010571428571428572,0.15342857142857144
10.936787014007448,0.010571428571428572,0.15333333333333332
10.94178701400745,0.010476190476190476,0.15295238095238095
10.946787014007448,0.010476190476190476,0.15285714285714286
10.951787014007447,0.010380952380952381,0.15276190476190477
10.956787014007448,0.010380952380952381,0.15257142857142858
10.961787014007449,0.010380952380952381,0.1520952380952381
10.966787014007448,0.010380952380952381,0.1519047619047619
10.971787014007447,0.010380952380952381,0.1518095238095238
10.976787014007447,0.010380952380952381,0.1518095238095238
10.981787014007448,0.010380952380952381,0.15161904761904763
10.986787014007447,0.010285714285714285,0.15161904761904763
10.991787014007446,0.010285714285714285,0.15152380952380953
10.996787014007447,0.010285714285714285,0.15152380952380953
11.001787014007448,0.010285714285714285,0.15123809523809523
11.006787014007447,0.010285714285714285,0.15114285714285713
11.011787014007446,0.010285714285714285,0.15104761904761904
11.016787014007447,0.01019047619047619,0.15085714285714286
11.021787014007447,0.01019047619047619,0.15066666666666667
11.026787014007446,0.01019047619047619,0.15057142857142858
11.031787014007445,0.01019047619047619,0.15019047619047618
11.036787014007446,0.01019047619047619,0.1500952380952381
11.041787014007447,0.01019047619047619,0.15
11.046787014007446,0.01019047619047619,0.1498095238095238
11.051787014007445,0.01019047619047619,0.14933333333333335
11.056787014007446,0.01019047619047619,0.14923809523809523
11.061787014007447,0.01019047619047619,0.14876190476190476
11.066787014007446,0.01019047619047619,0.14847619047619048
11.071787014007445,0.01019047619047619,0.1482857142857143
11.076787014007445,0.01019047619047619,0.14819047619047618
11.081787014007446,0.01019047619047619,0.148
11.086787014007445,0.01019047619047619,0.1478095238095238
11.091787014007444,0.01019047619047619,0.14761904761904762
11.096787014007445,0.01019047619047619,0.14742857142857144
11.101787014007446,0.01019047619047619,0.14714285714285713
11.106787014007445,0.01019047619047619,0.14685714285714285
11.111787014007444,0.01019047619047619,0.1462857142857143
11.116787014007445,0.01019047619047619,0.1458095238095238
11.121787014007445,0.01019047619047619,0.14561904761904762
11.126787014007444,0.01019047619047619,0.14514285714285713
11.131787014007443,0.010095238095238095,0.14485714285714285
11.136787014007444,0.010095238095238095,0.14457142857142857
11.141787014007445,0.010095238095238095,0.14409523809523808
11.146787014007444,0.010095238095238095,0.144
11.151787014007443,0.010095238095238095,0.1437142857142857
11.156787014007444,0.010095238095238095,0.14361904761904762
11.161787014007444,0.010095238095238095,0.14342857142857143
11.166787014007443,0.010095238095238095,0.14314285714285716
11.171787014007442,0.010095238095238095,0.14314285714285716
11.176787014007443,0.010095238095238095,0.14304761904761903
11.181787014007444,0.010095238095238095,0.14266666666666666
11.186787014007443,0.01,0.14257142857142857
11.191787014007442,0.01,0.1420952380952381
11.196787014007443,0.01,0.1418095238095238
11.201787014007444,0.01,0.14161904761904762
11.206787014007443,0.01,0.14142857142857143
11.211787014007442,0.01,0.14142857142857143
11.216787014007442,0.01,0.14104761904761906
11.221787014007443,0.01,0.14066666666666666
11.226787014007442,0.01,0.14057142857142857
11.231787014007441,0.01,0.14057142857142857
11.236787014007442,0.01,0.1402857142857143
11.241787014007443,0.01,0.1399047619047619
11.246787014007442,0.01,0.1399047619047619
11.25178701400744,0.01,0.1397142857142857
11.256787014007442,0.01,0.13961904761904761
11.261787014007442,0.01,0.13942857142857143
11.266787014007441,0.01,0.13933333333333334
11.27178701400744,0.01,0.13914285714285715
11.276787014007441,0.009904761904761904,0.13904761904761906
11.281787014007442,0.00980952380952381,0.13895238095238097
11.28678701400744,0.00980952380952381,0.13885714285714285
11.29178701400744,0.00980952380952381,0.13885714285714285
11.29678701400744,0.00980952380952381,0.13876190476190475
11.301787014007441,0.00980952380952381,0.13847619047619047
11.30678701400744,0.00980952380952381,0.1380952380952381
11.31178701400744,0.00980952380952381,0.1377142857142857
11.31678701400744,0.00980952380952381,0.1376190476190476
11.321787014007441,0.00980952380952381,0.13733333333333334
11.32678701400744,0.00980952380952381,0.13714285714285715
11.331787014007439,0.00980952380952381,0.13685714285714284
11.33678701400744,0.00980952380952381,0.13666666666666666
11.34178701400744,0.00980952380952381,0.13657142857142857
11.34678701400744,0.00980952380952381,0.13638095238095238
11.351787014007439,0.009619047619047619,0.1361904761904762
11.35678701400744,0.009619047619047619,0.13590476190476192
11.36178701400744,0.009619047619047619,0.13552380952380952
11.36678701400744,0.009619047619047619,0.13542857142857143
11.371787014007438,0.009619047619047619,0.13533333333333333
11.376787014007439,0.009523809523809525,0.13495238095238096
11.38178701400744,0.009523809523809525,0.13495238095238096
11.386787014007439,0.009523809523809525,0.13457142857142856
11.391787014007438,0.009523809523809525,0.13447619047619047
11.396787014007439,0.009523809523809525,0.13438095238095238
11.40178701400744,0.009523809523809525,0.13438095238095238
11.406787014007438,0.009428571428571429,0.13428571428571429
11.411787014007437,0.009428571428571429,0.13390476190476192
11.416787014007438,0.009428571428571429,0.13380952380952382
11.421787014007439,0.009428571428571429,0.1336190476190476
11.426787014007438,0.009428571428571429,0.13352380952380952
11.431787014007437,0.009428571428571429,0.13333333333333333
11.436787014007438,0.009428571428571429,0.13333333333333333
11.441787014007438,0.009428571428571429,0.13285714285714287
11.446787014007437,0.009428571428571429,0.13285714285714287
11.451787014007436,0.009428571428571429,0.13285714285714287
11.456787014007437,0.009428571428571429,0.13257142857142856
11.461787014007438,0.009428571428571429,0.13247619047619047
11.466787014007437,0.009428571428571429,0.13238095238095238
11.471787014007436,0.009428571428571429,0.13238095238095238
11.476787014007437,0.009428571428571429,0.1321904761904762
11.481787014007438,0.009428571428571429,0.1320952380952381
11.486787014007437,0.009428571428571429,0.1319047619047619
11.491787014007436,0.009428571428571429,0.1317142857142857
11.496787014007436,0.009428571428571429,0.1317142857142857
11.501787014007437,0.009428571428571429,0.13152380952380952
11.506787014007436,0.009428571428571429,0.13142857142857142
11.511787014007435,0.009428571428571429,0.13123809523809524
11.516787014007436,0.009428571428571429,0.13123809523809524
11.521787014007437,0.009428571428571429,0.13104761904761905
11.526787014007436,0.009428571428571429,0.13085714285714287
11.531787014007435,0.009428571428571429,0.13076190476190477
11.536787014007436,0.009428571428571429,0.13057142857142856
11.541787014007436,0.009428571428571429,0.1301904761904762
11.546787014007435,0.009428571428571429,0.12980952380952382
11.551787014007434,0.009428571428571429,0.12980952380952382
11.556787014007435,0.009428571428571429,0.12971428571428573
11.561787014007436,0.009428571428571429,0.1296190476190476
11.566787014007435,0.009428571428571429,0.1295238095238095
11.571787014007434,0.009428571428571429,0.12942857142857142
11.576787014007435,0.009428571428571429,0.12914285714285714
11.581787014007435,0.009333333333333334,0.12885714285714286
11.586787014007434,0.009333333333333334,0.12866666666666668
11.591787014007433,0.009333333333333334,0.128
11.596787014007434,0.009333333333333334,0.12780952380952382
11.601787014007435,0.009333333333333334,0.12761904761904763
11.606787014007434,0.009333333333333334,0.12733333333333333
11.611787014007433,0.009333333333333334,0.12695238095238096
11.616787014007434,0.009333333333333334,0.12676190476190477
11.621787014007435,0.009333333333333334,0.12657142857142858
11.626787014007434,0.009333333333333334,0.12638095238095237
11.631787014007433,0.009333333333333334,0.126
11.636787014007433,0.009333333333333334,0.12571428571428572
11.641787014007434,0.009333333333333334,0.12552380952380954
11.646787014007433,0.009333333333333334,0.12523809523809523
11.651787014007432,0.009333333333333334,0.12466666666666666
11.656787014007433,0.009333333333333334,0.12457142857142857
11.661787014007434,0.009333333333333334,0.12419047619047618
11.666787014007433,0.009333333333333334,0.12409523809523809
11.671787014007432,0.009333333333333334,0.12409523809523809
11.676787014007433,0.009333333333333334,0.1239047619047619
11.681787014007433,0.009333333333333334,0.12361904761904761
11.686787014007432,0.009333333333333334,0.12342857142857143
11.691787014007431,0.009333333333333334,0.12323809523809524
11.696787014007432,0.009333333333333334,0.12295238095238095
11.701787014007433,0.009333333333333334,0.12285714285714286
11.706787014007432,0.009333333333333334,0.12266666666666666
11.711787014007431,0.009333333333333334,0.12257142857142857
11.716787014007432,0.009333333333333334,0.1221904761904762
11.721787014007433,0.009333333333333334,0.12209523809523809
11.726787014007432,0.009333333333333334,0.1219047619047619
11.73178701400743,0.009333333333333334,0.12180952380952381
11.736787014007431,0.009333333333333334,0.12161904761904761
11.741787014007432,0.009333333333333334,0.12152380952380952
11.746787014007431,0.009333333333333334,0.12142857142857143
11.75178701400743,0.009333333333333334,0.12133333333333333
11.75678701400743,0.009333333333333334,0.12123809523809524
11.761787014007432,0.009333333333333334,0.12104761904761904
11.76678701400743,0.009333333333333334,0.12095238095238095
11.77178701400743,0.009333333333333334,0.12076190476190476
11.77678701400743,0.009333333333333334,0.12057142857142857
11.781787014007431,0.009333333333333334,0.12047619047619047
11.78678701400743,0.009333333333333334,0.12
11.79178701400743,0.009333333333333334,0.11971428571428572
11.79678701400743,0.009333333333333334,0.11952380952380952
11.80178701400743,0.009333333333333334,0.11952380952380952
11.80678701400743,0.009333333333333334,0.11933333333333333
11.811787014007429,0.009333333333333334,0.11904761904761904
11.81678701400743,0.009238095238095238,0.11885714285714286
11.82178701400743,0.009238095238095238,0.11857142857142858
11.82678701400743,0.009238095238095238,0.11819047619047619
11.831787014007428,0.009238095238095238,0.118
11.83678701400743,0.009238095238095238,0.1179047619047619
11.84178701400743,0.009238095238095238,0.11780952380952381
11.846787014007429,0.009238095238095238,0.11771428571428572
11.851787014007428,0.009142857142857144,0.11771428571428572
11.856787014007429,0.009047619047619047,0.11771428571428572
11.86178701400743,0.009047619047619047,0.11761904761904762
11.866787014007429,0.009047619047619047,0.11733333333333333
11.871787014007428,0.009047619047619047,0.11733333333333333
11.876787014007428,0.009047619047619047,0.11714285714285715
11.881787014007429,0.008952380952380953,0.11685714285714285
11.886787014007428,0.008857142857142857,0.11676190476190476
11.891787014007427,0.008857142857142857,0.11666666666666667
11.896787014007428,0.008857142857142857,0.11638095238095238
11.901787014007429,0.008857142857142857,0.11628571428571428
11.906787014007428,0.008857142857142857,0.11628571428571428
11.911787014007427,0.008857142857142857,0.11619047619047619
11.916787014007427,0.008857142857142857,0.116
11.921787014007428,0.008857142857142857,0.1158095238095238
11.926787014007427,0.008857142857142857,0.11542857142857142
11.931787014007426,0.008857142857142857,0.11523809523809524
11.936787014007427,0.008857142857142857,0.11504761904761905
11.941787014007428,0.008761904761904762,0.11485714285714285
11.946787014007427,0.008761904761904762,0.11457142857142857
11.951787014007426,0.008761904761904762,0.11438095238095237
11.956787014007427,0.008761904761904762,0.11438095238095237
11.961787014007427,0.008761904761904762,0.11419047619047619
11.966787014007426,0.008761904761904762,0.1140952380952381
11.971787014007425,0.008761904761904762,0.114
11.976787014007426,0.008761904761904762,0.1138095238095238
11.981787014007427,0.008761904761904762,0.11361904761904762
11.986787014007426,0.008761904761904762,0.11352380952380953
11.991787014007425,0.008761904761904762,0.11333333333333333
11.996787014007426,0.008761904761904762,0.11295238095238096
12.001787014007427,0.008666666666666666,0.11266666666666666
12.006787014007426,0.008666666666666666,0.11257142857142857
12.011787014007425,0.008666666666666666,0.11228571428571428
12.016787014007425,0.008666666666666666,0.11219047619047619
12.021787014007426,0.008666666666666666,0.112
12.026787014007425,0.008666666666666666,0.1118095238095238
12.031787014007424,0.008666666666666666,0.1118095238095238
12.036787014007425,0.008666666666666666,0.11171428571428571
12.041787014007426,0.008666666666666666,0.11142857142857143
12.046787014007425,0.008666666666666666,0.11114285714285714
12.051787014007424,0.008666666666666666,0.11104761904761905
12.056787014007424,0.008666666666666666,0.11095238095238096
12.061787014007425,0.008666666666666666,0.11095238095238096
12.066787014007424,0.008666666666666666,0.11095238095238096
12.071787014007423,0.008666666666666666,0.11095238095238096
12.076787014007424,0.008666666666666666,0.11076190476190476
12.081787014007425,0.008666666666666666,0.11076190476190476
12.086787014007424,0.008666666666666666,0.11066666666666666
12.091787014007423,0.008666666666666666,0.11057142857142857
12.096787014007424,0.008571428571428572,0.11057142857142857
12.101787014007424,0.008476190476190476,0.11047619047619048
12.106787014007423,0.008476190476190476,0.11038095238095239
12.111787014007422,0.008380952380952381,0.11028571428571429
12.116787014007423,0.008380952380952381,0.11
12.121787014007424,0.008380952380952381,0.10980952380952382
12.126787014007423,0.008380952380952381,0.10961904761904762
12.131787014007422,0.008380952380952381,0.10961904761904762
12.136787014007423,0.008380952380952381,0.10961904761904762
12.141787014007424,0.008380952380952381,0.10952380952380952
12.146787014007423,0.008380952380952381,0.10942857142857143
12.151787014007422,0.008380952380952381,0.10933333333333334
12.156787014007422,0.008380952380952381,0.10904761904761905
12.161787014007423,0.008380952380952381,0.10904761904761905
12.166787014007422,0.008380952380952381,0.10895238095238095
12.171787014007421,0.008380952380952381,0.10895238095238095
12.176787014007422,0.008380952380952381,0.10866666666666666
12.181787014007423,0.008380952380952381,0.10866666666666666
12.186787014007422,0.008380952380952381,0.10819047619047618
12.19178701400742,0.008380952380952381,0.1079047619047619
12.196787014007421,0.008380952380952381,0.1079047619047619
12.201787014007422,0.008285714285714285,0.10780952380952381
12.206787014007421,0.008285714285714285,0.10780952380952381
12.21178701400742,0.008285714285714285,0.10780952380952381
12.216787014007421,0.00819047619047619,0.10771428571428572
12.221787014007422,0.00819047619047619,0.10771428571428572
12.22678701400742,0.00819047619047619,0.10761904761904761
12.23178701400742,0.00819047619047619,0.10761904761904761
12.23678701400742,0.00819047619047619,0.10742857142857143
12.241787014007421,0.008095238095238095,0.10723809523809524
12.24678701400742,0.008095238095238095,0.10676190476190477
12.25178701400742,0.008095238095238095,0.10666666666666667
12.25678701400742,0.008095238095238095,0.10647619047619047
12.261787014007421,0.008095238095238095,0.10628571428571429
12.26678701400742,0.008095238095238095,0.10609523809523809
12.271787014007419,0.008095238095238095,0.1059047619047619
12.27678701400742,0.008095238095238095,0.10571428571428572
12.28178701400742,0.008095238095238095,0.10561904761904761
12.28678701400742,0.008,0.10552380952380952
12.291787014007419,0.008,0.10542857142857143
12.29678701400742,0.008,0.10542857142857143
12.30178701400742,0.008,0.10514285714285715
12.30678701400742,0.008,0.10485714285714286
12.311787014007418,0.008,0.10476190476190476
12.316787014007419,0.008,0.10476190476190476
12.32178701400742,0.008,0.10466666666666667
12.326787014007419,0.008,0.10447619047619047
12.331787014007418,0.008,0.10438095238095238
12.336787014007419,0.008,0.10438095238095238
12.34178701400742,0.007904761904761904,0.1041904761904762
12.346787014007418,0.00780952380952381,0.104
12.351787014007417,0.00780952380952381,0.10380952380952381
12.356787014007418,0.00780952380952381,0.10371428571428572
12.361787014007419,0.00780952380952381,0.10352380952380952
12.366787014007418,0.00780952380952381,0.10333333333333333
12.371787014007417,0.00780952380952381,0.10304761904761905
12.376787014007418,0.00780952380952381,0.10285714285714286
12.381787014007418,0.00780952380952381,0.10276190476190476
12.386787014007417,0.00780952380952381,0.10257142857142858
12.391787014007416,0.00780952380952381,0.10257142857142858
12.396787014007417,0.00780952380952381,0.10247619047619047
12.401787014007418,0.00780952380952381,0.10219047619047619
12.406787014007417,0.00780952380952381,0.1019047619047619
12.411787014007416,0.00780952380952381,0.10171428571428572
12.416787014007417,0.00780952380952381,0.10171428571428572
12.421787014007418,0.00780952380952381,0.10161904761904762
12.426787014007417,0.00780952380952381,0.10142857142857142
12.431787014007416,0.00780952380952381,0.10123809523809524
12.436787014007416,0.00780952380952381,0.10076190476190476
12.441787014007417,0.00780952380952381,0.10057142857142858
12.446787014007416,0.00780952380952381,0.10019047619047619
12.451787014007415,0.00780952380952381,0.1000952380952381
12.456787014007416,0.00780952380952381,0.1
12.461787014007417,0.00780952380952381,0.1
12.466787014007416,0.007714285714285714,0.0998095238095238
12.471787014007415,0.007714285714285714,0.09971428571428571
12.476787014007416,0.007714285714285714,0.09971428571428571
12.481787014007416,0.007714285714285714,0.09942857142857142
12.486787014007415,0.007714285714285714,0.09923809523809524
12.491787014007414,0.007714285714285714,0.09904761904761905
12.496787014007415,0.007714285714285714,0.09885714285714285
12.501787014007416,0.007714285714285714,0.09876190476190476
12.506787014007415,0.007714285714285714,0.09866666666666667
12.511787014007414,0.007714285714285714,0.09857142857142857
12.516787014007415,0.007714285714285714,0.09828571428571428
12.521787014007415,0.007714285714285714,0.09819047619047619
12.526787014007414,0.007714285714285714,0.0978095238095238
12.531787014007413,0.007714285714285714,0.09771428571428571
12.536787014007414,0.007714285714285714,0.09771428571428571
12.541787014007415,0.007714285714285714,0.09761904761904762
12.546787014007414,0.007714285714285714,0.09733333333333333
12.551787014007413,0.007714285714285714,0.09733333333333333
12.556787014007414,0.007714285714285714,0.09714285714285714
12.561787014007415,0.007714285714285714,0.09704761904761905
12.566787014007414,0.007714285714285714,0.09685714285714286
12.571787014007413,0.007714285714285714,0.09676190476190476
12.576787014007413,0.007714285714285714,0.09676190476190476
12.581787014007414,0.007714285714285714,0.09666666666666666
12.586787014007413,0.007714285714285714,0.09647619047619048
12.591787014007412,0.007714285714285714,0.09638095238095239
12.596787014007413,0.007714285714285714,0.09619047619047619
12.601787014007414,0.007714285714285714,0.096
12.606787014007413,0.007619047619047619,0.096
12.611787014007412,0.007619047619047619,0.096
12.616787014007413,0.007619047619047619,0.09590476190476191
12.621787014007413,0.007619047619047619,0.0958095238095238
12.626787014007412,0.007619047619047619,0.0958095238095238
12.631787014007411,0.007619047619047619,0.09561904761904762
12.636787014007412,0.007619047619047619,0.09552380952380952
12.641787014007413,0.007619047619047619,0.09542857142857143
12.646787014007412,0.007619047619047619,0.09542857142857143
12.651787014007411,0.007619047619047619,0.09542857142857143
12.656787014007412,0.007619047619047619,0.09533333333333334
12.661787014007412,0.007619047619047619,0.09523809523809523
12.666787014007411,0.007619047619047619,0.09495238095238095
12.67178701400741,0.007619047619047619,0.09485714285714286
12.676787014007411,0.007619047619047619,0.09476190476190476
12.681787014007412,0.007619047619047619,0.09466666666666666
12.686787014007411,0.007619047619047619,0.09466666666666666
12.69178701400741,0.007619047619047619,0.09466666666666666
12.69678701400741,0.007619047619047619,0.09447619047619048
12.701787014007412,0.007619047619047619,0.09428571428571429
12.70678701400741,0.007619047619047619,0.09428571428571429
12.71178701400741,0.007619047619047619,0.09428571428571429
12.71678701400741,0.007619047619047619,0.09419047619047619
12.721787014007411,0.007619047619047619,0.09409523809523809
12.72678701400741,0.007619047619047619,0.094
12.73178701400741,0.007619047619047619,0.09390476190476191
12.73678701400741,0.007619047619047619,0.09361904761904762
12.74178701400741,0.007619047619047619,0.09361904761904762
12.74678701400741,0.007619047619047619,0.09342857142857143
12.751787014007409,0.007619047619047619,0.09333333333333334
12.75678701400741,0.007619047619047619,0.09323809523809524
12.76178701400741,0.007619047619047619,0.09304761904761905
12.76678701400741,0.007619047619047619,0.09276190476190477
12.771787014007408,0.007619047619047619,0.09266666666666666
12.77678701400741,0.007619047619047619,0.09228571428571429
12.78178701400741,0.007619047619047619,0.09219047619047618
12.786787014007409,0.007619047619047619,0.092
12.791787014007408,0.007619047619047619,0.0919047619047619
12.796787014007409,0.007619047619047619,0.0919047619047619
12.80178701400741,0.007619047619047619,0.09171428571428572
12.806787014007408,0.007619047619047619,0.09171428571428572
12.811787014007407,0.007619047619047619,0.09161904761904761
12.816787014007408,0.007619047619047619,0.09161904761904761
12.821787014007409,0.007619047619047619,0.09161904761904761
12.826787014007408,0.007619047619047619,0.09152380952380952
12.831787014007407,0.007619047619047619,0.09142857142857143
12.836787014007408,0.007619047619047619,0.09123809523809524
12.841787014007409,0.007619047619047619,0.09104761904761904
12.846787014007408,0.007619047619047619,0.09104761904761904
12.851787014007407,0.007619047619047619,0.09095238095238095
12.856787014007407,0.007619047619047619,0.09085714285714286
12.861787014007408,0.007619047619047619,0.09085714285714286
12.866787014007407,0.007619047619047619,0.09076190476190477
12.871787014007406,0.007619047619047619,0.09057142857142857
12.876787014007407,0.007619047619047619,0.09038095238095238
12.881787014007408,0.007619047619047619,0.09028571428571429
12.886787014007407,0.007619047619047619,0.0901904761904762
12.891787014007406,0.007619047619047619,0.0901904761904762
12.896787014007407,0.007619047619047619,0.09009523809523809
12.901787014007407,0.007619047619047619,0.09
12.906787014007406,0.007619047619047619,0.0899047619047619
12.911787014007405,0.007619047619047619,0.0899047619047619
12.916787014007406,0.007619047619047619,0.08971428571428572
12.921787014007407,0.007619047619047619,0.08933333333333333
12.926787014007406,0.007619047619047619,0.08923809523809524
12.931787014007405,0.007619047619047619,0.08923809523809524
12.936787014007406,0.007619047619047619,0.08923809523809524
12.941787014007406,0.007619047619047619,0.08914285714285715
12.946787014007406,0.007619047619047619,0.08914285714285715
12.951787014007405,0.007619047619047619,0.08904761904761904
12.956787014007405,0.007619047619047619,0.08904761904761904
12.961787014007406,0.007619047619047619,0.08885714285714286
12.966787014007405,0.007619047619047619,0.08866666666666667
12.971787014007404,0.007619047619047619,0.08857142857142856
12.976787014007405,0.007619047619047619,0.08857142857142856
12.981787014007406,0.007619047619047619,0.08847619047619047
12.986787014007405,0.007619047619047619,0.08838095238095238
12.991787014007404,0.007619047619047619,0.08838095238095238
12.996787014007404,0.007619047619047619,0.08838095238095238
13.001787014007405,0.007619047619047619,0.08838095238095238
13.006787014007404,0.007619047619047619,0.08828571428571429
13.011787014007403,0.007619047619047619,0.0880952380952381
13.016787014007404,0.007619047619047619,0.088
13.021787014007405,0.007619047619047619,0.088
13.026787014007404,0.007619047619047619,0.088
13.031787014007403,0.007619047619047619,0.088
13.036787014007404,0.007619047619047619,0.08780952380952381
13.041787014007404,0.007619047619047619,0.08723809523809524
13.046787014007403,0.007619047619047619,0.08704761904761905
13.051787014007402,0.007619047619047619,0.08695238095238095
13.056787014007403,0.007619047619047619,0.08685714285714285
13.061787014007404,0.007619047619047619,0.08685714285714285
13.066787014007403,0.007619047619047619,0.08685714285714285
13.071787014007402,0.007619047619047619,0.08685714285714285
13.076787014007403,0.007619047619047619,0.08666666666666667
13.081787014007404,0.007619047619047619,0.08666666666666667
13.086787014007403,0.007619047619047619,0.08657142857142858
13.091787014007402,0.007619047619047619,0.08638095238095238
13.096787014007402,0.007619047619047619,0.08638095238095238
13.101787014007403,0.007523809523809524,0.08619047619047619
13.106787014007402,0.0074285714285714285,0.086
13.111787014007401,0.0074285714285714285,0.08571428571428572
13.116787014007402,0.0074285714285714285,0.08571428571428572
13.121787014007403,0.0074285714285714285,0.08571428571428572
13.126787014007402,0.0074285714285714285,0.08533333333333333
13.1317870140074,0.0074285714285714285,0.08533333333333333
13.136787014007401,0.0074285714285714285,0.08523809523809524
13.141787014007402,0.0074285714285714285,0.08514285714285715
13.146787014007401,0.0074285714285714285,0.08495238095238095
13.1517870140074,0.0074285714285714285,0.08485714285714285
13.156787014007401,0.0074285714285714285,0.08485714285714285
13.161787014007402,0.0074285714285714285,0.08485714285714285
13.1667870140074,0.0074285714285714285,0.08476190476190476
13.1717870140074,0.0074285714285714285,0.08476190476190476
13.1767870140074,0.0074285714285714285,0.08476190476190476
13.181787014007401,0.0074285714285714285,0.08476190476190476
13.1867870140074,0.0074285714285714285,0.08466666666666667
13.1917870140074,0.0074285714285714285,0.08466666666666667
13.1967870140074,0.0074285714285714285,0.08457142857142858
13.201787014007401,0.007333333333333333,0.08457142857142858
13.2067870140074,0.007333333333333333,0.08438095238095238
13.211787014007399,0.007333333333333333,0.0840952380952381
13.2167870140074,0.007333333333333333,0.0840952380952381
13.2217870140074,0.007333333333333333,0.084
13.2267870140074,0.007333333333333333,0.0839047619047619
13.231787014007399,0.007333333333333333,0.0838095238095238
13.2367870140074,0.007333333333333333,0.0838095238095238
13.2417870140074,0.007333333333333333,0.08361904761904762
13.246787014007399,0.007333333333333333,0.08342857142857144
13.251787014007398,0.007333333333333333,0.08333333333333333
13.256787014007399,0.007333333333333333,0.08314285714285714
13.2617870140074,0.007238095238095238,0.08314285714285714
13.266787014007399,0.007238095238095238,0.08304761904761905
13.271787014007398,0.007238095238095238,0.08304761904761905
13.276787014007398,0.007238095238095238,0.08304761904761905
13.2817870140074,0.007238095238095238,0.08285714285714285
13.286787014007398,0.007238095238095238,0.08276190476190476
13.291787014007397,0.007142857142857143,0.08266666666666667
13.296787014007398,0.007047619047619047,0.08266666666666667
13.301787014007399,0.007047619047619047,0.08257142857142857
13.306787014007398,0.006952380952380952,0.08257142857142857
13.311787014007397,0.006952380952380952,0.08228571428571428
13.316787014007398,0.006952380952380952,0.08219047619047619
13.321787014007398,0.006952380952380952,0.08219047619047619
13.326787014007397,0.006952380952380952,0.08219047619047619
13.331787014007396,0.006952380952380952,0.08190476190476191
13.336787014007397,0.006952380952380952,0.08190476190476191
13.341787014007398,0.006952380952380952,0.0818095238095238
13.346787014007397,0.006952380952380952,0.0818095238095238
13.351787014007396,0.006952380952380952,0.0818095238095238
13.356787014007397,0.006952380952380952,0.08171428571428571
13.361787014007398,0.006952380952380952,0.08161904761904762
13.366787014007397,0.006952380952380952,0.08152380952380953
13.371787014007396,0.006952380952380952,0.08152380952380953
13.376787014007396,0.006952380952380952,0.08123809523809523
13.381787014007397,0.006952380952380952,0.08114285714285714
13.386787014007396,0.006952380952380952,0.08114285714285714
13.391787014007395,0.006952380952380952,0.08085714285714286
13.396787014007396,0.006952380952380952,0.08057142857142857
13.401787014007397,0.006952380952380952,0.08057142857142857
13.406787014007396,0.006952380952380952,0.08038095238095239
13.411787014007395,0.006952380952380952,0.08028571428571428
13.416787014007395,0.006952380952380952,0.0800952380952381
13.421787014007396,0.006952380952380952,0.07980952380952382
13.426787014007395,0.006952380952380952,0.07971428571428571
13.431787014007394,0.006952380952380952,0.07942857142857143
13.436787014007395,0.006952380952380952,0.07933333333333334
13.441787014007396,0.006952380952380952,0.07914285714285714
13.446787014007395,0.006952380952380952,0.07904761904761905
13.451787014007394,0.006952380952380952,0.07895238095238095
13.456787014007395,0.006952380952380952,0.07895238095238095
13.461787014007395,0.006952380952380952,0.07885714285714286
13.466787014007394,0.006952380952380952,0.07885714285714286
13.471787014007393,0.006952380952380952,0.07885714285714286
13.476787014007394,0.006952380952380952,0.07866666666666666
13.481787014007395,0.006952380952380952,0.07866666666666666
13.486787014007394,0.006952380952380952,0.07866666666666666
13.491787014007393,0.006952380952380952,0.07866666666666666
13.496787014007394,0.006952380952380952,0.07866666666666666
13.501787014007395,0.006857142857142857,0.07857142857142857
13.506787014007394,0.006857142857142857,0.07828571428571429
13.511787014007393,0.006857142857142857,0.07809523809523809
13.516787014007393,0.006857142857142857,0.07771428571428571
13.521787014007394,0.006857142857142857,0.07761904761904762
13.526787014007393,0.006857142857142857,0.07752380952380952
13.531787014007392,0.006857142857142857,0.07752380952380952
13.536787014007393,0.006857142857142857,0.07742857142857143
13.541787014007394,0.006857142857142857,0.07723809523809524
13.546787014007393,0.006857142857142857,0.07714285714285714
13.551787014007392,0.006857142857142857,0.07714285714285714
13.556787014007393,0.006857142857142857,0.07666666666666666
13.561787014007393,0.006857142857142857,0.07666666666666666
13.566787014007392,0.006857142857142857,0.07666666666666666
13.571787014007391,0.006857142857142857,0.07666666666666666
13.576787014007392,0.006857142857142857,0.07657142857142857
13.581787014007393,0.006857142857142857,0.07647619047619048
13.586787014007392,0.006857142857142857,0.07647619047619048
13.59178701400739,0.006857142857142857,0.07647619047619048
13.596787014007392,0.006857142857142857,0.07638095238095238
13.601787014007392,0.0067619047619047615,0.07628571428571429
13.606787014007391,0.006666666666666667,0.07609523809523809
13.61178701400739,0.006666666666666667,0.076
13.616787014007391,0.006666666666666667,0.0759047619047619
13.621787014007392,0.006571428571428572,0.0759047619047619
13.626787014007391,0.006571428571428572,0.07580952380952381
13.63178701400739,0.006571428571428572,0.07580952380952381
13.63678701400739,0.006571428571428572,0.07571428571428572
13.641787014007392,0.006571428571428572,0.07571428571428572
13.64678701400739,0.006571428571428572,0.07571428571428572
13.65178701400739,0.006571428571428572,0.07571428571428572
13.65678701400739,0.006571428571428572,0.07571428571428572
13.661787014007391,0.006571428571428572,0.07571428571428572
13.66678701400739,0.006571428571428572,0.07561904761904761
13.67178701400739,0.006571428571428572,0.07542857142857143
13.67678701400739,0.006571428571428572,0.07533333333333334
13.68178701400739,0.006571428571428572,0.07533333333333334
13.68678701400739,0.006571428571428572,0.07533333333333334
13.691787014007389,0.006571428571428572,0.07523809523809524
13.69678701400739,0.006571428571428572,0.07514285714285714
13.70178701400739,0.006571428571428572,0.07514285714285714
13.70678701400739,0.006571428571428572,0.07514285714285714
13.711787014007388,0.006571428571428572,0.07514285714285714
13.716787014007389,0.006571428571428572,0.07495238095238095
13.72178701400739,0.006571428571428572,0.07495238095238095
13.726787014007389,0.006571428571428572,0.07485714285714286
13.731787014007388,0.006571428571428572,0.07466666666666667
13.736787014007389,0.006571428571428572,0.07438095238095238
13.74178701400739,0.006571428571428572,0.07428571428571429
13.746787014007388,0.006571428571428572,0.0741904761904762
13.751787014007387,0.006571428571428572,0.07409523809523809
13.756787014007388,0.006571428571428572,0.074
13.761787014007389,0.006571428571428572,0.0739047619047619
13.766787014007388,0.006571428571428572,0.07371428571428572
13.771787014007387,0.006571428571428572,0.07342857142857143
13.776787014007388,0.006571428571428572,0.07323809523809524
13.781787014007389,0.006571428571428572,0.07304761904761904
13.786787014007388,0.006571428571428572,0.07304761904761904
13.791787014007387,0.006571428571428572,0.07304761904761904
13.796787014007387,0.006571428571428572,0.07295238095238095
13.801787014007388,0.006571428571428572,0.07276190476190476
13.806787014007387,0.006571428571428572,0.07276190476190476
13.811787014007386,0.006571428571428572,0.07276190476190476
13.816787014007387,0.006571428571428572,0.07276190476190476
13.821787014007388,0.006571428571428572,0.07247619047619047
13.826787014007387,0.006571428571428572,0.07247619047619047
13.831787014007386,0.006571428571428572,0.07238095238095238
13.836787014007387,0.006571428571428572,0.07238095238095238
13.841787014007387,0.006571428571428572,0.07238095238095238
13.846787014007386,0.0064761904761904765,0.07238095238095238
13.851787014007385,0.0064761904761904765,0.07228571428571429
13.856787014007386,0.0064761904761904765,0.07228571428571429
13.861787014007387,0.0064761904761904765,0.07228571428571429
13.866787014007386,0.006380952380952381,0.0721904761904762
13.871787014007385,0.006380952380952381,0.072
13.876787014007386,0.006380952380952381,0.0719047619047619
13.881787014007386,0.006380952380952381,0.07171428571428572
13.886787014007385,0.006380952380952381,0.07161904761904762
13.891787014007384,0.006380952380952381,0.07152380952380952
13.896787014007385,0.006380952380952381,0.07133333333333333
13.901787014007386,0.006380952380952381,0.07123809523809524
13.906787014007385,0.006380952380952381,0.07114285714285715
13.911787014007384,0.006380952380952381,0.07095238095238095
13.916787014007385,0.006380952380952381,0.07085714285714285
13.921787014007386,0.006380952380952381,0.07076190476190476
13.926787014007385,0.006380952380952381,0.07076190476190476
13.931787014007384,0.006380952380952381,0.07076190476190476
13.936787014007384,0.006380952380952381,0.07076190476190476
13.941787014007385,0.006380952380952381,0.07076190476190476
13.946787014007384,0.006380952380952381,0.07076190476190476
13.951787014007383,0.006380952380952381,0.07066666666666667
13.956787014007384,0.006380952380952381,0.07066666666666667
13.961787014007385,0.006380952380952381,0.07057142857142858
13.966787014007384,0.006380952380952381,0.07057142857142858
13.971787014007383,0.006380952380952381,0.07047619047619047
13.976787014007384,0.006380952380952381,0.07038095238095238
13.981787014007384,0.006380952380952381,0.07028571428571428
13.986787014007383,0.006380952380952381,0.07028571428571428
13.991787014007382,0.006380952380952381,0.07019047619047619
13.996787014007383,0.006380952380952381,0.0700952380952381
14.001787014007384,0.006285714285714286,0.0699047619047619
14.006787014007383,0.006285714285714286,0.06980952380952381
14.011787014007382,0.006285714285714286,0.06961904761904762
14.016787014007383,0.006285714285714286,0.06942857142857142
14.021787014007383,0.006285714285714286,0.06942857142857142
14.026787014007382,0.006285714285714286,0.06942857142857142
14.031787014007381,0.006285714285714286,0.06933333333333333
14.036787014007382,0.006285714285714286,0.06923809523809524
14.041787014007383,0.006285714285714286,0.06923809523809524
14.046787014007382,0.006285714285714286,0.06914285714285714
14.051787014007381,0.006285714285714286,0.06914285714285714
14.056787014007382,0.006285714285714286,0.06914285714285714
14.061787014007383,0.006285714285714286,0.06895238095238095
14.066787014007382,0.006285714285714286,0.06895238095238095
14.07178701400738,0.006285714285714286,0.06885714285714285
14.076787014007381,0.006285714285714286,0.06876190476190476
14.081787014007382,0.006285714285714286,0.06876190476190476
14.086787014007381,0.006285714285714286,0.06857142857142857
14.09178701400738,0.006285714285714286,0.06857142857142857
14.096787014007381,0.006285714285714286,0.06857142857142857
14.101787014007382,0.006285714285714286,0.06847619047619048
14.10678701400738,0.006285714285714286,0.06847619047619048
14.11178701400738,0.006190476190476191,0.06847619047619048
14.11678701400738,0.006190476190476191,0.06847619047619048
14.121787014007381,0.006190476190476191,0.06847619047619048
14.12678701400738,0.006190476190476191,0.06838095238095238
14.13178701400738,0.006190476190476191,0.06828571428571428
14.13678701400738,0.006190476190476191,0.06819047619047619
14.141787014007381,0.006190476190476191,0.06819047619047619
14.14678701400738,0.006190476190476191,0.06819047619047619
14.151787014007379,0.006190476190476191,0.068
14.15678701400738,0.006190476190476191,0.068
14.16178701400738,0.006095238095238095,0.0679047619047619
14.16678701400738,0.006095238095238095,0.0679047619047619
14.171787014007379,0.006095238095238095,0.0679047619047619
14.17678701400738,0.006095238095238095,0.0679047619047619
14.18178701400738,0.006095238095238095,0.06771428571428571
14.186787014007379,0.006095238095238095,0.06761904761904762
14.191787014007378,0.006095238095238095,0.06752380952380953
14.196787014007379,0.006095238095238095,0.06733333333333333
14.20178701400738,0.006095238095238095,0.06733333333333333
14.206787014007379,0.006095238095238095,0.06723809523809524
14.211787014007378,0.006095238095238095,0.06714285714285714
14.216787014007378,0.006095238095238095,0.06695238095238096
14.22178701400738,0.006095238095238095,0.06676190476190476
14.226787014007378,0.006095238095238095,0.06676190476190476
14.231787014007377,0.006095238095238095,0.06676190476190476
14.236787014007378,0.006095238095238095,0.06666666666666667
14.241787014007379,0.006095238095238095,0.06647619047619048
14.246787014007378,0.006095238095238095,0.06628571428571428
14.251787014007377,0.006095238095238095,0.0660952380952381
14.256787014007378,0.006095238095238095,0.066
14.261787014007378,0.006095238095238095,0.06571428571428571
14.266787014007377,0.006095238095238095,0.06561904761904762
14.271787014007376,0.006095238095238095,0.06542857142857143
14.276787014007377,0.006095238095238095,0.06542857142857143
14.281787014007378,0.006095238095238095,0.06533333333333333
14.286787014007377,0.006095238095238095,0.06533333333333333
14.291787014007376,0.006095238095238095,0.06504761904761905
14.296787014007377,0.006095238095238095,0.06495238095238096
14.301787014007378,0.006095238095238095,0.06495238095238096
14.306787014007377,0.006095238095238095,0.06485714285714286
14.311787014007376,0.006095238095238095,0.06466666666666666
14.316787014007376,0.006095238095238095,0.06466666666666666
14.321787014007377,0.006095238095238095,0.06457142857142857
14.326787014007376,0.006095238095238095,0.06457142857142857
14.331787014007375,0.006095238095238095,0.06457142857142857
14.336787014007376,0.006095238095238095,0.06438095238095239
14.341787014007377,0.006095238095238095,0.06438095238095239
14.346787014007376,0.006095238095238095,0.06428571428571428
14.351787014007375,0.006095238095238095,0.0640952380952381
14.356787014007375,0.006095238095238095,0.06390476190476191
14.361787014007376,0.006,0.06390476190476191
14.366787014007375,0.006,0.06390476190476191
14.371787014007374,0.006,0.06390476190476191
14.376787014007375,0.006,0.06380952380952382
14.381787014007376,0.006,0.06380952380952382
14.386787014007375,0.006,0.06380952380952382
14.391787014007374,0.006,0.06380952380952382
14.396787014007375,0.006,0.06380952380952382
14.401787014007375,0.006,0.06371428571428571
14.406787014007374,0.006,0.06361904761904762
14.411787014007373,0.006,0.06342857142857143
14.416787014007374,0.006,0.06342857142857143
14.421787014007375,0.006,0.06342857142857143
14.426787014007374,0.006,0.06342857142857143
14.431787014007373,0.006,0.06323809523809523
14.436787014007374,0.006,0.06314285714285714
14.441787014007375,0.006,0.06314285714285714
14.446787014007374,0.006,0.06314285714285714
14.451787014007373,0.006,0.06314285714285714
14.456787014007373,0.005904761904761905,0.06314285714285714
14.461787014007374,0.005904761904761905,0.06295238095238095
14.466787014007373,0.005904761904761905,0.06295238095238095
14.471787014007372,0.0058095238095238096,0.06285714285714286
14.476787014007373,0.0058095238095238096,0.06276190476190477
14.481787014007374,0.0058095238095238096,0.06257142857142857
14.486787014007373,0.0058095238095238096,0.06247619047619048
14.491787014007372,0.0058095238095238096,0.062380952380952384
14.496787014007372,0.0058095238095238096,0.062380952380952384
14.501787014007373,0.0058095238095238096,0.062
14.506787014007372,0.0058095238095238096,0.06190476190476191
14.511787014007371,0.005714285714285714,0.06180952380952381
14.516787014007372,0.005714285714285714,0.061714285714285715
14.521787014007373,0.005714285714285714,0.06161904761904762
14.526787014007372,0.005714285714285714,0.06152380952380952
14.53178701400737,0.005714285714285714,0.06142857142857143
14.536787014007372,0.005714285714285714,0.06142857142857143
14.541787014007372,0.005714285714285714,0.06133333333333333
14.546787014007371,0.005714285714285714,0.06133333333333333
14.55178701400737,0.005714285714285714,0.06133333333333333
14.556787014007371,0.005714285714285714,0.06123809523809524
14.561787014007372,0.005714285714285714,0.06123809523809524
14.566787014007371,0.005714285714285714,0.061047619047619045
14.57178701400737,0.005714285714285714,0.061047619047619045
14.57678701400737,0.005714285714285714,0.061047619047619045
14.581787014007372,0.005714285714285714,0.06095238095238095
14.58678701400737,0.005714285714285714,0.06085714285714286
14.59178701400737,0.005714285714285714,0.06076190476190476
14.59678701400737,0.005714285714285714,0.06076190476190476
14.601787014007371,0.005714285714285714,0.06076190476190476
14.60678701400737,0.005714285714285714,0.060476190476190475
14.61178701400737,0.005714285714285714,0.06038095238095238
14.61678701400737,0.005714285714285714,0.06028571428571428
14.62178701400737,0.005619047619047619,0.0600952380952381
14.62678701400737,0.005619047619047619,0.0600952380952381
14.631787014007369,0.005619047619047619,0.06
14.63678701400737,0.005619047619047619,0.059904761904761905
14.64178701400737,0.005619047619047619,0.059904761904761905
14.64678701400737,0.005619047619047619,0.059904761904761905
14.651787014007368,0.005619047619047619,0.05971428571428571
14.656787014007369,0.005619047619047619,0.05971428571428571
14.66178701400737,0.005619047619047619,0.05971428571428571
14.666787014007369,0.005619047619047619,0.05961904761904762
14.671787014007368,0.005619047619047619,0.05952380952380952
14.676787014007369,0.005619047619047619,0.05952380952380952
14.68178701400737,0.005619047619047619,0.05942857142857143
14.686787014007368,0.005619047619047619,0.059333333333333335
14.691787014007367,0.005619047619047619,0.059238095238095236
14.696787014007368,0.005619047619047619,0.059238095238095236
14.701787014007369,0.005619047619047619,0.05904761904761905
14.706787014007368,0.005619047619047619,0.05904761904761905
14.711787014007367,0.005619047619047619,0.05885714285714286
14.716787014007368,0.005619047619047619,0.058761904761904765
14.721787014007369,0.005619047619047619,0.058666666666666666
14.726787014007368,0.005619047619047619,0.058666666666666666
14.731787014007367,0.005619047619047619,0.058666666666666666
14.736787014007367,0.005619047619047619,0.058666666666666666
14.741787014007368,0.005619047619047619,0.05857142857142857
14.746787014007367,0.005619047619047619,0.05857142857142857
14.751787014007366,0.005619047619047619,0.05838095238095238
14.756787014007367,0.005619047619047619,0.058095238095238096
14.761787014007368,0.005619047619047619,0.058
14.766787014007367,0.005619047619047619,0.05780952380952381
14.771787014007366,0.005619047619047619,0.05761904761904762
14.776787014007366,0.005523809523809524,0.05761904761904762
14.781787014007367,0.005523809523809524,0.05761904761904762
14.786787014007366,0.005523809523809524,0.05761904761904762
14.791787014007365,0.005523809523809524,0.057523809523809526
14.796787014007366,0.005523809523809524,0.057523809523809526
14.801787014007367,0.005523809523809524,0.057523809523809526
14.806787014007366,0.005523809523809524,0.057428571428571426
14.811787014007365,0.005523809523809524,0.057428571428571426
14.816787014007366,0.005523809523809524,0.05723809523809524
14.821787014007366,0.005523809523809524,0.05714285714285714
14.826787014007365,0.0054285714285714284,0.056952380952380956
14.831787014007364,0.0054285714285714284,0.056952380952380956
14.836787014007365,0.0054285714285714284,0.056952380952380956
14.841787014007366,0.0054285714285714284,0.056857142857142856
14.846787014007365,0.0054285714285714284,0.05676190476190476
14.851787014007364,0.0054285714285714284,0.05676190476190476
14.856787014007365,0.0054285714285714284,0.056666666666666664
14.861787014007366,0.005333333333333333,0.05647619047619048
14.866787014007365,0.005333333333333333,0.05647619047619048
14.871787014007364,0.005333333333333333,0.05647619047619048
14.876787014007364,0.005333333333333333,0.05647619047619048
14.881787014007365,0.005333333333333333,0.05647619047619048
14.886787014007364,0.005333333333333333,0.05647619047619048
14.891787014007363,0.005333333333333333,0.05638095238095238
14.896787014007364,0.005333333333333333,0.056285714285714286
14.901787014007365,0.005333333333333333,0.056285714285714286
14.906787014007364,0.005333333333333333,0.056285714285714286
14.911787014007363,0.005333333333333333,0.056285714285714286
14.916787014007364,0.005333333333333333,0.056285714285714286
14.921787014007364,0.005333333333333333,0.05619047619047619
14.926787014007363,0.005333333333333333,0.056095238095238094
14.931787014007362,0.005333333333333333,0.056
14.936787014007363,0.005333333333333333,0.0559047619047619
14.941787014007364,0.005333333333333333,0.0559047619047619
14.946787014007363,0.005333333333333333,0.05580952380952381
14.951787014007362,0.005333333333333333,0.05580952380952381
14.956787014007363,0.005333333333333333,0.05561904761904762
14.961787014007363,0.005333333333333333,0.05561904761904762
14.966787014007362,0.005333333333333333,0.055523809523809524
14.971787014007361,0.005333333333333333,0.055523809523809524
14.976787014007362,0.005333333333333333,0.055523809523809524
14.981787014007363,0.005333333333333333,0.055523809523809524
14.986787014007362,0.005333333333333333,0.055523809523809524
14.991787014007361,0.005238095238095238,0.055523809523809524
14.996787014007362,0.005238095238095238,0.05542857142857143
15.001787014007363,0.005142857142857143,0.05542857142857143
15.006787014007362,0.005142857142857143,0.05533333333333333
15.01178701400736,0.005142857142857143,0.05533333333333333
15.016787014007361,0.005142857142857143,0.05533333333333333
15.021787014007362,0.005142857142857143,0.055142857142857146
15.026787014007361,0.005142857142857143,0.055142857142857146
15.03178701400736,0.005142857142857143,0.054952380952380954
15.036787014007361,0.005142857142857143,0.054952380952380954
15.041787014007362,0.005142857142857143,0.054952380952380954
15.04678701400736,0.005142857142857143,0.054857142857142854
15.05178701400736,0.005142857142857143,0.054857142857142854
15.05678701400736,0.005142857142857143,0.054857142857142854
15.061787014007361,0.005142857142857143,0.054857142857142854
15.06678701400736,0.005142857142857143,0.054857142857142854
15.07178701400736,0.005142857142857143,0.05476190476190476
15.07678701400736,0.005142857142857143,0.05457142857142857
15.08178701400736,0.005142857142857143,0.054380952380952384
15.08678701400736,0.005142857142857143,0.054380952380952384
15.091787014007359,0.005142857142857143,0.054380952380952384
15.09678701400736,0.005142857142857143,0.054380952380952384
15.10178701400736,0.005142857142857143,0.054380952380952384
15.10678701400736,0.005047619047619047,0.054285714285714284
15.111787014007358,0.005047619047619047,0.054285714285714284
15.11678701400736,0.005047619047619047,0.054285714285714284
15.12178701400736,0.005047619047619047,0.054285714285714284
15.126787014007359,0.005047619047619047,0.05419047619047619
15.131787014007358,0.005047619047619047,0.05409523809523809
15.136787014007359,0.005047619047619047,0.05409523809523809
15.14178701400736,0.005047619047619047,0.05409523809523809
15.146787014007359,0.005047619047619047,0.05409523809523809
15.151787014007358,0.005047619047619047,0.05390476190476191
15.156787014007358,0.005047619047619047,0.05390476190476191
15.16178701400736,0.005047619047619047,0.05390476190476191
15.166787014007358,0.005047619047619047,0.05380952380952381
15.171787014007357,0.005047619047619047,0.05380952380952381
15.176787014007358,0.005047619047619047,0.053714285714285714
15.181787014007359,0.005047619047619047,0.05361904761904762
15.186787014007358,0.005047619047619047,0.05361904761904762
15.191787014007357,0.005047619047619047,0.05361904761904762
15.196787014007358,0.005047619047619047,0.05352380952380952
15.201787014007358,0.005047619047619047,0.05333333333333334
15.206787014007357,0.005047619047619047,0.05323809523809524
15.211787014007356,0.005047619047619047,0.05323809523809524
15.216787014007357,0.005047619047619047,0.05323809523809524
15.221787014007358,0.005047619047619047,0.05323809523809524
15.226787014007357,0.005047619047619047,0.05323809523809524
15.231787014007356,0.005047619047619047,0.053142857142857144
15.236787014007357,0.005047619047619047,0.053142857142857144
15.241787014007357,0.005047619047619047,0.053142857142857144
15.246787014007356,0.005047619047619047,0.05285714285714286
15.251787014007355,0.005047619047619047,0.05266666666666667
15.256787014007356,0.005047619047619047,0.052476190476190475
15.261787014007357,0.005047619047619047,0.05219047619047619
15.266787014007356,0.005047619047619047,0.052
15.271787014007355,0.005047619047619047,0.052
15.276787014007356,0.005047619047619047,0.052
15.281787014007357,0.005047619047619047,0.052
15.286787014007356,0.005047619047619047,0.052
15.291787014007355,0.005047619047619047,0.05171428571428571
15.296787014007355,0.005047619047619047,0.05171428571428571
15.301787014007356,0.005047619047619047,0.05171428571428571
15.306787014007355,0.005047619047619047,0.05171428571428571
15.311787014007354,0.005047619047619047,0.05161904761904762
15.316787014007355,0.005047619047619047,0.05152380952380953
15.321787014007356,0.005047619047619047,0.051333333333333335
15.326787014007355,0.005047619047619047,0.05085714285714286
15.331787014007354,0.004952380952380952,0.05085714285714286
15.336787014007355,0.004952380952380952,0.050666666666666665
15.341787014007355,0.004952380952380952,0.050666666666666665
15.346787014007354,0.004952380952380952,0.05038095238095238
15.351787014007353,0.004952380952380952,0.05038095238095238
15.356787014007354,0.004952380952380952,0.05038095238095238
15.361787014007355,0.004857142857142857,0.05038095238095238
15.366787014007354,0.004857142857142857,0.05028571428571429
15.371787014007353,0.004761904761904762,0.050095238095238095
15.376787014007354,0.004761904761904762,0.050095238095238095
15.381787014007354,0.004761904761904762,0.05
15.386787014007353,0.004761904761904762,0.05
15.391787014007352,0.004761904761904762,0.05
15.396787014007353,0.004761904761904762,0.05
15.401787014007354,0.004571428571428572,0.05
15.406787014007353,0.004571428571428572,0.05
15.411787014007352,0.004571428571428572,0.0499047619047619
15.416787014007353,0.004571428571428572,0.0499047619047619
15.421787014007354,0.004571428571428572,0.0499047619047619
15.426787014007353,0.004571428571428572,0.0499047619047619
15.431787014007352,0.004571428571428572,0.0499047619047619
15.436787014007352,0.004571428571428572,0.04980952380952381
15.441787014007353,0.004571428571428572,0.04980952380952381
15.446787014007352,0.004571428571428572,0.04980952380952381
15.451787014007351,0.004571428571428572,0.04980952380952381
15.456787014007352,0.004571428571428572,0.04980952380952381
15.461787014007353,0.0044761904761904765,0.04971428571428571
15.466787014007352,0.004380952380952381,0.04961904761904762
15.47178701400735,0.004380952380952381,0.04961904761904762
15.476787014007352,0.004380952380952381,0.04961904761904762
15.481787014007352,0.004380952380952381,0.049428571428571426
15.486787014007351,0.004380952380952381,0.049428571428571426
15.49178701400735,0.004380952380952381,0.049428571428571426
15.496787014007351,0.004380952380952381,0.049428571428571426
15.501787014007352,0.004380952380952381,0.049428571428571426
15.506787014007351,0.004380952380952381,0.049428571428571426
15.51178701400735,0.004380952380952381,0.049428571428571426
15.51678701400735,0.004380952380952381,0.049428571428571426
15.521787014007352,0.004285714285714286,0.049428571428571426
15.52678701400735,0.004285714285714286,0.049428571428571426
15.53178701400735,0.004285714285714286,0.04933333333333333
15.53678701400735,0.004285714285714286,0.04923809523809524
15.541787014007351,0.004285714285714286,0.04914285714285714
15.54678701400735,0.004285714285714286,0.048952380952380956
15.551787014007349,0.004285714285714286,0.04876190476190476
15.55678701400735,0.004285714285714286,0.048666666666666664
15.56178701400735,0.004285714285714286,0.04857142857142857
15.56678701400735,0.004285714285714286,0.04838095238095238
15.571787014007349,0.004285714285714286,0.048285714285714286
15.57678701400735,0.004285714285714286,0.048285714285714286
15.58178701400735,0.004285714285714286,0.048285714285714286
15.58678701400735,0.004285714285714286,0.048285714285714286
15.591787014007348,0.004285714285714286,0.048285714285714286
15.596787014007349,0.004285714285714286,0.048285714285714286
15.60178701400735,0.004285714285714286,0.04819047619047619
15.606787014007349,0.004285714285714286,0.04819047619047619
15.611787014007348,0.004285714285714286,0.04819047619047619
15.616787014007349,0.004285714285714286,0.04819047619047619
15.62178701400735,0.004285714285714286,0.048095238095238094
15.626787014007348,0.004285714285714286,0.04780952380952381
15.631787014007347,0.004285714285714286,0.04780952380952381
15.636787014007348,0.004285714285714286,0.04780952380952381
15.641787014007349,0.004285714285714286,0.047619047619047616
15.646787014007348,0.004285714285714286,0.047619047619047616
15.651787014007347,0.004285714285714286,0.047523809523809524
15.656787014007348,0.004285714285714286,0.047523809523809524
15.661787014007349,0.004285714285714286,0.047523809523809524
15.666787014007348,0.004285714285714286,0.04742857142857143
15.671787014007347,0.004285714285714286,0.04733333333333333
15.676787014007347,0.004285714285714286,0.04733333333333333
15.681787014007348,0.004285714285714286,0.04733333333333333
15.686787014007347,0.004285714285714286,0.04733333333333333
15.691787014007346,0.004285714285714286,0.04733333333333333
15.696787014007347,0.004285714285714286,0.04723809523809524
15.701787014007348,0.004285714285714286,0.047142857142857146
15.706787014007347,0.004285714285714286,0.047142857142857146
15.711787014007346,0.004285714285714286,0.047142857142857146
15.716787014007346,0.004285714285714286,0.047142857142857146
15.721787014007347,0.004285714285714286,0.047142857142857146
15.726787014007346,0.004285714285714286,0.047142857142857146
15.731787014007345,0.004285714285714286,0.047142857142857146
15.736787014007346,0.004285714285714286,0.047142857142857146
15.741787014007347,0.004285714285714286,0.047142857142857146
15.746787014007346,0.004285714285714286,0.046952380952380954
15.751787014007345,0.004285714285714286,0.046952380952380954
15.756787014007346,0.004285714285714286,0.046952380952380954
15.761787014007346,0.004190476190476191,0.046857142857142854
15.766787014007345,0.004190476190476191,0.046857142857142854
15.771787014007344,0.004190476190476191,0.046857142857142854
15.776787014007345,0.004190476190476191,0.046857142857142854
15.781787014007346,0.004190476190476191,0.04666666666666667
15.786787014007345,0.004190476190476191,0.04657142857142857
15.791787014007344,0.004190476190476191,0.04657142857142857
15.796787014007345,0.004190476190476191,0.04657142857142857
15.801787014007346,0.004190476190476191,0.046476190476190476
15.806787014007345,0.004190476190476191,0.046380952380952384
15.811787014007344,0.004190476190476191,0.046380952380952384
15.816787014007344,0.004190476190476191,0.046380952380952384
15.821787014007345,0.004190476190476191,0.046285714285714284
15.826787014007344,0.004190476190476191,0.04619047619047619
15.831787014007343,0.004190476190476191,0.04619047619047619
15.836787014007344,0.004190476190476191,0.04619047619047619
15.841787014007345,0.004190476190476191,0.04609523809523809
15.846787014007344,0.004190476190476191,0.046
15.851787014007343,0.004190476190476191,0.04580952380952381
15.856787014007343,0.004190476190476191,0.045714285714285714
15.861787014007344,0.004190476190476191,0.045714285714285714
15.866787014007343,0.004095238095238095,0.045714285714285714
15.871787014007342,0.004095238095238095,0.04552380952380952
15.876787014007343,0.004095238095238095,0.04542857142857143
15.881787014007344,0.004095238095238095,0.04533333333333334
15.886787014007343,0.004095238095238095,0.04533333333333334
15.891787014007342,0.004095238095238095,0.04523809523809524
15.896787014007343,0.004095238095238095,0.045142857142857144
15.901787014007343,0.004095238095238095,0.045142857142857144
15.906787014007342,0.004095238095238095,0.045047619047619045
15.911787014007341,0.004095238095238095,0.045047619047619045
15.916787014007342,0.004095238095238095,0.04495238095238095
15.921787014007343,0.004095238095238095,0.04485714285714286
15.926787014007342,0.004095238095238095,0.04466666666666667
15.931787014007341,0.004095238095238095,0.044476190476190475
15.936787014007342,0.004095238095238095,0.044476190476190475
15.941787014007343,0.004095238095238095,0.04438095238095238
15.946787014007342,0.004095238095238095,0.04438095238095238
15.95178701400734,0.004095238095238095,0.04428571428571428
15.956787014007341,0.004095238095238095,0.04428571428571428
15.961787014007342,0.004095238095238095,0.0440952380952381
15.966787014007341,0.004095238095238095,0.044
15.97178701400734,0.004095238095238095,0.044
15.976787014007341,0.004095238095238095,0.043904761904761905
15.981787014007342,0.004095238095238095,0.043904761904761905
15.98678701400734,0.004095238095238095,0.04380952380952381
15.99178701400734,0.004095238095238095,0.04371428571428571
15.99678701400734,0.004,0.04371428571428571
16.00178701400734,0.004,0.04361904761904762
16.00678701400734,0.004,0.04361904761904762
16.01178701400734,0.004,0.04352380952380953
16.016787014007342,0.004,0.04314285714285714
16.02178701400734,0.004,0.04314285714285714
16.02678701400734,0.004,0.04314285714285714
16.03178701400734,0.004,0.04314285714285714
16.036787014007338,0.004,0.04314285714285714
16.04178701400734,0.003904761904761905,0.04314285714285714
16.04678701400734,0.003904761904761905,0.04314285714285714
16.05178701400734,0.0038095238095238095,0.04304761904761905
16.05678701400734,0.0038095238095238095,0.04295238095238095
16.06178701400734,0.0038095238095238095,0.04295238095238095
16.06678701400734,0.0038095238095238095,0.04295238095238095
16.071787014007338,0.0038095238095238095,0.04285714285714286
16.076787014007337,0.0038095238095238095,0.04285714285714286
16.08178701400734,0.0038095238095238095,0.04285714285714286
16.08678701400734,0.0038095238095238095,0.04285714285714286
16.091787014007338,0.0038095238095238095,0.04285714285714286
16.09678701400734,0.0038095238095238095,0.04285714285714286
16.10178701400734,0.0038095238095238095,0.042666666666666665
16.106787014007338,0.0038095238095238095,0.042666666666666665
16.111787014007337,0.0038095238095238095,0.042666666666666665
16.116787014007336,0.0038095238095238095,0.04247619047619047
16.12178701400734,0.0038095238095238095,0.04247619047619047
16.126787014007338,0.0038095238095238095,0.04238095238095238
16.131787014007337,0.0038095238095238095,0.04228571428571429
16.13678701400734,0.0038095238095238095,0.04228571428571429
16.14178701400734,0.0038095238095238095,0.04228571428571429
16.146787014007337,0.0038095238095238095,0.04219047619047619
16.151787014007336,0.0038095238095238095,0.042
16.156787014007335,0.0038095238095238095,0.0419047619047619
16.161787014007338,0.0038095238095238095,0.0419047619047619
16.166787014007337,0.0038095238095238095,0.0419047619047619
16.171787014007336,0.0038095238095238095,0.0419047619047619
16.17678701400734,0.0038095238095238095,0.0419047619047619
16.181787014007337,0.0038095238095238095,0.0419047619047619
16.186787014007336,0.0038095238095238095,0.0419047619047619
16.191787014007335,0.0038095238095238095,0.0419047619047619
16.196787014007334,0.0038095238095238095,0.0419047619047619
16.201787014007337,0.0038095238095238095,0.04171428571428572
16.206787014007336,0.0038095238095238095,0.04171428571428572
16.211787014007335,0.0038095238095238095,0.04171428571428572
16.216787014007338,0.0038095238095238095,0.04161904761904762
16.221787014007337,0.0038095238095238095,0.04161904761904762
16.226787014007336,0.0038095238095238095,0.04161904761904762
16.231787014007335,0.0038095238095238095,0.04161904761904762
16.236787014007334,0.0038095238095238095,0.041523809523809525
16.241787014007336,0.0038095238095238095,0.041523809523809525
16.246787014007335,0.0038095238095238095,0.041523809523809525
16.251787014007334,0.0038095238095238095,0.041523809523809525
16.256787014007337,0.0037142857142857142,0.04133333333333333
16.261787014007336,0.0037142857142857142,0.04133333333333333
16.266787014007335,0.0037142857142857142,0.04133333333333333
16.271787014007334,0.0037142857142857142,0.04123809523809524
16.276787014007333,0.0037142857142857142,0.04123809523809524
16.281787014007335,0.0037142857142857142,0.04123809523809524
16.286787014007334,0.0037142857142857142,0.04123809523809524
16.291787014007333,0.0037142857142857142,0.04123809523809524
16.296787014007336,0.0037142857142857142,0.04123809523809524
16.301787014007335,0.0037142857142857142,0.04123809523809524
16.306787014007334,0.0037142857142857142,0.04114285714285714
16.311787014007333,0.0037142857142857142,0.04104761904761905
16.316787014007332,0.0037142857142857142,0.04104761904761905
16.321787014007334,0.0037142857142857142,0.040952380952380955
16.326787014007333,0.0037142857142857142,0.040857142857142856
16.331787014007332,0.0037142857142857142,0.040857142857142856
16.336787014007335,0.0037142857142857142,0.04076190476190476
16.341787014007334,0.0037142857142857142,0.04076190476190476
16.346787014007333,0.0037142857142857142,0.04076190476190476
16.351787014007332,0.0037142857142857142,0.04066666666666666
16.35678701400733,0.003619047619047619,0.04066666666666666
16.361787014007334,0.003619047619047619,0.04066666666666666
16.366787014007333,0.0035238095238095237,0.04047619047619048
16.37178701400733,0.0035238095238095237,0.04038095238095238
16.376787014007334,0.0035238095238095237,0.04038095238095238
16.381787014007333,0.0035238095238095237,0.04038095238095238
16.386787014007332,0.0035238095238095237,0.040285714285714286
16.39178701400733,0.0035238095238095237,0.040285714285714286
16.39678701400733,0.0035238095238095237,0.040285714285714286
16.401787014007333,0.0035238095238095237,0.040285714285714286
16.40678701400733,0.0035238095238095237,0.040095238095238094
16.41178701400733,0.0035238095238095237,0.040095238095238094
16.416787014007333,0.0035238095238095237,0.040095238095238094
16.421787014007332,0.0035238095238095237,0.04
16.42678701400733,0.0035238095238095237,0.04
16.43178701400733,0.0035238095238095237,0.03990476190476191
16.43678701400733,0.0035238095238095237,0.03990476190476191
16.441787014007332,0.0035238095238095237,0.03980952380952381
16.44678701400733,0.0035238095238095237,0.039619047619047616
16.45178701400733,0.0035238095238095237,0.039619047619047616
16.456787014007332,0.0035238095238095237,0.039619047619047616
16.46178701400733,0.0035238095238095237,0.039619047619047616
16.46678701400733,0.0035238095238095237,0.039523809523809524
16.47178701400733,0.0035238095238095237,0.03942857142857143
16.47678701400733,0.0035238095238095237,0.03942857142857143
16.48178701400733,0.0035238095238095237,0.03942857142857143
16.48678701400733,0.0035238095238095237,0.03942857142857143
16.49178701400733,0.0035238095238095237,0.03942857142857143
16.49678701400733,0.0035238095238095237,0.03933333333333333
16.50178701400733,0.0035238095238095237,0.03933333333333333
16.50678701400733,0.0035238095238095237,0.03933333333333333
16.51178701400733,0.0035238095238095237,0.03933333333333333
16.516787014007328,0.0035238095238095237,0.03933333333333333
16.52178701400733,0.0035238095238095237,0.03923809523809524
16.52678701400733,0.0035238095238095237,0.03923809523809524
16.531787014007328,0.0035238095238095237,0.03923809523809524
16.53678701400733,0.0035238095238095237,0.039047619047619046
16.54178701400733,0.0035238095238095237,0.039047619047619046
16.54678701400733,0.0035238095238095237,0.038952380952380954
16.551787014007328,0.0035238095238095237,0.038952380952380954
16.556787014007327,0.0035238095238095237,0.038952380952380954
16.56178701400733,0.0035238095238095237,0.038952380952380954
16.56678701400733,0.0035238095238095237,0.038857142857142854
16.571787014007327,0.0035238095238095237,0.038857142857142854
16.57678701400733,0.0035238095238095237,0.03876190476190476
16.58178701400733,0.0035238095238095237,0.03876190476190476
16.586787014007328,0.0035238095238095237,0.03876190476190476
16.591787014007327,0.0035238095238095237,0.03876190476190476
16.596787014007326,0.0035238095238095237,0.03866666666666667
16.60178701400733,0.0035238095238095237,0.03866666666666667
16.606787014007327,0.0035238095238095237,0.03866666666666667
16.611787014007326,0.0035238095238095237,0.03857142857142857
16.61678701400733,0.0035238095238095237,0.038380952380952384
16.621787014007328,0.0035238095238095237,0.038380952380952384
16.626787014007327,0.0035238095238095237,0.0380952380952381
16.631787014007326,0.0035238095238095237,0.037904761904761906
16.636787014007325,0.0035238095238095237,0.03780952380952381
16.641787014007328,0.0035238095238095237,0.03752380952380952
16.646787014007327,0.0035238095238095237,0.03752380952380952
16.651787014007326,0.0035238095238095237,0.03752380952380952
16.656787014007328,0.0035238095238095237,0.03742857142857143
16.661787014007327,0.0035238095238095237,0.03742857142857143
16.666787014007326,0.0035238095238095237,0.03742857142857143
16.671787014007325,0.0035238095238095237,0.037333333333333336
16.676787014007324,0.0035238095238095237,0.03723809523809524
16.681787014007327,0.0035238095238095237,0.037142857142857144
16.686787014007326,0.0035238095238095237,0.03695238095238095
16.691787014007325,0.0034285714285714284,0.03695238095238095
16.696787014007327,0.0034285714285714284,0.03695238095238095
16.701787014007326,0.0034285714285714284,0.03695238095238095
16.706787014007325,0.0034285714285714284,0.03695238095238095
16.711787014007324,0.0034285714285714284,0.03685714285714286
16.716787014007323,0.0034285714285714284,0.03685714285714286
16.721787014007326,0.0034285714285714284,0.03676190476190476
16.726787014007325,0.0034285714285714284,0.03676190476190476
16.731787014007324,0.0034285714285714284,0.03666666666666667
16.736787014007326,0.0034285714285714284,0.03666666666666667
16.741787014007325,0.0034285714285714284,0.03666666666666667
16.746787014007325,0.0034285714285714284,0.03666666666666667
16.751787014007324,0.0034285714285714284,0.036571428571428574
16.756787014007323,0.0034285714285714284,0.036571428571428574
16.761787014007325,0.0034285714285714284,0.036476190476190475
16.766787014007324,0.0034285714285714284,0.036476190476190475
16.771787014007323,0.0034285714285714284,0.03628571428571428
16.776787014007326,0.0034285714285714284,0.03619047619047619
16.781787014007325,0.0034285714285714284,0.03619047619047619
16.786787014007324,0.0034285714285714284,0.03619047619047619
16.791787014007323,0.0034285714285714284,0.0360952380952381
16.79678701400732,0.0034285714285714284,0.036
16.801787014007324,0.0034285714285714284,0.036
16.806787014007323,0.0034285714285714284,0.035904761904761905
16.811787014007322,0.0034285714285714284,0.035904761904761905
16.816787014007325,0.0034285714285714284,0.035904761904761905
16.821787014007324,0.0034285714285714284,0.035904761904761905
16.826787014007323,0.0034285714285714284,0.035904761904761905
16.831787014007322,0.0034285714285714284,0.035904761904761905
16.83678701400732,0.0034285714285714284,0.035904761904761905
16.841787014007323,0.0034285714285714284,0.035904761904761905
16.846787014007322,0.0034285714285714284,0.03580952380952381
16.85178701400732,0.0034285714285714284,0.03571428571428571
16.856787014007324,0.0034285714285714284,0.03571428571428571
16.861787014007323,0.0034285714285714284,0.03571428571428571
16.866787014007322,0.0034285714285714284,0.03571428571428571
16.87178701400732,0.0034285714285714284,0.03571428571428571
16.87678701400732,0.0034285714285714284,0.03571428571428571
16.881787014007323,0.0034285714285714284,0.03571428571428571
16.88678701400732,0.0034285714285714284,0.03561904761904762
16.89178701400732,0.0034285714285714284,0.03561904761904762
16.896787014007323,0.0034285714285714284,0.03561904761904762
16.901787014007322,0.0034285714285714284,0.03561904761904762
16.90678701400732,0.0034285714285714284,0.03542857142857143
16.91178701400732,0.0034285714285714284,0.03542857142857143
16.91678701400732,0.0034285714285714284,0.03542857142857143
16.92178701400732,0.0034285714285714284,0.035333333333333335
16.92678701400732,0.0034285714285714284,0.035333333333333335
16.93178701400732,0.0034285714285714284,0.03514285714285714
16.936787014007322,0.0034285714285714284,0.03514285714285714
16.94178701400732,0.0034285714285714284,0.03504761904761905
16.94678701400732,0.0034285714285714284,0.03504761904761905
16.95178701400732,0.0034285714285714284,0.03495238095238095
16.95678701400732,0.0034285714285714284,0.03485714285714286
16.96178701400732,0.0034285714285714284,0.03485714285714286
16.96678701400732,0.0034285714285714284,0.03485714285714286
16.97178701400732,0.0034285714285714284,0.03485714285714286
16.97678701400732,0.0034285714285714284,0.03485714285714286
16.98178701400732,0.0034285714285714284,0.034761904761904765
16.98678701400732,0.0034285714285714284,0.034666666666666665
16.99178701400732,0.0034285714285714284,0.03457142857142857
16.996787014007317,0.0034285714285714284,0.03457142857142857
17.00178701400732,0.0034285714285714284,0.03457142857142857
17.00678701400732,0.0034285714285714284,0.03457142857142857
17.011787014007318,0.0034285714285714284,0.03457142857142857
17.01678701400732,0.0034285714285714284,0.03447619047619047
17.02178701400732,0.0034285714285714284,0.03447619047619047
17.02678701400732,0.0034285714285714284,0.03447619047619047
17.031787014007318,0.0034285714285714284,0.03438095238095238
17.036787014007317,0.0034285714285714284,0.03438095238095238
17.04178701400732,0.0034285714285714284,0.03438095238095238
17.046787014007318,0.0034285714285714284,0.03428571428571429
17.051787014007317,0.0034285714285714284,0.03428571428571429
17.05678701400732,0.0034285714285714284,0.03428571428571429
17.06178701400732,0.0034285714285714284,0.03428571428571429
17.066787014007318,0.0034285714285714284,0.03428571428571429
17.071787014007317,0.0034285714285714284,0.03428571428571429
17.076787014007316,0.0033333333333333335,0.03428571428571429
17.08178701400732,0.0033333333333333335,0.03428571428571429
17.086787014007317,0.0033333333333333335,0.03419047619047619
17.091787014007316,0.0033333333333333335,0.03419047619047619
17.09678701400732,0.0033333333333333335,0.03419047619047619
17.101787014007318,0.0033333333333333335,0.034095238095238095
17.106787014007317,0.0033333333333333335,0.034
17.111787014007316,0.0033333333333333335,0.034
17.116787014007315,0.0033333333333333335,0.034
17.121787014007317,0.0033333333333333335,0.0339047619047619
17.126787014007316,0.0033333333333333335,0.0339047619047619
17.131787014007315,0.0033333333333333335,0.03380952380952381
17.136787014007318,0.0033333333333333335,0.03380952380952381
17.141787014007317,0.0033333333333333335,0.03371428571428572
17.146787014007316,0.0033333333333333335,0.03371428571428572
17.151787014007315,0.0032380952380952383,0.03371428571428572
17.156787014007314,0.0032380952380952383,0.03371428571428572
17.161787014007317,0.0032380952380952383,0.03333333333333333
17.166787014007316,0.0032380952380952383,0.03333333333333333
17.171787014007315,0.0032380952380952383,0.03333333333333333
17.176787014007317,0.0032380952380952383,0.03333333333333333
17.181787014007316,0.0032380952380952383,0.03333333333333333
17.186787014007315,0.0032380952380952383,0.03323809523809524
17.191787014007314,0.003142857142857143,0.03323809523809524
17.196787014007313,0.003142857142857143,0.03323809523809524
17.201787014007316,0.003142857142857143,0.03314285714285714
17.206787014007315,0.003142857142857143,0.03314285714285714
17.211787014007314,0.003142857142857143,0.03314285714285714
17.216787014007316,0.003142857142857143,0.03314285714285714
17.221787014007315,0.003142857142857143,0.032952380952380955
17.226787014007314,0.003142857142857143,0.032952380952380955
17.231787014007313,0.003142857142857143,0.032952380952380955
17.236787014007312,0.003142857142857143,0.032952380952380955
17.241787014007315,0.003142857142857143,0.032857142857142856
17.246787014007314,0.003142857142857143,0.032857142857142856
17.251787014007313,0.003142857142857143,0.03266666666666666
17.256787014007315,0.003142857142857143,0.03266666666666666
17.261787014007314,0.003142857142857143,0.03257142857142857
17.266787014007313,0.003142857142857143,0.03257142857142857
17.271787014007312,0.003142857142857143,0.03257142857142857
17.27678701400731,0.003142857142857143,0.03257142857142857
17.281787014007314,0.003142857142857143,0.03257142857142857
17.286787014007313,0.003142857142857143,0.03257142857142857
17.291787014007312,0.003142857142857143,0.03257142857142857
17.296787014007315,0.003142857142857143,0.03257142857142857
17.301787014007314,0.003142857142857143,0.03247619047619048
17.306787014007313,0.003142857142857143,0.03247619047619048
17.31178701400731,0.003142857142857143,0.03247619047619048
17.31678701400731,0.003142857142857143,0.03238095238095238
17.321787014007313,0.003142857142857143,0.032285714285714286
17.326787014007312,0.003142857142857143,0.032285714285714286
17.33178701400731,0.003142857142857143,0.032285714285714286
17.336787014007314,0.003142857142857143,0.032285714285714286
17.341787014007313,0.003142857142857143,0.032285714285714286
17.34678701400731,0.003142857142857143,0.032285714285714286
17.35178701400731,0.003142857142857143,0.032285714285714286
17.35678701400731,0.003142857142857143,0.03219047619047619
17.361787014007312,0.003142857142857143,0.03209523809523809
17.36678701400731,0.003142857142857143,0.032
17.37178701400731,0.003142857142857143,0.032
17.376787014007313,0.003142857142857143,0.032
17.381787014007312,0.003142857142857143,0.032
17.38678701400731,0.003142857142857143,0.032
17.39178701400731,0.003142857142857143,0.032
17.39678701400731,0.003142857142857143,0.032
17.40178701400731,0.003142857142857143,0.03190476190476191
17.40678701400731,0.003142857142857143,0.03190476190476191
17.41178701400731,0.003142857142857143,0.03190476190476191
17.416787014007312,0.003142857142857143,0.031714285714285716
17.42178701400731,0.003142857142857143,0.031714285714285716
17.42678701400731,0.003142857142857143,0.031714285714285716
17.43178701400731,0.003142857142857143,0.031714285714285716
17.436787014007308,0.003142857142857143,0.031714285714285716
17.44178701400731,0.003142857142857143,0.031619047619047616
17.44678701400731,0.003142857142857143,0.03152380952380952
17.45178701400731,0.003142857142857143,0.03152380952380952
17.45678701400731,0.003142857142857143,0.03152380952380952
17.46178701400731,0.003142857142857143,0.03152380952380952
17.46678701400731,0.003142857142857143,0.03152380952380952
17.471787014007308,0.003142857142857143,0.03142857142857143
17.476787014007307,0.003142857142857143,0.03142857142857143
17.48178701400731,0.003142857142857143,0.03142857142857143
17.48678701400731,0.003142857142857143,0.03142857142857143
17.491787014007308,0.003142857142857143,0.03142857142857143
17.49678701400731,0.003142857142857143,0.03142857142857143
17.50178701400731,0.003142857142857143,0.03142857142857143
17.50678701400731,0.003142857142857143,0.03142857142857143
17.511787014007307,0.003142857142857143,0.03142857142857143
17.516787014007306,0.003142857142857143,0.03133333333333333
17.52178701400731,0.003142857142857143,0.03133333333333333
17.526787014007308,0.003142857142857143,0.03133333333333333
17.531787014007307,0.003142857142857143,0.03133333333333333
17.53678701400731,0.003142857142857143,0.03133333333333333
17.54178701400731,0.003142857142857143,0.03123809523809524
17.546787014007307,0.003142857142857143,0.031142857142857142
17.551787014007306,0.003142857142857143,0.031047619047619046
17.556787014007305,0.003142857142857143,0.031047619047619046
17.561787014007308,0.003142857142857143,0.031047619047619046
17.566787014007307,0.003142857142857143,0.031047619047619046
17.571787014007306,0.003142857142857143,0.031047619047619046
17.57678701400731,0.0030476190476190477,0.031047619047619046
17.581787014007308,0.0030476190476190477,0.031047619047619046
17.586787014007307,0.0030476190476190477,0.031047619047619046
17.591787014007306,0.0030476190476190477,0.030952380952380953
17.596787014007305,0.0030476190476190477,0.030952380952380953
17.601787014007307,0.0030476190476190477,0.030952380952380953
17.606787014007306,0.0030476190476190477,0.030952380952380953
17.611787014007305,0.0030476190476190477,0.030952380952380953
17.616787014007308,0.0030476190476190477,0.030952380952380953
17.621787014007307,0.0030476190476190477,0.030952380952380953
17.626787014007306,0.0030476190476190477,0.030952380952380953
17.631787014007305,0.0030476190476190477,0.030952380952380953
17.636787014007304,0.0030476190476190477,0.030952380952380953
17.641787014007306,0.0030476190476190477,0.030952380952380953
17.646787014007305,0.0030476190476190477,0.03076190476190476
17.651787014007304,0.0030476190476190477,0.03076190476190476
17.656787014007307,0.0030476190476190477,0.03076190476190476
17.661787014007306,0.0030476190476190477,0.03076190476190476
17.666787014007305,0.0030476190476190477,0.030666666666666665
17.671787014007304,0.0030476190476190477,0.030666666666666665
17.676787014007303,0.0030476190476190477,0.030666666666666665
17.681787014007305,0.0030476190476190477,0.030666666666666665
17.686787014007304,0.0030476190476190477,0.030476190476190476
17.691787014007303,0.0030476190476190477,0.030476190476190476
17.696787014007306,0.0030476190476190477,0.030285714285714287
17.701787014007305,0.0030476190476190477,0.030285714285714287
17.706787014007304,0.0030476190476190477,0.030285714285714287
17.711787014007303,0.0030476190476190477,0.030285714285714287
17.716787014007302,0.0030476190476190477,0.030285714285714287
17.721787014007305,0.0030476190476190477,0.030285714285714287
17.726787014007304,0.0030476190476190477,0.030285714285714287
17.731787014007303,0.0030476190476190477,0.030285714285714287
17.736787014007305,0.0030476190476190477,0.030285714285714287
17.741787014007304,0.0030476190476190477,0.030285714285714287
17.746787014007303,0.0030476190476190477,0.030285714285714287
17.751787014007302,0.0030476190476190477,0.030285714285714287
17.7567870140073,0.0030476190476190477,0.030285714285714287
17.761787014007304,0.0030476190476190477,0.030285714285714287
17.766787014007303,0.0030476190476190477,0.030285714285714287
17.7717870140073,0.0030476190476190477,0.030285714285714287
17.776787014007304,0.0030476190476190477,0.030285714285714287
17.781787014007303,0.0030476190476190477,0.030285714285714287
17.786787014007302,0.0030476190476190477,0.030285714285714287
17.7917870140073,0.0030476190476190477,0.030285714285714287
17.7967870140073,0.0030476190476190477,0.030285714285714287
17.801787014007303,0.0030476190476190477,0.030095238095238095
17.806787014007302,0.0030476190476190477,0.030095238095238095
17.8117870140073,0.0030476190476190477,0.03
17.816787014007303,0.0030476190476190477,0.03
17.821787014007302,0.0030476190476190477,0.03
17.8267870140073,0.0030476190476190477,0.03
17.8317870140073,0.0030476190476190477,0.03
17.8367870140073,0.0030476190476190477,0.03
17.841787014007302,0.0030476190476190477,0.03
17.8467870140073,0.0030476190476190477,0.03
17.8517870140073,0.0030476190476190477,0.029904761904761906
17.856787014007303,0.0030476190476190477,0.029904761904761906
17.8617870140073,0.0030476190476190477,0.029904761904761906
17.8667870140073,0.0030476190476190477,0.029904761904761906
17.8717870140073,0.0030476190476190477,0.029904761904761906
17.8767870140073,0.0030476190476190477,0.029904761904761906
17.8817870140073,0.0030476190476190477,0.029904761904761906
17.8867870140073,0.0030476190476190477,0.029904761904761906
17.8917870140073,0.0030476190476190477,0.02980952380952381
17.8967870140073,0.0030476190476190477,0.02980952380952381
17.9017870140073,0.0030476190476190477,0.02980952380952381
17.9067870140073,0.0030476190476190477,0.02980952380952381
17.9117870140073,0.0030476190476190477,0.02980952380952381
17.916787014007298,0.0030476190476190477,0.02980952380952381
17.9217870140073,0.0029523809523809524,0.02980952380952381
17.9267870140073,0.0029523809523809524,0.02980952380952381
17.9317870140073,0.0029523809523809524,0.02980952380952381
17.9367870140073,0.0029523809523809524,0.02980952380952381
17.9417870140073,0.0029523809523809524,0.02980952380952381
17.9467870140073,0.0029523809523809524,0.02980952380952381
17.951787014007298,0.0029523809523809524,0.02980952380952381
17.956787014007297,0.0029523809523809524,0.02980952380952381
17.9617870140073,0.0029523809523809524,0.02980952380952381
17.9667870140073,0.0029523809523809524,0.029714285714285714
17.971787014007298,0.0029523809523809524,0.029714285714285714
17.9767870140073,0.0029523809523809524,0.029714285714285714
17.9817870140073,0.0029523809523809524,0.029714285714285714
17.986787014007298,0.0029523809523809524,0.029714285714285714
17.991787014007297,0.0029523809523809524,0.029619047619047618
17.996787014007296,0.0029523809523809524,0.029619047619047618
18.0017870140073,0.0029523809523809524,0.029619047619047618
18.006787014007298,0.0029523809523809524,0.029619047619047618
18.011787014007297,0.0029523809523809524,0.029619047619047618
18.0167870140073,0.0029523809523809524,0.029619047619047618
18.021787014007298,0.0029523809523809524,0.029619047619047618
18.026787014007297,0.0029523809523809524,0.029523809523809525
18.031787014007296,0.0029523809523809524,0.02942857142857143
18.036787014007295,0.0029523809523809524,0.02942857142857143
18.041787014007298,0.0029523809523809524,0.02942857142857143
18.046787014007297,0.0029523809523809524,0.02942857142857143
18.051787014007296,0.0029523809523809524,0.02942857142857143
18.0567870140073,0.0029523809523809524,0.02942857142857143
18.061787014007297,0.0029523809523809524,0.02942857142857143
18.066787014007296,0.0029523809523809524,0.02942857142857143
18.071787014007295,0.0029523809523809524,0.02942857142857143
18.076787014007294,0.0029523809523809524,0.02942857142857143
18.081787014007297,0.0029523809523809524,0.029333333333333333
18.086787014007296,0.0029523809523809524,0.029238095238095237
18.091787014007295,0.0029523809523809524,0.029238095238095237
18.096787014007298,0.0029523809523809524,0.029238095238095237
18.101787014007297,0.0029523809523809524,0.029238095238095237
18.106787014007296,0.0029523809523809524,0.029142857142857144
18.111787014007295,0.0029523809523809524,0.029142857142857144
18.116787014007294,0.0029523809523809524,0.029142857142857144
18.121787014007296,0.0029523809523809524,0.029142857142857144
18.126787014007295,0.0029523809523809524,0.029142857142857144
18.131787014007294,0.0029523809523809524,0.029142857142857144
18.136787014007297,0.0029523809523809524,0.029047619047619048
18.141787014007296,0.0029523809523809524,0.029047619047619048
18.146787014007295,0.0029523809523809524,0.029047619047619048
18.151787014007294,0.0029523809523809524,0.029047619047619048
18.156787014007293,0.0029523809523809524,0.028857142857142856
18.161787014007295,0.0029523809523809524,0.028857142857142856
18.166787014007294,0.0029523809523809524,0.028761904761904763
18.171787014007293,0.0029523809523809524,0.028666666666666667
18.176787014007296,0.0029523809523809524,0.028666666666666667
18.181787014007295,0.0029523809523809524,0.02857142857142857
18.186787014007294,0.0029523809523809524,0.02857142857142857
18.191787014007293,0.0029523809523809524,0.02857142857142857
18.196787014007292,0.0029523809523809524,0.02857142857142857
18.201787014007294,0.0029523809523809524,0.02857142857142857
18.206787014007293,0.0029523809523809524,0.028476190476190478
18.211787014007292,0.0029523809523809524,0.028476190476190478
18.216787014007295,0.0029523809523809524,0.028476190476190478
18.221787014007294,0.0029523809523809524,0.028285714285714286
18.226787014007293,0.0029523809523809524,0.028095238095238097
18.231787014007292,0.0029523809523809524,0.028095238095238097
18.23678701400729,0.0029523809523809524,0.028095238095238097
18.241787014007294,0.0029523809523809524,0.028095238095238097
18.246787014007293,0.0029523809523809524,0.027904761904761904
18.25178701400729,0.0029523809523809524,0.027904761904761904
18.256787014007294,0.0029523809523809524,0.02780952380952381
18.261787014007293,0.0029523809523809524,0.027714285714285716
18.266787014007292,0.0029523809523809524,0.027714285714285716
18.27178701400729,0.0029523809523809524,0.027714285714285716
18.27678701400729,0.0029523809523809524,0.027714285714285716
18.281787014007293,0.0029523809523809524,0.027714285714285716
18.28678701400729,0.0029523809523809524,0.027714285714285716
18.29178701400729,0.002857142857142857,0.027714285714285716
18.296787014007293,0.002857142857142857,0.02761904761904762
18.301787014007292,0.002761904761904762,0.027428571428571427
18.30678701400729,0.002761904761904762,0.027428571428571427
18.31178701400729,0.002761904761904762,0.027428571428571427
18.31678701400729,0.002761904761904762,0.027428571428571427
18.321787014007292,0.002761904761904762,0.027333333333333334
18.32678701400729,0.002761904761904762,0.027333333333333334
18.33178701400729,0.002761904761904762,0.02723809523809524
18.336787014007292,0.002761904761904762,0.027142857142857142
18.34178701400729,0.002761904761904762,0.027142857142857142
18.34678701400729,0.002761904761904762,0.027142857142857142
18.35178701400729,0.002761904761904762,0.027142857142857142
18.35678701400729,0.002761904761904762,0.027142857142857142
18.36178701400729,0.002761904761904762,0.027047619047619046
18.36678701400729,0.002761904761904762,0.027047619047619046
18.37178701400729,0.002761904761904762,0.027047619047619046
18.37678701400729,0.002761904761904762,0.027047619047619046
18.38178701400729,0.0026666666666666666,0.027047619047619046
18.38678701400729,0.0026666666666666666,0.027047619047619046
18.39178701400729,0.0026666666666666666,0.027047619047619046
18.396787014007288,0.0026666666666666666,0.026857142857142857
18.40178701400729,0.0026666666666666666,0.02676190476190476
18.40678701400729,0.0026666666666666666,0.02676190476190476
18.411787014007288,0.0026666666666666666,0.02676190476190476
18.41678701400729,0.0026666666666666666,0.02676190476190476
18.42178701400729,0.0026666666666666666,0.02676190476190476
18.42678701400729,0.0025714285714285713,0.02666666666666667
18.431787014007288,0.0025714285714285713,0.02666666666666667
18.436787014007287,0.0025714285714285713,0.02666666666666667
18.44178701400729,0.0025714285714285713,0.02666666666666667
18.44678701400729,0.0025714285714285713,0.026571428571428572
18.451787014007287,0.0025714285714285713,0.026571428571428572
18.45678701400729,0.0025714285714285713,0.026476190476190476
18.46178701400729,0.0025714285714285713,0.026476190476190476
18.466787014007288,0.0025714285714285713,0.026476190476190476
18.471787014007287,0.0025714285714285713,0.026476190476190476
18.476787014007286,0.0025714285714285713,0.02638095238095238
18.48178701400729,0.0025714285714285713,0.02638095238095238
18.486787014007287,0.0025714285714285713,0.02638095238095238
18.491787014007286,0.0025714285714285713,0.02638095238095238
18.49678701400729,0.0025714285714285713,0.02638095238095238
18.501787014007288,0.0025714285714285713,0.02638095238095238
18.506787014007287,0.0025714285714285713,0.02638095238095238
18.511787014007286,0.0025714285714285713,0.02638095238095238
18.516787014007285,0.002476190476190476,0.02638095238095238
18.521787014007288,0.002476190476190476,0.02638095238095238
18.526787014007287,0.002476190476190476,0.02638095238095238
18.531787014007286,0.002476190476190476,0.02638095238095238
18.536787014007288,0.002476190476190476,0.026285714285714287
18.541787014007287,0.002476190476190476,0.026285714285714287
18.546787014007286,0.002476190476190476,0.026285714285714287
18.551787014007285,0.002380952380952381,0.026285714285714287
18.556787014007284,0.002380952380952381,0.026285714285714287
18.561787014007287,0.002380952380952381,0.026285714285714287
18.566787014007286,0.002380952380952381,0.026285714285714287
18.571787014007285,0.002380952380952381,0.02619047619047619
18.576787014007287,0.002380952380952381,0.02619047619047619
18.581787014007286,0.002380952380952381,0.026
18.586787014007285,0.002380952380952381,0.026
18.591787014007284,0.002380952380952381,0.026
18.596787014007283,0.002380952380952381,0.026
18.601787014007286,0.002380952380952381,0.026
18.606787014007285,0.002380952380952381,0.026
18.611787014007284,0.002380952380952381,0.026
18.616787014007286,0.002380952380952381,0.026
18.621787014007285,0.002380952380952381,0.026
18.626787014007284,0.002380952380952381,0.026
18.631787014007283,0.002380952380952381,0.025904761904761906
18.636787014007282,0.002380952380952381,0.025904761904761906
18.641787014007285,0.002380952380952381,0.025904761904761906
18.646787014007284,0.002380952380952381,0.025904761904761906
18.651787014007283,0.002380952380952381,0.025904761904761906
18.656787014007286,0.002380952380952381,0.025904761904761906
18.661787014007285,0.002380952380952381,0.025904761904761906
18.666787014007284,0.002380952380952381,0.025904761904761906
18.671787014007283,0.002380952380952381,0.025904761904761906
18.67678701400728,0.002380952380952381,0.025904761904761906
18.681787014007284,0.002285714285714286,0.025904761904761906
18.686787014007283,0.002285714285714286,0.025904761904761906
18.691787014007282,0.002285714285714286,0.02580952380952381
18.696787014007285,0.002285714285714286,0.02580952380952381
18.701787014007284,0.002285714285714286,0.02580952380952381
18.706787014007283,0.002285714285714286,0.02580952380952381
18.71178701400728,0.002285714285714286,0.02580952380952381
18.71678701400728,0.002285714285714286,0.02580952380952381
18.721787014007283,0.002285714285714286,0.02580952380952381
18.726787014007282,0.002285714285714286,0.02580952380952381
18.73178701400728,0.002285714285714286,0.025714285714285714
18.736787014007284,0.002285714285714286,0.025714285714285714
18.741787014007283,0.002285714285714286,0.025714285714285714
18.746787014007282,0.002285714285714286,0.025714285714285714
18.75178701400728,0.002285714285714286,0.025714285714285714
18.75678701400728,0.002285714285714286,0.025714285714285714
18.761787014007282,0.002285714285714286,0.025714285714285714
18.76678701400728,0.002285714285714286,0.025714285714285714
18.77178701400728,0.002285714285714286,0.025714285714285714
18.776787014007283,0.002285714285714286,0.025714285714285714
18.781787014007282,0.002285714285714286,0.025714285714285714
18.78678701400728,0.002285714285714286,0.025714285714285714
18.79178701400728,0.002285714285714286,0.025619047619047618
18.79678701400728,0.002285714285714286,0.025619047619047618
18.80178701400728,0.002285714285714286,0.025523809523809525
18.80678701400728,0.0021904761904761906,0.02542857142857143
18.81178701400728,0.0021904761904761906,0.02542857142857143
18.816787014007282,0.0021904761904761906,0.02542857142857143
18.82178701400728,0.0021904761904761906,0.02542857142857143
18.82678701400728,0.0021904761904761906,0.02542857142857143
18.83178701400728,0.0021904761904761906,0.02542857142857143
18.836787014007278,0.0021904761904761906,0.02542857142857143
18.84178701400728,0.0021904761904761906,0.025333333333333333
18.84678701400728,0.0021904761904761906,0.025238095238095237
18.85178701400728,0.0021904761904761906,0.025238095238095237
18.85678701400728,0.0021904761904761906,0.025238095238095237
18.86178701400728,0.0021904761904761906,0.025142857142857144
18.86678701400728,0.0021904761904761906,0.025142857142857144
18.87178701400728,0.0021904761904761906,0.025142857142857144
18.876787014007277,0.0021904761904761906,0.025047619047619048
18.88178701400728,0.0021904761904761906,0.025047619047619048
18.88678701400728,0.0021904761904761906,0.025047619047619048
18.891787014007278,0.0021904761904761906,0.025047619047619048
18.89678701400728,0.0021904761904761906,0.025047619047619048
18.90178701400728,0.0021904761904761906,0.025047619047619048
18.90678701400728,0.0021904761904761906,0.025047619047619048
18.911787014007277,0.0021904761904761906,0.025047619047619048
18.916787014007276,0.0021904761904761906,0.02495238095238095
18.92178701400728,0.0021904761904761906,0.02495238095238095
18.926787014007278,0.0021904761904761906,0.02495238095238095
18.931787014007277,0.0021904761904761906,0.02495238095238095
18.93678701400728,0.0021904761904761906,0.02495238095238095
18.94178701400728,0.0020952380952380953,0.02495238095238095
18.946787014007278,0.0020952380952380953,0.02495238095238095
18.951787014007277,0.002,0.02495238095238095
18.956787014007276,0.002,0.024761904761904763
18.961787014007278,0.002,0.024761904761904763
18.966787014007277,0.002,0.024666666666666667
18.971787014007276,0.002,0.024666666666666667
18.97678701400728,0.0019047619047619048,0.02457142857142857
18.981787014007278,0.0019047619047619048,0.02457142857142857
18.986787014007277,0.0019047619047619048,0.02438095238095238
18.991787014007276,0.0019047619047619048,0.02438095238095238
18.996787014007275,0.0019047619047619048,0.02438095238095238
19.001787014007277,0.0019047619047619048,0.02438095238095238
19.006787014007276,0.0019047619047619048,0.02438095238095238
19.011787014007275,0.0019047619047619048,0.02438095238095238
19.016787014007278,0.0019047619047619048,0.02419047619047619
19.021787014007277,0.0019047619047619048,0.024095238095238097
19.026787014007276,0.0019047619047619048,0.024095238095238097
19.031787014007275,0.0019047619047619048,0.024095238095238097
19.036787014007274,0.0019047619047619048,0.024
19.041787014007276,0.0019047619047619048,0.023809523809523808
19.046787014007275,0.0019047619047619048,0.023809523809523808
19.051787014007274,0.0019047619047619048,0.023809523809523808
19.056787014007277,0.0019047619047619048,0.023809523809523808
19.061787014007276,0.0019047619047619048,0.023809523809523808
19.066787014007275,0.0019047619047619048,0.023809523809523808
19.071787014007274,0.0019047619047619048,0.023714285714285716
19.076787014007273,0.0019047619047619048,0.023714285714285716
19.081787014007276,0.0019047619047619048,0.023714285714285716
19.086787014007275,0.0019047619047619048,0.02361904761904762
19.091787014007274,0.0019047619047619048,0.023523809523809523
19.096787014007276,0.0019047619047619048,0.023523809523809523
19.101787014007275,0.0019047619047619048,0.023428571428571427
19.106787014007274,0.0019047619047619048,0.023333333333333334
19.111787014007273,0.0019047619047619048,0.023238095238095238
19.116787014007272,0.0019047619047619048,0.023238095238095238
19.121787014007275,0.0019047619047619048,0.023238095238095238
19.126787014007274,0.0019047619047619048,0.023238095238095238
19.131787014007273,0.0019047619047619048,0.023238095238095238
19.136787014007275,0.0019047619047619048,0.023238095238095238
19.141787014007274,0.0019047619047619048,0.023238095238095238
19.146787014007273,0.0019047619047619048,0.023238095238095238
19.151787014007272,0.0019047619047619048,0.023047619047619046
19.15678701400727,0.0019047619047619048,0.022952380952380953
19.161787014007274,0.0019047619047619048,0.022857142857142857
19.166787014007273,0.0019047619047619048,0.022857142857142857
19.171787014007272,0.0019047619047619048,0.022857142857142857
19.176787014007274,0.0019047619047619048,0.022857142857142857
19.181787014007273,0.0019047619047619048,0.022857142857142857
19.186787014007272,0.0019047619047619048,0.022857142857142857
19.19178701400727,0.0019047619047619048,0.022857142857142857
19.19678701400727,0.0018095238095238095,0.022857142857142857
19.201787014007273,0.0018095238095238095,0.02276190476190476
19.206787014007272,0.0018095238095238095,0.02276190476190476
19.21178701400727,0.0018095238095238095,0.02276190476190476
19.216787014007274,0.0018095238095238095,0.02276190476190476
19.221787014007273,0.0018095238095238095,0.02276190476190476
19.22678701400727,0.0018095238095238095,0.02276190476190476
19.23178701400727,0.0018095238095238095,0.02276190476190476
19.23678701400727,0.0018095238095238095,0.02276190476190476
19.241787014007272,0.0018095238095238095,0.02276190476190476
19.24678701400727,0.0018095238095238095,0.02276190476190476
19.25178701400727,0.0018095238095238095,0.02276190476190476
19.256787014007273,0.0018095238095238095,0.02276190476190476
19.261787014007272,0.0018095238095238095,0.02276190476190476
19.26678701400727,0.0018095238095238095,0.02276190476190476
19.27178701400727,0.0018095238095238095,0.02276190476190476
19.27678701400727,0.0018095238095238095,0.02276190476190476
19.28178701400727,0.0018095238095238095,0.02276190476190476
19.28678701400727,0.0018095238095238095,0.02276190476190476
19.29178701400727,0.0018095238095238095,0.02276190476190476
19.296787014007272,0.0018095238095238095,0.02276190476190476
19.30178701400727,0.0018095238095238095,0.02276190476190476
19.30678701400727,0.0018095238095238095,0.02266666666666667
19.31178701400727,0.0018095238095238095,0.022476190476190476
19.316787014007268,0.0018095238095238095,0.022476190476190476
19.32178701400727,0.0018095238095238095,0.022476190476190476
19.32678701400727,0.0018095238095238095,0.022476190476190476
19.33178701400727,0.0018095238095238095,0.022476190476190476
19.33678701400727,0.0018095238095238095,0.022476190476190476
19.34178701400727,0.0018095238095238095,0.022476190476190476
19.34678701400727,0.0018095238095238095,0.022476190476190476
19.351787014007268,0.0018095238095238095,0.02238095238095238
19.356787014007267,0.0018095238095238095,0.02238095238095238
19.36178701400727,0.0018095238095238095,0.02238095238095238
19.36678701400727,0.0018095238095238095,0.02238095238095238
19.371787014007268,0.0018095238095238095,0.02238095238095238
19.37678701400727,0.0018095238095238095,0.02238095238095238
19.38178701400727,0.0018095238095238095,0.02238095238095238
19.38678701400727,0.0018095238095238095,0.02238095238095238
19.391787014007267,0.0018095238095238095,0.02238095238095238
19.396787014007266,0.0018095238095238095,0.02238095238095238
19.40178701400727,0.0018095238095238095,0.02238095238095238
19.406787014007268,0.0018095238095238095,0.022285714285714287
19.411787014007267,0.0018095238095238095,0.022285714285714287
19.41678701400727,0.0018095238095238095,0.022285714285714287
19.42178701400727,0.0018095238095238095,0.022285714285714287
19.426787014007267,0.0018095238095238095,0.022285714285714287
19.431787014007266,0.0018095238095238095,0.022285714285714287
19.436787014007265,0.0018095238095238095,0.022285714285714287
19.441787014007268,0.0018095238095238095,0.022285714285714287
19.446787014007267,0.0018095238095238095,0.022285714285714287
19.451787014007266,0.0018095238095238095,0.02219047619047619
19.45678701400727,0.0018095238095238095,0.02219047619047619
19.461787014007268,0.0018095238095238095,0.02219047619047619
19.466787014007267,0.0018095238095238095,0.02219047619047619
19.471787014007266,0.0018095238095238095,0.02219047619047619
19.476787014007265,0.0018095238095238095,0.02219047619047619
19.481787014007267,0.0018095238095238095,0.02219047619047619
19.486787014007266,0.0018095238095238095,0.02219047619047619
19.491787014007265,0.0018095238095238095,0.02219047619047619
19.496787014007268,0.0018095238095238095,0.02219047619047619
19.501787014007267,0.0018095238095238095,0.02219047619047619
19.506787014007266,0.0018095238095238095,0.02219047619047619
19.511787014007265,0.0018095238095238095,0.02219047619047619
19.516787014007264,0.0018095238095238095,0.02219047619047619
19.521787014007266,0.0018095238095238095,0.02219047619047619
19.526787014007265,0.0018095238095238095,0.022095238095238095
19.531787014007264,0.0018095238095238095,0.022095238095238095
19.536787014007267,0.0018095238095238095,0.021904761904761906
19.541787014007266,0.0017142857142857142,0.02180952380952381
19.546787014007265,0.0017142857142857142,0.02180952380952381
19.551787014007264,0.0017142857142857142,0.02180952380952381
19.556787014007263,0.0017142857142857142,0.02180952380952381
19.561787014007265,0.0017142857142857142,0.02180952380952381
19.566787014007264,0.0017142857142857142,0.02180952380952381
19.571787014007263,0.0017142857142857142,0.02180952380952381
19.576787014007266,0.0017142857142857142,0.02180952380952381
19.581787014007265,0.0017142857142857142,0.02180952380952381
19.586787014007264,0.0017142857142857142,0.02180952380952381
19.591787014007263,0.0017142857142857142,0.02180952380952381
19.596787014007262,0.0017142857142857142,0.02180952380952381
19.601787014007265,0.0017142857142857142,0.02180952380952381
19.606787014007264,0.0017142857142857142,0.02180952380952381
19.611787014007263,0.0017142857142857142,0.02180952380952381
19.616787014007265,0.0017142857142857142,0.02180952380952381
19.621787014007264,0.0017142857142857142,0.021714285714285714
19.626787014007263,0.0017142857142857142,0.021714285714285714
19.631787014007262,0.0017142857142857142,0.021619047619047618
19.63678701400726,0.0017142857142857142,0.021523809523809525
19.641787014007264,0.0017142857142857142,0.02142857142857143
19.646787014007263,0.0017142857142857142,0.02142857142857143
19.65178701400726,0.0017142857142857142,0.021333333333333333
19.656787014007264,0.0017142857142857142,0.021333333333333333
19.661787014007263,0.0017142857142857142,0.021333333333333333
19.666787014007262,0.0017142857142857142,0.021333333333333333
19.67178701400726,0.0017142857142857142,0.021333333333333333
19.67678701400726,0.0017142857142857142,0.021238095238095236
19.681787014007263,0.0017142857142857142,0.021238095238095236
19.686787014007262,0.0017142857142857142,0.021238095238095236
19.69178701400726,0.0017142857142857142,0.021238095238095236
19.696787014007263,0.0017142857142857142,0.021238095238095236
19.701787014007262,0.0017142857142857142,0.021238095238095236
19.70678701400726,0.0017142857142857142,0.021238095238095236
19.71178701400726,0.0017142857142857142,0.021238095238095236
19.71678701400726,0.0017142857142857142,0.021238095238095236
19.721787014007262,0.0017142857142857142,0.021238095238095236
19.72678701400726,0.0017142857142857142,0.021238095238095236
19.73178701400726,0.0017142857142857142,0.021238095238095236
19.736787014007263,0.0017142857142857142,0.021238095238095236
19.74178701400726,0.0017142857142857142,0.021142857142857144
19.74678701400726,0.0017142857142857142,0.021142857142857144
19.75178701400726,0.0017142857142857142,0.021142857142857144
19.75678701400726,0.0017142857142857142,0.021142857142857144
19.76178701400726,0.0017142857142857142,0.021142857142857144
19.76678701400726,0.0017142857142857142,0.021142857142857144
19.77178701400726,0.0017142857142857142,0.021142857142857144
19.77678701400726,0.0017142857142857142,0.021142857142857144
19.78178701400726,0.0017142857142857142,0.021142857142857144
19.78678701400726,0.0017142857142857142,0.021142857142857144
19.79178701400726,0.0017142857142857142,0.021142857142857144
19.796787014007258,0.0017142857142857142,0.021047619047619048
19.80178701400726,0.0017142857142857142,0.021047619047619048
19.80678701400726,0.0017142857142857142,0.021047619047619048
19.81178701400726,0.0017142857142857142,0.021047619047619048
19.81678701400726,0.0017142857142857142,0.021047619047619048
19.82178701400726,0.0017142857142857142,0.021047619047619048
19.82678701400726,0.0017142857142857142,0.021047619047619048
19.831787014007258,0.0017142857142857142,0.021047619047619048
19.836787014007257,0.0017142857142857142,0.021047619047619048
19.84178701400726,0.0017142857142857142,0.021047619047619048
19.84678701400726,0.0017142857142857142,0.021047619047619048
19.851787014007257,0.0017142857142857142,0.021047619047619048
19.85678701400726,0.0017142857142857142,0.021047619047619048
19.86178701400726,0.0017142857142857142,0.021047619047619048
19.866787014007258,0.0017142857142857142,0.021047619047619048
19.871787014007257,0.0017142857142857142,0.021047619047619048
19.876787014007256,0.0017142857142857142,0.02085714285714286
19.88178701400726,0.0017142857142857142,0.02085714285714286
19.886787014007258,0.0017142857142857142,0.020761904761904763
19.891787014007257,0.0017142857142857142,0.020666666666666667
19.89678701400726,0.0017142857142857142,0.020666666666666667
19.901787014007258,0.0017142857142857142,0.020476190476190478
19.906787014007257,0.0017142857142857142,0.020476190476190478
19.911787014007256,0.0017142857142857142,0.02038095238095238
19.916787014007255,0.0017142857142857142,0.020285714285714285
19.921787014007258,0.0017142857142857142,0.02019047619047619
19.926787014007257,0.0017142857142857142,0.02019047619047619
19.931787014007256,0.0017142857142857142,0.020095238095238097
19.93678701400726,0.0017142857142857142,0.020095238095238097
19.941787014007257,0.0017142857142857142,0.020095238095238097
19.946787014007256,0.0017142857142857142,0.020095238095238097
19.951787014007255,0.0017142857142857142,0.02
19.956787014007254,0.0017142857142857142,0.02
19.961787014007257,0.0017142857142857142,0.019904761904761904
19.966787014007256,0.0017142857142857142,0.019904761904761904
19.971787014007255,0.0017142857142857142,0.019904761904761904
19.976787014007257,0.0017142857142857142,0.019809523809523808
19.981787014007256,0.0017142857142857142,0.019809523809523808
19.986787014007255,0.0017142857142857142,0.019809523809523808
19.991787014007254,0.0017142857142857142,0.019809523809523808
19.996787014007253,0.0017142857142857142,0.019809523809523808
20.001787014007256,0.0017142857142857142,0.019809523809523808
20.006787014007255,0.0017142857142857142,0.019809523809523808
20.011787014007254,0.0017142857142857142,0.019714285714285715
20.016787014007257,0.0017142857142857142,0.019714285714285715
20.021787014007256,0.0017142857142857142,0.019714285714285715
20.026787014007255,0.0017142857142857142,0.019714285714285715
20.031787014007254,0.0017142857142857142,0.019714285714285715
20.036787014007253,0.0017142857142857142,0.019714285714285715
20.041787014007255,0.0017142857142857142,0.019714285714285715
20.046787014007254,0.0017142857142857142,0.019714285714285715
20.051787014007253,0.0017142857142857142,0.019714285714285715
20.056787014007256,0.0017142857142857142,0.01961904761904762
20.061787014007255,0.0017142857142857142,0.01961904761904762
20.066787014007254,0.0017142857142857142,0.01961904761904762
20.071787014007253,0.0017142857142857142,0.01961904761904762
20.07678701400725,0.0017142857142857142,0.01961904761904762
20.081787014007254,0.0016190476190476191,0.019523809523809523
20.086787014007253,0.0016190476190476191,0.019523809523809523
20.091787014007252,0.0016190476190476191,0.019333333333333334
20.096787014007255,0.0016190476190476191,0.019333333333333334
20.101787014007254,0.0016190476190476191,0.019333333333333334
20.106787014007253,0.0016190476190476191,0.019333333333333334
20.111787014007252,0.0016190476190476191,0.019333333333333334
20.11678701400725,0.0016190476190476191,0.019333333333333334
20.121787014007253,0.0016190476190476191,0.019333333333333334
20.126787014007252,0.0016190476190476191,0.019333333333333334
20.13178701400725,0.0016190476190476191,0.019333333333333334
20.136787014007254,0.0016190476190476191,0.019333333333333334
20.141787014007253,0.0016190476190476191,0.019333333333333334
20.146787014007252,0.0016190476190476191,0.019333333333333334
20.15178701400725,0.0016190476190476191,0.019333333333333334
20.15678701400725,0.0016190476190476191,0.019333333333333334
20.161787014007253,0.0016190476190476191,0.019238095238095238
20.16678701400725,0.0016190476190476191,0.019238095238095238
20.17178701400725,0.0016190476190476191,0.019238095238095238
20.176787014007253,0.0016190476190476191,0.019238095238095238
20.181787014007252,0.0016190476190476191,0.019238095238095238
20.18678701400725,0.0016190476190476191,0.019238095238095238
20.19178701400725,0.0016190476190476191,0.019238095238095238
20.19678701400725,0.0015238095238095239,0.019142857142857142
20.20178701400725,0.0015238095238095239,0.018952380952380953
20.20678701400725,0.0015238095238095239,0.018857142857142857
20.21178701400725,0.0015238095238095239,0.018666666666666668
20.216787014007252,0.0015238095238095239,0.018666666666666668
20.22178701400725,0.0015238095238095239,0.018666666666666668
20.22678701400725,0.0015238095238095239,0.018666666666666668
20.23178701400725,0.0015238095238095239,0.018666666666666668
20.23678701400725,0.0015238095238095239,0.018666666666666668
20.24178701400725,0.0015238095238095239,0.018666666666666668
20.24678701400725,0.0015238095238095239,0.018666666666666668
20.25178701400725,0.0015238095238095239,0.018666666666666668
20.25678701400725,0.0015238095238095239,0.018666666666666668
20.26178701400725,0.0015238095238095239,0.018666666666666668
20.26678701400725,0.0015238095238095239,0.018666666666666668
20.27178701400725,0.0015238095238095239,0.018666666666666668
20.276787014007247,0.0015238095238095239,0.018666666666666668
20.28178701400725,0.0015238095238095239,0.018666666666666668
20.28678701400725,0.0015238095238095239,0.018476190476190476
20.291787014007248,0.0015238095238095239,0.018476190476190476
20.29678701400725,0.0015238095238095239,0.01838095238095238
20.30178701400725,0.0015238095238095239,0.01838095238095238
20.30678701400725,0.0015238095238095239,0.018285714285714287
20.311787014007248,0.0015238095238095239,0.018285714285714287
20.316787014007247,0.0015238095238095239,0.018285714285714287
20.32178701400725,0.0015238095238095239,0.01819047619047619
20.326787014007248,0.0015238095238095239,0.01819047619047619
20.331787014007247,0.0015238095238095239,0.01819047619047619
20.33678701400725,0.0015238095238095239,0.01819047619047619
20.34178701400725,0.0015238095238095239,0.01819047619047619
20.346787014007248,0.0015238095238095239,0.01819047619047619
20.351787014007247,0.0015238095238095239,0.01819047619047619
20.356787014007246,0.0015238095238095239,0.01819047619047619
20.36178701400725,0.0015238095238095239,0.01819047619047619
20.366787014007247,0.0015238095238095239,0.018095238095238095
20.371787014007246,0.0015238095238095239,0.018095238095238095
20.37678701400725,0.0015238095238095239,0.018095238095238095
20.381787014007248,0.0015238095238095239,0.018095238095238095
20.386787014007247,0.0015238095238095239,0.018095238095238095
20.391787014007246,0.0015238095238095239,0.018
20.396787014007245,0.0015238095238095239,0.018
20.401787014007247,0.0015238095238095239,0.018
20.406787014007246,0.0015238095238095239,0.018
20.411787014007245,0.0015238095238095239,0.017904761904761906
20.416787014007248,0.0015238095238095239,0.017904761904761906
20.421787014007247,0.0015238095238095239,0.017904761904761906
20.426787014007246,0.0015238095238095239,0.01780952380952381
20.431787014007245,0.0015238095238095239,0.01780952380952381
20.436787014007244,0.0015238095238095239,0.01780952380952381
20.441787014007247,0.0015238095238095239,0.01780952380952381
20.446787014007246,0.0015238095238095239,0.01780952380952381
20.451787014007245,0.0015238095238095239,0.01780952380952381
20.456787014007247,0.0015238095238095239,0.01780952380952381
20.461787014007246,0.0015238095238095239,0.01780952380952381
20.466787014007245,0.0015238095238095239,0.01780952380952381
20.471787014007244,0.0015238095238095239,0.01780952380952381
20.476787014007243,0.0015238095238095239,0.017714285714285714
20.481787014007246,0.0015238095238095239,0.017714285714285714
20.486787014007245,0.0014285714285714286,0.017714285714285714
20.491787014007244,0.0014285714285714286,0.017619047619047618
20.496787014007246,0.0014285714285714286,0.01742857142857143
20.501787014007245,0.0014285714285714286,0.01742857142857143
20.506787014007244,0.0014285714285714286,0.01742857142857143
20.511787014007243,0.0014285714285714286,0.01742857142857143
20.516787014007242,0.0014285714285714286,0.01742857142857143
20.521787014007245,0.0014285714285714286,0.017333333333333333
20.526787014007244,0.0014285714285714286,0.017333333333333333
20.531787014007243,0.0014285714285714286,0.017333333333333333
20.536787014007245,0.0014285714285714286,0.017333333333333333
20.541787014007244,0.0014285714285714286,0.017333333333333333
20.546787014007243,0.0014285714285714286,0.017333333333333333
20.551787014007243,0.0014285714285714286,0.017333333333333333
20.55678701400724,0.0014285714285714286,0.017333333333333333
20.561787014007244,0.0014285714285714286,0.017238095238095236
20.566787014007243,0.0014285714285714286,0.017238095238095236
20.571787014007242,0.0014285714285714286,0.017238095238095236
20.576787014007245,0.0014285714285714286,0.017238095238095236
20.581787014007244,0.0014285714285714286,0.017238095238095236
20.586787014007243,0.0014285714285714286,0.017238095238095236
20.59178701400724,0.0014285714285714286,0.017238095238095236
20.59678701400724,0.0014285714285714286,0.017238095238095236
20.601787014007243,0.0014285714285714286,0.017238095238095236
20.606787014007242,0.0014285714285714286,0.017238095238095236
20.61178701400724,0.0014285714285714286,0.017238095238095236
20.616787014007244,0.0014285714285714286,0.017142857142857144
20.621787014007243,0.0014285714285714286,0.017142857142857144
20.626787014007242,0.0014285714285714286,0.017142857142857144
20.63178701400724,0.0014285714285714286,0.017142857142857144
20.63678701400724,0.0014285714285714286,0.017142857142857144
20.641787014007242,0.0014285714285714286,0.017142857142857144
20.64678701400724,0.0014285714285714286,0.017142857142857144
20.65178701400724,0.0014285714285714286,0.017142857142857144
20.656787014007243,0.0014285714285714286,0.017142857142857144
20.661787014007242,0.0014285714285714286,0.017142857142857144
20.66678701400724,0.0014285714285714286,0.017142857142857144
20.67178701400724,0.0014285714285714286,0.017142857142857144
20.67678701400724,0.0014285714285714286,0.017047619047619048
20.68178701400724,0.0014285714285714286,0.017047619047619048
20.68678701400724,0.0014285714285714286,0.017047619047619048
20.69178701400724,0.0014285714285714286,0.01695238095238095
20.696787014007242,0.0014285714285714286,0.01695238095238095
20.70178701400724,0.0014285714285714286,0.01695238095238095
20.70678701400724,0.0014285714285714286,0.01695238095238095
20.71178701400724,0.0014285714285714286,0.01695238095238095
20.716787014007238,0.0014285714285714286,0.01695238095238095
20.72178701400724,0.0014285714285714286,0.01695238095238095
20.72678701400724,0.0014285714285714286,0.01695238095238095
20.73178701400724,0.0014285714285714286,0.01695238095238095
20.73678701400724,0.0014285714285714286,0.01695238095238095
20.74178701400724,0.0014285714285714286,0.01695238095238095
20.74678701400724,0.0014285714285714286,0.01695238095238095
20.75178701400724,0.0014285714285714286,0.01695238095238095
20.756787014007237,0.0013333333333333333,0.01695238095238095
20.76178701400724,0.0013333333333333333,0.01695238095238095
20.76678701400724,0.0013333333333333333,0.01695238095238095
20.771787014007238,0.0013333333333333333,0.01685714285714286
20.77678701400724,0.0013333333333333333,0.01685714285714286
20.78178701400724,0.0013333333333333333,0.016761904761904763
20.78678701400724,0.0013333333333333333,0.016761904761904763
20.791787014007237,0.0013333333333333333,0.016761904761904763
20.796787014007236,0.0013333333333333333,0.016761904761904763
20.80178701400724,0.001238095238095238,0.016761904761904763
20.806787014007238,0.001238095238095238,0.016666666666666666
20.811787014007237,0.001238095238095238,0.016666666666666666
20.81678701400724,0.001238095238095238,0.016666666666666666
20.82178701400724,0.001238095238095238,0.016666666666666666
20.826787014007238,0.001238095238095238,0.016666666666666666
20.831787014007237,0.001238095238095238,0.016666666666666666
20.836787014007236,0.001238095238095238,0.016666666666666666
20.841787014007238,0.001238095238095238,0.016666666666666666
20.846787014007237,0.001238095238095238,0.01657142857142857
20.851787014007236,0.001238095238095238,0.01657142857142857
20.85678701400724,0.001238095238095238,0.01657142857142857
20.861787014007238,0.001238095238095238,0.01657142857142857
20.866787014007237,0.001238095238095238,0.01657142857142857
20.871787014007236,0.001238095238095238,0.01657142857142857
20.876787014007235,0.001238095238095238,0.01657142857142857
20.881787014007237,0.001238095238095238,0.01657142857142857
20.886787014007236,0.001238095238095238,0.01657142857142857
20.891787014007235,0.001238095238095238,0.01657142857142857
20.896787014007238,0.001238095238095238,0.01657142857142857
20.901787014007237,0.001238095238095238,0.01657142857142857
20.906787014007236,0.001238095238095238,0.01657142857142857
20.911787014007235,0.001238095238095238,0.01657142857142857
20.916787014007234,0.001238095238095238,0.016476190476190478
20.921787014007236,0.001238095238095238,0.016476190476190478
20.926787014007235,0.001238095238095238,0.016476190476190478
20.931787014007234,0.001238095238095238,0.016476190476190478
20.936787014007237,0.001238095238095238,0.016476190476190478
20.941787014007236,0.001238095238095238,0.016476190476190478
20.946787014007235,0.001238095238095238,0.016476190476190478
20.951787014007234,0.001238095238095238,0.016476190476190478
20.956787014007233,0.001238095238095238,0.016476190476190478
20.961787014007236,0.001238095238095238,0.01638095238095238
20.966787014007235,0.001238095238095238,0.016285714285714285
20.971787014007234,0.001238095238095238,0.016285714285714285
20.976787014007236,0.001238095238095238,0.016285714285714285
20.981787014007235,0.001238095238095238,0.016285714285714285
20.986787014007234,0.001238095238095238,0.016285714285714285
20.991787014007233,0.001238095238095238,0.016285714285714285
20.996787014007232,0.001238095238095238,0.016285714285714285
21.001787014007235,0.001238095238095238,0.016285714285714285
21.006787014007234,0.001238095238095238,0.016285714285714285
21.011787014007233,0.001238095238095238,0.016285714285714285
21.016787014007235,0.001142857142857143,0.016285714285714285
21.021787014007234,0.001142857142857143,0.01619047619047619
21.026787014007233,0.001142857142857143,0.016095238095238096
21.031787014007232,0.001142857142857143,0.016
21.03678701400723,0.001142857142857143,0.015904761904761904
21.041787014007234,0.001142857142857143,0.015904761904761904
21.046787014007233,0.001142857142857143,0.015904761904761904
21.051787014007232,0.001142857142857143,0.015904761904761904
21.056787014007234,0.001142857142857143,0.015904761904761904
21.061787014007233,0.001142857142857143,0.015809523809523808
21.066787014007232,0.001142857142857143,0.015809523809523808
21.07178701400723,0.001142857142857143,0.015714285714285715
21.07678701400723,0.001142857142857143,0.015714285714285715
21.081787014007233,0.001142857142857143,0.015714285714285715
21.086787014007232,0.001142857142857143,0.015714285714285715
21.09178701400723,0.001142857142857143,0.015714285714285715
21.096787014007234,0.001142857142857143,0.015714285714285715
21.101787014007233,0.001142857142857143,0.01561904761904762
21.10678701400723,0.001142857142857143,0.01561904761904762
21.11178701400723,0.001142857142857143,0.01561904761904762
21.11678701400723,0.001142857142857143,0.01561904761904762
21.121787014007232,0.001142857142857143,0.015523809523809523
21.12678701400723,0.001142857142857143,0.015523809523809523
21.13178701400723,0.001142857142857143,0.015523809523809523
21.136787014007233,0.001142857142857143,0.015523809523809523
21.14178701400723,0.001142857142857143,0.015523809523809523
21.14678701400723,0.001142857142857143,0.015523809523809523
21.15178701400723,0.001142857142857143,0.015523809523809523
21.15678701400723,0.001142857142857143,0.015523809523809523
21.16178701400723,0.001142857142857143,0.015523809523809523
21.16678701400723,0.001142857142857143,0.015523809523809523
21.17178701400723,0.001142857142857143,0.015238095238095238
21.176787014007232,0.001142857142857143,0.015238095238095238
21.18178701400723,0.001142857142857143,0.015238095238095238
21.18678701400723,0.001142857142857143,0.015238095238095238
21.19178701400723,0.001142857142857143,0.015238095238095238
21.196787014007228,0.001142857142857143,0.015142857142857144
21.20178701400723,0.0010476190476190477,0.015142857142857144
21.20678701400723,0.0010476190476190477,0.015142857142857144
21.21178701400723,0.0010476190476190477,0.015142857142857144
21.21678701400723,0.0010476190476190477,0.015142857142857144
21.22178701400723,0.0010476190476190477,0.015142857142857144
21.22678701400723,0.0010476190476190477,0.015142857142857144
21.231787014007228,0.0010476190476190477,0.015047619047619048
21.236787014007227,0.0010476190476190477,0.015047619047619048
21.24178701400723,0.0010476190476190477,0.015047619047619048
21.24678701400723,0.0010476190476190477,0.015047619047619048
21.251787014007228,0.0010476190476190477,0.015047619047619048
21.25678701400723,0.0010476190476190477,0.015047619047619048
21.26178701400723,0.0010476190476190477,0.015047619047619048
21.266787014007228,0.0010476190476190477,0.015047619047619048
21.271787014007227,0.0010476190476190477,0.015047619047619048
21.276787014007226,0.0010476190476190477,0.015047619047619048
21.28178701400723,0.0010476190476190477,0.015047619047619048
21.286787014007228,0.0010476190476190477,0.015047619047619048
21.291787014007227,0.0010476190476190477,0.015047619047619048
21.29678701400723,0.0010476190476190477,0.015047619047619048
21.30178701400723,0.0010476190476190477,0.014952380952380953
21.306787014007227,0.0010476190476190477,0.014952380952380953
21.311787014007226,0.0010476190476190477,0.014952380952380953
21.316787014007225,0.0010476190476190477,0.014952380952380953
21.321787014007228,0.0010476190476190477,0.014952380952380953
21.326787014007227,0.0010476190476190477,0.014952380952380953
21.331787014007226,0.0010476190476190477,0.014952380952380953
21.33678701400723,0.0010476190476190477,0.014857142857142857
21.341787014007227,0.0010476190476190477,0.014857142857142857
21.346787014007226,0.0010476190476190477,0.014761904761904763
21.351787014007225,0.0010476190476190477,0.014761904761904763
21.356787014007224,0.0010476190476190477,0.014761904761904763
21.361787014007227,0.0010476190476190477,0.014761904761904763
21.366787014007226,0.0010476190476190477,0.014761904761904763
21.371787014007225,0.0010476190476190477,0.014761904761904763
21.376787014007228,0.0010476190476190477,0.014761904761904763
21.381787014007227,0.0010476190476190477,0.014761904761904763
21.386787014007226,0.0010476190476190477,0.014761904761904763
21.391787014007225,0.0010476190476190477,0.014761904761904763
21.396787014007224,0.0010476190476190477,0.014761904761904763
21.401787014007226,0.0009523809523809524,0.014761904761904763
21.406787014007225,0.0009523809523809524,0.014761904761904763
21.411787014007224,0.0009523809523809524,0.014761904761904763
21.416787014007227,0.0008571428571428571,0.014761904761904763
21.421787014007226,0.0008571428571428571,0.014761904761904763
21.426787014007225,0.0008571428571428571,0.014761904761904763
21.431787014007224,0.0008571428571428571,0.014761904761904763
21.436787014007223,0.0008571428571428571,0.014761904761904763
21.441787014007225,0.0008571428571428571,0.014761904761904763
21.446787014007224,0.0008571428571428571,0.014666666666666666
21.451787014007223,0.0008571428571428571,0.014571428571428572
21.456787014007226,0.0008571428571428571,0.014571428571428572
21.461787014007225,0.0008571428571428571,0.014571428571428572
21.466787014007224,0.0008571428571428571,0.014571428571428572
21.471787014007223,0.0008571428571428571,0.014571428571428572
21.476787014007222,0.0008571428571428571,0.014380952380952381
21.481787014007224,0.0008571428571428571,0.014380952380952381
21.486787014007223,0.0008571428571428571,0.014285714285714285
21.491787014007222,0.0008571428571428571,0.014285714285714285
21.496787014007225,0.0008571428571428571,0.014285714285714285
21.501787014007224,0.0008571428571428571,0.014285714285714285
21.506787014007223,0.0008571428571428571,0.01419047619047619
21.511787014007222,0.0008571428571428571,0.01419047619047619
21.51678701400722,0.0008571428571428571,0.01419047619047619
21.521787014007224,0.0008571428571428571,0.01419047619047619
21.526787014007223,0.0008571428571428571,0.01419047619047619
21.53178701400722,0.0008571428571428571,0.01419047619047619
21.536787014007224,0.0008571428571428571,0.01419047619047619
21.541787014007223,0.0008571428571428571,0.014095238095238095
21.546787014007222,0.0008571428571428571,0.014095238095238095
21.55178701400722,0.0008571428571428571,0.014
21.55678701400722,0.0008571428571428571,0.014
21.561787014007223,0.0008571428571428571,0.014
21.56678701400722,0.0008571428571428571,0.014
21.57178701400722,0.0008571428571428571,0.014
21.576787014007223,0.0008571428571428571,0.014
21.581787014007222,0.0008571428571428571,0.014
21.58678701400722,0.0008571428571428571,0.014
21.59178701400722,0.0008571428571428571,0.014
21.59678701400722,0.0008571428571428571,0.014
21.601787014007222,0.0008571428571428571,0.014
21.60678701400722,0.0008571428571428571,0.014
21.61178701400722,0.0008571428571428571,0.013904761904761904
21.616787014007222,0.0008571428571428571,0.013904761904761904
21.62178701400722,0.0008571428571428571,0.013904761904761904
21.62678701400722,0.0008571428571428571,0.013904761904761904
21.63178701400722,0.0008571428571428571,0.013904761904761904
21.63678701400722,0.0008571428571428571,0.013904761904761904
21.64178701400722,0.0008571428571428571,0.01380952380952381
21.64678701400722,0.0008571428571428571,0.01380952380952381
21.65178701400722,0.0008571428571428571,0.01380952380952381
21.65678701400722,0.0008571428571428571,0.01380952380952381
21.66178701400722,0.0008571428571428571,0.013714285714285714
21.66678701400722,0.0008571428571428571,0.013714285714285714
21.67178701400722,0.0008571428571428571,0.013714285714285714
21.676787014007218,0.0008571428571428571,0.013714285714285714
21.68178701400722,0.0008571428571428571,0.013714285714285714
21.68678701400722,0.0008571428571428571,0.013714285714285714
21.691787014007218,0.0008571428571428571,0.013714285714285714
21.69678701400722,0.0008571428571428571,0.013714285714285714
21.70178701400722,0.0008571428571428571,0.013714285714285714
21.70678701400722,0.0008571428571428571,0.013714285714285714
21.711787014007218,0.0008571428571428571,0.013714285714285714
21.716787014007217,0.0008571428571428571,0.013714285714285714
21.72178701400722,0.0008571428571428571,0.013714285714285714
21.72678701400722,0.0008571428571428571,0.01361904761904762
21.731787014007217,0.0008571428571428571,0.01361904761904762
21.73678701400722,0.0008571428571428571,0.01361904761904762
21.74178701400722,0.0008571428571428571,0.01361904761904762
21.746787014007218,0.0008571428571428571,0.01361904761904762
21.751787014007217,0.0008571428571428571,0.01361904761904762
21.756787014007216,0.0008571428571428571,0.01361904761904762
21.76178701400722,0.0008571428571428571,0.01361904761904762
21.766787014007217,0.0008571428571428571,0.01361904761904762
21.771787014007216,0.0008571428571428571,0.01361904761904762
21.77678701400722,0.0008571428571428571,0.01361904761904762
21.781787014007218,0.0008571428571428571,0.01361904761904762
21.786787014007217,0.0008571428571428571,0.01361904761904762
21.791787014007216,0.0008571428571428571,0.01361904761904762
21.796787014007215,0.0008571428571428571,0.01361904761904762
21.801787014007218,0.0008571428571428571,0.01361904761904762
21.806787014007217,0.0008571428571428571,0.01361904761904762
21.811787014007216,0.0008571428571428571,0.01361904761904762
21.816787014007218,0.0008571428571428571,0.013523809523809523
21.821787014007217,0.0008571428571428571,0.013428571428571429
21.826787014007216,0.0008571428571428571,0.013428571428571429
21.831787014007215,0.0008571428571428571,0.013428571428571429
21.836787014007214,0.0008571428571428571,0.013333333333333334
21.841787014007217,0.0008571428571428571,0.013333333333333334
21.846787014007216,0.0008571428571428571,0.013333333333333334
21.851787014007215,0.0008571428571428571,0.013238095238095238
21.856787014007217,0.0008571428571428571,0.013238095238095238
21.861787014007216,0.0008571428571428571,0.013238095238095238
21.866787014007215,0.0008571428571428571,0.013238095238095238
21.871787014007214,0.0008571428571428571,0.013238095238095238
21.876787014007213,0.0008571428571428571,0.013238095238095238
21.881787014007216,0.0008571428571428571,0.013238095238095238
21.886787014007215,0.0008571428571428571,0.013238095238095238
21.891787014007214,0.0008571428571428571,0.013238095238095238
21.896787014007216,0.0008571428571428571,0.013238095238095238
21.901787014007216,0.0008571428571428571,0.013238095238095238
21.906787014007215,0.0008571428571428571,0.013142857142857144
21.911787014007214,0.0008571428571428571,0.013142857142857144
21.916787014007213,0.0008571428571428571,0.013142857142857144
21.921787014007215,0.0008571428571428571,0.013142857142857144
21.926787014007214,0.0008571428571428571,0.013142857142857144
21.931787014007213,0.0008571428571428571,0.013047619047619047
21.936787014007216,0.0008571428571428571,0.013047619047619047
21.941787014007215,0.0008571428571428571,0.013047619047619047
21.946787014007214,0.0008571428571428571,0.012952380952380953
21.951787014007213,0.0008571428571428571,0.012952380952380953
21.95678701400721,0.0008571428571428571,0.012952380952380953
21.961787014007214,0.0008571428571428571,0.012952380952380953
21.966787014007213,0.0008571428571428571,0.012952380952380953
21.971787014007212,0.0008571428571428571,0.012952380952380953
21.976787014007215,0.0008571428571428571,0.012952380952380953
21.981787014007214,0.0008571428571428571,0.012952380952380953
21.986787014007213,0.0008571428571428571,0.012952380952380953
21.991787014007212,0.0008571428571428571,0.012952380952380953
21.99678701400721,0.0008571428571428571,0.012952380952380953
22.001787014007213,0.0008571428571428571,0.012952380952380953
22.006787014007212,0.0008571428571428571,0.012857142857142857
22.01178701400721,0.0008571428571428571,0.012857142857142857
22.016787014007214,0.0008571428571428571,0.012857142857142857
22.021787014007213,0.0008571428571428571,0.012857142857142857
22.026787014007212,0.0008571428571428571,0.012761904761904763
22.03178701400721,0.0008571428571428571,0.012761904761904763
22.03678701400721,0.0008571428571428571,0.012761904761904763
22.041787014007213,0.0008571428571428571,0.012761904761904763
22.04678701400721,0.0008571428571428571,0.012761904761904763
22.05178701400721,0.0008571428571428571,0.012761904761904763
22.056787014007213,0.0008571428571428571,0.012761904761904763
22.061787014007212,0.0008571428571428571,0.012761904761904763
22.06678701400721,0.0008571428571428571,0.012761904761904763
22.07178701400721,0.0008571428571428571,0.012666666666666666
22.07678701400721,0.0008571428571428571,0.012666666666666666
22.08178701400721,0.0008571428571428571,0.012666666666666666
22.08678701400721,0.0007619047619047619,0.012666666666666666
22.09178701400721,0.0007619047619047619,0.012666666666666666
22.096787014007212,0.0007619047619047619,0.012666666666666666
22.10178701400721,0.0007619047619047619,0.012666666666666666
22.10678701400721,0.0007619047619047619,0.012666666666666666
22.11178701400721,0.0007619047619047619,0.012666666666666666
22.11678701400721,0.0007619047619047619,0.012666666666666666
22.12178701400721,0.0007619047619047619,0.012666666666666666
22.12678701400721,0.0007619047619047619,0.012666666666666666
22.13178701400721,0.0007619047619047619,0.012571428571428572
22.13678701400721,0.0007619047619047619,0.012571428571428572
22.14178701400721,0.0007619047619047619,0.012571428571428572
22.14678701400721,0.0007619047619047619,0.012571428571428572
22.15178701400721,0.0007619047619047619,0.012571428571428572
22.156787014007207,0.0007619047619047619,0.012571428571428572
22.16178701400721,0.0007619047619047619,0.012571428571428572
22.16678701400721,0.0007619047619047619,0.012571428571428572
22.171787014007208,0.0007619047619047619,0.012571428571428572
22.17678701400721,0.0007619047619047619,0.012476190476190476
22.18178701400721,0.0007619047619047619,0.012476190476190476
22.18678701400721,0.0007619047619047619,0.012476190476190476
22.191787014007208,0.0007619047619047619,0.012476190476190476
22.196787014007207,0.0007619047619047619,0.012476190476190476
22.20178701400721,0.0007619047619047619,0.012476190476190476
22.206787014007208,0.0007619047619047619,0.012476190476190476
22.211787014007207,0.0007619047619047619,0.012476190476190476
22.21678701400721,0.0006666666666666666,0.012476190476190476
22.22178701400721,0.0006666666666666666,0.012476190476190476
22.226787014007208,0.0006666666666666666,0.012476190476190476
22.231787014007207,0.0006666666666666666,0.012476190476190476
22.236787014007206,0.0006666666666666666,0.012476190476190476
22.24178701400721,0.0006666666666666666,0.012476190476190476
22.246787014007207,0.0006666666666666666,0.012476190476190476
22.251787014007206,0.0005714285714285715,0.012476190476190476
22.25678701400721,0.0005714285714285715,0.012380952380952381
22.261787014007208,0.0005714285714285715,0.012380952380952381
22.266787014007207,0.0005714285714285715,0.012380952380952381
22.271787014007206,0.0005714285714285715,0.012380952380952381
22.276787014007205,0.0005714285714285715,0.012380952380952381
22.281787014007207,0.0005714285714285715,0.012285714285714285
22.286787014007206,0.0005714285714285715,0.012285714285714285
22.291787014007205,0.0005714285714285715,0.012285714285714285
22.296787014007208,0.0005714285714285715,0.012285714285714285
22.301787014007207,0.0005714285714285715,0.012285714285714285
22.306787014007206,0.0005714285714285715,0.012285714285714285
22.311787014007205,0.0005714285714285715,0.012285714285714285
22.316787014007204,0.0005714285714285715,0.012285714285714285
22.321787014007207,0.0005714285714285715,0.012285714285714285
22.326787014007206,0.0005714285714285715,0.012285714285714285
22.331787014007205,0.0005714285714285715,0.012285714285714285
22.336787014007207,0.0005714285714285715,0.012285714285714285
22.341787014007206,0.0005714285714285715,0.012285714285714285
22.346787014007205,0.0005714285714285715,0.012285714285714285
22.351787014007204,0.0005714285714285715,0.01219047619047619
22.356787014007203,0.0005714285714285715,0.01219047619047619
22.361787014007206,0.0005714285714285715,0.01219047619047619
22.366787014007205,0.0005714285714285715,0.012095238095238095
22.371787014007204,0.0005714285714285715,0.012095238095238095
22.376787014007206,0.0005714285714285715,0.012095238095238095
22.381787014007205,0.0005714285714285715,0.012095238095238095
22.386787014007204,0.0005714285714285715,0.012095238095238095
22.391787014007203,0.0005714285714285715,0.012095238095238095
22.396787014007202,0.0005714285714285715,0.012095238095238095
22.401787014007205,0.0005714285714285715,0.012095238095238095
22.406787014007204,0.0005714285714285715,0.012095238095238095
22.411787014007203,0.0005714285714285715,0.012095238095238095
22.416787014007205,0.0005714285714285715,0.012095238095238095
22.421787014007204,0.0005714285714285715,0.012095238095238095
22.426787014007203,0.0005714285714285715,0.012095238095238095
22.431787014007202,0.0004761904761904762,0.012095238095238095
22.4367870140072,0.0004761904761904762,0.012095238095238095
22.441787014007204,0.0004761904761904762,0.012095238095238095
22.446787014007203,0.0004761904761904762,0.012095238095238095
22.451787014007202,0.0004761904761904762,0.012095238095238095
22.456787014007205,0.0004761904761904762,0.012095238095238095
22.461787014007204,0.0004761904761904762,0.012
22.466787014007203,0.0004761904761904762,0.012
22.4717870140072,0.0004761904761904762,0.012
22.4767870140072,0.0004761904761904762,0.012
22.481787014007203,0.0004761904761904762,0.012
22.486787014007202,0.0004761904761904762,0.012
22.4917870140072,0.0004761904761904762,0.012
22.496787014007204,0.0004761904761904762,0.012
22.501787014007203,0.0004761904761904762,0.011904761904761904
22.5067870140072,0.0004761904761904762,0.011904761904761904
22.5117870140072,0.0004761904761904762,0.011904761904761904
22.5167870140072,0.0004761904761904762,0.011904761904761904
22.521787014007202,0.0004761904761904762,0.011904761904761904
22.5267870140072,0.0004761904761904762,0.011904761904761904
22.5317870140072,0.0004761904761904762,0.011904761904761904
22.536787014007203,0.0004761904761904762,0.011904761904761904
22.541787014007202,0.0004761904761904762,0.011904761904761904
22.5467870140072,0.0004761904761904762,0.011904761904761904
22.5517870140072,0.0004761904761904762,0.011904761904761904
22.5567870140072,0.0004761904761904762,0.011904761904761904
22.5617870140072,0.0004761904761904762,0.011904761904761904
22.5667870140072,0.0004761904761904762,0.011904761904761904
22.5717870140072,0.0004761904761904762,0.011904761904761904
22.576787014007202,0.0004761904761904762,0.01180952380952381
22.5817870140072,0.0004761904761904762,0.01180952380952381
22.5867870140072,0.0004761904761904762,0.01180952380952381
22.5917870140072,0.0004761904761904762,0.01180952380952381
22.596787014007198,0.0004761904761904762,0.01180952380952381
22.6017870140072,0.0004761904761904762,0.01180952380952381
22.6067870140072,0.0004761904761904762,0.01180952380952381
22.6117870140072,0.0004761904761904762,0.01180952380952381
22.6167870140072,0.0004761904761904762,0.01180952380952381
22.6217870140072,0.0004761904761904762,0.01180952380952381
22.6267870140072,0.0004761904761904762,0.01180952380952381
22.631787014007198,0.0004761904761904762,0.01180952380952381
22.636787014007197,0.0004761904761904762,0.01180952380952381
22.6417870140072,0.0004761904761904762,0.01180952380952381
22.6467870140072,0.0004761904761904762,0.011714285714285714
22.651787014007198,0.0004761904761904762,0.011714285714285714
22.6567870140072,0.0004761904761904762,0.011714285714285714
22.6617870140072,0.0004761904761904762,0.011714285714285714
22.6667870140072,0.0004761904761904762,0.011714285714285714
22.671787014007197,0.0004761904761904762,0.011714285714285714
22.676787014007196,0.0004761904761904762,0.011714285714285714
22.6817870140072,0.0004761904761904762,0.011714285714285714
22.686787014007198,0.0004761904761904762,0.011714285714285714
22.691787014007197,0.0004761904761904762,0.011714285714285714
22.6967870140072,0.0004761904761904762,0.011714285714285714
22.7017870140072,0.0004761904761904762,0.011714285714285714
22.706787014007197,0.0004761904761904762,0.011619047619047619
22.711787014007196,0.0004761904761904762,0.011619047619047619
22.716787014007195,0.0004761904761904762,0.011619047619047619
22.721787014007198,0.0004761904761904762,0.011619047619047619
22.726787014007197,0.0004761904761904762,0.011619047619047619
22.731787014007196,0.0004761904761904762,0.011619047619047619
22.7367870140072,0.0004761904761904762,0.011523809523809523
22.741787014007198,0.0004761904761904762,0.011523809523809523
22.746787014007197,0.0004761904761904762,0.011523809523809523
22.751787014007196,0.0004761904761904762,0.011523809523809523
22.756787014007195,0.0004761904761904762,0.011523809523809523
22.761787014007197,0.0004761904761904762,0.011523809523809523
22.766787014007196,0.0004761904761904762,0.011523809523809523
22.771787014007195,0.0004761904761904762,0.011523809523809523
22.776787014007198,0.0004761904761904762,0.011523809523809523
22.781787014007197,0.0004761904761904762,0.011523809523809523
22.786787014007196,0.0004761904761904762,0.011523809523809523
22.791787014007195,0.0004761904761904762,0.011523809523809523
22.796787014007194,0.0004761904761904762,0.011523809523809523
22.801787014007196,0.0004761904761904762,0.011523809523809523
22.806787014007195,0.0004761904761904762,0.011523809523809523
22.811787014007194,0.0004761904761904762,0.011523809523809523
22.816787014007197,0.0004761904761904762,0.011428571428571429
22.821787014007196,0.0004761904761904762,0.011428571428571429
22.826787014007195,0.0004761904761904762,0.011428571428571429
22.831787014007194,0.0004761904761904762,0.011428571428571429
22.836787014007193,0.0004761904761904762,0.011428571428571429
22.841787014007195,0.0004761904761904762,0.011428571428571429
22.846787014007194,0.0004761904761904762,0.011428571428571429
22.851787014007193,0.0004761904761904762,0.011428571428571429
22.856787014007196,0.0004761904761904762,0.011428571428571429
22.861787014007195,0.0004761904761904762,0.011428571428571429
22.866787014007194,0.0004761904761904762,0.011333333333333334
22.871787014007193,0.0004761904761904762,0.011333333333333334
22.876787014007192,0.0004761904761904762,0.011333333333333334
22.881787014007195,0.0004761904761904762,0.011333333333333334
22.886787014007194,0.0004761904761904762,0.011333333333333334
22.891787014007193,0.0004761904761904762,0.011333333333333334
22.896787014007195,0.0004761904761904762,0.011333333333333334
22.901787014007194,0.0004761904761904762,0.011333333333333334
22.906787014007193,0.0004761904761904762,0.011333333333333334
22.911787014007192,0.0004761904761904762,0.011333333333333334
22.91678701400719,0.0004761904761904762,0.011333333333333334
22.921787014007194,0.0004761904761904762,0.011333333333333334
22.926787014007193,0.0004761904761904762,0.011333333333333334
22.93178701400719,0.0004761904761904762,0.011333333333333334
22.936787014007194,0.0004761904761904762,0.011333333333333334
22.941787014007193,0.0004761904761904762,0.011333333333333334
22.946787014007192,0.0004761904761904762,0.011333333333333334
22.95178701400719,0.0004761904761904762,0.011333333333333334
22.95678701400719,0.0004761904761904762,0.011333333333333334
22.961787014007193,0.0004761904761904762,0.011333333333333334
22.966787014007192,0.0004761904761904762,0.011333333333333334
22.97178701400719,0.0004761904761904762,0.011333333333333334
22.976787014007193,0.0004761904761904762,0.011238095238095238
22.981787014007192,0.0004761904761904762,0.011238095238095238
22.98678701400719,0.00038095238095238096,0.011238095238095238
22.99178701400719,0.00038095238095238096,0.011238095238095238
22.99678701400719,0.00038095238095238096,0.011238095238095238
23.001787014007192,0.00038095238095238096,0.011238095238095238
23.00678701400719,0.00038095238095238096,0.011238095238095238
23.01178701400719,0.00038095238095238096,0.011238095238095238
23.016787014007193,0.00038095238095238096,0.011238095238095238
23.02178701400719,0.00038095238095238096,0.011238095238095238
23.02678701400719,0.00038095238095238096,0.011238095238095238
23.03178701400719,0.00038095238095238096,0.011142857142857144
23.03678701400719,0.00038095238095238096,0.011142857142857144
23.04178701400719,0.00038095238095238096,0.011142857142857144
23.04678701400719,0.00038095238095238096,0.011142857142857144
23.05178701400719,0.00038095238095238096,0.011142857142857144
23.05678701400719,0.00038095238095238096,0.011142857142857144
23.06178701400719,0.00038095238095238096,0.011142857142857144
23.06678701400719,0.00038095238095238096,0.011142857142857144
23.07178701400719,0.00038095238095238096,0.011142857142857144
23.076787014007188,0.00038095238095238096,0.011142857142857144
23.08178701400719,0.00038095238095238096,0.011142857142857144
23.08678701400719,0.00038095238095238096,0.011047619047619047
23.09178701400719,0.00038095238095238096,0.011047619047619047
23.09678701400719,0.00038095238095238096,0.011047619047619047
23.10178701400719,0.00038095238095238096,0.010952380952380953
23.10678701400719,0.00038095238095238096,0.010952380952380953
23.111787014007188,0.00038095238095238096,0.010952380952380953
23.116787014007187,0.00038095238095238096,0.010952380952380953
23.12178701400719,0.00038095238095238096,0.010952380952380953
23.12678701400719,0.00038095238095238096,0.010952380952380953
23.131787014007188,0.00038095238095238096,0.010952380952380953
23.13678701400719,0.00038095238095238096,0.010952380952380953
23.14178701400719,0.00038095238095238096,0.010952380952380953
23.146787014007188,0.00038095238095238096,0.010952380952380953
23.151787014007187,0.00038095238095238096,0.010952380952380953
23.156787014007186,0.00038095238095238096,0.010857142857142857
23.16178701400719,0.00038095238095238096,0.010857142857142857
23.166787014007188,0.00038095238095238096,0.010857142857142857
23.171787014007187,0.00038095238095238096,0.010761904761904762
23.17678701400719,0.00038095238095238096,0.010761904761904762
23.181787014007188,0.00038095238095238096,0.010761904761904762
23.186787014007187,0.00038095238095238096,0.010761904761904762
23.191787014007186,0.00038095238095238096,0.010761904761904762
23.196787014007185,0.00038095238095238096,0.010761904761904762
23.201787014007188,0.00038095238095238096,0.010761904761904762
23.206787014007187,0.00038095238095238096,0.010761904761904762
23.211787014007186,0.00038095238095238096,0.010761904761904762
23.21678701400719,0.00038095238095238096,0.010761904761904762
23.221787014007187,0.00038095238095238096,0.010761904761904762
23.226787014007186,0.00038095238095238096,0.010761904761904762
23.231787014007185,0.00038095238095238096,0.010761904761904762
23.236787014007184,0.00038095238095238096,0.010761904761904762
23.241787014007187,0.00038095238095238096,0.010761904761904762
23.246787014007186,0.00038095238095238096,0.010761904761904762
23.251787014007185,0.00038095238095238096,0.010761904761904762
23.256787014007188,0.00038095238095238096,0.010761904761904762
23.261787014007187,0.00038095238095238096,0.010761904761904762
23.266787014007186,0.00038095238095238096,0.010761904761904762
23.271787014007185,0.00038095238095238096,0.010761904761904762
23.276787014007184,0.00038095238095238096,0.010761904761904762
23.281787014007186,0.00038095238095238096,0.010761904761904762
23.286787014007185,0.00038095238095238096,0.010761904761904762
23.291787014007184,0.00038095238095238096,0.010761904761904762
23.296787014007187,0.00038095238095238096,0.010761904761904762
23.301787014007186,0.00038095238095238096,0.010761904761904762
23.306787014007185,0.00038095238095238096,0.010761904761904762
23.311787014007184,0.00038095238095238096,0.010761904761904762
23.316787014007183,0.00038095238095238096,0.010761904761904762
23.321787014007185,0.00038095238095238096,0.010761904761904762
23.326787014007184,0.00038095238095238096,0.010761904761904762
23.331787014007183,0.00038095238095238096,0.010761904761904762
23.336787014007186,0.00038095238095238096,0.010761904761904762
23.341787014007185,0.00038095238095238096,0.010761904761904762
23.346787014007184,0.00038095238095238096,0.010761904761904762
23.351787014007183,0.00038095238095238096,0.010761904761904762
23.356787014007182,0.00038095238095238096,0.010761904761904762
23.361787014007184,0.00038095238095238096,0.010761904761904762
23.366787014007183,0.00038095238095238096,0.010761904761904762
23.371787014007182,0.00038095238095238096,0.010666666666666666
23.376787014007185,0.00038095238095238096,0.010666666666666666
23.381787014007184,0.00038095238095238096,0.010666666666666666
23.386787014007183,0.00038095238095238096,0.010666666666666666
23.391787014007182,0.00038095238095238096,0.010666666666666666
23.39678701400718,0.00038095238095238096,0.010666666666666666
23.401787014007184,0.00038095238095238096,0.010666666666666666
23.406787014007183,0.00038095238095238096,0.010666666666666666
23.41178701400718,0.00038095238095238096,0.010666666666666666
23.416787014007184,0.00038095238095238096,0.010666666666666666
23.421787014007183,0.00038095238095238096,0.010571428571428572
23.426787014007182,0.00038095238095238096,0.010476190476190476
23.43178701400718,0.00038095238095238096,0.010476190476190476
23.43678701400718,0.00038095238095238096,0.010476190476190476
23.441787014007183,0.00038095238095238096,0.010476190476190476
23.44678701400718,0.00038095238095238096,0.010476190476190476
23.45178701400718,0.00038095238095238096,0.010476190476190476
23.456787014007183,0.00038095238095238096,0.010476190476190476
23.461787014007182,0.00038095238095238096,0.010476190476190476
23.46678701400718,0.00038095238095238096,0.010476190476190476
23.47178701400718,0.00038095238095238096,0.010380952380952381
23.47678701400718,0.00038095238095238096,0.010285714285714285
23.481787014007182,0.00038095238095238096,0.010285714285714285
23.48678701400718,0.00038095238095238096,0.010285714285714285
23.49178701400718,0.00038095238095238096,0.010285714285714285
23.496787014007182,0.00038095238095238096,0.010285714285714285
23.50178701400718,0.00038095238095238096,0.010285714285714285
23.50678701400718,0.00038095238095238096,0.010285714285714285
23.51178701400718,0.00038095238095238096,0.010285714285714285
23.51678701400718,0.00038095238095238096,0.010285714285714285
23.52178701400718,0.00038095238095238096,0.010285714285714285
23.52678701400718,0.00038095238095238096,0.010285714285714285
23.53178701400718,0.00038095238095238096,0.010285714285714285
23.53678701400718,0.00038095238095238096,0.010285714285714285
23.54178701400718,0.00038095238095238096,0.01019047619047619
23.54678701400718,0.00038095238095238096,0.01019047619047619
23.55178701400718,0.00038095238095238096,0.01019047619047619
23.556787014007178,0.00038095238095238096,0.01019047619047619
23.56178701400718,0.00038095238095238096,0.01019047619047619
23.56678701400718,0.00038095238095238096,0.01019047619047619
23.571787014007178,0.00038095238095238096,0.01019047619047619
23.57678701400718,0.00038095238095238096,0.010095238095238095
23.58178701400718,0.00038095238095238096,0.010095238095238095
23.58678701400718,0.00038095238095238096,0.010095238095238095
23.591787014007178,0.00038095238095238096,0.010095238095238095
23.596787014007177,0.00038095238095238096,0.01
23.60178701400718,0.00038095238095238096,0.01
23.60678701400718,0.00038095238095238096,0.01
23.611787014007177,0.00038095238095238096,0.01
23.61678701400718,0.00038095238095238096,0.01
23.62178701400718,0.00038095238095238096,0.009904761904761904
23.626787014007178,0.00038095238095238096,0.009904761904761904
23.631787014007177,0.00038095238095238096,0.009904761904761904
23.636787014007176,0.00038095238095238096,0.009904761904761904
23.64178701400718,0.00038095238095238096,0.009904761904761904
23.646787014007177,0.00038095238095238096,0.009904761904761904
23.651787014007176,0.00038095238095238096,0.009904761904761904
23.65678701400718,0.00038095238095238096,0.009904761904761904
23.661787014007178,0.00038095238095238096,0.009904761904761904
23.666787014007177,0.00038095238095238096,0.009904761904761904
23.671787014007176,0.00038095238095238096,0.009904761904761904
23.676787014007175,0.00038095238095238096,0.009904761904761904
23.681787014007178,0.00038095238095238096,0.009904761904761904
23.686787014007177,0.00038095238095238096,0.009904761904761904
23.691787014007176,0.00038095238095238096,0.009904761904761904
23.696787014007178,0.00038095238095238096,0.009904761904761904
23.701787014007177,0.00038095238095238096,0.009904761904761904
23.706787014007176,0.00038095238095238096,0.009904761904761904
23.711787014007175,0.00038095238095238096,0.009904761904761904
23.716787014007174,0.00038095238095238096,0.009904761904761904
23.721787014007177,0.00038095238095238096,0.009904761904761904
23.726787014007176,0.00038095238095238096,0.009904761904761904
23.731787014007175,0.00038095238095238096,0.009904761904761904
23.736787014007177,0.00038095238095238096,0.009904761904761904
23.741787014007176,0.00038095238095238096,0.009904761904761904
23.746787014007175,0.00038095238095238096,0.009904761904761904
23.751787014007174,0.00038095238095238096,0.009904761904761904
23.756787014007173,0.00038095238095238096,0.009904761904761904
23.761787014007176,0.00038095238095238096,0.009904761904761904
23.766787014007175,0.00038095238095238096,0.009904761904761904
23.771787014007174,0.00038095238095238096,0.00980952380952381
23.776787014007176,0.00038095238095238096,0.00980952380952381
23.781787014007175,0.00038095238095238096,0.00980952380952381
23.786787014007174,0.00038095238095238096,0.00980952380952381
23.791787014007173,0.00038095238095238096,0.00980952380952381
23.796787014007172,0.00038095238095238096,0.00980952380952381
23.801787014007175,0.00038095238095238096,0.00980952380952381
23.806787014007174,0.00038095238095238096,0.00980952380952381
23.811787014007173,0.00038095238095238096,0.00980952380952381
23.816787014007176,0.00038095238095238096,0.00980952380952381
23.821787014007175,0.00038095238095238096,0.00980952380952381
23.826787014007174,0.00038095238095238096,0.00980952380952381
23.831787014007173,0.00038095238095238096,0.00980952380952381
23.83678701400717,0.00038095238095238096,0.00980952380952381
23.841787014007174,0.00038095238095238096,0.00980952380952381
23.846787014007173,0.00038095238095238096,0.00980952380952381
23.851787014007172,0.00038095238095238096,0.00980952380952381
23.856787014007175,0.00038095238095238096,0.00980952380952381
23.861787014007174,0.00038095238095238096,0.00980952380952381
23.866787014007173,0.00038095238095238096,0.009714285714285713
23.87178701400717,0.00038095238095238096,0.009714285714285713
23.87678701400717,0.00038095238095238096,0.009714285714285713
23.881787014007173,0.00038095238095238096,0.009714285714285713
23.886787014007172,0.00038095238095238096,0.009714285714285713
23.89178701400717,0.00038095238095238096,0.009714285714285713
23.896787014007174,0.00038095238095238096,0.009714285714285713
23.901787014007173,0.00038095238095238096,0.009714285714285713
23.906787014007172,0.00038095238095238096,0.009714285714285713
23.91178701400717,0.00038095238095238096,0.009714285714285713
23.91678701400717,0.00038095238095238096,0.009714285714285713
23.921787014007172,0.00038095238095238096,0.009714285714285713
23.92678701400717,0.00038095238095238096,0.009714285714285713
23.93178701400717,0.00038095238095238096,0.009714285714285713
23.936787014007173,0.00038095238095238096,0.009714285714285713
23.941787014007172,0.00038095238095238096,0.009714285714285713
23.94678701400717,0.00038095238095238096,0.009714285714285713
23.95178701400717,0.00038095238095238096,0.009714285714285713
23.95678701400717,0.00038095238095238096,0.009714285714285713
23.96178701400717,0.00038095238095238096,0.009714285714285713
23.96678701400717,0.00038095238095238096,0.009714285714285713
23.97178701400717,0.00038095238095238096,0.009714285714285713
23.976787014007172,0.00038095238095238096,0.009714285714285713
23.98178701400717,0.00038095238095238096,0.009714285714285713
23.98678701400717,0.00038095238095238096,0.009714285714285713
23.99178701400717,0.00038095238095238096,0.009714285714285713
23.996787014007168,0.00038095238095238096,0.009714285714285713
24.00178701400717,0.00038095238095238096,0.009714285714285713
24.00678701400717,0.00038095238095238096,0.009714285714285713
24.01178701400717,0.00038095238095238096,0.009714285714285713
24.01678701400717,0.00038095238095238096,0.009714285714285713
24.02178701400717,0.00038095238095238096,0.009714285714285713
24.02678701400717,0.00038095238095238096,0.009714285714285713
24.03178701400717,0.00038095238095238096,0.009714285714285713
24.036787014007167,0.00038095238095238096,0.009714285714285713
24.04178701400717,0.00038095238095238096,0.009714285714285713
24.04678701400717,0.00038095238095238096,0.009619047619047619
24.051787014007168,0.00038095238095238096,0.009619047619047619
24.05678701400717,0.00038095238095238096,0.009619047619047619
24.06178701400717,0.00038095238095238096,0.009619047619047619
24.06678701400717,0.00038095238095238096,0.009619047619047619
24.071787014007167,0.00038095238095238096,0.009619047619047619
24.076787014007166,0.00038095238095238096,0.009619047619047619
24.08178701400717,0.00038095238095238096,0.009619047619047619
24.086787014007168,0.00038095238095238096,0.009619047619047619
24.091787014007167,0.00038095238095238096,0.009619047619047619
24.09678701400717,0.00038095238095238096,0.009619047619047619
24.10178701400717,0.00038095238095238096,0.009619047619047619
24.106787014007168,0.00038095238095238096,0.009619047619047619
24.111787014007167,0.00038095238095238096,0.009619047619047619
24.116787014007166,0.00038095238095238096,0.009619047619047619
24.121787014007168,0.00038095238095238096,0.009619047619047619
24.126787014007167,0.00038095238095238096,0.009619047619047619
24.131787014007166,0.00038095238095238096,0.009619047619047619
24.13678701400717,0.00038095238095238096,0.009523809523809525
24.141787014007168,0.00038095238095238096,0.009523809523809525
24.146787014007167,0.00038095238095238096,0.009523809523809525
24.151787014007166,0.00038095238095238096,0.009523809523809525
24.156787014007165,0.00038095238095238096,0.009523809523809525
24.161787014007167,0.00038095238095238096,0.009428571428571429
24.166787014007166,0.00038095238095238096,0.009428571428571429
24.171787014007165,0.00038095238095238096,0.009428571428571429
24.176787014007168,0.00038095238095238096,0.009428571428571429
24.181787014007167,0.00038095238095238096,0.009428571428571429
24.186787014007166,0.00038095238095238096,0.009428571428571429
24.191787014007165,0.00038095238095238096,0.009428571428571429
24.196787014007164,0.00038095238095238096,0.009428571428571429
24.201787014007166,0.00038095238095238096,0.009428571428571429
24.206787014007165,0.00038095238095238096,0.009428571428571429
24.211787014007164,0.00038095238095238096,0.009428571428571429
24.216787014007167,0.00038095238095238096,0.009428571428571429
24.221787014007166,0.00038095238095238096,0.009428571428571429
24.226787014007165,0.00038095238095238096,0.009333333333333334
24.231787014007164,0.00038095238095238096,0.009333333333333334
24.236787014007163,0.00038095238095238096,0.009333333333333334
24.241787014007166,0.00038095238095238096,0.009333333333333334
24.246787014007165,0.00038095238095238096,0.009333333333333334
24.251787014007164,0.00038095238095238096,0.009333333333333334
24.256787014007166,0.00038095238095238096,0.009333333333333334
24.261787014007165,0.00038095238095238096,0.009333333333333334
24.266787014007164,0.00038095238095238096,0.009333333333333334
24.271787014007163,0.00038095238095238096,0.009333333333333334
24.276787014007162,0.00038095238095238096,0.009333333333333334
24.281787014007165,0.00038095238095238096,0.009238095238095238
24.286787014007164,0.00038095238095238096,0.009238095238095238
24.291787014007163,0.00038095238095238096,0.009238095238095238
24.296787014007165,0.00038095238095238096,0.009238095238095238
24.301787014007164,0.00038095238095238096,0.009238095238095238
24.306787014007163,0.00038095238095238096,0.009238095238095238
24.311787014007162,0.00038095238095238096,0.009238095238095238
24.31678701400716,0.00038095238095238096,0.009238095238095238
24.321787014007164,0.00038095238095238096,0.009238095238095238
24.326787014007163,0.00038095238095238096,0.009238095238095238
24.331787014007162,0.00038095238095238096,0.009238095238095238
24.336787014007164,0.00038095238095238096,0.009238095238095238
24.341787014007163,0.00038095238095238096,0.009238095238095238
24.346787014007162,0.00038095238095238096,0.009238095238095238
24.35178701400716,0.00038095238095238096,0.009238095238095238
24.35678701400716,0.00038095238095238096,0.009238095238095238
24.361787014007163,0.00038095238095238096,0.009238095238095238
24.366787014007162,0.00038095238095238096,0.009238095238095238
24.37178701400716,0.00038095238095238096,0.009238095238095238
24.376787014007164,0.00038095238095238096,0.009238095238095238
24.381787014007163,0.00038095238095238096,0.009238095238095238
24.38678701400716,0.00038095238095238096,0.009142857142857144
24.39178701400716,0.00038095238095238096,0.009142857142857144
24.39678701400716,0.00038095238095238096,0.009142857142857144
24.401787014007162,0.00038095238095238096,0.009142857142857144
24.40678701400716,0.00038095238095238096,0.009142857142857144
24.41178701400716,0.00038095238095238096,0.009142857142857144
24.416787014007163,0.00038095238095238096,0.009142857142857144
24.421787014007162,0.00038095238095238096,0.009142857142857144
24.42678701400716,0.00038095238095238096,0.009142857142857144
24.43178701400716,0.00038095238095238096,0.009142857142857144
24.43678701400716,0.00038095238095238096,0.009142857142857144
24.44178701400716,0.00038095238095238096,0.009142857142857144
24.44678701400716,0.00038095238095238096,0.009142857142857144
24.45178701400716,0.00038095238095238096,0.009142857142857144
24.456787014007162,0.00038095238095238096,0.009142857142857144
24.46178701400716,0.00038095238095238096,0.009142857142857144
24.46678701400716,0.00038095238095238096,0.009142857142857144
24.47178701400716,0.00038095238095238096,0.009142857142857144
24.476787014007158,0.00038095238095238096,0.009142857142857144
24.48178701400716,0.00038095238095238096,0.009142857142857144
24.48678701400716,0.00038095238095238096,0.009142857142857144
24.49178701400716,0.00038095238095238096,0.009142857142857144
24.49678701400716,0.00038095238095238096,0.009142857142857144
24.50178701400716,0.00038095238095238096,0.009142857142857144
24.50678701400716,0.00038095238095238096,0.009142857142857144
24.511787014007158,0.00038095238095238096,0.009142857142857144
24.516787014007157,0.00038095238095238096,0.009142857142857144
24.52178701400716,0.00038095238095238096,0.009142857142857144
24.52678701400716,0.00038095238095238096,0.009142857142857144
24.531787014007158,0.00038095238095238096,0.009142857142857144
24.53678701400716,0.00038095238095238096,0.009142857142857144
24.54178701400716,0.00038095238095238096,0.009142857142857144
24.54678701400716,0.00038095238095238096,0.009142857142857144
24.551787014007157,0.00038095238095238096,0.009142857142857144
24.556787014007156,0.00038095238095238096,0.009142857142857144
24.56178701400716,0.00038095238095238096,0.009142857142857144
24.566787014007158,0.00038095238095238096,0.009142857142857144
24.571787014007157,0.00038095238095238096,0.009142857142857144
24.57678701400716,0.00038095238095238096,0.009142857142857144
24.58178701400716,0.00038095238095238096,0.009047619047619047
24.586787014007157,0.00038095238095238096,0.009047619047619047
24.591787014007156,0.00038095238095238096,0.009047619047619047
24.596787014007155,0.00038095238095238096,0.009047619047619047
24.601787014007158,0.00038095238095238096,0.009047619047619047
24.606787014007157,0.00038095238095238096,0.009047619047619047
24.611787014007156,0.00038095238095238096,0.009047619047619047
24.61678701400716,0.00038095238095238096,0.009047619047619047
24.621787014007158,0.00038095238095238096,0.009047619047619047
24.626787014007157,0.00038095238095238096,0.009047619047619047
24.631787014007156,0.00038095238095238096,0.009047619047619047
24.636787014007155,0.00038095238095238096,0.009047619047619047
24.641787014007157,0.00038095238095238096,0.009047619047619047
24.646787014007156,0.00038095238095238096,0.009047619047619047
24.651787014007155,0.00038095238095238096,0.009047619047619047
24.656787014007158,0.00038095238095238096,0.009047619047619047
24.661787014007157,0.00038095238095238096,0.009047619047619047
24.666787014007156,0.00038095238095238096,0.009047619047619047
24.671787014007155,0.00038095238095238096,0.009047619047619047
24.676787014007154,0.00038095238095238096,0.009047619047619047
24.681787014007156,0.00038095238095238096,0.009047619047619047
24.686787014007155,0.00038095238095238096,0.009047619047619047
24.691787014007154,0.00038095238095238096,0.009047619047619047
24.696787014007157,0.00038095238095238096,0.009047619047619047
24.701787014007156,0.00038095238095238096,0.009047619047619047
24.706787014007155,0.00038095238095238096,0.009047619047619047
24.711787014007154,0.00038095238095238096,0.009047619047619047
24.716787014007153,0.00038095238095238096,0.009047619047619047
24.721787014007155,0.00038095238095238096,0.009047619047619047
24.726787014007154,0.00038095238095238096,0.009047619047619047
24.731787014007153,0.00038095238095238096,0.009047619047619047
24.736787014007156,0.00038095238095238096,0.008952380952380953
24.741787014007155,0.00038095238095238096,0.008952380952380953
24.746787014007154,0.00038095238095238096,0.008857142857142857
24.751787014007153,0.00038095238095238096,0.008857142857142857
24.756787014007152,0.00038095238095238096,0.008857142857142857
24.761787014007155,0.00038095238095238096,0.008857142857142857
24.766787014007154,0.00038095238095238096,0.008857142857142857
24.771787014007153,0.00038095238095238096,0.008857142857142857
24.776787014007155,0.00038095238095238096,0.008857142857142857
24.781787014007154,0.00038095238095238096,0.008857142857142857
24.786787014007153,0.00038095238095238096,0.008857142857142857
24.791787014007152,0.00038095238095238096,0.008857142857142857
24.79678701400715,0.00038095238095238096,0.008857142857142857
24.801787014007154,0.00038095238095238096,0.008857142857142857
24.806787014007153,0.00038095238095238096,0.008761904761904762
24.81178701400715,0.00038095238095238096,0.008761904761904762
24.816787014007154,0.00038095238095238096,0.008761904761904762
24.821787014007153,0.00038095238095238096,0.008761904761904762
24.826787014007152,0.00038095238095238096,0.008666666666666666
24.83178701400715,0.00038095238095238096,0.008666666666666666
24.83678701400715,0.00038095238095238096,0.008666666666666666
24.841787014007153,0.00038095238095238096,0.008666666666666666
24.846787014007152,0.00038095238095238096,0.008666666666666666
24.85178701400715,0.00038095238095238096,0.008666666666666666
24.856787014007153,0.00038095238095238096,0.008666666666666666
24.861787014007152,0.00038095238095238096,0.008666666666666666
24.86678701400715,0.00038095238095238096,0.008666666666666666
24.87178701400715,0.00038095238095238096,0.008666666666666666
24.87678701400715,0.00038095238095238096,0.008666666666666666
24.881787014007152,0.00038095238095238096,0.008666666666666666
24.88678701400715,0.00038095238095238096,0.008476190476190476
24.89178701400715,0.00038095238095238096,0.008476190476190476
24.896787014007153,0.00038095238095238096,0.008476190476190476
24.90178701400715,0.00038095238095238096,0.008476190476190476
24.90678701400715,0.00038095238095238096,0.008476190476190476
24.91178701400715,0.00038095238095238096,0.008476190476190476
24.91678701400715,0.00038095238095238096,0.008476190476190476
24.92178701400715,0.00038095238095238096,0.008476190476190476
24.92678701400715,0.00038095238095238096,0.008476190476190476
24.93178701400715,0.00038095238095238096,0.008476190476190476
24.93678701400715,0.00038095238095238096,0.008476190476190476
24.94178701400715,0.00038095238095238096,0.008476190476190476
24.94678701400715,0.00038095238095238096,0.008476190476190476
24.95178701400715,0.00038095238095238096,0.008476190476190476
24.956787014007148,0.00038095238095238096,0.008476190476190476
24.96178701400715,0.00038095238095238096,0.008476190476190476
24.96678701400715,0.00038095238095238096,0.008476190476190476
24.97178701400715,0.00038095238095238096,0.008476190476190476
24.97678701400715,0.00038095238095238096,0.008476190476190476
24.98178701400715,0.00038095238095238096,0.008476190476190476
24.98678701400715,0.00038095238095238096,0.008476190476190476
24.991787014007148,0.00038095238095238096,0.008476190476190476
24.996787014007147,0.00038095238095238096,0.008476190476190476
25.00178701400715,0.00038095238095238096,0.008476190476190476
25.00678701400715,0.00038095238095238096,0.008476190476190476
25.011787014007147,0.00038095238095238096,0.008476190476190476
25.01678701400715,0.00038095238095238096,0.008476190476190476
25.02178701400715,0.00038095238095238096,0.008476190476190476
25.026787014007148,0.00038095238095238096,0.008476190476190476
25.031787014007147,0.00038095238095238096,0.008476190476190476
25.036787014007146,0.00038095238095238096,0.008476190476190476
25.04178701400715,0.00038095238095238096,0.008476190476190476
25.046787014007148,0.00038095238095238096,0.008476190476190476
25.051787014007147,0.00038095238095238096,0.008476190476190476
25.05678701400715,0.00038095238095238096,0.008476190476190476
25.061787014007148,0.00038095238095238096,0.008476190476190476
25.066787014007147,0.00038095238095238096,0.008476190476190476
25.071787014007146,0.00038095238095238096,0.008476190476190476
25.076787014007145,0.00038095238095238096,0.008476190476190476
25.081787014007148,0.00038095238095238096,0.008476190476190476
25.086787014007147,0.00038095238095238096,0.008476190476190476
25.091787014007146,0.00038095238095238096,0.008476190476190476
25.09678701400715,0.00038095238095238096,0.008476190476190476
25.101787014007147,0.00038095238095238096,0.008476190476190476
25.106787014007146,0.00038095238095238096,0.008476190476190476
25.111787014007145,0.00038095238095238096,0.008476190476190476
25.116787014007144,0.00038095238095238096,0.008476190476190476
25.121787014007147,0.00038095238095238096,0.008380952380952381
25.126787014007146,0.00038095238095238096,0.008380952380952381
25.131787014007145,0.00038095238095238096,0.008380952380952381
25.136787014007147,0.00038095238095238096,0.008380952380952381
25.141787014007146,0.00038095238095238096,0.008380952380952381
25.146787014007145,0.00038095238095238096,0.008380952380952381
25.151787014007144,0.00038095238095238096,0.008380952380952381
25.156787014007143,0.00038095238095238096,0.008380952380952381
25.161787014007146,0.00038095238095238096,0.008380952380952381
25.166787014007145,0.00038095238095238096,0.008380952380952381
25.171787014007144,0.00038095238095238096,0.008380952380952381
25.176787014007147,0.00038095238095238096,0.008380952380952381
25.181787014007146,0.00038095238095238096,0.008380952380952381
25.186787014007145,0.00038095238095238096,0.008380952380952381
25.191787014007144,0.00038095238095238096,0.008380952380952381
25.196787014007143,0.00038095238095238096,0.008380952380952381
25.201787014007145,0.00038095238095238096,0.008285714285714285
25.206787014007144,0.00038095238095238096,0.008285714285714285
25.211787014007143,0.00038095238095238096,0.008285714285714285
25.216787014007146,0.00038095238095238096,0.008285714285714285
25.221787014007145,0.00038095238095238096,0.008285714285714285
25.226787014007144,0.00038095238095238096,0.008285714285714285
25.231787014007143,0.00038095238095238096,0.008285714285714285
25.23678701400714,0.00038095238095238096,0.008285714285714285
25.241787014007144,0.00038095238095238096,0.00819047619047619
25.246787014007143,0.00038095238095238096,0.00819047619047619
25.251787014007142,0.00038095238095238096,0.00819047619047619
25.256787014007145,0.00038095238095238096,0.00819047619047619
25.261787014007144,0.00038095238095238096,0.00819047619047619
25.266787014007143,0.00038095238095238096,0.00819047619047619
25.271787014007142,0.00038095238095238096,0.00819047619047619
25.27678701400714,0.00038095238095238096,0.00819047619047619
25.281787014007143,0.00038095238095238096,0.00819047619047619
25.286787014007142,0.00038095238095238096,0.00819047619047619
25.29178701400714,0.00038095238095238096,0.00819047619047619
25.296787014007144,0.00038095238095238096,0.00819047619047619
25.301787014007143,0.00038095238095238096,0.00819047619047619
25.306787014007142,0.00038095238095238096,0.00819047619047619
25.31178701400714,0.00038095238095238096,0.008095238095238095
25.31678701400714,0.00038095238095238096,0.008095238095238095
25.321787014007143,0.00038095238095238096,0.008095238095238095
25.32678701400714,0.00038095238095238096,0.008095238095238095
25.33178701400714,0.00038095238095238096,0.008095238095238095
25.336787014007143,0.00038095238095238096,0.008095238095238095
25.341787014007142,0.00038095238095238096,0.008095238095238095
25.34678701400714,0.00038095238095238096,0.008095238095238095
25.35178701400714,0.00038095238095238096,0.008095238095238095
25.35678701400714,0.00038095238095238096,0.008095238095238095
25.36178701400714,0.00038095238095238096,0.008095238095238095
25.36678701400714,0.00038095238095238096,0.008095238095238095
25.37178701400714,0.00038095238095238096,0.008095238095238095
25.376787014007142,0.00038095238095238096,0.008095238095238095
25.38178701400714,0.00038095238095238096,0.008095238095238095
25.38678701400714,0.00038095238095238096,0.008095238095238095
25.39178701400714,0.00038095238095238096,0.008095238095238095
25.39678701400714,0.00038095238095238096,0.008095238095238095
25.40178701400714,0.00038095238095238096,0.008095238095238095
25.40678701400714,0.00038095238095238096,0.008095238095238095
25.41178701400714,0.00038095238095238096,0.008095238095238095
25.41678701400714,0.00038095238095238096,0.008095238095238095
25.42178701400714,0.00038095238095238096,0.008095238095238095
25.42678701400714,0.00038095238095238096,0.008095238095238095
25.43178701400714,0.00038095238095238096,0.008095238095238095
25.436787014007137,0.00038095238095238096,0.008095238095238095
25.44178701400714,0.00038095238095238096,0.008095238095238095
25.44678701400714,0.00038095238095238096,0.008095238095238095
25.451787014007138,0.00038095238095238096,0.008095238095238095
25.45678701400714,0.00038095238095238096,0.008095238095238095
25.46178701400714,0.00038095238095238096,0.008095238095238095
25.46678701400714,0.00038095238095238096,0.008095238095238095
25.471787014007138,0.00038095238095238096,0.008095238095238095
25.476787014007137,0.00038095238095238096,0.008095238095238095
25.48178701400714,0.00038095238095238096,0.008095238095238095
25.486787014007138,0.00038095238095238096,0.008095238095238095
25.491787014007137,0.00038095238095238096,0.008095238095238095
25.49678701400714,0.00038095238095238096,0.008095238095238095
25.50178701400714,0.00038095238095238096,0.008095238095238095
25.506787014007138,0.00038095238095238096,0.008
25.511787014007137,0.00038095238095238096,0.008
25.516787014007136,0.00038095238095238096,0.008
25.52178701400714,0.00038095238095238096,0.008
25.526787014007137,0.00038095238095238096,0.008
25.531787014007136,0.00038095238095238096,0.008
25.53678701400714,0.00028571428571428574,0.008
25.541787014007138,0.00028571428571428574,0.008
25.546787014007137,0.00028571428571428574,0.007904761904761904
25.551787014007136,0.00028571428571428574,0.007904761904761904
25.556787014007135,0.00028571428571428574,0.00780952380952381
25.561787014007137,0.00028571428571428574,0.00780952380952381
25.566787014007136,0.00028571428571428574,0.00780952380952381
25.571787014007135,0.00028571428571428574,0.00780952380952381
25.576787014007138,0.00028571428571428574,0.00780952380952381
25.581787014007137,0.00028571428571428574,0.00780952380952381
25.586787014007136,0.00028571428571428574,0.00780952380952381
25.591787014007135,0.00028571428571428574,0.00780952380952381
25.596787014007134,0.00028571428571428574,0.007714285714285714
25.601787014007137,0.00028571428571428574,0.007714285714285714
25.606787014007136,0.00028571428571428574,0.007714285714285714
25.611787014007135,0.00028571428571428574,0.007714285714285714
25.616787014007137,0.00028571428571428574,0.007714285714285714
25.621787014007136,0.00028571428571428574,0.007619047619047619
25.626787014007135,0.00028571428571428574,0.007619047619047619
25.631787014007134,0.00028571428571428574,0.007619047619047619
25.636787014007133,0.00028571428571428574,0.007619047619047619
25.641787014007136,0.00028571428571428574,0.007619047619047619
25.646787014007135,0.00028571428571428574,0.007619047619047619
25.651787014007134,0.00028571428571428574,0.007619047619047619
25.656787014007136,0.00028571428571428574,0.007619047619047619
25.661787014007135,0.00028571428571428574,0.007619047619047619
25.666787014007134,0.00028571428571428574,0.007619047619047619
25.671787014007133,0.00028571428571428574,0.007619047619047619
25.676787014007132,0.00028571428571428574,0.007619047619047619
25.681787014007135,0.00028571428571428574,0.007619047619047619
25.686787014007134,0.00028571428571428574,0.007619047619047619
25.691787014007133,0.00028571428571428574,0.007523809523809524
25.696787014007135,0.00028571428571428574,0.007523809523809524
25.701787014007135,0.00028571428571428574,0.007523809523809524
25.706787014007134,0.00028571428571428574,0.007523809523809524
25.711787014007133,0.00028571428571428574,0.007523809523809524
25.71678701400713,0.00028571428571428574,0.007523809523809524
25.721787014007134,0.00028571428571428574,0.007523809523809524
25.726787014007133,0.00028571428571428574,0.007523809523809524
25.731787014007132,0.00028571428571428574,0.007523809523809524
25.736787014007135,0.00028571428571428574,0.007523809523809524
25.741787014007134,0.00028571428571428574,0.007523809523809524
25.746787014007133,0.00028571428571428574,0.007523809523809524
25.75178701400713,0.00028571428571428574,0.007523809523809524
25.75678701400713,0.00028571428571428574,0.007523809523809524
25.761787014007133,0.00028571428571428574,0.007523809523809524
25.766787014007132,0.00028571428571428574,0.007523809523809524
25.77178701400713,0.00028571428571428574,0.007523809523809524
25.776787014007134,0.00028571428571428574,0.0074285714285714285
25.781787014007133,0.00028571428571428574,0.0074285714285714285
25.786787014007132,0.00028571428571428574,0.0074285714285714285
25.79178701400713,0.00028571428571428574,0.0074285714285714285
25.79678701400713,0.00028571428571428574,0.0074285714285714285
25.801787014007132,0.00028571428571428574,0.0074285714285714285
25.80678701400713,0.00028571428571428574,0.0074285714285714285
25.81178701400713,0.00028571428571428574,0.0074285714285714285
25.816787014007133,0.00028571428571428574,0.0074285714285714285
25.821787014007132,0.00028571428571428574,0.0074285714285714285
25.82678701400713,0.00028571428571428574,0.0074285714285714285
25.83178701400713,0.00028571428571428574,0.0074285714285714285
25.83678701400713,0.00028571428571428574,0.0074285714285714285
25.84178701400713,0.00028571428571428574,0.0074285714285714285
25.84678701400713,0.00028571428571428574,0.0074285714285714285
25.85178701400713,0.00028571428571428574,0.0074285714285714285
25.856787014007132,0.00028571428571428574,0.0074285714285714285
25.86178701400713,0.00028571428571428574,0.0074285714285714285
25.86678701400713,0.00028571428571428574,0.0074285714285714285
25.87178701400713,0.00028571428571428574,0.007333333333333333
25.876787014007128,0.00028571428571428574,0.007333333333333333
25.88178701400713,0.00028571428571428574,0.007238095238095238
25.88678701400713,0.00028571428571428574,0.007142857142857143
25.89178701400713,0.00028571428571428574,0.007142857142857143
25.89678701400713,0.00028571428571428574,0.007142857142857143
25.90178701400713,0.00028571428571428574,0.007142857142857143
25.90678701400713,0.00028571428571428574,0.007142857142857143
25.91178701400713,0.00028571428571428574,0.007142857142857143
25.916787014007127,0.00028571428571428574,0.007142857142857143
25.92178701400713,0.00028571428571428574,0.007142857142857143
25.92678701400713,0.00028571428571428574,0.007142857142857143
25.931787014007128,0.00028571428571428574,0.007142857142857143
25.93678701400713,0.00028571428571428574,0.007142857142857143
25.94178701400713,0.00028571428571428574,0.007142857142857143
25.94678701400713,0.00028571428571428574,0.007142857142857143
25.951787014007127,0.00028571428571428574,0.007142857142857143
25.956787014007126,0.00028571428571428574,0.007142857142857143
25.96178701400713,0.00028571428571428574,0.007142857142857143
25.966787014007128,0.00028571428571428574,0.007142857142857143
25.971787014007127,0.00028571428571428574,0.007142857142857143
25.97678701400713,0.00028571428571428574,0.007142857142857143
25.98178701400713,0.00028571428571428574,0.007142857142857143
25.986787014007128,0.00028571428571428574,0.007142857142857143
25.991787014007127,0.00028571428571428574,0.007142857142857143
25.996787014007126,0.00028571428571428574,0.007047619047619047
26.001787014007128,0.00028571428571428574,0.007047619047619047
26.006787014007127,0.00028571428571428574,0.007047619047619047
26.011787014007126,0.00028571428571428574,0.007047619047619047
26.01678701400713,0.00028571428571428574,0.007047619047619047
26.021787014007128,0.00028571428571428574,0.007047619047619047
26.026787014007127,0.00019047619047619048,0.007047619047619047
26.031787014007126,0.00019047619047619048,0.007047619047619047
26.036787014007125,0.00019047619047619048,0.007047619047619047
26.041787014007127,0.00019047619047619048,0.007047619047619047
26.046787014007126,0.00019047619047619048,0.007047619047619047
26.051787014007125,0.00019047619047619048,0.007047619047619047
26.056787014007128,0.00019047619047619048,0.007047619047619047
26.061787014007127,0.00019047619047619048,0.007047619047619047
26.066787014007126,0.00019047619047619048,0.007047619047619047
26.071787014007125,0.00019047619047619048,0.007047619047619047
26.076787014007124,0.00019047619047619048,0.007047619047619047
26.081787014007126,0.00019047619047619048,0.007047619047619047
26.086787014007125,0.00019047619047619048,0.007047619047619047
26.091787014007124,0.00019047619047619048,0.007047619047619047
26.096787014007127,0.00019047619047619048,0.007047619047619047
26.101787014007126,0.00019047619047619048,0.007047619047619047
26.106787014007125,0.00019047619047619048,0.007047619047619047
26.111787014007124,0.00019047619047619048,0.007047619047619047
26.116787014007123,0.00019047619047619048,0.007047619047619047
26.121787014007126,0.00019047619047619048,0.007047619047619047
26.126787014007125,0.00019047619047619048,0.006952380952380952
26.131787014007124,0.00019047619047619048,0.006952380952380952
26.136787014007126,0.00019047619047619048,0.006952380952380952
26.141787014007125,0.00019047619047619048,0.006952380952380952
26.146787014007124,0.00019047619047619048,0.006952380952380952
26.151787014007123,0.00019047619047619048,0.006857142857142857
26.156787014007122,0.00019047619047619048,0.006857142857142857
26.161787014007125,0.00019047619047619048,0.006857142857142857
26.166787014007124,0.00019047619047619048,0.006857142857142857
26.171787014007123,0.00019047619047619048,0.006857142857142857
26.176787014007125,0.00019047619047619048,0.006857142857142857
26.181787014007124,0.00019047619047619048,0.006857142857142857
26.186787014007123,0.00019047619047619048,0.006857142857142857
26.191787014007122,0.00019047619047619048,0.006857142857142857
26.19678701400712,0.00019047619047619048,0.006857142857142857
26.201787014007124,0.00019047619047619048,0.006857142857142857
26.206787014007123,0.00019047619047619048,0.006857142857142857
26.211787014007122,0.00019047619047619048,0.006857142857142857
26.216787014007124,0.00019047619047619048,0.006857142857142857
26.221787014007123,0.00019047619047619048,0.006857142857142857
26.226787014007122,0.00019047619047619048,0.006857142857142857
26.23178701400712,0.00019047619047619048,0.006857142857142857
26.23678701400712,0.00019047619047619048,0.006857142857142857
26.241787014007123,0.00019047619047619048,0.006857142857142857
26.246787014007122,0.00019047619047619048,0.006857142857142857
26.25178701400712,0.00019047619047619048,0.006857142857142857
26.256787014007124,0.00019047619047619048,0.006857142857142857
26.261787014007123,0.00019047619047619048,0.006857142857142857
26.26678701400712,0.00019047619047619048,0.006857142857142857
26.27178701400712,0.00019047619047619048,0.006857142857142857
26.27678701400712,0.00019047619047619048,0.006857142857142857
26.281787014007122,0.00019047619047619048,0.006857142857142857
26.28678701400712,0.00019047619047619048,0.006857142857142857
26.29178701400712,0.00019047619047619048,0.006857142857142857
26.296787014007123,0.00019047619047619048,0.006857142857142857
26.30178701400712,0.00019047619047619048,0.006857142857142857
26.30678701400712,0.00019047619047619048,0.006857142857142857
26.31178701400712,0.00019047619047619048,0.006857142857142857
26.31678701400712,0.00019047619047619048,0.006857142857142857
26.32178701400712,0.00019047619047619048,0.006857142857142857
26.32678701400712,0.00019047619047619048,0.006857142857142857
26.33178701400712,0.00019047619047619048,0.006857142857142857
26.336787014007122,0.00019047619047619048,0.006857142857142857
26.34178701400712,0.00019047619047619048,0.006857142857142857
26.34678701400712,0.00019047619047619048,0.006857142857142857
26.35178701400712,0.00019047619047619048,0.006857142857142857
26.356787014007118,0.00019047619047619048,0.006857142857142857
26.36178701400712,0.00019047619047619048,0.006857142857142857
26.36678701400712,0.00019047619047619048,0.006857142857142857
26.37178701400712,0.00019047619047619048,0.006857142857142857
26.37678701400712,0.00019047619047619048,0.006857142857142857
26.38178701400712,0.00019047619047619048,0.006857142857142857
26.38678701400712,9.523809523809524e-05,0.006857142857142857
26.391787014007118,9.523809523809524e-05,0.006857142857142857
26.396787014007117,9.523809523809524e-05,0.006857142857142857
26.40178701400712,9.523809523809524e-05,0.006857142857142857
26.40678701400712,9.523809523809524e-05,0.006857142857142857
26.411787014007118,9.523809523809524e-05,0.006857142857142857
26.41678701400712,9.523809523809524e-05,0.006857142857142857
26.42178701400712,9.523809523809524e-05,0.006857142857142857
26.426787014007118,9.523809523809524e-05,0.006857142857142857
26.431787014007117,9.523809523809524e-05,0.006857142857142857
26.436787014007116,9.523809523809524e-05,0.006857142857142857
26.44178701400712,9.523809523809524e-05,0.006857142857142857
26.446787014007118,9.523809523809524e-05,0.006857142857142857
26.451787014007117,9.523809523809524e-05,0.006857142857142857
