threshold,count_above_threshold1,count_above_threshold2
-1.0,0.9846666666666667,0.9998095238095238
-0.9995,0.9846666666666667,0.9998095238095238
-0.9990000000000001,0.9846666666666667,0.9998095238095238
-0.9985000000000002,0.9846666666666667,0.9998095238095238
-0.9980000000000002,0.9846666666666667,0.9998095238095238
-0.9975000000000003,0.9846666666666667,0.9998095238095238
-0.9970000000000003,0.9846666666666667,0.9998095238095238
-0.9965000000000004,0.9846666666666667,0.9998095238095238
-0.9960000000000004,0.9846666666666667,0.9998095238095238
-0.9955000000000005,0.9846666666666667,0.9998095238095238
-0.9950000000000006,0.9846666666666667,0.9998095238095238
-0.9945000000000006,0.9846666666666667,0.9998095238095238
-0.9940000000000007,0.9846666666666667,0.9998095238095238
-0.9935000000000007,0.9846666666666667,0.9998095238095238
-0.9930000000000008,0.9846666666666667,0.9998095238095238
-0.9925000000000008,0.9846666666666667,0.9998095238095238
-0.9920000000000009,0.9846666666666667,0.9998095238095238
-0.9915000000000009,0.9846666666666667,0.9998095238095238
-0.991000000000001,0.9846666666666667,0.9998095238095238
-0.990500000000001,0.9846666666666667,0.9998095238095238
-0.9900000000000011,0.9846666666666667,0.9998095238095238
-0.9895000000000012,0.9846666666666667,0.9998095238095238
-0.9890000000000012,0.9846666666666667,0.9998095238095238
-0.9885000000000013,0.9846666666666667,0.9998095238095238
-0.9880000000000013,0.9846666666666667,0.9998095238095238
-0.9875000000000014,0.9846666666666667,0.9998095238095238
-0.9870000000000014,0.9846666666666667,0.9998095238095238
-0.9865000000000015,0.9846666666666667,0.9998095238095238
-0.9860000000000015,0.9846666666666667,0.9998095238095238
-0.9855000000000016,0.9846666666666667,0.9998095238095238
-0.9850000000000017,0.9846666666666667,0.9998095238095238
-0.9845000000000017,0.9846666666666667,0.9998095238095238
-0.9840000000000018,0.9846666666666667,0.9998095238095238
-0.9835000000000018,0.9846666666666667,0.9998095238095238
-0.9830000000000019,0.9846666666666667,0.9998095238095238
-0.9825000000000019,0.9846666666666667,0.9998095238095238
-0.982000000000002,0.9846666666666667,0.9998095238095238
-0.981500000000002,0.9846666666666667,0.9998095238095238
-0.9810000000000021,0.9846666666666667,0.9998095238095238
-0.9805000000000021,0.9846666666666667,0.9998095238095238
-0.9800000000000022,0.9846666666666667,0.9998095238095238
-0.9795000000000023,0.9846666666666667,0.9998095238095238
-0.9790000000000023,0.9846666666666667,0.9998095238095238
-0.9785000000000024,0.9846666666666667,0.9998095238095238
-0.9780000000000024,0.9846666666666667,0.9998095238095238
-0.9775000000000025,0.9846666666666667,0.9998095238095238
-0.9770000000000025,0.9846666666666667,0.9998095238095238
-0.9765000000000026,0.9846666666666667,0.9998095238095238
-0.9760000000000026,0.9846666666666667,0.9998095238095238
-0.9755000000000027,0.9846666666666667,0.9998095238095238
-0.9750000000000028,0.9846666666666667,0.9998095238095238
-0.9745000000000028,0.9846666666666667,0.9998095238095238
-0.9740000000000029,0.9846666666666667,0.9998095238095238
-0.9735000000000029,0.9846666666666667,0.9998095238095238
-0.973000000000003,0.9846666666666667,0.9998095238095238
-0.972500000000003,0.9846666666666667,0.9998095238095238
-0.9720000000000031,0.9846666666666667,0.9998095238095238
-0.9715000000000031,0.9846666666666667,0.9998095238095238
-0.9710000000000032,0.9846666666666667,0.9998095238095238
-0.9705000000000032,0.9846666666666667,0.9998095238095238
-0.9700000000000033,0.9846666666666667,0.9998095238095238
-0.9695000000000034,0.9846666666666667,0.9998095238095238
-0.9690000000000034,0.9846666666666667,0.9998095238095238
-0.9685000000000035,0.9846666666666667,0.9998095238095238
-0.9680000000000035,0.9846666666666667,0.9998095238095238
-0.9675000000000036,0.9846666666666667,0.9998095238095238
-0.9670000000000036,0.9846666666666667,0.9998095238095238
-0.9665000000000037,0.9846666666666667,0.9998095238095238
-0.9660000000000037,0.9846666666666667,0.9998095238095238
-0.9655000000000038,0.9846666666666667,0.9998095238095238
-0.9650000000000039,0.9846666666666667,0.9998095238095238
-0.9645000000000039,0.9846666666666667,0.9998095238095238
-0.964000000000004,0.9846666666666667,0.9998095238095238
-0.963500000000004,0.9846666666666667,0.9998095238095238
-0.9630000000000041,0.9846666666666667,0.9998095238095238
-0.9625000000000041,0.9846666666666667,0.9998095238095238
-0.9620000000000042,0.9846666666666667,0.9998095238095238
-0.9615000000000042,0.9846666666666667,0.9998095238095238
-0.9610000000000043,0.9846666666666667,0.9998095238095238
-0.9605000000000044,0.9846666666666667,0.9998095238095238
-0.9600000000000044,0.9846666666666667,0.9998095238095238
-0.9595000000000045,0.9846666666666667,0.9998095238095238
-0.9590000000000045,0.9846666666666667,0.9998095238095238
-0.9585000000000046,0.9846666666666667,0.9998095238095238
-0.9580000000000046,0.9846666666666667,0.9998095238095238
-0.9575000000000047,0.9846666666666667,0.9998095238095238
-0.9570000000000047,0.9846666666666667,0.9998095238095238
-0.9565000000000048,0.9846666666666667,0.9998095238095238
-0.9560000000000048,0.9846666666666667,0.9998095238095238
-0.9555000000000049,0.9846666666666667,0.9998095238095238
-0.955000000000005,0.9846666666666667,0.9998095238095238
-0.954500000000005,0.9846666666666667,0.9998095238095238
-0.9540000000000051,0.9846666666666667,0.9998095238095238
-0.9535000000000051,0.9846666666666667,0.9998095238095238
-0.9530000000000052,0.9846666666666667,0.9998095238095238
-0.9525000000000052,0.9846666666666667,0.9998095238095238
-0.9520000000000053,0.9846666666666667,0.9998095238095238
-0.9515000000000053,0.9846666666666667,0.9998095238095238
-0.9510000000000054,0.9846666666666667,0.9998095238095238
-0.9505000000000055,0.9846666666666667,0.9998095238095238
-0.9500000000000055,0.9846666666666667,0.9998095238095238
-0.9495000000000056,0.9846666666666667,0.9998095238095238
-0.9490000000000056,0.9846666666666667,0.9998095238095238
-0.9485000000000057,0.9846666666666667,0.9998095238095238
-0.9480000000000057,0.9846666666666667,0.9998095238095238
-0.9475000000000058,0.9846666666666667,0.9998095238095238
-0.9470000000000058,0.9846666666666667,0.9998095238095238
-0.9465000000000059,0.9846666666666667,0.9998095238095238
-0.946000000000006,0.9846666666666667,0.9998095238095238
-0.945500000000006,0.9846666666666667,0.9998095238095238
-0.9450000000000061,0.9846666666666667,0.9998095238095238
-0.9445000000000061,0.9846666666666667,0.9998095238095238
-0.9440000000000062,0.9846666666666667,0.9998095238095238
-0.9435000000000062,0.9846666666666667,0.9998095238095238
-0.9430000000000063,0.9846666666666667,0.9998095238095238
-0.9425000000000063,0.9846666666666667,0.9998095238095238
-0.9420000000000064,0.9846666666666667,0.9998095238095238
-0.9415000000000064,0.9846666666666667,0.9998095238095238
-0.9410000000000065,0.9846666666666667,0.9998095238095238
-0.9405000000000066,0.9846666666666667,0.9998095238095238
-0.9400000000000066,0.9846666666666667,0.9998095238095238
-0.9395000000000067,0.9846666666666667,0.9998095238095238
-0.9390000000000067,0.9846666666666667,0.9998095238095238
-0.9385000000000068,0.9846666666666667,0.9998095238095238
-0.9380000000000068,0.9846666666666667,0.9998095238095238
-0.9375000000000069,0.9846666666666667,0.9998095238095238
-0.9370000000000069,0.9846666666666667,0.9998095238095238
-0.936500000000007,0.9846666666666667,0.9998095238095238
-0.936000000000007,0.9846666666666667,0.9998095238095238
-0.9355000000000071,0.9846666666666667,0.9998095238095238
-0.9350000000000072,0.9846666666666667,0.9998095238095238
-0.9345000000000072,0.9846666666666667,0.9998095238095238
-0.9340000000000073,0.9846666666666667,0.9998095238095238
-0.9335000000000073,0.9846666666666667,0.9998095238095238
-0.9330000000000074,0.9846666666666667,0.9998095238095238
-0.9325000000000074,0.9846666666666667,0.9998095238095238
-0.9320000000000075,0.9846666666666667,0.9998095238095238
-0.9315000000000075,0.9846666666666667,0.9998095238095238
-0.9310000000000076,0.9846666666666667,0.9998095238095238
-0.9305000000000077,0.9846666666666667,0.9998095238095238
-0.9300000000000077,0.9846666666666667,0.9998095238095238
-0.9295000000000078,0.9846666666666667,0.9998095238095238
-0.9290000000000078,0.9846666666666667,0.9998095238095238
-0.9285000000000079,0.9846666666666667,0.9998095238095238
-0.9280000000000079,0.9846666666666667,0.9998095238095238
-0.927500000000008,0.9846666666666667,0.9998095238095238
-0.927000000000008,0.9846666666666667,0.9998095238095238
-0.9265000000000081,0.9846666666666667,0.9998095238095238
-0.9260000000000081,0.9846666666666667,0.9998095238095238
-0.9255000000000082,0.9846666666666667,0.9998095238095238
-0.9250000000000083,0.9846666666666667,0.9998095238095238
-0.9245000000000083,0.9846666666666667,0.9998095238095238
-0.9240000000000084,0.9846666666666667,0.9998095238095238
-0.9235000000000084,0.9846666666666667,0.9998095238095238
-0.9230000000000085,0.9846666666666667,0.9998095238095238
-0.9225000000000085,0.9846666666666667,0.9998095238095238
-0.9220000000000086,0.9846666666666667,0.9998095238095238
-0.9215000000000086,0.9846666666666667,0.9998095238095238
-0.9210000000000087,0.9846666666666667,0.9998095238095238
-0.9205000000000088,0.9846666666666667,0.9998095238095238
-0.9200000000000088,0.9846666666666667,0.9998095238095238
-0.9195000000000089,0.9846666666666667,0.9998095238095238
-0.9190000000000089,0.9846666666666667,0.9998095238095238
-0.918500000000009,0.9846666666666667,0.9998095238095238
-0.918000000000009,0.9846666666666667,0.9998095238095238
-0.9175000000000091,0.9846666666666667,0.9998095238095238
-0.9170000000000091,0.9846666666666667,0.9998095238095238
-0.9165000000000092,0.9846666666666667,0.9998095238095238
-0.9160000000000093,0.9846666666666667,0.9998095238095238
-0.9155000000000093,0.9846666666666667,0.9998095238095238
-0.9150000000000094,0.9846666666666667,0.9998095238095238
-0.9145000000000094,0.9846666666666667,0.9998095238095238
-0.9140000000000095,0.9846666666666667,0.9998095238095238
-0.9135000000000095,0.9846666666666667,0.9998095238095238
-0.9130000000000096,0.9846666666666667,0.9998095238095238
-0.9125000000000096,0.9846666666666667,0.9998095238095238
-0.9120000000000097,0.9846666666666667,0.9998095238095238
-0.9115000000000097,0.9846666666666667,0.9998095238095238
-0.9110000000000098,0.9846666666666667,0.9998095238095238
-0.9105000000000099,0.9846666666666667,0.9998095238095238
-0.9100000000000099,0.9846666666666667,0.9998095238095238
-0.90950000000001,0.9846666666666667,0.9998095238095238
-0.90900000000001,0.9846666666666667,0.9998095238095238
-0.9085000000000101,0.9846666666666667,0.9998095238095238
-0.9080000000000101,0.9846666666666667,0.9998095238095238
-0.9075000000000102,0.9846666666666667,0.9998095238095238
-0.9070000000000102,0.9846666666666667,0.9998095238095238
-0.9065000000000103,0.9846666666666667,0.9998095238095238
-0.9060000000000104,0.9846666666666667,0.9998095238095238
-0.9055000000000104,0.9846666666666667,0.9998095238095238
-0.9050000000000105,0.9846666666666667,0.9998095238095238
-0.9045000000000105,0.9846666666666667,0.9998095238095238
-0.9040000000000106,0.9846666666666667,0.9998095238095238
-0.9035000000000106,0.9846666666666667,0.9998095238095238
-0.9030000000000107,0.9846666666666667,0.9998095238095238
-0.9025000000000107,0.9846666666666667,0.9998095238095238
-0.9020000000000108,0.9846666666666667,0.9998095238095238
-0.9015000000000108,0.9846666666666667,0.9998095238095238
-0.9010000000000109,0.9846666666666667,0.9998095238095238
-0.900500000000011,0.9846666666666667,0.9998095238095238
-0.900000000000011,0.9846666666666667,0.9998095238095238
-0.8995000000000111,0.9846666666666667,0.9998095238095238
-0.8990000000000111,0.9846666666666667,0.9998095238095238
-0.8985000000000112,0.9846666666666667,0.9998095238095238
-0.8980000000000112,0.9846666666666667,0.9998095238095238
-0.8975000000000113,0.9846666666666667,0.9998095238095238
-0.8970000000000113,0.9846666666666667,0.9998095238095238
-0.8965000000000114,0.9846666666666667,0.9998095238095238
-0.8960000000000115,0.9846666666666667,0.9998095238095238
-0.8955000000000115,0.9846666666666667,0.9998095238095238
-0.8950000000000116,0.9846666666666667,0.9998095238095238
-0.8945000000000116,0.9846666666666667,0.9998095238095238
-0.8940000000000117,0.9846666666666667,0.9998095238095238
-0.8935000000000117,0.9846666666666667,0.9998095238095238
-0.8930000000000118,0.9846666666666667,0.9998095238095238
-0.8925000000000118,0.9846666666666667,0.9998095238095238
-0.8920000000000119,0.9846666666666667,0.9998095238095238
-0.891500000000012,0.9846666666666667,0.9998095238095238
-0.891000000000012,0.9846666666666667,0.9998095238095238
-0.8905000000000121,0.9846666666666667,0.9998095238095238
-0.8900000000000121,0.9846666666666667,0.9998095238095238
-0.8895000000000122,0.9846666666666667,0.9998095238095238
-0.8890000000000122,0.9846666666666667,0.9998095238095238
-0.8885000000000123,0.9846666666666667,0.9998095238095238
-0.8880000000000123,0.9846666666666667,0.9998095238095238
-0.8875000000000124,0.9846666666666667,0.9998095238095238
-0.8870000000000124,0.9846666666666667,0.9998095238095238
-0.8865000000000125,0.9846666666666667,0.9998095238095238
-0.8860000000000126,0.9846666666666667,0.9998095238095238
-0.8855000000000126,0.9846666666666667,0.9998095238095238
-0.8850000000000127,0.9846666666666667,0.9998095238095238
-0.8845000000000127,0.9846666666666667,0.9998095238095238
-0.8840000000000128,0.9846666666666667,0.9998095238095238
-0.8835000000000128,0.9846666666666667,0.9998095238095238
-0.8830000000000129,0.9846666666666667,0.9998095238095238
-0.8825000000000129,0.9846666666666667,0.9998095238095238
-0.882000000000013,0.9846666666666667,0.9998095238095238
-0.881500000000013,0.9846666666666667,0.9998095238095238
-0.8810000000000131,0.9846666666666667,0.9998095238095238
-0.8805000000000132,0.9846666666666667,0.9998095238095238
-0.8800000000000132,0.9846666666666667,0.9998095238095238
-0.8795000000000133,0.9846666666666667,0.9998095238095238
-0.8790000000000133,0.9846666666666667,0.9998095238095238
-0.8785000000000134,0.9846666666666667,0.9998095238095238
-0.8780000000000134,0.9846666666666667,0.9998095238095238
-0.8775000000000135,0.9846666666666667,0.9998095238095238
-0.8770000000000135,0.9846666666666667,0.9998095238095238
-0.8765000000000136,0.9846666666666667,0.9998095238095238
-0.8760000000000137,0.9846666666666667,0.9998095238095238
-0.8755000000000137,0.9846666666666667,0.9998095238095238
-0.8750000000000138,0.9846666666666667,0.9998095238095238
-0.8745000000000138,0.9846666666666667,0.9998095238095238
-0.8740000000000139,0.9846666666666667,0.9998095238095238
-0.8735000000000139,0.9846666666666667,0.9998095238095238
-0.873000000000014,0.9846666666666667,0.9998095238095238
-0.872500000000014,0.9846666666666667,0.9998095238095238
-0.8720000000000141,0.9846666666666667,0.9998095238095238
-0.8715000000000142,0.9846666666666667,0.9998095238095238
-0.8710000000000142,0.9846666666666667,0.9998095238095238
-0.8705000000000143,0.9846666666666667,0.9998095238095238
-0.8700000000000143,0.9846666666666667,0.9998095238095238
-0.8695000000000144,0.9846666666666667,0.9998095238095238
-0.8690000000000144,0.9846666666666667,0.9998095238095238
-0.8685000000000145,0.9846666666666667,0.9998095238095238
-0.8680000000000145,0.9846666666666667,0.9998095238095238
-0.8675000000000146,0.9846666666666667,0.9998095238095238
-0.8670000000000146,0.9846666666666667,0.9998095238095238
-0.8665000000000147,0.9846666666666667,0.9998095238095238
-0.8660000000000148,0.9846666666666667,0.9998095238095238
-0.8655000000000148,0.9846666666666667,0.9998095238095238
-0.8650000000000149,0.9846666666666667,0.9998095238095238
-0.8645000000000149,0.9846666666666667,0.9998095238095238
-0.864000000000015,0.9846666666666667,0.9998095238095238
-0.863500000000015,0.9846666666666667,0.9998095238095238
-0.8630000000000151,0.9846666666666667,0.9998095238095238
-0.8625000000000151,0.9846666666666667,0.9998095238095238
-0.8620000000000152,0.9846666666666667,0.9998095238095238
-0.8615000000000153,0.9846666666666667,0.9998095238095238
-0.8610000000000153,0.9846666666666667,0.9998095238095238
-0.8605000000000154,0.9846666666666667,0.9998095238095238
-0.8600000000000154,0.9846666666666667,0.9998095238095238
-0.8595000000000155,0.9846666666666667,0.9998095238095238
-0.8590000000000155,0.9846666666666667,0.9998095238095238
-0.8585000000000156,0.9846666666666667,0.9998095238095238
-0.8580000000000156,0.9846666666666667,0.9998095238095238
-0.8575000000000157,0.9846666666666667,0.9998095238095238
-0.8570000000000157,0.9846666666666667,0.9998095238095238
-0.8565000000000158,0.9846666666666667,0.9998095238095238
-0.8560000000000159,0.9846666666666667,0.9998095238095238
-0.8555000000000159,0.9846666666666667,0.9998095238095238
-0.855000000000016,0.9846666666666667,0.9998095238095238
-0.854500000000016,0.9846666666666667,0.9998095238095238
-0.8540000000000161,0.9846666666666667,0.9998095238095238
-0.8535000000000161,0.9846666666666667,0.9998095238095238
-0.8530000000000162,0.9846666666666667,0.9998095238095238
-0.8525000000000162,0.9846666666666667,0.9998095238095238
-0.8520000000000163,0.9846666666666667,0.9998095238095238
-0.8515000000000164,0.9846666666666667,0.9998095238095238
-0.8510000000000164,0.9846666666666667,0.9998095238095238
-0.8505000000000165,0.9846666666666667,0.9998095238095238
-0.8500000000000165,0.9846666666666667,0.9998095238095238
-0.8495000000000166,0.9846666666666667,0.9998095238095238
-0.8490000000000166,0.9846666666666667,0.9998095238095238
-0.8485000000000167,0.9846666666666667,0.9998095238095238
-0.8480000000000167,0.9846666666666667,0.9998095238095238
-0.8475000000000168,0.9846666666666667,0.9998095238095238
-0.8470000000000169,0.9846666666666667,0.9998095238095238
-0.8465000000000169,0.9846666666666667,0.9998095238095238
-0.846000000000017,0.9846666666666667,0.9998095238095238
-0.845500000000017,0.9846666666666667,0.9998095238095238
-0.8450000000000171,0.9846666666666667,0.9998095238095238
-0.8445000000000171,0.9846666666666667,0.9998095238095238
-0.8440000000000172,0.9846666666666667,0.9998095238095238
-0.8435000000000172,0.9846666666666667,0.9998095238095238
-0.8430000000000173,0.9846666666666667,0.9998095238095238
-0.8425000000000173,0.9846666666666667,0.9998095238095238
-0.8420000000000174,0.9846666666666667,0.9998095238095238
-0.8415000000000175,0.9846666666666667,0.9998095238095238
-0.8410000000000175,0.9846666666666667,0.9998095238095238
-0.8405000000000176,0.9846666666666667,0.9998095238095238
-0.8400000000000176,0.9846666666666667,0.9998095238095238
-0.8395000000000177,0.9846666666666667,0.9998095238095238
-0.8390000000000177,0.9846666666666667,0.9998095238095238
-0.8385000000000178,0.9846666666666667,0.9998095238095238
-0.8380000000000178,0.9846666666666667,0.9998095238095238
-0.8375000000000179,0.9846666666666667,0.9998095238095238
-0.837000000000018,0.9846666666666667,0.9998095238095238
-0.836500000000018,0.9846666666666667,0.9998095238095238
-0.8360000000000181,0.9846666666666667,0.9998095238095238
-0.8355000000000181,0.9846666666666667,0.9998095238095238
-0.8350000000000182,0.9846666666666667,0.9998095238095238
-0.8345000000000182,0.9846666666666667,0.9998095238095238
-0.8340000000000183,0.9846666666666667,0.9998095238095238
-0.8335000000000183,0.9846666666666667,0.9998095238095238
-0.8330000000000184,0.9846666666666667,0.9998095238095238
-0.8325000000000184,0.9846666666666667,0.9998095238095238
-0.8320000000000185,0.9846666666666667,0.9998095238095238
-0.8315000000000186,0.9846666666666667,0.9998095238095238
-0.8310000000000186,0.9846666666666667,0.9998095238095238
-0.8305000000000187,0.9846666666666667,0.9998095238095238
-0.8300000000000187,0.9846666666666667,0.9998095238095238
-0.8295000000000188,0.9846666666666667,0.9998095238095238
-0.8290000000000188,0.9846666666666667,0.9998095238095238
-0.8285000000000189,0.9846666666666667,0.9998095238095238
-0.8280000000000189,0.9846666666666667,0.9998095238095238
-0.827500000000019,0.9846666666666667,0.9998095238095238
-0.827000000000019,0.9846666666666667,0.9998095238095238
-0.8265000000000191,0.9846666666666667,0.9998095238095238
-0.8260000000000192,0.9846666666666667,0.9998095238095238
-0.8255000000000192,0.9846666666666667,0.9998095238095238
-0.8250000000000193,0.9846666666666667,0.9998095238095238
-0.8245000000000193,0.9846666666666667,0.9998095238095238
-0.8240000000000194,0.9846666666666667,0.9998095238095238
-0.8235000000000194,0.9846666666666667,0.9998095238095238
-0.8230000000000195,0.9846666666666667,0.9998095238095238
-0.8225000000000195,0.9846666666666667,0.9998095238095238
-0.8220000000000196,0.9846666666666667,0.9998095238095238
-0.8215000000000197,0.9846666666666667,0.9998095238095238
-0.8210000000000197,0.9846666666666667,0.9998095238095238
-0.8205000000000198,0.9846666666666667,0.9998095238095238
-0.8200000000000198,0.9846666666666667,0.9998095238095238
-0.8195000000000199,0.9846666666666667,0.9998095238095238
-0.8190000000000199,0.9846666666666667,0.9998095238095238
-0.81850000000002,0.9846666666666667,0.9998095238095238
-0.81800000000002,0.9846666666666667,0.9998095238095238
-0.8175000000000201,0.9846666666666667,0.9998095238095238
-0.8170000000000202,0.9846666666666667,0.9998095238095238
-0.8165000000000202,0.9846666666666667,0.9998095238095238
-0.8160000000000203,0.9846666666666667,0.9998095238095238
-0.8155000000000203,0.9846666666666667,0.9998095238095238
-0.8150000000000204,0.9846666666666667,0.9998095238095238
-0.8145000000000204,0.9846666666666667,0.9998095238095238
-0.8140000000000205,0.9846666666666667,0.9998095238095238
-0.8135000000000205,0.9846666666666667,0.9998095238095238
-0.8130000000000206,0.9846666666666667,0.9998095238095238
-0.8125000000000207,0.9846666666666667,0.9998095238095238
-0.8120000000000207,0.9846666666666667,0.9998095238095238
-0.8115000000000208,0.9846666666666667,0.9998095238095238
-0.8110000000000208,0.9846666666666667,0.9998095238095238
-0.8105000000000209,0.9846666666666667,0.9998095238095238
-0.8100000000000209,0.9846666666666667,0.9998095238095238
-0.809500000000021,0.9846666666666667,0.9998095238095238
-0.809000000000021,0.9846666666666667,0.9998095238095238
-0.8085000000000211,0.9846666666666667,0.9998095238095238
-0.8080000000000211,0.9846666666666667,0.9998095238095238
-0.8075000000000212,0.9846666666666667,0.9998095238095238
-0.8070000000000213,0.9846666666666667,0.9998095238095238
-0.8065000000000213,0.9846666666666667,0.9998095238095238
-0.8060000000000214,0.9846666666666667,0.9998095238095238
-0.8055000000000214,0.9846666666666667,0.9998095238095238
-0.8050000000000215,0.9846666666666667,0.9998095238095238
-0.8045000000000215,0.9846666666666667,0.9998095238095238
-0.8040000000000216,0.9846666666666667,0.9998095238095238
-0.8035000000000216,0.9846666666666667,0.9998095238095238
-0.8030000000000217,0.9846666666666667,0.9998095238095238
-0.8025000000000218,0.9846666666666667,0.9998095238095238
-0.8020000000000218,0.9846666666666667,0.9998095238095238
-0.8015000000000219,0.9846666666666667,0.9998095238095238
-0.8010000000000219,0.9846666666666667,0.9998095238095238
-0.800500000000022,0.9846666666666667,0.9998095238095238
-0.800000000000022,0.9846666666666667,0.9998095238095238
-0.7995000000000221,0.9846666666666667,0.9998095238095238
-0.7990000000000221,0.9846666666666667,0.9998095238095238
-0.7985000000000222,0.9846666666666667,0.9998095238095238
-0.7980000000000222,0.9846666666666667,0.9998095238095238
-0.7975000000000223,0.9846666666666667,0.9998095238095238
-0.7970000000000224,0.9846666666666667,0.9998095238095238
-0.7965000000000224,0.9846666666666667,0.9998095238095238
-0.7960000000000225,0.9846666666666667,0.9998095238095238
-0.7955000000000225,0.9846666666666667,0.9998095238095238
-0.7950000000000226,0.9846666666666667,0.9998095238095238
-0.7945000000000226,0.9846666666666667,0.9998095238095238
-0.7940000000000227,0.9846666666666667,0.9998095238095238
-0.7935000000000227,0.9846666666666667,0.9998095238095238
-0.7930000000000228,0.9846666666666667,0.9998095238095238
-0.7925000000000229,0.9846666666666667,0.9998095238095238
-0.7920000000000229,0.9846666666666667,0.9998095238095238
-0.791500000000023,0.9846666666666667,0.9998095238095238
-0.791000000000023,0.9846666666666667,0.9998095238095238
-0.7905000000000231,0.9846666666666667,0.9998095238095238
-0.7900000000000231,0.9846666666666667,0.9998095238095238
-0.7895000000000232,0.9846666666666667,0.9998095238095238
-0.7890000000000232,0.9846666666666667,0.9998095238095238
-0.7885000000000233,0.9846666666666667,0.9998095238095238
-0.7880000000000233,0.9846666666666667,0.9998095238095238
-0.7875000000000234,0.9846666666666667,0.9998095238095238
-0.7870000000000235,0.9846666666666667,0.9998095238095238
-0.7865000000000235,0.9846666666666667,0.9998095238095238
-0.7860000000000236,0.9846666666666667,0.9998095238095238
-0.7855000000000236,0.9846666666666667,0.9998095238095238
-0.7850000000000237,0.9846666666666667,0.9998095238095238
-0.7845000000000237,0.9846666666666667,0.9998095238095238
-0.7840000000000238,0.9846666666666667,0.9998095238095238
-0.7835000000000238,0.9846666666666667,0.9998095238095238
-0.7830000000000239,0.9846666666666667,0.9998095238095238
-0.782500000000024,0.9846666666666667,0.9998095238095238
-0.782000000000024,0.9846666666666667,0.9998095238095238
-0.7815000000000241,0.9846666666666667,0.9998095238095238
-0.7810000000000241,0.9846666666666667,0.9998095238095238
-0.7805000000000242,0.9846666666666667,0.9998095238095238
-0.7800000000000242,0.9846666666666667,0.9998095238095238
-0.7795000000000243,0.9846666666666667,0.9998095238095238
-0.7790000000000243,0.9846666666666667,0.9998095238095238
-0.7785000000000244,0.9846666666666667,0.9998095238095238
-0.7780000000000244,0.9846666666666667,0.9998095238095238
-0.7775000000000245,0.9846666666666667,0.9998095238095238
-0.7770000000000246,0.9846666666666667,0.9998095238095238
-0.7765000000000246,0.9846666666666667,0.9998095238095238
-0.7760000000000247,0.9846666666666667,0.9998095238095238
-0.7755000000000247,0.9846666666666667,0.9998095238095238
-0.7750000000000248,0.9846666666666667,0.9998095238095238
-0.7745000000000248,0.9846666666666667,0.9998095238095238
-0.7740000000000249,0.9846666666666667,0.9998095238095238
-0.773500000000025,0.9846666666666667,0.9998095238095238
-0.773000000000025,0.9846666666666667,0.9998095238095238
-0.7725000000000251,0.9846666666666667,0.9998095238095238
-0.7720000000000251,0.9846666666666667,0.9998095238095238
-0.7715000000000252,0.9846666666666667,0.9998095238095238
-0.7710000000000252,0.9846666666666667,0.9998095238095238
-0.7705000000000253,0.9846666666666667,0.9998095238095238
-0.7700000000000253,0.9846666666666667,0.9998095238095238
-0.7695000000000254,0.9846666666666667,0.9998095238095238
-0.7690000000000254,0.9846666666666667,0.9998095238095238
-0.7685000000000255,0.9846666666666667,0.9998095238095238
-0.7680000000000256,0.9846666666666667,0.9998095238095238
-0.7675000000000256,0.9846666666666667,0.9998095238095238
-0.7670000000000257,0.9846666666666667,0.9998095238095238
-0.7665000000000257,0.9846666666666667,0.9998095238095238
-0.7660000000000258,0.9846666666666667,0.9998095238095238
-0.7655000000000258,0.9846666666666667,0.9998095238095238
-0.7650000000000259,0.9846666666666667,0.9998095238095238
-0.7645000000000259,0.9846666666666667,0.9998095238095238
-0.764000000000026,0.9846666666666667,0.9998095238095238
-0.763500000000026,0.9846666666666667,0.9998095238095238
-0.7630000000000261,0.9846666666666667,0.9998095238095238
-0.7625000000000262,0.9846666666666667,0.9998095238095238
-0.7620000000000262,0.9846666666666667,0.9998095238095238
-0.7615000000000263,0.9846666666666667,0.9998095238095238
-0.7610000000000263,0.9846666666666667,0.9998095238095238
-0.7605000000000264,0.9846666666666667,0.9998095238095238
-0.7600000000000264,0.9846666666666667,0.9998095238095238
-0.7595000000000265,0.9846666666666667,0.9998095238095238
-0.7590000000000265,0.9846666666666667,0.9998095238095238
-0.7585000000000266,0.9846666666666667,0.9998095238095238
-0.7580000000000267,0.9846666666666667,0.9998095238095238
-0.7575000000000267,0.9846666666666667,0.9998095238095238
-0.7570000000000268,0.9846666666666667,0.9998095238095238
-0.7565000000000268,0.9846666666666667,0.9998095238095238
-0.7560000000000269,0.9846666666666667,0.9998095238095238
-0.7555000000000269,0.9846666666666667,0.9998095238095238
-0.755000000000027,0.9846666666666667,0.9998095238095238
-0.754500000000027,0.9846666666666667,0.9998095238095238
-0.7540000000000271,0.9846666666666667,0.9998095238095238
-0.7535000000000271,0.9846666666666667,0.9998095238095238
-0.7530000000000272,0.9846666666666667,0.9998095238095238
-0.7525000000000273,0.9846666666666667,0.9998095238095238
-0.7520000000000273,0.9846666666666667,0.9998095238095238
-0.7515000000000274,0.9846666666666667,0.9998095238095238
-0.7510000000000274,0.9846666666666667,0.9998095238095238
-0.7505000000000275,0.9846666666666667,0.9998095238095238
-0.7500000000000275,0.9846666666666667,0.9998095238095238
-0.7495000000000276,0.9846666666666667,0.9998095238095238
-0.7490000000000276,0.9846666666666667,0.9998095238095238
-0.7485000000000277,0.9846666666666667,0.9998095238095238
-0.7480000000000278,0.9846666666666667,0.9998095238095238
-0.7475000000000278,0.9846666666666667,0.9998095238095238
-0.7470000000000279,0.9846666666666667,0.9998095238095238
-0.7465000000000279,0.9846666666666667,0.9998095238095238
-0.746000000000028,0.9846666666666667,0.9998095238095238
-0.745500000000028,0.9846666666666667,0.9998095238095238
-0.7450000000000281,0.9846666666666667,0.9998095238095238
-0.7445000000000281,0.9846666666666667,0.9998095238095238
-0.7440000000000282,0.9846666666666667,0.9998095238095238
-0.7435000000000282,0.9846666666666667,0.9998095238095238
-0.7430000000000283,0.9846666666666667,0.9998095238095238
-0.7425000000000284,0.9846666666666667,0.9998095238095238
-0.7420000000000284,0.9846666666666667,0.9998095238095238
-0.7415000000000285,0.9846666666666667,0.9998095238095238
-0.7410000000000285,0.9846666666666667,0.9998095238095238
-0.7405000000000286,0.9846666666666667,0.9998095238095238
-0.7400000000000286,0.9846666666666667,0.9998095238095238
-0.7395000000000287,0.9846666666666667,0.9998095238095238
-0.7390000000000287,0.9846666666666667,0.9998095238095238
-0.7385000000000288,0.9846666666666667,0.9998095238095238
-0.7380000000000289,0.9846666666666667,0.9998095238095238
-0.7375000000000289,0.9846666666666667,0.9998095238095238
-0.737000000000029,0.9846666666666667,0.9998095238095238
-0.736500000000029,0.9846666666666667,0.9998095238095238
-0.7360000000000291,0.9846666666666667,0.9998095238095238
-0.7355000000000291,0.9846666666666667,0.9998095238095238
-0.7350000000000292,0.9846666666666667,0.9998095238095238
-0.7345000000000292,0.9846666666666667,0.9998095238095238
-0.7340000000000293,0.9846666666666667,0.9998095238095238
-0.7335000000000294,0.9846666666666667,0.9998095238095238
-0.7330000000000294,0.9846666666666667,0.9998095238095238
-0.7325000000000295,0.9846666666666667,0.9998095238095238
-0.7320000000000295,0.9846666666666667,0.9998095238095238
-0.7315000000000296,0.9846666666666667,0.9998095238095238
-0.7310000000000296,0.9846666666666667,0.9998095238095238
-0.7305000000000297,0.9846666666666667,0.9998095238095238
-0.7300000000000297,0.9846666666666667,0.9998095238095238
-0.7295000000000298,0.9846666666666667,0.9998095238095238
-0.7290000000000298,0.9846666666666667,0.9998095238095238
-0.7285000000000299,0.9846666666666667,0.9998095238095238
-0.72800000000003,0.9846666666666667,0.9998095238095238
-0.72750000000003,0.9846666666666667,0.9998095238095238
-0.7270000000000301,0.9846666666666667,0.9998095238095238
-0.7265000000000301,0.9846666666666667,0.9998095238095238
-0.7260000000000302,0.9846666666666667,0.9998095238095238
-0.7255000000000302,0.9846666666666667,0.9998095238095238
-0.7250000000000303,0.9846666666666667,0.9998095238095238
-0.7245000000000303,0.9846666666666667,0.9998095238095238
-0.7240000000000304,0.9846666666666667,0.9998095238095238
-0.7235000000000305,0.9846666666666667,0.9998095238095238
-0.7230000000000305,0.9846666666666667,0.9998095238095238
-0.7225000000000306,0.9846666666666667,0.9998095238095238
-0.7220000000000306,0.9846666666666667,0.9998095238095238
-0.7215000000000307,0.9846666666666667,0.9998095238095238
-0.7210000000000307,0.9846666666666667,0.9998095238095238
-0.7205000000000308,0.9846666666666667,0.9998095238095238
-0.7200000000000308,0.9846666666666667,0.9998095238095238
-0.7195000000000309,0.9846666666666667,0.9998095238095238
-0.719000000000031,0.9846666666666667,0.9998095238095238
-0.718500000000031,0.9846666666666667,0.9998095238095238
-0.7180000000000311,0.9846666666666667,0.9998095238095238
-0.7175000000000311,0.9846666666666667,0.9998095238095238
-0.7170000000000312,0.9846666666666667,0.9998095238095238
-0.7165000000000312,0.9846666666666667,0.9998095238095238
-0.7160000000000313,0.9846666666666667,0.9998095238095238
-0.7155000000000313,0.9846666666666667,0.9998095238095238
-0.7150000000000314,0.9846666666666667,0.9998095238095238
-0.7145000000000314,0.9846666666666667,0.9998095238095238
-0.7140000000000315,0.9846666666666667,0.9998095238095238
-0.7135000000000316,0.9846666666666667,0.9998095238095238
-0.7130000000000316,0.9846666666666667,0.9998095238095238
-0.7125000000000317,0.9846666666666667,0.9998095238095238
-0.7120000000000317,0.9846666666666667,0.9998095238095238
-0.7115000000000318,0.9846666666666667,0.9998095238095238
-0.7110000000000318,0.9846666666666667,0.9998095238095238
-0.7105000000000319,0.9846666666666667,0.9998095238095238
-0.7100000000000319,0.9846666666666667,0.9998095238095238
-0.709500000000032,0.9846666666666667,0.9998095238095238
-0.709000000000032,0.9846666666666667,0.9998095238095238
-0.7085000000000321,0.9846666666666667,0.9998095238095238
-0.7080000000000322,0.9846666666666667,0.9998095238095238
-0.7075000000000322,0.9846666666666667,0.9998095238095238
-0.7070000000000323,0.9846666666666667,0.9998095238095238
-0.7065000000000323,0.9846666666666667,0.9998095238095238
-0.7060000000000324,0.9846666666666667,0.9998095238095238
-0.7055000000000324,0.9846666666666667,0.9998095238095238
-0.7050000000000325,0.9846666666666667,0.9998095238095238
-0.7045000000000325,0.9846666666666667,0.9998095238095238
-0.7040000000000326,0.9846666666666667,0.9998095238095238
-0.7035000000000327,0.9846666666666667,0.9998095238095238
-0.7030000000000327,0.9846666666666667,0.9998095238095238
-0.7025000000000328,0.9846666666666667,0.9998095238095238
-0.7020000000000328,0.9846666666666667,0.9998095238095238
-0.7015000000000329,0.9846666666666667,0.9998095238095238
-0.7010000000000329,0.9846666666666667,0.9998095238095238
-0.700500000000033,0.9846666666666667,0.9998095238095238
-0.700000000000033,0.9846666666666667,0.9998095238095238
-0.6995000000000331,0.9846666666666667,0.9998095238095238
-0.6990000000000332,0.9846666666666667,0.9998095238095238
-0.6985000000000332,0.9846666666666667,0.9998095238095238
-0.6980000000000333,0.9846666666666667,0.9998095238095238
-0.6975000000000333,0.9846666666666667,0.9998095238095238
-0.6970000000000334,0.9846666666666667,0.9998095238095238
-0.6965000000000334,0.9846666666666667,0.9998095238095238
-0.6960000000000335,0.9846666666666667,0.9998095238095238
-0.6955000000000335,0.9846666666666667,0.9998095238095238
-0.6950000000000336,0.9846666666666667,0.9998095238095238
-0.6945000000000336,0.9846666666666667,0.9998095238095238
-0.6940000000000337,0.9846666666666667,0.9998095238095238
-0.6935000000000338,0.9846666666666667,0.9998095238095238
-0.6930000000000338,0.9846666666666667,0.9998095238095238
-0.6925000000000339,0.9846666666666667,0.9998095238095238
-0.6920000000000339,0.9846666666666667,0.9998095238095238
-0.691500000000034,0.9846666666666667,0.9998095238095238
-0.691000000000034,0.9846666666666667,0.9998095238095238
-0.6905000000000341,0.9846666666666667,0.9998095238095238
-0.6900000000000341,0.9846666666666667,0.9998095238095238
-0.6895000000000342,0.9846666666666667,0.9998095238095238
-0.6890000000000343,0.9846666666666667,0.9998095238095238
-0.6885000000000343,0.9846666666666667,0.9998095238095238
-0.6880000000000344,0.9846666666666667,0.9998095238095238
-0.6875000000000344,0.9846666666666667,0.9998095238095238
-0.6870000000000345,0.9846666666666667,0.9998095238095238
-0.6865000000000345,0.9846666666666667,0.9998095238095238
-0.6860000000000346,0.9846666666666667,0.9998095238095238
-0.6855000000000346,0.9846666666666667,0.9998095238095238
-0.6850000000000347,0.9846666666666667,0.9998095238095238
-0.6845000000000347,0.9846666666666667,0.9998095238095238
-0.6840000000000348,0.9846666666666667,0.9998095238095238
-0.6835000000000349,0.9846666666666667,0.9998095238095238
-0.6830000000000349,0.9846666666666667,0.9998095238095238
-0.682500000000035,0.9846666666666667,0.9998095238095238
-0.682000000000035,0.9846666666666667,0.9998095238095238
-0.6815000000000351,0.9846666666666667,0.9998095238095238
-0.6810000000000351,0.9846666666666667,0.9998095238095238
-0.6805000000000352,0.9846666666666667,0.9998095238095238
-0.6800000000000352,0.9846666666666667,0.9998095238095238
-0.6795000000000353,0.9846666666666667,0.9998095238095238
-0.6790000000000354,0.9846666666666667,0.9998095238095238
-0.6785000000000354,0.9846666666666667,0.9998095238095238
-0.6780000000000355,0.9846666666666667,0.9998095238095238
-0.6775000000000355,0.9846666666666667,0.9998095238095238
-0.6770000000000356,0.9846666666666667,0.9998095238095238
-0.6765000000000356,0.9846666666666667,0.9998095238095238
-0.6760000000000357,0.9846666666666667,0.9998095238095238
-0.6755000000000357,0.9846666666666667,0.9998095238095238
-0.6750000000000358,0.9846666666666667,0.9998095238095238
-0.6745000000000358,0.9846666666666667,0.9998095238095238
-0.6740000000000359,0.9846666666666667,0.9998095238095238
-0.673500000000036,0.9846666666666667,0.9998095238095238
-0.673000000000036,0.9846666666666667,0.9998095238095238
-0.6725000000000361,0.9846666666666667,0.9998095238095238
-0.6720000000000361,0.9846666666666667,0.9998095238095238
-0.6715000000000362,0.9846666666666667,0.9998095238095238
-0.6710000000000362,0.9846666666666667,0.9998095238095238
-0.6705000000000363,0.9846666666666667,0.9998095238095238
-0.6700000000000363,0.9846666666666667,0.9998095238095238
-0.6695000000000364,0.9846666666666667,0.9998095238095238
-0.6690000000000365,0.9846666666666667,0.9998095238095238
-0.6685000000000365,0.9846666666666667,0.9998095238095238
-0.6680000000000366,0.9846666666666667,0.9998095238095238
-0.6675000000000366,0.9846666666666667,0.9998095238095238
-0.6670000000000367,0.9846666666666667,0.9998095238095238
-0.6665000000000367,0.9846666666666667,0.9998095238095238
-0.6660000000000368,0.9846666666666667,0.9998095238095238
-0.6655000000000368,0.9846666666666667,0.9998095238095238
-0.6650000000000369,0.9846666666666667,0.9998095238095238
-0.664500000000037,0.9846666666666667,0.9998095238095238
-0.664000000000037,0.9846666666666667,0.9998095238095238
-0.6635000000000371,0.9846666666666667,0.9998095238095238
-0.6630000000000371,0.9846666666666667,0.9998095238095238
-0.6625000000000372,0.9846666666666667,0.9998095238095238
-0.6620000000000372,0.9846666666666667,0.9998095238095238
-0.6615000000000373,0.9846666666666667,0.9998095238095238
-0.6610000000000373,0.9846666666666667,0.9998095238095238
-0.6605000000000374,0.9846666666666667,0.9998095238095238
-0.6600000000000374,0.9846666666666667,0.9998095238095238
-0.6595000000000375,0.9846666666666667,0.9998095238095238
-0.6590000000000376,0.9846666666666667,0.9998095238095238
-0.6585000000000376,0.9846666666666667,0.9998095238095238
-0.6580000000000377,0.9846666666666667,0.9998095238095238
-0.6575000000000377,0.9846666666666667,0.9998095238095238
-0.6570000000000378,0.9846666666666667,0.9998095238095238
-0.6565000000000378,0.9846666666666667,0.9998095238095238
-0.6560000000000379,0.9846666666666667,0.9998095238095238
-0.6555000000000379,0.9846666666666667,0.9998095238095238
-0.655000000000038,0.9846666666666667,0.9998095238095238
-0.654500000000038,0.9846666666666667,0.9998095238095238
-0.6540000000000381,0.9846666666666667,0.9998095238095238
-0.6535000000000382,0.9846666666666667,0.9998095238095238
-0.6530000000000382,0.9846666666666667,0.9998095238095238
-0.6525000000000383,0.9846666666666667,0.9998095238095238
-0.6520000000000383,0.9846666666666667,0.9998095238095238
-0.6515000000000384,0.9846666666666667,0.9998095238095238
-0.6510000000000384,0.9846666666666667,0.9998095238095238
-0.6505000000000385,0.9846666666666667,0.9998095238095238
-0.6500000000000385,0.9846666666666667,0.9998095238095238
-0.6495000000000386,0.9846666666666667,0.9998095238095238
-0.6490000000000387,0.9846666666666667,0.9998095238095238
-0.6485000000000387,0.9846666666666667,0.9998095238095238
-0.6480000000000388,0.9846666666666667,0.9998095238095238
-0.6475000000000388,0.9846666666666667,0.9998095238095238
-0.6470000000000389,0.9846666666666667,0.9998095238095238
-0.6465000000000389,0.9846666666666667,0.9998095238095238
-0.646000000000039,0.9846666666666667,0.9998095238095238
-0.645500000000039,0.9846666666666667,0.9998095238095238
-0.6450000000000391,0.9846666666666667,0.9998095238095238
-0.6445000000000392,0.9846666666666667,0.9998095238095238
-0.6440000000000392,0.9846666666666667,0.9998095238095238
-0.6435000000000393,0.9846666666666667,0.9998095238095238
-0.6430000000000393,0.9846666666666667,0.9998095238095238
-0.6425000000000394,0.9846666666666667,0.9998095238095238
-0.6420000000000394,0.9846666666666667,0.9998095238095238
-0.6415000000000395,0.9846666666666667,0.9998095238095238
-0.6410000000000395,0.9846666666666667,0.9998095238095238
-0.6405000000000396,0.9846666666666667,0.9998095238095238
-0.6400000000000396,0.9846666666666667,0.9998095238095238
-0.6395000000000397,0.9846666666666667,0.9998095238095238
-0.6390000000000398,0.9846666666666667,0.9998095238095238
-0.6385000000000398,0.9846666666666667,0.9998095238095238
-0.6380000000000399,0.9846666666666667,0.9998095238095238
-0.6375000000000399,0.9846666666666667,0.9998095238095238
-0.63700000000004,0.9846666666666667,0.9998095238095238
-0.63650000000004,0.9846666666666667,0.9998095238095238
-0.6360000000000401,0.9846666666666667,0.9998095238095238
-0.6355000000000401,0.9846666666666667,0.9998095238095238
-0.6350000000000402,0.9846666666666667,0.9998095238095238
-0.6345000000000403,0.9846666666666667,0.9998095238095238
-0.6340000000000403,0.9846666666666667,0.9998095238095238
-0.6335000000000404,0.9846666666666667,0.9998095238095238
-0.6330000000000404,0.9846666666666667,0.9998095238095238
-0.6325000000000405,0.9846666666666667,0.9998095238095238
-0.6320000000000405,0.9846666666666667,0.9998095238095238
-0.6315000000000406,0.9846666666666667,0.9998095238095238
-0.6310000000000406,0.9846666666666667,0.9998095238095238
-0.6305000000000407,0.9846666666666667,0.9998095238095238
-0.6300000000000407,0.9846666666666667,0.9998095238095238
-0.6295000000000408,0.9846666666666667,0.9998095238095238
-0.6290000000000409,0.9846666666666667,0.9998095238095238
-0.6285000000000409,0.9846666666666667,0.9998095238095238
-0.628000000000041,0.9846666666666667,0.9998095238095238
-0.627500000000041,0.9846666666666667,0.9998095238095238
-0.6270000000000411,0.9846666666666667,0.9998095238095238
-0.6265000000000411,0.9846666666666667,0.9998095238095238
-0.6260000000000412,0.9846666666666667,0.9998095238095238
-0.6255000000000412,0.9846666666666667,0.9998095238095238
-0.6250000000000413,0.9846666666666667,0.9998095238095238
-0.6245000000000414,0.9846666666666667,0.9998095238095238
-0.6240000000000414,0.9846666666666667,0.9998095238095238
-0.6235000000000415,0.9846666666666667,0.9998095238095238
-0.6230000000000415,0.9846666666666667,0.9998095238095238
-0.6225000000000416,0.9846666666666667,0.9998095238095238
-0.6220000000000416,0.9846666666666667,0.9998095238095238
-0.6215000000000417,0.9846666666666667,0.9998095238095238
-0.6210000000000417,0.9846666666666667,0.9998095238095238
-0.6205000000000418,0.9846666666666667,0.9998095238095238
-0.6200000000000419,0.9846666666666667,0.9998095238095238
-0.6195000000000419,0.9846666666666667,0.9998095238095238
-0.619000000000042,0.9846666666666667,0.9998095238095238
-0.618500000000042,0.9846666666666667,0.9998095238095238
-0.6180000000000421,0.9846666666666667,0.9998095238095238
-0.6175000000000421,0.9846666666666667,0.9998095238095238
-0.6170000000000422,0.9846666666666667,0.9998095238095238
-0.6165000000000422,0.9846666666666667,0.9998095238095238
-0.6160000000000423,0.9846666666666667,0.9998095238095238
-0.6155000000000423,0.9846666666666667,0.9998095238095238
-0.6150000000000424,0.9846666666666667,0.9998095238095238
-0.6145000000000425,0.9846666666666667,0.9998095238095238
-0.6140000000000425,0.9846666666666667,0.9998095238095238
-0.6135000000000426,0.9846666666666667,0.9998095238095238
-0.6130000000000426,0.9846666666666667,0.9998095238095238
-0.6125000000000427,0.9846666666666667,0.9998095238095238
-0.6120000000000427,0.9846666666666667,0.9998095238095238
-0.6115000000000428,0.9846666666666667,0.9998095238095238
-0.6110000000000428,0.9846666666666667,0.9998095238095238
-0.6105000000000429,0.9846666666666667,0.9998095238095238
-0.610000000000043,0.9846666666666667,0.9998095238095238
-0.609500000000043,0.9846666666666667,0.9998095238095238
-0.6090000000000431,0.9846666666666667,0.9998095238095238
-0.6085000000000431,0.9846666666666667,0.9998095238095238
-0.6080000000000432,0.9846666666666667,0.9998095238095238
-0.6075000000000432,0.9846666666666667,0.9998095238095238
-0.6070000000000433,0.9846666666666667,0.9998095238095238
-0.6065000000000433,0.9846666666666667,0.9998095238095238
-0.6060000000000434,0.9846666666666667,0.9998095238095238
-0.6055000000000434,0.9846666666666667,0.9998095238095238
-0.6050000000000435,0.9846666666666667,0.9998095238095238
-0.6045000000000436,0.9846666666666667,0.9998095238095238
-0.6040000000000436,0.9846666666666667,0.9998095238095238
-0.6035000000000437,0.9846666666666667,0.9998095238095238
-0.6030000000000437,0.9846666666666667,0.9998095238095238
-0.6025000000000438,0.9846666666666667,0.9998095238095238
-0.6020000000000438,0.9846666666666667,0.9998095238095238
-0.6015000000000439,0.9846666666666667,0.9998095238095238
-0.6010000000000439,0.9846666666666667,0.9998095238095238
-0.600500000000044,0.9846666666666667,0.9998095238095238
-0.600000000000044,0.9846666666666667,0.9998095238095238
-0.5995000000000441,0.9846666666666667,0.9998095238095238
-0.5990000000000442,0.9846666666666667,0.9998095238095238
-0.5985000000000442,0.9846666666666667,0.9998095238095238
-0.5980000000000443,0.9846666666666667,0.9998095238095238
-0.5975000000000443,0.9846666666666667,0.9998095238095238
-0.5970000000000444,0.9846666666666667,0.9998095238095238
-0.5965000000000444,0.9846666666666667,0.9998095238095238
-0.5960000000000445,0.9846666666666667,0.9998095238095238
-0.5955000000000445,0.9846666666666667,0.9998095238095238
-0.5950000000000446,0.9846666666666667,0.9998095238095238
-0.5945000000000447,0.9846666666666667,0.9998095238095238
-0.5940000000000447,0.9846666666666667,0.9998095238095238
-0.5935000000000448,0.9846666666666667,0.9998095238095238
-0.5930000000000448,0.9846666666666667,0.9998095238095238
-0.5925000000000449,0.9846666666666667,0.9998095238095238
-0.5920000000000449,0.9846666666666667,0.9998095238095238
-0.591500000000045,0.9846666666666667,0.9998095238095238
-0.591000000000045,0.9846666666666667,0.9998095238095238
-0.5905000000000451,0.9846666666666667,0.9998095238095238
-0.5900000000000452,0.9846666666666667,0.9998095238095238
-0.5895000000000452,0.9846666666666667,0.9998095238095238
-0.5890000000000453,0.9846666666666667,0.9998095238095238
-0.5885000000000453,0.9846666666666667,0.9998095238095238
-0.5880000000000454,0.9846666666666667,0.9998095238095238
-0.5875000000000454,0.9846666666666667,0.9998095238095238
-0.5870000000000455,0.9846666666666667,0.9998095238095238
-0.5865000000000455,0.9846666666666667,0.9998095238095238
-0.5860000000000456,0.9846666666666667,0.9998095238095238
-0.5855000000000457,0.9846666666666667,0.9998095238095238
-0.5850000000000457,0.9846666666666667,0.9998095238095238
-0.5845000000000458,0.9846666666666667,0.9998095238095238
-0.5840000000000458,0.9846666666666667,0.9998095238095238
-0.5835000000000459,0.9846666666666667,0.9998095238095238
-0.5830000000000459,0.9846666666666667,0.9998095238095238
-0.582500000000046,0.9846666666666667,0.9998095238095238
-0.582000000000046,0.9846666666666667,0.9998095238095238
-0.5815000000000461,0.9846666666666667,0.9998095238095238
-0.5810000000000461,0.9846666666666667,0.9998095238095238
-0.5805000000000462,0.9846666666666667,0.9998095238095238
-0.5800000000000463,0.9846666666666667,0.9998095238095238
-0.5795000000000463,0.9846666666666667,0.9998095238095238
-0.5790000000000464,0.9846666666666667,0.9998095238095238
-0.5785000000000464,0.9846666666666667,0.9998095238095238
-0.5780000000000465,0.9846666666666667,0.9998095238095238
-0.5775000000000465,0.9846666666666667,0.9998095238095238
-0.5770000000000466,0.9846666666666667,0.9998095238095238
-0.5765000000000466,0.9846666666666667,0.9998095238095238
-0.5760000000000467,0.9846666666666667,0.9998095238095238
-0.5755000000000468,0.9846666666666667,0.9998095238095238
-0.5750000000000468,0.9846666666666667,0.9998095238095238
-0.5745000000000469,0.9846666666666667,0.9998095238095238
-0.5740000000000469,0.9846666666666667,0.9998095238095238
-0.573500000000047,0.9846666666666667,0.9998095238095238
-0.573000000000047,0.9846666666666667,0.9998095238095238
-0.5725000000000471,0.9846666666666667,0.9998095238095238
-0.5720000000000471,0.9846666666666667,0.9998095238095238
-0.5715000000000472,0.9846666666666667,0.9998095238095238
-0.5710000000000472,0.9846666666666667,0.9998095238095238
-0.5705000000000473,0.9846666666666667,0.9998095238095238
-0.5700000000000474,0.9846666666666667,0.9998095238095238
-0.5695000000000474,0.9846666666666667,0.9998095238095238
-0.5690000000000475,0.9846666666666667,0.9998095238095238
-0.5685000000000475,0.9846666666666667,0.9998095238095238
-0.5680000000000476,0.9846666666666667,0.9998095238095238
-0.5675000000000476,0.9846666666666667,0.9998095238095238
-0.5670000000000477,0.9846666666666667,0.9998095238095238
-0.5665000000000477,0.9846666666666667,0.9998095238095238
-0.5660000000000478,0.9846666666666667,0.9998095238095238
-0.5655000000000479,0.9846666666666667,0.9998095238095238
-0.5650000000000479,0.9846666666666667,0.9998095238095238
-0.564500000000048,0.9846666666666667,0.9998095238095238
-0.564000000000048,0.9846666666666667,0.9998095238095238
-0.5635000000000481,0.9846666666666667,0.9998095238095238
-0.5630000000000481,0.9846666666666667,0.9998095238095238
-0.5625000000000482,0.9846666666666667,0.9998095238095238
-0.5620000000000482,0.9846666666666667,0.9998095238095238
-0.5615000000000483,0.9846666666666667,0.9998095238095238
-0.5610000000000483,0.9846666666666667,0.9998095238095238
-0.5605000000000484,0.9846666666666667,0.9998095238095238
-0.5600000000000485,0.9846666666666667,0.9998095238095238
-0.5595000000000485,0.9846666666666667,0.9998095238095238
-0.5590000000000486,0.9846666666666667,0.9998095238095238
-0.5585000000000486,0.9846666666666667,0.9998095238095238
-0.5580000000000487,0.9846666666666667,0.9998095238095238
-0.5575000000000487,0.9846666666666667,0.9998095238095238
-0.5570000000000488,0.9846666666666667,0.9998095238095238
-0.5565000000000488,0.9846666666666667,0.9998095238095238
-0.5560000000000489,0.9846666666666667,0.9998095238095238
-0.555500000000049,0.9846666666666667,0.9998095238095238
-0.555000000000049,0.9846666666666667,0.9998095238095238
-0.5545000000000491,0.9846666666666667,0.9998095238095238
-0.5540000000000491,0.9846666666666667,0.9998095238095238
-0.5535000000000492,0.9846666666666667,0.9998095238095238
-0.5530000000000492,0.9846666666666667,0.9998095238095238
-0.5525000000000493,0.9846666666666667,0.9998095238095238
-0.5520000000000493,0.9846666666666667,0.9998095238095238
-0.5515000000000494,0.9846666666666667,0.9998095238095238
-0.5510000000000495,0.9846666666666667,0.9998095238095238
-0.5505000000000495,0.9846666666666667,0.9998095238095238
-0.5500000000000496,0.9846666666666667,0.9998095238095238
-0.5495000000000496,0.9846666666666667,0.9998095238095238
-0.5490000000000497,0.9846666666666667,0.9998095238095238
-0.5485000000000497,0.9846666666666667,0.9998095238095238
-0.5480000000000498,0.9846666666666667,0.9998095238095238
-0.5475000000000498,0.9846666666666667,0.9998095238095238
-0.5470000000000499,0.9846666666666667,0.9998095238095238
-0.54650000000005,0.9846666666666667,0.9998095238095238
-0.54600000000005,0.9846666666666667,0.9998095238095238
-0.5455000000000501,0.9846666666666667,0.9998095238095238
-0.5450000000000501,0.9846666666666667,0.9998095238095238
-0.5445000000000502,0.9846666666666667,0.9998095238095238
-0.5440000000000502,0.9846666666666667,0.9998095238095238
-0.5435000000000503,0.9846666666666667,0.9998095238095238
-0.5430000000000503,0.9846666666666667,0.9998095238095238
-0.5425000000000504,0.9846666666666667,0.9998095238095238
-0.5420000000000504,0.9846666666666667,0.9998095238095238
-0.5415000000000505,0.9846666666666667,0.9998095238095238
-0.5410000000000506,0.9846666666666667,0.9998095238095238
-0.5405000000000506,0.9846666666666667,0.9998095238095238
-0.5400000000000507,0.9846666666666667,0.9998095238095238
-0.5395000000000507,0.9846666666666667,0.9998095238095238
-0.5390000000000508,0.9846666666666667,0.9998095238095238
-0.5385000000000508,0.9846666666666667,0.9998095238095238
-0.5380000000000509,0.9846666666666667,0.9998095238095238
-0.5375000000000509,0.9846666666666667,0.9998095238095238
-0.537000000000051,0.9846666666666667,0.9998095238095238
-0.536500000000051,0.9846666666666667,0.9998095238095238
-0.5360000000000511,0.9846666666666667,0.9998095238095238
-0.5355000000000512,0.9846666666666667,0.9998095238095238
-0.5350000000000512,0.9846666666666667,0.9998095238095238
-0.5345000000000513,0.9846666666666667,0.9998095238095238
-0.5340000000000513,0.9846666666666667,0.9998095238095238
-0.5335000000000514,0.9846666666666667,0.9998095238095238
-0.5330000000000514,0.9846666666666667,0.9998095238095238
-0.5325000000000515,0.9846666666666667,0.9998095238095238
-0.5320000000000515,0.9846666666666667,0.9998095238095238
-0.5315000000000516,0.9846666666666667,0.9998095238095238
-0.5310000000000517,0.9846666666666667,0.9998095238095238
-0.5305000000000517,0.9846666666666667,0.9998095238095238
-0.5300000000000518,0.9846666666666667,0.9998095238095238
-0.5295000000000518,0.9846666666666667,0.9998095238095238
-0.5290000000000519,0.9846666666666667,0.9998095238095238
-0.5285000000000519,0.9846666666666667,0.9998095238095238
-0.528000000000052,0.9846666666666667,0.9998095238095238
-0.527500000000052,0.9846666666666667,0.9998095238095238
-0.5270000000000521,0.9846666666666667,0.9998095238095238
-0.5265000000000521,0.9846666666666667,0.9998095238095238
-0.5260000000000522,0.9846666666666667,0.9998095238095238
-0.5255000000000523,0.9846666666666667,0.9998095238095238
-0.5250000000000523,0.9846666666666667,0.9998095238095238
-0.5245000000000524,0.9846666666666667,0.9998095238095238
-0.5240000000000524,0.9846666666666667,0.9998095238095238
-0.5235000000000525,0.9846666666666667,0.9998095238095238
-0.5230000000000525,0.9846666666666667,0.9998095238095238
-0.5225000000000526,0.9846666666666667,0.9998095238095238
-0.5220000000000526,0.9846666666666667,0.9998095238095238
-0.5215000000000527,0.9846666666666667,0.9998095238095238
-0.5210000000000528,0.9846666666666667,0.9998095238095238
-0.5205000000000528,0.9846666666666667,0.9998095238095238
-0.5200000000000529,0.9846666666666667,0.9998095238095238
-0.5195000000000529,0.9846666666666667,0.9998095238095238
-0.519000000000053,0.9846666666666667,0.9998095238095238
-0.518500000000053,0.9846666666666667,0.9998095238095238
-0.5180000000000531,0.9846666666666667,0.9998095238095238
-0.5175000000000531,0.9846666666666667,0.9998095238095238
-0.5170000000000532,0.9846666666666667,0.9998095238095238
-0.5165000000000532,0.9846666666666667,0.9998095238095238
-0.5160000000000533,0.9846666666666667,0.9998095238095238
-0.5155000000000534,0.9846666666666667,0.9998095238095238
-0.5150000000000534,0.9846666666666667,0.9998095238095238
-0.5145000000000535,0.9846666666666667,0.9998095238095238
-0.5140000000000535,0.9846666666666667,0.9998095238095238
-0.5135000000000536,0.9846666666666667,0.9998095238095238
-0.5130000000000536,0.9846666666666667,0.9998095238095238
-0.5125000000000537,0.9846666666666667,0.9998095238095238
-0.5120000000000537,0.9846666666666667,0.9998095238095238
-0.5115000000000538,0.9846666666666667,0.9998095238095238
-0.5110000000000539,0.9846666666666667,0.9998095238095238
-0.5105000000000539,0.9846666666666667,0.9998095238095238
-0.510000000000054,0.9846666666666667,0.9998095238095238
-0.509500000000054,0.9846666666666667,0.9998095238095238
-0.5090000000000541,0.9846666666666667,0.9998095238095238
-0.5085000000000541,0.9846666666666667,0.9998095238095238
-0.5080000000000542,0.9846666666666667,0.9998095238095238
-0.5075000000000542,0.9846666666666667,0.9998095238095238
-0.5070000000000543,0.9846666666666667,0.9998095238095238
-0.5065000000000544,0.9846666666666667,0.9998095238095238
-0.5060000000000544,0.9846666666666667,0.9998095238095238
-0.5055000000000545,0.9846666666666667,0.9998095238095238
-0.5050000000000545,0.9846666666666667,0.9998095238095238
-0.5045000000000546,0.9846666666666667,0.9998095238095238
-0.5040000000000546,0.9846666666666667,0.9998095238095238
-0.5035000000000547,0.9846666666666667,0.9998095238095238
-0.5030000000000547,0.9846666666666667,0.9998095238095238
-0.5025000000000548,0.9846666666666667,0.9998095238095238
-0.5020000000000548,0.9846666666666667,0.9998095238095238
-0.5015000000000549,0.9846666666666667,0.9998095238095238
-0.501000000000055,0.9846666666666667,0.9998095238095238
-0.500500000000055,0.9846666666666667,0.9998095238095238
-0.5000000000000551,0.9846666666666667,0.9998095238095238
-0.4995000000000551,0.9846666666666667,0.9998095238095238
-0.4990000000000552,0.9846666666666667,0.9998095238095238
-0.49850000000005523,0.9846666666666667,0.9998095238095238
-0.4980000000000553,0.9846666666666667,0.9998095238095238
-0.49750000000005534,0.9846666666666667,0.9998095238095238
-0.4970000000000554,0.9846666666666667,0.9998095238095238
-0.49650000000005545,0.9846666666666667,0.9998095238095238
-0.4960000000000555,0.9846666666666667,0.9998095238095238
-0.49550000000005556,0.9846666666666667,0.9998095238095238
-0.4950000000000556,0.9846666666666667,0.9998095238095238
-0.4945000000000557,0.9846666666666667,0.9998095238095238
-0.49400000000005573,0.9846666666666667,0.9998095238095238
-0.4935000000000558,0.9846666666666667,0.9998095238095238
-0.49300000000005584,0.9846666666666667,0.9998095238095238
-0.4925000000000559,0.9846666666666667,0.9998095238095238
-0.49200000000005595,0.9846666666666667,0.9998095238095238
-0.491500000000056,0.9846666666666667,0.9998095238095238
-0.49100000000005606,0.9846666666666667,0.9998095238095238
-0.4905000000000561,0.9846666666666667,0.9998095238095238
-0.49000000000005617,0.9846666666666667,0.9998095238095238
-0.4895000000000562,0.9846666666666667,0.9998095238095238
-0.4890000000000563,0.9846666666666667,0.9998095238095238
-0.48850000000005633,0.9846666666666667,0.9998095238095238
-0.4880000000000564,0.9846666666666667,0.9998095238095238
-0.48750000000005644,0.9846666666666667,0.9998095238095238
-0.4870000000000565,0.9846666666666667,0.9998095238095238
-0.48650000000005655,0.9846666666666667,0.9998095238095238
-0.4860000000000566,0.9846666666666667,0.9998095238095238
-0.48550000000005666,0.9846666666666667,0.9998095238095238
-0.4850000000000567,0.9846666666666667,0.9998095238095238
-0.4845000000000568,0.9846666666666667,0.9998095238095238
-0.48400000000005683,0.9846666666666667,0.9998095238095238
-0.4835000000000569,0.9846666666666667,0.9998095238095238
-0.48300000000005694,0.9846666666666667,0.9998095238095238
-0.482500000000057,0.9846666666666667,0.9998095238095238
-0.48200000000005705,0.9846666666666667,0.9998095238095238
-0.4815000000000571,0.9846666666666667,0.9998095238095238
-0.48100000000005716,0.9846666666666667,0.9998095238095238
-0.4805000000000572,0.9846666666666667,0.9998095238095238
-0.48000000000005727,0.9846666666666667,0.9998095238095238
-0.4795000000000573,0.9846666666666667,0.9998095238095238
-0.4790000000000574,0.9846666666666667,0.9998095238095238
-0.47850000000005743,0.9846666666666667,0.9998095238095238
-0.4780000000000575,0.9846666666666667,0.9998095238095238
-0.47750000000005755,0.9846666666666667,0.9998095238095238
-0.4770000000000576,0.9846666666666667,0.9998095238095238
-0.47650000000005766,0.9846666666666667,0.9998095238095238
-0.4760000000000577,0.9846666666666667,0.9998095238095238
-0.47550000000005777,0.9846666666666667,0.9998095238095238
-0.4750000000000578,0.9846666666666667,0.9998095238095238
-0.4745000000000579,0.9846666666666667,0.9998095238095238
-0.47400000000005793,0.9846666666666667,0.9998095238095238
-0.473500000000058,0.9846666666666667,0.9998095238095238
-0.47300000000005804,0.9846666666666667,0.9998095238095238
-0.4725000000000581,0.9846666666666667,0.9998095238095238
-0.47200000000005815,0.9846666666666667,0.9998095238095238
-0.4715000000000582,0.9846666666666667,0.9998095238095238
-0.47100000000005826,0.9846666666666667,0.9998095238095238
-0.4705000000000583,0.9846666666666667,0.9998095238095238
-0.47000000000005837,0.9846666666666667,0.9998095238095238
-0.4695000000000584,0.9846666666666667,0.9998095238095238
-0.4690000000000585,0.9846666666666667,0.9998095238095238
-0.46850000000005854,0.9846666666666667,0.9998095238095238
-0.4680000000000586,0.9846666666666667,0.9998095238095238
-0.46750000000005865,0.9846666666666667,0.9998095238095238
-0.4670000000000587,0.9846666666666667,0.9998095238095238
-0.46650000000005876,0.9846666666666667,0.9998095238095238
-0.4660000000000588,0.9846666666666667,0.9998095238095238
-0.46550000000005887,0.9846666666666667,0.9998095238095238
-0.4650000000000589,0.9846666666666667,0.9998095238095238
-0.464500000000059,0.9846666666666667,0.9998095238095238
-0.46400000000005903,0.9846666666666667,0.9998095238095238
-0.4635000000000591,0.9846666666666667,0.9998095238095238
-0.46300000000005914,0.9846666666666667,0.9998095238095238
-0.4625000000000592,0.9846666666666667,0.9998095238095238
-0.46200000000005925,0.9846666666666667,0.9998095238095238
-0.4615000000000593,0.9846666666666667,0.9998095238095238
-0.46100000000005936,0.9846666666666667,0.9998095238095238
-0.4605000000000594,0.9846666666666667,0.9998095238095238
-0.4600000000000595,0.9846666666666667,0.9998095238095238
-0.4595000000000595,0.9846666666666667,0.9998095238095238
-0.4590000000000596,0.9846666666666667,0.9998095238095238
-0.45850000000005964,0.9846666666666667,0.9998095238095238
-0.4580000000000597,0.9846666666666667,0.9998095238095238
-0.45750000000005975,0.9846666666666667,0.9998095238095238
-0.4570000000000598,0.9846666666666667,0.9998095238095238
-0.45650000000005986,0.9846666666666667,0.9998095238095238
-0.4560000000000599,0.9846666666666667,0.9998095238095238
-0.45550000000005997,0.9846666666666667,0.9998095238095238
-0.45500000000006,0.9846666666666667,0.9998095238095238
-0.4545000000000601,0.9846666666666667,0.9998095238095238
-0.45400000000006013,0.9846666666666667,0.9998095238095238
-0.4535000000000602,0.9846666666666667,0.9998095238095238
-0.45300000000006024,0.9846666666666667,0.9998095238095238
-0.4525000000000603,0.9846666666666667,0.9998095238095238
-0.45200000000006035,0.9846666666666667,0.9998095238095238
-0.4515000000000604,0.9846666666666667,0.9998095238095238
-0.45100000000006046,0.9846666666666667,0.9998095238095238
-0.4505000000000605,0.9846666666666667,0.9998095238095238
-0.4500000000000606,0.9846666666666667,0.9998095238095238
-0.44950000000006063,0.9846666666666667,0.9998095238095238
-0.4490000000000607,0.9846666666666667,0.9998095238095238
-0.44850000000006074,0.9846666666666667,0.9998095238095238
-0.4480000000000608,0.9846666666666667,0.9998095238095238
-0.44750000000006085,0.9846666666666667,0.9998095238095238
-0.4470000000000609,0.9846666666666667,0.9998095238095238
-0.44650000000006096,0.9846666666666667,0.9998095238095238
-0.446000000000061,0.9846666666666667,0.9998095238095238
-0.44550000000006107,0.9846666666666667,0.9998095238095238
-0.4450000000000611,0.9846666666666667,0.9998095238095238
-0.4445000000000612,0.9846666666666667,0.9998095238095238
-0.44400000000006123,0.9846666666666667,0.9998095238095238
-0.4435000000000613,0.9846666666666667,0.9998095238095238
-0.44300000000006134,0.9846666666666667,0.9998095238095238
-0.4425000000000614,0.9846666666666667,0.9998095238095238
-0.44200000000006145,0.9846666666666667,0.9998095238095238
-0.4415000000000615,0.9846666666666667,0.9998095238095238
-0.44100000000006156,0.9846666666666667,0.9998095238095238
-0.4405000000000616,0.9846666666666667,0.9998095238095238
-0.4400000000000617,0.9846666666666667,0.9998095238095238
-0.43950000000006173,0.9846666666666667,0.9998095238095238
-0.4390000000000618,0.9846666666666667,0.9998095238095238
-0.43850000000006184,0.9846666666666667,0.9998095238095238
-0.4380000000000619,0.9846666666666667,0.9998095238095238
-0.43750000000006195,0.9846666666666667,0.9998095238095238
-0.437000000000062,0.9846666666666667,0.9998095238095238
-0.43650000000006206,0.9846666666666667,0.9998095238095238
-0.4360000000000621,0.9846666666666667,0.9998095238095238
-0.43550000000006217,0.9846666666666667,0.9998095238095238
-0.4350000000000622,0.9846666666666667,0.9998095238095238
-0.4345000000000623,0.9846666666666667,0.9998095238095238
-0.43400000000006234,0.9846666666666667,0.9998095238095238
-0.4335000000000624,0.9846666666666667,0.9998095238095238
-0.43300000000006245,0.9846666666666667,0.9998095238095238
-0.4325000000000625,0.9846666666666667,0.9998095238095238
-0.43200000000006256,0.9846666666666667,0.9998095238095238
-0.4315000000000626,0.9846666666666667,0.9998095238095238
-0.43100000000006267,0.9846666666666667,0.9998095238095238
-0.4305000000000627,0.9846666666666667,0.9998095238095238
-0.4300000000000628,0.9846666666666667,0.9998095238095238
-0.42950000000006283,0.9846666666666667,0.9998095238095238
-0.4290000000000629,0.9846666666666667,0.9998095238095238
-0.42850000000006294,0.9846666666666667,0.9998095238095238
-0.428000000000063,0.9846666666666667,0.9998095238095238
-0.42750000000006305,0.9846666666666667,0.9998095238095238
-0.4270000000000631,0.9846666666666667,0.9998095238095238
-0.42650000000006316,0.9846666666666667,0.9998095238095238
-0.4260000000000632,0.9846666666666667,0.9998095238095238
-0.42550000000006327,0.9846666666666667,0.9998095238095238
-0.4250000000000633,0.9846666666666667,0.9998095238095238
-0.4245000000000634,0.9846666666666667,0.9998095238095238
-0.42400000000006344,0.9846666666666667,0.9998095238095238
-0.4235000000000635,0.9846666666666667,0.9998095238095238
-0.42300000000006355,0.9846666666666667,0.9998095238095238
-0.4225000000000636,0.9846666666666667,0.9998095238095238
-0.42200000000006366,0.9846666666666667,0.9998095238095238
-0.4215000000000637,0.9846666666666667,0.9998095238095238
-0.42100000000006377,0.9846666666666667,0.9998095238095238
-0.4205000000000638,0.9846666666666667,0.9998095238095238
-0.4200000000000639,0.9846666666666667,0.9998095238095238
-0.41950000000006393,0.9846666666666667,0.9998095238095238
-0.419000000000064,0.9846666666666667,0.9998095238095238
-0.41850000000006404,0.9846666666666667,0.9998095238095238
-0.4180000000000641,0.9846666666666667,0.9998095238095238
-0.41750000000006415,0.9846666666666667,0.9998095238095238
-0.4170000000000642,0.9846666666666667,0.9998095238095238
-0.41650000000006426,0.9846666666666667,0.9998095238095238
-0.4160000000000643,0.9846666666666667,0.9998095238095238
-0.4155000000000644,0.9846666666666667,0.9998095238095238
-0.41500000000006443,0.9846666666666667,0.9998095238095238
-0.4145000000000645,0.9846666666666667,0.9998095238095238
-0.41400000000006454,0.9846666666666667,0.9998095238095238
-0.4135000000000646,0.9846666666666667,0.9998095238095238
-0.41300000000006465,0.9846666666666667,0.9998095238095238
-0.4125000000000647,0.9846666666666667,0.9998095238095238
-0.41200000000006476,0.9846666666666667,0.9998095238095238
-0.4115000000000648,0.9846666666666667,0.9998095238095238
-0.41100000000006487,0.9846666666666667,0.9998095238095238
-0.4105000000000649,0.9846666666666667,0.9998095238095238
-0.410000000000065,0.9846666666666667,0.9998095238095238
-0.40950000000006503,0.9846666666666667,0.9998095238095238
-0.4090000000000651,0.9846666666666667,0.9998095238095238
-0.40850000000006514,0.9846666666666667,0.9998095238095238
-0.4080000000000652,0.9846666666666667,0.9998095238095238
-0.40750000000006525,0.9846666666666667,0.9998095238095238
-0.4070000000000653,0.9846666666666667,0.9998095238095238
-0.40650000000006536,0.9846666666666667,0.9998095238095238
-0.4060000000000654,0.9846666666666667,0.9998095238095238
-0.4055000000000655,0.9846666666666667,0.9998095238095238
-0.40500000000006553,0.9846666666666667,0.9998095238095238
-0.4045000000000656,0.9846666666666667,0.9998095238095238
-0.40400000000006564,0.9846666666666667,0.9998095238095238
-0.4035000000000657,0.9846666666666667,0.9998095238095238
-0.40300000000006575,0.9846666666666667,0.9998095238095238
-0.4025000000000658,0.9846666666666667,0.9998095238095238
-0.40200000000006586,0.9846666666666667,0.9998095238095238
-0.4015000000000659,0.9846666666666667,0.9998095238095238
-0.40100000000006597,0.9846666666666667,0.9998095238095238
-0.400500000000066,0.9846666666666667,0.9998095238095238
-0.4000000000000661,0.9846666666666667,0.9998095238095238
-0.39950000000006614,0.9846666666666667,0.9998095238095238
-0.3990000000000662,0.9846666666666667,0.9998095238095238
-0.39850000000006625,0.9846666666666667,0.9998095238095238
-0.3980000000000663,0.9846666666666667,0.9998095238095238
-0.39750000000006636,0.9846666666666667,0.9998095238095238
-0.3970000000000664,0.9846666666666667,0.9998095238095238
-0.39650000000006647,0.9846666666666667,0.9998095238095238
-0.3960000000000665,0.9846666666666667,0.9998095238095238
-0.3955000000000666,0.9846666666666667,0.9998095238095238
-0.39500000000006663,0.9846666666666667,0.9998095238095238
-0.3945000000000667,0.9846666666666667,0.9998095238095238
-0.39400000000006674,0.9846666666666667,0.9998095238095238
-0.3935000000000668,0.9846666666666667,0.9998095238095238
-0.39300000000006685,0.9846666666666667,0.9998095238095238
-0.3925000000000669,0.9846666666666667,0.9998095238095238
-0.39200000000006696,0.9846666666666667,0.9998095238095238
-0.391500000000067,0.9846666666666667,0.9998095238095238
-0.39100000000006707,0.9846666666666667,0.9998095238095238
-0.3905000000000671,0.9846666666666667,0.9998095238095238
-0.3900000000000672,0.9846666666666667,0.9998095238095238
-0.38950000000006724,0.9846666666666667,0.9998095238095238
-0.3890000000000673,0.9846666666666667,0.9998095238095238
-0.38850000000006735,0.9846666666666667,0.9998095238095238
-0.3880000000000674,0.9846666666666667,0.9998095238095238
-0.38750000000006746,0.9846666666666667,0.9998095238095238
-0.3870000000000675,0.9846666666666667,0.9998095238095238
-0.38650000000006757,0.9846666666666667,0.9998095238095238
-0.3860000000000676,0.9846666666666667,0.9998095238095238
-0.3855000000000677,0.9846666666666667,0.9998095238095238
-0.38500000000006773,0.9846666666666667,0.9998095238095238
-0.3845000000000678,0.9846666666666667,0.9998095238095238
-0.38400000000006784,0.9846666666666667,0.9998095238095238
-0.3835000000000679,0.9846666666666667,0.9998095238095238
-0.38300000000006795,0.9846666666666667,0.9998095238095238
-0.382500000000068,0.9846666666666667,0.9998095238095238
-0.38200000000006806,0.9846666666666667,0.9998095238095238
-0.3815000000000681,0.9846666666666667,0.9998095238095238
-0.3810000000000682,0.9846666666666667,0.9998095238095238
-0.38050000000006823,0.9846666666666667,0.9998095238095238
-0.3800000000000683,0.9846666666666667,0.9998095238095238
-0.37950000000006834,0.9846666666666667,0.9998095238095238
-0.3790000000000684,0.9846666666666667,0.9998095238095238
-0.37850000000006845,0.9846666666666667,0.9998095238095238
-0.3780000000000685,0.9846666666666667,0.9998095238095238
-0.37750000000006856,0.9846666666666667,0.9998095238095238
-0.3770000000000686,0.9846666666666667,0.9998095238095238
-0.37650000000006867,0.9846666666666667,0.9998095238095238
-0.3760000000000687,0.9846666666666667,0.9998095238095238
-0.3755000000000688,0.9846666666666667,0.9998095238095238
-0.37500000000006883,0.9846666666666667,0.9998095238095238
-0.3745000000000689,0.9846666666666667,0.9998095238095238
-0.37400000000006894,0.9846666666666667,0.9998095238095238
-0.373500000000069,0.9846666666666667,0.9998095238095238
-0.37300000000006905,0.9846666666666667,0.9998095238095238
-0.3725000000000691,0.9846666666666667,0.9998095238095238
-0.37200000000006916,0.9846666666666667,0.9998095238095238
-0.3715000000000692,0.9846666666666667,0.9998095238095238
-0.3710000000000693,0.9846666666666667,0.9998095238095238
-0.37050000000006933,0.9846666666666667,0.9998095238095238
-0.3700000000000694,0.9846666666666667,0.9998095238095238
-0.36950000000006944,0.9846666666666667,0.9998095238095238
-0.3690000000000695,0.9846666666666667,0.9998095238095238
-0.36850000000006955,0.9846666666666667,0.9998095238095238
-0.3680000000000696,0.9846666666666667,0.9998095238095238
-0.36750000000006966,0.9846666666666667,0.9998095238095238
-0.3670000000000697,0.9846666666666667,0.9998095238095238
-0.36650000000006977,0.9846666666666667,0.9998095238095238
-0.3660000000000698,0.9846666666666667,0.9998095238095238
-0.3655000000000699,0.9846666666666667,0.9998095238095238
-0.36500000000006994,0.9846666666666667,0.9998095238095238
-0.36450000000007,0.9846666666666667,0.9998095238095238
-0.36400000000007005,0.9846666666666667,0.9998095238095238
-0.3635000000000701,0.9846666666666667,0.9998095238095238
-0.36300000000007016,0.9846666666666667,0.9998095238095238
-0.3625000000000702,0.9846666666666667,0.9998095238095238
-0.36200000000007027,0.9846666666666667,0.9998095238095238
-0.3615000000000703,0.9846666666666667,0.9998095238095238
-0.3610000000000704,0.9846666666666667,0.9998095238095238
-0.36050000000007043,0.9846666666666667,0.9998095238095238
-0.3600000000000705,0.9846666666666667,0.9998095238095238
-0.35950000000007054,0.9846666666666667,0.9998095238095238
-0.3590000000000706,0.9846666666666667,0.9998095238095238
-0.35850000000007065,0.9846666666666667,0.9998095238095238
-0.3580000000000707,0.9846666666666667,0.9998095238095238
-0.35750000000007076,0.9846666666666667,0.9998095238095238
-0.3570000000000708,0.9846666666666667,0.9998095238095238
-0.35650000000007087,0.9846666666666667,0.9998095238095238
-0.3560000000000709,0.9846666666666667,0.9998095238095238
-0.355500000000071,0.9846666666666667,0.9998095238095238
-0.35500000000007104,0.9846666666666667,0.9998095238095238
-0.3545000000000711,0.9846666666666667,0.9998095238095238
-0.35400000000007115,0.9846666666666667,0.9998095238095238
-0.3535000000000712,0.9846666666666667,0.9998095238095238
-0.35300000000007126,0.9846666666666667,0.9998095238095238
-0.3525000000000713,0.9846666666666667,0.9998095238095238
-0.35200000000007137,0.9846666666666667,0.9998095238095238
-0.3515000000000714,0.9846666666666667,0.9998095238095238
-0.3510000000000715,0.9846666666666667,0.9998095238095238
-0.35050000000007153,0.9846666666666667,0.9998095238095238
-0.3500000000000716,0.9846666666666667,0.9998095238095238
-0.34950000000007164,0.9846666666666667,0.9998095238095238
-0.3490000000000717,0.9846666666666667,0.9998095238095238
-0.34850000000007175,0.9846666666666667,0.9998095238095238
-0.3480000000000718,0.9846666666666667,0.9998095238095238
-0.34750000000007186,0.9846666666666667,0.9998095238095238
-0.3470000000000719,0.9846666666666667,0.9998095238095238
-0.346500000000072,0.9846666666666667,0.9998095238095238
-0.346000000000072,0.9846666666666667,0.9998095238095238
-0.3455000000000721,0.9846666666666667,0.9998095238095238
-0.34500000000007214,0.9846666666666667,0.9998095238095238
-0.3445000000000722,0.9846666666666667,0.9998095238095238
-0.34400000000007225,0.9846666666666667,0.9998095238095238
-0.3435000000000723,0.9846666666666667,0.9998095238095238
-0.34300000000007236,0.9846666666666667,0.9998095238095238
-0.3425000000000724,0.9846666666666667,0.9998095238095238
-0.34200000000007247,0.9846666666666667,0.9998095238095238
-0.3415000000000725,0.9846666666666667,0.9998095238095238
-0.3410000000000726,0.9846666666666667,0.9998095238095238
-0.34050000000007263,0.9846666666666667,0.9998095238095238
-0.3400000000000727,0.9846666666666667,0.9998095238095238
-0.33950000000007274,0.9846666666666667,0.9998095238095238
-0.3390000000000728,0.9846666666666667,0.9998095238095238
-0.33850000000007285,0.9846666666666667,0.9998095238095238
-0.3380000000000729,0.9846666666666667,0.9998095238095238
-0.33750000000007296,0.9846666666666667,0.9998095238095238
-0.337000000000073,0.9846666666666667,0.9998095238095238
-0.3365000000000731,0.9846666666666667,0.9998095238095238
-0.33600000000007313,0.9846666666666667,0.9998095238095238
-0.3355000000000732,0.9846666666666667,0.9998095238095238
-0.33500000000007324,0.9846666666666667,0.9998095238095238
-0.3345000000000733,0.9846666666666667,0.9998095238095238
-0.33400000000007335,0.9846666666666667,0.9998095238095238
-0.3335000000000734,0.9846666666666667,0.9998095238095238
-0.33300000000007346,0.9846666666666667,0.9998095238095238
-0.3325000000000735,0.9846666666666667,0.9998095238095238
-0.33200000000007357,0.9846666666666667,0.9998095238095238
-0.3315000000000736,0.9846666666666667,0.9998095238095238
-0.3310000000000737,0.9846666666666667,0.9998095238095238
-0.33050000000007373,0.9846666666666667,0.9998095238095238
-0.3300000000000738,0.9846666666666667,0.9998095238095238
-0.32950000000007384,0.9846666666666667,0.9998095238095238
-0.3290000000000739,0.9846666666666667,0.9998095238095238
-0.32850000000007396,0.9846666666666667,0.9998095238095238
-0.328000000000074,0.9846666666666667,0.9998095238095238
-0.32750000000007407,0.9846666666666667,0.9998095238095238
-0.3270000000000741,0.9846666666666667,0.9998095238095238
-0.3265000000000742,0.9846666666666667,0.9998095238095238
-0.32600000000007423,0.9846666666666667,0.9998095238095238
-0.3255000000000743,0.9846666666666667,0.9998095238095238
-0.32500000000007434,0.9846666666666667,0.9998095238095238
-0.3245000000000744,0.9846666666666667,0.9998095238095238
-0.32400000000007445,0.9846666666666667,0.9998095238095238
-0.3235000000000745,0.9846666666666667,0.9998095238095238
-0.32300000000007456,0.9846666666666667,0.9998095238095238
-0.3225000000000746,0.9846666666666667,0.9998095238095238
-0.32200000000007467,0.9846666666666667,0.9998095238095238
-0.3215000000000747,0.9846666666666667,0.9998095238095238
-0.3210000000000748,0.9846666666666667,0.9998095238095238
-0.32050000000007484,0.9846666666666667,0.9998095238095238
-0.3200000000000749,0.9846666666666667,0.9998095238095238
-0.31950000000007495,0.9846666666666667,0.9998095238095238
-0.319000000000075,0.9846666666666667,0.9998095238095238
-0.31850000000007506,0.9846666666666667,0.9998095238095238
-0.3180000000000751,0.9846666666666667,0.9998095238095238
-0.31750000000007517,0.9846666666666667,0.9998095238095238
-0.3170000000000752,0.9846666666666667,0.9998095238095238
-0.3165000000000753,0.9846666666666667,0.9998095238095238
-0.31600000000007533,0.9846666666666667,0.9998095238095238
-0.3155000000000754,0.9846666666666667,0.9998095238095238
-0.31500000000007544,0.9846666666666667,0.9998095238095238
-0.3145000000000755,0.9846666666666667,0.9998095238095238
-0.31400000000007555,0.9846666666666667,0.9998095238095238
-0.3135000000000756,0.9846666666666667,0.9998095238095238
-0.31300000000007566,0.9846666666666667,0.9998095238095238
-0.3125000000000757,0.9846666666666667,0.9998095238095238
-0.3120000000000758,0.9846666666666667,0.9998095238095238
-0.3115000000000758,0.9846666666666667,0.9998095238095238
-0.3110000000000759,0.9846666666666667,0.9998095238095238
-0.31050000000007594,0.9846666666666667,0.9998095238095238
-0.310000000000076,0.9846666666666667,0.9998095238095238
-0.30950000000007605,0.9846666666666667,0.9998095238095238
-0.3090000000000761,0.9846666666666667,0.9998095238095238
-0.30850000000007616,0.9846666666666667,0.9998095238095238
-0.3080000000000762,0.9846666666666667,0.9998095238095238
-0.30750000000007627,0.9846666666666667,0.9998095238095238
-0.3070000000000763,0.9846666666666667,0.9998095238095238
-0.3065000000000764,0.9846666666666667,0.9998095238095238
-0.30600000000007643,0.9846666666666667,0.9998095238095238
-0.3055000000000765,0.9846666666666667,0.9998095238095238
-0.30500000000007654,0.9846666666666667,0.9998095238095238
-0.3045000000000766,0.9846666666666667,0.9998095238095238
-0.30400000000007665,0.9846666666666667,0.9998095238095238
-0.3035000000000767,0.9846666666666667,0.9998095238095238
-0.30300000000007676,0.9846666666666667,0.9998095238095238
-0.3025000000000768,0.9846666666666667,0.9998095238095238
-0.3020000000000769,0.9846666666666667,0.9998095238095238
-0.30150000000007693,0.9846666666666667,0.9998095238095238
-0.301000000000077,0.9846666666666667,0.9998095238095238
-0.30050000000007704,0.9846666666666667,0.9998095238095238
-0.3000000000000771,0.9846666666666667,0.9998095238095238
-0.29950000000007715,0.9846666666666667,0.9998095238095238
-0.2990000000000772,0.9846666666666667,0.9998095238095238
-0.29850000000007726,0.9846666666666667,0.9998095238095238
-0.2980000000000773,0.9846666666666667,0.9998095238095238
-0.29750000000007737,0.9846666666666667,0.9998095238095238
-0.2970000000000774,0.9846666666666667,0.9998095238095238
-0.2965000000000775,0.9846666666666667,0.9998095238095238
-0.29600000000007753,0.9846666666666667,0.9998095238095238
-0.2955000000000776,0.9846666666666667,0.9998095238095238
-0.29500000000007764,0.9846666666666667,0.9998095238095238
-0.2945000000000777,0.9846666666666667,0.9998095238095238
-0.29400000000007775,0.9846666666666667,0.9998095238095238
-0.2935000000000778,0.9846666666666667,0.9998095238095238
-0.29300000000007786,0.9846666666666667,0.9998095238095238
-0.2925000000000779,0.9846666666666667,0.9998095238095238
-0.292000000000078,0.9846666666666667,0.9998095238095238
-0.29150000000007803,0.9846666666666667,0.9998095238095238
-0.2910000000000781,0.9846666666666667,0.9998095238095238
-0.29050000000007814,0.9846666666666667,0.9998095238095238
-0.2900000000000782,0.9846666666666667,0.9998095238095238
-0.28950000000007825,0.9846666666666667,0.9998095238095238
-0.2890000000000783,0.9846666666666667,0.9998095238095238
-0.28850000000007836,0.9846666666666667,0.9998095238095238
-0.2880000000000784,0.9846666666666667,0.9998095238095238
-0.28750000000007847,0.9846666666666667,0.9998095238095238
-0.2870000000000785,0.9846666666666667,0.9998095238095238
-0.2865000000000786,0.9846666666666667,0.9998095238095238
-0.28600000000007864,0.9846666666666667,0.9998095238095238
-0.2855000000000787,0.9846666666666667,0.9998095238095238
-0.28500000000007875,0.9846666666666667,0.9998095238095238
-0.2845000000000788,0.9846666666666667,0.9998095238095238
-0.28400000000007886,0.9846666666666667,0.9998095238095238
-0.2835000000000789,0.9846666666666667,0.9998095238095238
-0.28300000000007897,0.9846666666666667,0.9998095238095238
-0.282500000000079,0.9846666666666667,0.9998095238095238
-0.2820000000000791,0.9846666666666667,0.9998095238095238
-0.28150000000007913,0.9846666666666667,0.9998095238095238
-0.2810000000000792,0.9846666666666667,0.9998095238095238
-0.28050000000007924,0.9846666666666667,0.9998095238095238
-0.2800000000000793,0.9846666666666667,0.9998095238095238
-0.27950000000007935,0.9846666666666667,0.9998095238095238
-0.2790000000000794,0.9846666666666667,0.9998095238095238
-0.27850000000007946,0.9846666666666667,0.9998095238095238
-0.2780000000000795,0.9846666666666667,0.9998095238095238
-0.27750000000007957,0.9846666666666667,0.9998095238095238
-0.2770000000000796,0.9846666666666667,0.9998095238095238
-0.2765000000000797,0.9846666666666667,0.9998095238095238
-0.27600000000007974,0.9846666666666667,0.9998095238095238
-0.2755000000000798,0.9846666666666667,0.9998095238095238
-0.27500000000007985,0.9846666666666667,0.9998095238095238
-0.2745000000000799,0.9846666666666667,0.9998095238095238
-0.27400000000007996,0.9846666666666667,0.9998095238095238
-0.27350000000008,0.9846666666666667,0.9998095238095238
-0.27300000000008007,0.9846666666666667,0.9998095238095238
-0.2725000000000801,0.9846666666666667,0.9998095238095238
-0.2720000000000802,0.9846666666666667,0.9998095238095238
-0.27150000000008023,0.9846666666666667,0.9998095238095238
-0.2710000000000803,0.9846666666666667,0.9998095238095238
-0.27050000000008034,0.9846666666666667,0.9998095238095238
-0.2700000000000804,0.9846666666666667,0.9998095238095238
-0.26950000000008045,0.9846666666666667,0.9998095238095238
-0.2690000000000805,0.9846666666666667,0.9998095238095238
-0.26850000000008056,0.9846666666666667,0.9998095238095238
-0.2680000000000806,0.9846666666666667,0.9998095238095238
-0.2675000000000807,0.9846666666666667,0.9998095238095238
-0.26700000000008073,0.9846666666666667,0.9998095238095238
-0.2665000000000808,0.9846666666666667,0.9998095238095238
-0.26600000000008084,0.9846666666666667,0.9998095238095238
-0.2655000000000809,0.9846666666666667,0.9998095238095238
-0.26500000000008095,0.9846666666666667,0.9998095238095238
-0.264500000000081,0.9846666666666667,0.9998095238095238
-0.26400000000008106,0.9846666666666667,0.9998095238095238
-0.2635000000000811,0.9846666666666667,0.9998095238095238
-0.26300000000008117,0.9846666666666667,0.9998095238095238
-0.2625000000000812,0.9846666666666667,0.9998095238095238
-0.2620000000000813,0.9846666666666667,0.9998095238095238
-0.26150000000008133,0.9846666666666667,0.9998095238095238
-0.2610000000000814,0.9846666666666667,0.9998095238095238
-0.26050000000008144,0.9846666666666667,0.9998095238095238
-0.2600000000000815,0.9846666666666667,0.9998095238095238
-0.25950000000008155,0.9846666666666667,0.9998095238095238
-0.2590000000000816,0.9846666666666667,0.9998095238095238
-0.25850000000008166,0.9846666666666667,0.9998095238095238
-0.2580000000000817,0.9846666666666667,0.9998095238095238
-0.2575000000000818,0.9846666666666667,0.9998095238095238
-0.25700000000008183,0.9846666666666667,0.9998095238095238
-0.2565000000000819,0.9846666666666667,0.9998095238095238
-0.25600000000008194,0.9846666666666667,0.9998095238095238
-0.255500000000082,0.9846666666666667,0.9998095238095238
-0.25500000000008205,0.9846666666666667,0.9998095238095238
-0.2545000000000821,0.9846666666666667,0.9998095238095238
-0.25400000000008216,0.9846666666666667,0.9998095238095238
-0.2535000000000822,0.9846666666666667,0.9998095238095238
-0.25300000000008227,0.9846666666666667,0.9998095238095238
-0.2525000000000823,0.9846666666666667,0.9998095238095238
-0.2520000000000824,0.9846666666666667,0.9998095238095238
-0.25150000000008244,0.9846666666666667,0.9998095238095238
-0.2510000000000825,0.9846666666666667,0.9998095238095238
-0.25050000000008255,0.9846666666666667,0.9998095238095238
-0.2500000000000826,0.9846666666666667,0.9998095238095238
-0.24950000000008266,0.9846666666666667,0.9998095238095238
-0.2490000000000827,0.9846666666666667,0.9998095238095238
-0.24850000000008277,0.9846666666666667,0.9998095238095238
-0.24800000000008282,0.9846666666666667,0.9998095238095238
-0.24750000000008288,0.9846666666666667,0.9998095238095238
-0.24700000000008293,0.9846666666666667,0.9998095238095238
-0.24650000000008299,0.9846666666666667,0.9998095238095238
-0.24600000000008304,0.9846666666666667,0.9998095238095238
-0.2455000000000831,0.9846666666666667,0.9998095238095238
-0.24500000000008315,0.9846666666666667,0.9998095238095238
-0.2445000000000832,0.9846666666666667,0.9998095238095238
-0.24400000000008326,0.9846666666666667,0.9998095238095238
-0.24350000000008332,0.9846666666666667,0.9998095238095238
-0.24300000000008337,0.9846666666666667,0.9998095238095238
-0.24250000000008343,0.9846666666666667,0.9998095238095238
-0.24200000000008348,0.9846666666666667,0.9998095238095238
-0.24150000000008354,0.9846666666666667,0.9998095238095238
-0.2410000000000836,0.9846666666666667,0.9998095238095238
-0.24050000000008365,0.9846666666666667,0.9998095238095238
-0.2400000000000837,0.9846666666666667,0.9998095238095238
-0.23950000000008376,0.9846666666666667,0.9998095238095238
-0.2390000000000838,0.9846666666666667,0.9998095238095238
-0.23850000000008387,0.9846666666666667,0.9998095238095238
-0.23800000000008392,0.9846666666666667,0.9998095238095238
-0.23750000000008398,0.9846666666666667,0.9998095238095238
-0.23700000000008403,0.9846666666666667,0.9998095238095238
-0.2365000000000841,0.9846666666666667,0.9998095238095238
-0.23600000000008414,0.9846666666666667,0.9998095238095238
-0.2355000000000842,0.9846666666666667,0.9998095238095238
-0.23500000000008425,0.9846666666666667,0.9998095238095238
-0.2345000000000843,0.9846666666666667,0.9998095238095238
-0.23400000000008436,0.9846666666666667,0.9998095238095238
-0.23350000000008442,0.9846666666666667,0.9998095238095238
-0.23300000000008447,0.9846666666666667,0.9998095238095238
-0.23250000000008453,0.9846666666666667,0.9998095238095238
-0.23200000000008458,0.9846666666666667,0.9998095238095238
-0.23150000000008464,0.9846666666666667,0.9998095238095238
-0.2310000000000847,0.9846666666666667,0.9998095238095238
-0.23050000000008475,0.9846666666666667,0.9998095238095238
-0.2300000000000848,0.9846666666666667,0.9998095238095238
-0.22950000000008486,0.9846666666666667,0.9998095238095238
-0.2290000000000849,0.9846666666666667,0.9998095238095238
-0.22850000000008497,0.9846666666666667,0.9998095238095238
-0.22800000000008502,0.9846666666666667,0.9998095238095238
-0.22750000000008508,0.9846666666666667,0.9998095238095238
-0.22700000000008513,0.9846666666666667,0.9998095238095238
-0.2265000000000852,0.9846666666666667,0.9998095238095238
-0.22600000000008524,0.9846666666666667,0.9998095238095238
-0.2255000000000853,0.9846666666666667,0.9998095238095238
-0.22500000000008535,0.9846666666666667,0.9998095238095238
-0.2245000000000854,0.9846666666666667,0.9998095238095238
-0.22400000000008546,0.9846666666666667,0.9998095238095238
-0.22350000000008552,0.9846666666666667,0.9998095238095238
-0.22300000000008557,0.9846666666666667,0.9998095238095238
-0.22250000000008563,0.9846666666666667,0.9998095238095238
-0.22200000000008568,0.9846666666666667,0.9998095238095238
-0.22150000000008574,0.9846666666666667,0.9998095238095238
-0.2210000000000858,0.9846666666666667,0.9998095238095238
-0.22050000000008585,0.9846666666666667,0.9998095238095238
-0.2200000000000859,0.9846666666666667,0.9998095238095238
-0.21950000000008596,0.9846666666666667,0.9998095238095238
-0.21900000000008601,0.9846666666666667,0.9998095238095238
-0.21850000000008607,0.9846666666666667,0.9998095238095238
-0.21800000000008612,0.9846666666666667,0.9998095238095238
-0.21750000000008618,0.9846666666666667,0.9998095238095238
-0.21700000000008624,0.9846666666666667,0.9998095238095238
-0.2165000000000863,0.9846666666666667,0.9998095238095238
-0.21600000000008635,0.9846666666666667,0.9998095238095238
-0.2155000000000864,0.9846666666666667,0.9998095238095238
-0.21500000000008646,0.9846666666666667,0.9998095238095238
-0.2145000000000865,0.9846666666666667,0.9998095238095238
-0.21400000000008657,0.9846666666666667,0.9998095238095238
-0.21350000000008662,0.9846666666666667,0.9998095238095238
-0.21300000000008668,0.9846666666666667,0.9998095238095238
-0.21250000000008673,0.9846666666666667,0.9998095238095238
-0.21200000000008679,0.9846666666666667,0.9998095238095238
-0.21150000000008684,0.9846666666666667,0.9998095238095238
-0.2110000000000869,0.9846666666666667,0.9998095238095238
-0.21050000000008695,0.9846666666666667,0.9998095238095238
-0.210000000000087,0.9846666666666667,0.9998095238095238
-0.20950000000008706,0.9846666666666667,0.9998095238095238
-0.20900000000008712,0.9846666666666667,0.9998095238095238
-0.20850000000008717,0.9846666666666667,0.9998095238095238
-0.20800000000008723,0.9846666666666667,0.9998095238095238
-0.20750000000008728,0.9846666666666667,0.9998095238095238
-0.20700000000008734,0.9846666666666667,0.9998095238095238
-0.2065000000000874,0.9846666666666667,0.9998095238095238
-0.20600000000008745,0.9846666666666667,0.9998095238095238
-0.2055000000000875,0.9846666666666667,0.9998095238095238
-0.20500000000008756,0.9846666666666667,0.9998095238095238
-0.2045000000000876,0.9846666666666667,0.9998095238095238
-0.20400000000008767,0.9846666666666667,0.9998095238095238
-0.20350000000008772,0.9846666666666667,0.9998095238095238
-0.20300000000008778,0.9846666666666667,0.9998095238095238
-0.20250000000008783,0.9846666666666667,0.9998095238095238
-0.2020000000000879,0.9846666666666667,0.9998095238095238
-0.20150000000008794,0.9846666666666667,0.9998095238095238
-0.201000000000088,0.9846666666666667,0.9998095238095238
-0.20050000000008805,0.9846666666666667,0.9998095238095238
-0.2000000000000881,0.9846666666666667,0.9998095238095238
-0.19950000000008816,0.9846666666666667,0.9998095238095238
-0.19900000000008822,0.9846666666666667,0.9998095238095238
-0.19850000000008827,0.9846666666666667,0.9998095238095238
-0.19800000000008833,0.9846666666666667,0.9998095238095238
-0.19750000000008838,0.9846666666666667,0.9998095238095238
-0.19700000000008844,0.9846666666666667,0.9998095238095238
-0.1965000000000885,0.9846666666666667,0.9998095238095238
-0.19600000000008855,0.9846666666666667,0.9998095238095238
-0.1955000000000886,0.9846666666666667,0.9998095238095238
-0.19500000000008866,0.9846666666666667,0.9998095238095238
-0.1945000000000887,0.9846666666666667,0.9998095238095238
-0.19400000000008877,0.9846666666666667,0.9998095238095238
-0.19350000000008882,0.9846666666666667,0.9998095238095238
-0.19300000000008888,0.9846666666666667,0.9998095238095238
-0.19250000000008893,0.9846666666666667,0.9998095238095238
-0.192000000000089,0.9846666666666667,0.9998095238095238
-0.19150000000008904,0.9846666666666667,0.9998095238095238
-0.1910000000000891,0.9846666666666667,0.9998095238095238
-0.19050000000008915,0.9846666666666667,0.9998095238095238
-0.1900000000000892,0.9846666666666667,0.9998095238095238
-0.18950000000008926,0.9846666666666667,0.9998095238095238
-0.18900000000008932,0.9846666666666667,0.9998095238095238
-0.18850000000008937,0.9846666666666667,0.9998095238095238
-0.18800000000008943,0.9846666666666667,0.9998095238095238
-0.18750000000008948,0.9846666666666667,0.9998095238095238
-0.18700000000008954,0.9846666666666667,0.9998095238095238
-0.1865000000000896,0.9846666666666667,0.9998095238095238
-0.18600000000008965,0.9846666666666667,0.9998095238095238
-0.1855000000000897,0.9846666666666667,0.9998095238095238
-0.18500000000008976,0.9846666666666667,0.9998095238095238
-0.18450000000008981,0.9846666666666667,0.9998095238095238
-0.18400000000008987,0.9846666666666667,0.9998095238095238
-0.18350000000008992,0.9846666666666667,0.9998095238095238
-0.18300000000008998,0.9846666666666667,0.9998095238095238
-0.18250000000009003,0.9846666666666667,0.9998095238095238
-0.1820000000000901,0.9846666666666667,0.9998095238095238
-0.18150000000009014,0.9846666666666667,0.9998095238095238
-0.1810000000000902,0.9846666666666667,0.9998095238095238
-0.18050000000009025,0.9846666666666667,0.9998095238095238
-0.1800000000000903,0.9846666666666667,0.9998095238095238
-0.17950000000009037,0.9846666666666667,0.9998095238095238
-0.17900000000009042,0.9846666666666667,0.9998095238095238
-0.17850000000009048,0.9846666666666667,0.9998095238095238
-0.17800000000009053,0.9846666666666667,0.9998095238095238
-0.17750000000009059,0.9846666666666667,0.9998095238095238
-0.17700000000009064,0.9846666666666667,0.9998095238095238
-0.1765000000000907,0.9846666666666667,0.9998095238095238
-0.17600000000009075,0.9846666666666667,0.9998095238095238
-0.1755000000000908,0.9846666666666667,0.9998095238095238
-0.17500000000009086,0.9846666666666667,0.9998095238095238
-0.17450000000009092,0.9846666666666667,0.9998095238095238
-0.17400000000009097,0.9846666666666667,0.9998095238095238
-0.17350000000009103,0.9846666666666667,0.9998095238095238
-0.17300000000009108,0.9846666666666667,0.9998095238095238
-0.17250000000009114,0.9846666666666667,0.9998095238095238
-0.1720000000000912,0.9846666666666667,0.9998095238095238
-0.17150000000009125,0.9846666666666667,0.9998095238095238
-0.1710000000000913,0.9846666666666667,0.9998095238095238
-0.17050000000009136,0.9846666666666667,0.9998095238095238
-0.1700000000000914,0.9846666666666667,0.9998095238095238
-0.16950000000009147,0.9846666666666667,0.9998095238095238
-0.16900000000009152,0.9846666666666667,0.9998095238095238
-0.16850000000009158,0.9846666666666667,0.9998095238095238
-0.16800000000009163,0.9846666666666667,0.9998095238095238
-0.1675000000000917,0.9846666666666667,0.9998095238095238
-0.16700000000009174,0.9846666666666667,0.9998095238095238
-0.1665000000000918,0.9846666666666667,0.9998095238095238
-0.16600000000009185,0.9846666666666667,0.9998095238095238
-0.1655000000000919,0.9846666666666667,0.9998095238095238
-0.16500000000009196,0.9846666666666667,0.9998095238095238
-0.16450000000009202,0.9846666666666667,0.9998095238095238
-0.16400000000009207,0.9846666666666667,0.9998095238095238
-0.16350000000009213,0.9846666666666667,0.9998095238095238
-0.16300000000009218,0.9846666666666667,0.9998095238095238
-0.16250000000009224,0.9846666666666667,0.9998095238095238
-0.1620000000000923,0.9846666666666667,0.9998095238095238
-0.16150000000009235,0.9846666666666667,0.9998095238095238
-0.1610000000000924,0.9846666666666667,0.9998095238095238
-0.16050000000009246,0.9846666666666667,0.9998095238095238
-0.1600000000000925,0.9846666666666667,0.9998095238095238
-0.15950000000009257,0.9846666666666667,0.9998095238095238
-0.15900000000009262,0.9846666666666667,0.9998095238095238
-0.15850000000009268,0.9846666666666667,0.9998095238095238
-0.15800000000009273,0.9846666666666667,0.9998095238095238
-0.1575000000000928,0.9846666666666667,0.9998095238095238
-0.15700000000009284,0.9846666666666667,0.9998095238095238
-0.1565000000000929,0.9846666666666667,0.9998095238095238
-0.15600000000009295,0.9846666666666667,0.9998095238095238
-0.155500000000093,0.9846666666666667,0.9998095238095238
-0.15500000000009306,0.9846666666666667,0.9998095238095238
-0.15450000000009312,0.9846666666666667,0.9998095238095238
-0.15400000000009317,0.9846666666666667,0.9998095238095238
-0.15350000000009323,0.9846666666666667,0.9998095238095238
-0.15300000000009328,0.9846666666666667,0.9998095238095238
-0.15250000000009334,0.9846666666666667,0.9998095238095238
-0.1520000000000934,0.9846666666666667,0.9998095238095238
-0.15150000000009345,0.9846666666666667,0.9998095238095238
-0.1510000000000935,0.9846666666666667,0.9998095238095238
-0.15050000000009356,0.9846666666666667,0.9998095238095238
-0.15000000000009361,0.9846666666666667,0.9998095238095238
-0.14950000000009367,0.9846666666666667,0.9998095238095238
-0.14900000000009372,0.9846666666666667,0.9998095238095238
-0.14850000000009378,0.9846666666666667,0.9998095238095238
-0.14800000000009383,0.9846666666666667,0.9998095238095238
-0.1475000000000939,0.9846666666666667,0.9998095238095238
-0.14700000000009394,0.9846666666666667,0.9998095238095238
-0.146500000000094,0.9846666666666667,0.9998095238095238
-0.14600000000009405,0.9846666666666667,0.9998095238095238
-0.1455000000000941,0.9846666666666667,0.9998095238095238
-0.14500000000009416,0.9846666666666667,0.9998095238095238
-0.14450000000009422,0.9846666666666667,0.9998095238095238
-0.14400000000009427,0.9846666666666667,0.9998095238095238
-0.14350000000009433,0.9846666666666667,0.9998095238095238
-0.14300000000009438,0.9846666666666667,0.9998095238095238
-0.14250000000009444,0.9846666666666667,0.9998095238095238
-0.1420000000000945,0.9846666666666667,0.9998095238095238
-0.14150000000009455,0.9846666666666667,0.9998095238095238
-0.1410000000000946,0.9846666666666667,0.9998095238095238
-0.14050000000009466,0.9846666666666667,0.9998095238095238
-0.14000000000009472,0.9846666666666667,0.9998095238095238
-0.13950000000009477,0.9846666666666667,0.9998095238095238
-0.13900000000009483,0.9846666666666667,0.9998095238095238
-0.13850000000009488,0.9846666666666667,0.9998095238095238
-0.13800000000009494,0.9846666666666667,0.9998095238095238
-0.137500000000095,0.9846666666666667,0.9998095238095238
-0.13700000000009505,0.9846666666666667,0.9998095238095238
-0.1365000000000951,0.9846666666666667,0.9998095238095238
-0.13600000000009516,0.9846666666666667,0.9998095238095238
-0.1355000000000952,0.9846666666666667,0.9998095238095238
-0.13500000000009527,0.9846666666666667,0.9998095238095238
-0.13450000000009532,0.9846666666666667,0.9998095238095238
-0.13400000000009538,0.9846666666666667,0.9998095238095238
-0.13350000000009543,0.9846666666666667,0.9998095238095238
-0.1330000000000955,0.9846666666666667,0.9998095238095238
-0.13250000000009554,0.9846666666666667,0.9998095238095238
-0.1320000000000956,0.9846666666666667,0.9998095238095238
-0.13150000000009565,0.9846666666666667,0.9998095238095238
-0.1310000000000957,0.9846666666666667,0.9998095238095238
-0.13050000000009576,0.9846666666666667,0.9998095238095238
-0.13000000000009582,0.9846666666666667,0.9998095238095238
-0.12950000000009587,0.9846666666666667,0.9998095238095238
-0.12900000000009593,0.9846666666666667,0.9998095238095238
-0.12850000000009598,0.9846666666666667,0.9998095238095238
-0.12800000000009604,0.9846666666666667,0.9998095238095238
-0.1275000000000961,0.9846666666666667,0.9998095238095238
-0.12700000000009615,0.9846666666666667,0.9998095238095238
-0.1265000000000962,0.9846666666666667,0.9998095238095238
-0.12600000000009626,0.9846666666666667,0.9998095238095238
-0.1255000000000963,0.9846666666666667,0.9998095238095238
-0.12500000000009637,0.9846666666666667,0.9998095238095238
-0.12450000000009642,0.9846666666666667,0.9998095238095238
-0.12400000000009648,0.9846666666666667,0.9998095238095238
-0.12350000000009653,0.9846666666666667,0.9998095238095238
-0.12300000000009659,0.9846666666666667,0.9998095238095238
-0.12250000000009664,0.9846666666666667,0.9998095238095238
-0.1220000000000967,0.9846666666666667,0.9998095238095238
-0.12150000000009675,0.9846666666666667,0.9998095238095238
-0.12100000000009681,0.9846666666666667,0.9998095238095238
-0.12050000000009686,0.9846666666666667,0.9998095238095238
-0.12000000000009692,0.9846666666666667,0.9998095238095238
-0.11950000000009697,0.9846666666666667,0.9998095238095238
-0.11900000000009703,0.9846666666666667,0.9998095238095238
-0.11850000000009708,0.9846666666666667,0.9998095238095238
-0.11800000000009714,0.9846666666666667,0.9998095238095238
-0.1175000000000972,0.9846666666666667,0.9998095238095238
-0.11700000000009725,0.9846666666666667,0.9998095238095238
-0.1165000000000973,0.9846666666666667,0.9998095238095238
-0.11600000000009736,0.9846666666666667,0.9998095238095238
-0.11550000000009741,0.9846666666666667,0.9998095238095238
-0.11500000000009747,0.9846666666666667,0.9998095238095238
-0.11450000000009752,0.9846666666666667,0.9998095238095238
-0.11400000000009758,0.9846666666666667,0.9998095238095238
-0.11350000000009763,0.9846666666666667,0.9998095238095238
-0.11300000000009769,0.9846666666666667,0.9998095238095238
-0.11250000000009774,0.9846666666666667,0.9998095238095238
-0.1120000000000978,0.9846666666666667,0.9998095238095238
-0.11150000000009785,0.9846666666666667,0.9998095238095238
-0.11100000000009791,0.9846666666666667,0.9998095238095238
-0.11050000000009796,0.9846666666666667,0.9998095238095238
-0.11000000000009802,0.9846666666666667,0.9998095238095238
-0.10950000000009807,0.9846666666666667,0.9998095238095238
-0.10900000000009813,0.9846666666666667,0.9998095238095238
-0.10850000000009818,0.9846666666666667,0.9998095238095238
-0.10800000000009824,0.9846666666666667,0.9998095238095238
-0.1075000000000983,0.9846666666666667,0.9998095238095238
-0.10700000000009835,0.9846666666666667,0.9998095238095238
-0.1065000000000984,0.9846666666666667,0.9998095238095238
-0.10600000000009846,0.9846666666666667,0.9998095238095238
-0.10550000000009851,0.9846666666666667,0.9998095238095238
-0.10500000000009857,0.9846666666666667,0.9998095238095238
-0.10450000000009863,0.9846666666666667,0.9998095238095238
-0.10400000000009868,0.9846666666666667,0.9998095238095238
-0.10350000000009874,0.9846666666666667,0.9998095238095238
-0.10300000000009879,0.9846666666666667,0.9998095238095238
-0.10250000000009885,0.9846666666666667,0.9998095238095238
-0.1020000000000989,0.9846666666666667,0.9998095238095238
-0.10150000000009896,0.9846666666666667,0.9998095238095238
-0.10100000000009901,0.9846666666666667,0.9998095238095238
-0.10050000000009907,0.9846666666666667,0.9998095238095238
-0.10000000000009912,0.9846666666666667,0.9998095238095238
-0.09950000000009918,0.9846666666666667,0.9998095238095238
-0.09900000000009923,0.9846666666666667,0.9998095238095238
-0.09850000000009929,0.9846666666666667,0.9998095238095238
-0.09800000000009934,0.9846666666666667,0.9998095238095238
-0.0975000000000994,0.9846666666666667,0.9998095238095238
-0.09700000000009945,0.9846666666666667,0.9998095238095238
-0.0965000000000995,0.9846666666666667,0.9998095238095238
-0.09600000000009956,0.9846666666666667,0.9998095238095238
-0.09550000000009962,0.9846666666666667,0.9998095238095238
-0.09500000000009967,0.9846666666666667,0.9998095238095238
-0.09450000000009973,0.9846666666666667,0.9998095238095238
-0.09400000000009978,0.9846666666666667,0.9998095238095238
-0.09350000000009984,0.9846666666666667,0.9998095238095238
-0.09300000000009989,0.9846666666666667,0.9998095238095238
-0.09250000000009995,0.9846666666666667,0.9998095238095238
-0.0920000000001,0.9846666666666667,0.9998095238095238
-0.09150000000010006,0.9846666666666667,0.9998095238095238
-0.09100000000010011,0.9846666666666667,0.9998095238095238
-0.09050000000010017,0.9846666666666667,0.9998095238095238
-0.09000000000010022,0.9846666666666667,0.9998095238095238
-0.08950000000010028,0.9846666666666667,0.9998095238095238
-0.08900000000010033,0.9846666666666667,0.9998095238095238
-0.08850000000010039,0.9846666666666667,0.9998095238095238
-0.08800000000010044,0.9846666666666667,0.9998095238095238
-0.0875000000001005,0.9846666666666667,0.9998095238095238
-0.08700000000010055,0.9846666666666667,0.9998095238095238
-0.08650000000010061,0.9846666666666667,0.9998095238095238
-0.08600000000010066,0.9846666666666667,0.9998095238095238
-0.08550000000010072,0.9846666666666667,0.9998095238095238
-0.08500000000010077,0.9846666666666667,0.9998095238095238
-0.08450000000010083,0.9846666666666667,0.9998095238095238
-0.08400000000010088,0.9846666666666667,0.9998095238095238
-0.08350000000010094,0.9846666666666667,0.9998095238095238
-0.08300000000010099,0.9846666666666667,0.9998095238095238
-0.08250000000010105,0.9846666666666667,0.9998095238095238
-0.0820000000001011,0.9846666666666667,0.9998095238095238
-0.08150000000010116,0.9846666666666667,0.9998095238095238
-0.08100000000010121,0.9846666666666667,0.9998095238095238
-0.08050000000010127,0.9846666666666667,0.9998095238095238
-0.08000000000010132,0.9846666666666667,0.9998095238095238
-0.07950000000010138,0.9846666666666667,0.9998095238095238
-0.07900000000010143,0.9846666666666667,0.9998095238095238
-0.07850000000010149,0.9846666666666667,0.9998095238095238
-0.07800000000010154,0.9846666666666667,0.9998095238095238
-0.0775000000001016,0.9846666666666667,0.9998095238095238
-0.07700000000010165,0.9846666666666667,0.9998095238095238
-0.07650000000010171,0.9846666666666667,0.9998095238095238
-0.07600000000010176,0.9846666666666667,0.9998095238095238
-0.07550000000010182,0.9846666666666667,0.9998095238095238
-0.07500000000010187,0.9846666666666667,0.9998095238095238
-0.07450000000010193,0.9846666666666667,0.9998095238095238
-0.07400000000010198,0.9846666666666667,0.9998095238095238
-0.07350000000010204,0.9846666666666667,0.9998095238095238
-0.0730000000001021,0.9846666666666667,0.9998095238095238
-0.07250000000010215,0.9846666666666667,0.9998095238095238
-0.0720000000001022,0.9846666666666667,0.9998095238095238
-0.07150000000010226,0.9846666666666667,0.9998095238095238
-0.07100000000010231,0.9846666666666667,0.9998095238095238
-0.07050000000010237,0.9846666666666667,0.9998095238095238
-0.07000000000010242,0.9846666666666667,0.9998095238095238
-0.06950000000010248,0.9846666666666667,0.9998095238095238
-0.06900000000010253,0.9846666666666667,0.9998095238095238
-0.06850000000010259,0.9846666666666667,0.9998095238095238
-0.06800000000010265,0.9846666666666667,0.9998095238095238
-0.0675000000001027,0.9846666666666667,0.9998095238095238
-0.06700000000010276,0.9846666666666667,0.9998095238095238
-0.06650000000010281,0.9846666666666667,0.9998095238095238
-0.06600000000010287,0.9846666666666667,0.9998095238095238
-0.06550000000010292,0.9846666666666667,0.9998095238095238
-0.06500000000010298,0.9846666666666667,0.9998095238095238
-0.06450000000010303,0.9846666666666667,0.9998095238095238
-0.06400000000010309,0.9846666666666667,0.9998095238095238
-0.06350000000010314,0.9846666666666667,0.9998095238095238
-0.0630000000001032,0.9846666666666667,0.9998095238095238
-0.06250000000010325,0.9846666666666667,0.9998095238095238
-0.062000000000103306,0.9846666666666667,0.9998095238095238
-0.06150000000010336,0.9846666666666667,0.9998095238095238
-0.061000000000103416,0.9846666666666667,0.9998095238095238
-0.06050000000010347,0.9846666666666667,0.9998095238095238
-0.060000000000103526,0.9846666666666667,0.9998095238095238
-0.05950000000010358,0.9846666666666667,0.9998095238095238
-0.059000000000103636,0.9846666666666667,0.9998095238095238
-0.05850000000010369,0.9846666666666667,0.9998095238095238
-0.058000000000103746,0.9846666666666667,0.9998095238095238
-0.0575000000001038,0.9846666666666667,0.9998095238095238
-0.057000000000103856,0.9846666666666667,0.9998095238095238
-0.05650000000010391,0.9846666666666667,0.9998095238095238
-0.05600000000010397,0.9846666666666667,0.9998095238095238
-0.05550000000010402,0.9846666666666667,0.9998095238095238
-0.05500000000010408,0.9846666666666667,0.9998095238095238
-0.05450000000010413,0.9846666666666667,0.9998095238095238
-0.05400000000010419,0.9846666666666667,0.9998095238095238
-0.05350000000010424,0.9846666666666667,0.9998095238095238
-0.0530000000001043,0.9846666666666667,0.9998095238095238
-0.05250000000010435,0.9846666666666667,0.9998095238095238
-0.05200000000010441,0.9846666666666667,0.9998095238095238
-0.05150000000010446,0.9846666666666667,0.9998095238095238
-0.05100000000010452,0.9846666666666667,0.9998095238095238
-0.05050000000010457,0.9846666666666667,0.9998095238095238
-0.05000000000010463,0.9846666666666667,0.9998095238095238
-0.04950000000010468,0.9846666666666667,0.9998095238095238
-0.04900000000010474,0.9846666666666667,0.9998095238095238
-0.04850000000010479,0.9846666666666667,0.9998095238095238
-0.04800000000010485,0.9846666666666667,0.9998095238095238
-0.0475000000001049,0.9846666666666667,0.9998095238095238
-0.04700000000010496,0.9846666666666667,0.9998095238095238
-0.04650000000010501,0.9846666666666667,0.9998095238095238
-0.04600000000010507,0.9846666666666667,0.9998095238095238
-0.04550000000010512,0.9846666666666667,0.9998095238095238
-0.04500000000010518,0.9846666666666667,0.9998095238095238
-0.04450000000010523,0.9846666666666667,0.9998095238095238
-0.04400000000010529,0.9846666666666667,0.9998095238095238
-0.04350000000010534,0.9846666666666667,0.9998095238095238
-0.0430000000001054,0.9846666666666667,0.9998095238095238
-0.04250000000010545,0.9846666666666667,0.9998095238095238
-0.04200000000010551,0.9846666666666667,0.9998095238095238
-0.041500000000105564,0.9846666666666667,0.9998095238095238
-0.04100000000010562,0.9846666666666667,0.9998095238095238
-0.040500000000105674,0.9846666666666667,0.9998095238095238
-0.04000000000010573,0.9846666666666667,0.9998095238095238
-0.039500000000105784,0.9846666666666667,0.9998095238095238
-0.03900000000010584,0.9846666666666667,0.9998095238095238
-0.038500000000105894,0.9846666666666667,0.9998095238095238
-0.03800000000010595,0.9846666666666667,0.9998095238095238
-0.037500000000106004,0.9846666666666667,0.9998095238095238
-0.03700000000010606,0.9846666666666667,0.9998095238095238
-0.036500000000106114,0.9846666666666667,0.9998095238095238
-0.03600000000010617,0.9846666666666667,0.9998095238095238
-0.035500000000106224,0.9846666666666667,0.9998095238095238
-0.03500000000010628,0.9846666666666667,0.9998095238095238
-0.034500000000106334,0.9846666666666667,0.9998095238095238
-0.03400000000010639,0.9846666666666667,0.9998095238095238
-0.033500000000106445,0.9846666666666667,0.9998095238095238
-0.0330000000001065,0.9846666666666667,0.9998095238095238
-0.032500000000106555,0.9846666666666667,0.9998095238095238
-0.03200000000010661,0.9846666666666667,0.9998095238095238
-0.031500000000106665,0.9846666666666667,0.9998095238095238
-0.03100000000010672,0.9846666666666667,0.9998095238095238
-0.030500000000106775,0.9846666666666667,0.9998095238095238
-0.03000000000010683,0.9846666666666667,0.9998095238095238
-0.029500000000106885,0.9846666666666667,0.9998095238095238
-0.02900000000010694,0.9846666666666667,0.9998095238095238
-0.028500000000106995,0.9846666666666667,0.9998095238095238
-0.02800000000010705,0.9846666666666667,0.9998095238095238
-0.027500000000107105,0.9846666666666667,0.9998095238095238
-0.02700000000010716,0.9846666666666667,0.9998095238095238
-0.026500000000107216,0.9846666666666667,0.9998095238095238
-0.02600000000010727,0.9846666666666667,0.9998095238095238
-0.025500000000107326,0.9846666666666667,0.9998095238095238
-0.02500000000010738,0.9846666666666667,0.9998095238095238
-0.024500000000107436,0.9846666666666667,0.9998095238095238
-0.02400000000010749,0.9846666666666667,0.9998095238095238
-0.023500000000107546,0.9846666666666667,0.9998095238095238
-0.0230000000001076,0.9846666666666667,0.9998095238095238
-0.022500000000107656,0.9846666666666667,0.9998095238095238
-0.02200000000010771,0.9846666666666667,0.9998095238095238
-0.021500000000107766,0.9846666666666667,0.9998095238095238
-0.02100000000010782,0.9846666666666667,0.9998095238095238
-0.020500000000107876,0.9846666666666667,0.9998095238095238
-0.02000000000010793,0.9846666666666667,0.9998095238095238
-0.019500000000107987,0.9846666666666667,0.9998095238095238
-0.01900000000010804,0.9846666666666667,0.9998095238095238
-0.018500000000108097,0.9846666666666667,0.9998095238095238
-0.01800000000010815,0.9846666666666667,0.9998095238095238
-0.017500000000108207,0.9846666666666667,0.9998095238095238
-0.017000000000108262,0.9846666666666667,0.9998095238095238
-0.016500000000108317,0.9846666666666667,0.9998095238095238
-0.016000000000108372,0.9846666666666667,0.9998095238095238
-0.015500000000108427,0.9846666666666667,0.9998095238095238
-0.015000000000108482,0.9846666666666667,0.9998095238095238
-0.014500000000108537,0.9846666666666667,0.9998095238095238
-0.014000000000108592,0.9846666666666667,0.9998095238095238
-0.013500000000108647,0.9846666666666667,0.9998095238095238
-0.013000000000108702,0.9846666666666667,0.9998095238095238
-0.012500000000108757,0.9846666666666667,0.9998095238095238
-0.012000000000108813,0.9846666666666667,0.9998095238095238
-0.011500000000108868,0.9846666666666667,0.9998095238095238
-0.011000000000108923,0.9846666666666667,0.9998095238095238
-0.010500000000108978,0.9846666666666667,0.9998095238095238
-0.010000000000109033,0.9846666666666667,0.9998095238095238
-0.009500000000109088,0.9846666666666667,0.9998095238095238
-0.009000000000109143,0.9846666666666667,0.9998095238095238
-0.008500000000109198,0.9846666666666667,0.9998095238095238
-0.008000000000109253,0.9846666666666667,0.9998095238095238
-0.007500000000109308,0.9846666666666667,0.9998095238095238
-0.007000000000109363,0.9846666666666667,0.9998095238095238
-0.006500000000109418,0.9846666666666667,0.9998095238095238
-0.006000000000109473,0.9846666666666667,0.9998095238095238
-0.005500000000109528,0.9846666666666667,0.9998095238095238
-0.0050000000001095835,0.9846666666666667,0.9998095238095238
-0.0045000000001096385,0.9846666666666667,0.9998095238095238
-0.004000000000109694,0.9846666666666667,0.9998095238095238
-0.0035000000001097487,0.9846666666666667,0.9998095238095238
-0.0030000000001098037,0.9846666666666667,0.9998095238095238
-0.002500000000109859,0.9846666666666667,0.9998095238095238
-0.002000000000109914,0.9846666666666667,0.9998095238095238
-0.001500000000109969,0.9846666666666667,0.9998095238095238
-0.001000000000110024,0.9846666666666667,0.9998095238095238
-0.0005000000001100791,0.9846666666666667,0.9998095238095238
-1.1013412404281553e-13,0.9846666666666667,0.9998095238095238
0.0004999999998898108,0.9846666666666667,0.9998095238095238
0.0009999999998897557,0.9846666666666667,0.9998095238095238
0.0014999999998897007,0.9846666666666667,0.9998095238095238
0.0019999999998896456,0.9846666666666667,0.9998095238095238
0.0024999999998895905,0.9846666666666667,0.9998095238095238
0.0029999999998895355,0.9846666666666667,0.9998095238095238
0.0034999999998894804,0.9846666666666667,0.9998095238095238
0.003999999999889425,0.9846666666666667,0.9998095238095238
0.00449999999988937,0.9846666666666667,0.9998095238095238
0.004999999999889315,0.9846666666666667,0.9998095238095238
0.00549999999988926,0.9846666666666667,0.9998095238095238
0.005999999999889205,0.9846666666666667,0.9998095238095238
0.00649999999988915,0.9846666666666667,0.9998095238095238
0.006999999999889095,0.9846666666666667,0.9998095238095238
0.00749999999988904,0.9846666666666667,0.9998095238095238
0.007999999999888985,0.9846666666666667,0.9998095238095238
0.00849999999988893,0.9846666666666667,0.9998095238095238
0.008999999999888875,0.9846666666666667,0.9998095238095238
0.00949999999988882,0.9846666666666667,0.9998095238095238
0.009999999999888765,0.9846666666666667,0.9998095238095238
0.01049999999988871,0.9846666666666667,0.9998095238095238
0.010999999999888654,0.9846666666666667,0.9998095238095238
0.0114999999998886,0.9846666666666667,0.9998095238095238
0.011999999999888544,0.9846666666666667,0.9998095238095238
0.01249999999988849,0.9846666666666667,0.9998095238095238
0.012999999999888434,0.9846666666666667,0.9998095238095238
0.013499999999888379,0.9846666666666667,0.9998095238095238
0.013999999999888324,0.9846666666666667,0.9998095238095238
0.014499999999888269,0.9846666666666667,0.9998095238095238
0.014999999999888214,0.9846666666666667,0.9998095238095238
0.015499999999888159,0.9846666666666667,0.9998095238095238
0.015999999999888104,0.9846666666666667,0.9998095238095238
0.01649999999988805,0.9846666666666667,0.9998095238095238
0.016999999999887994,0.9846666666666667,0.9998095238095238
0.01749999999988794,0.9846666666666667,0.9998095238095238
0.017999999999887883,0.9846666666666667,0.9998095238095238
0.01849999999988783,0.9846666666666667,0.9998095238095238
0.018999999999887773,0.9846666666666667,0.9998095238095238
0.019499999999887718,0.9846666666666667,0.9998095238095238
0.019999999999887663,0.9846666666666667,0.9998095238095238
0.020499999999887608,0.9846666666666667,0.9998095238095238
0.020999999999887553,0.9846666666666667,0.9998095238095238
0.021499999999887498,0.9846666666666667,0.9998095238095238
0.021999999999887443,0.9846666666666667,0.9998095238095238
0.022499999999887388,0.9846666666666667,0.9998095238095238
0.022999999999887333,0.9846666666666667,0.9998095238095238
0.023499999999887278,0.9846666666666667,0.9998095238095238
0.023999999999887223,0.9846666666666667,0.9998095238095238
0.024499999999887168,0.9846666666666667,0.9998095238095238
0.024999999999887113,0.9846666666666667,0.9998095238095238
0.025499999999887057,0.9846666666666667,0.9998095238095238
0.025999999999887002,0.9846666666666667,0.9998095238095238
0.026499999999886947,0.9846666666666667,0.9998095238095238
0.026999999999886892,0.9846666666666667,0.9998095238095238
0.027499999999886837,0.9846666666666667,0.9998095238095238
0.027999999999886782,0.9846666666666667,0.9998095238095238
0.028499999999886727,0.9846666666666667,0.9998095238095238
0.028999999999886672,0.9846666666666667,0.9998095238095238
0.029499999999886617,0.9846666666666667,0.9998095238095238
0.029999999999886562,0.9846666666666667,0.9998095238095238
0.030499999999886507,0.9846666666666667,0.9998095238095238
0.03099999999988645,0.9846666666666667,0.9998095238095238
0.0314999999998864,0.9846666666666667,0.9998095238095238
0.03199999999988634,0.9846666666666667,0.9998095238095238
0.032499999999886287,0.9846666666666667,0.9998095238095238
0.03299999999988623,0.9846666666666667,0.9998095238095238
0.033499999999886176,0.9846666666666667,0.9998095238095238
0.03399999999988612,0.9846666666666667,0.9998095238095238
0.034499999999886066,0.9846666666666667,0.9998095238095238
0.03499999999988601,0.9846666666666667,0.9998095238095238
0.035499999999885956,0.9846666666666667,0.9998095238095238
0.0359999999998859,0.9846666666666667,0.9998095238095238
0.036499999999885846,0.9846666666666667,0.9998095238095238
0.03699999999988579,0.9846666666666667,0.9998095238095238
0.037499999999885736,0.9846666666666667,0.9998095238095238
0.03799999999988568,0.9846666666666667,0.9998095238095238
0.038499999999885626,0.9846666666666667,0.9998095238095238
0.03899999999988557,0.9846666666666667,0.9998095238095238
0.039499999999885516,0.9846666666666667,0.9998095238095238
0.03999999999988546,0.9846666666666667,0.9998095238095238
0.040499999999885405,0.9846666666666667,0.9998095238095238
0.04099999999988535,0.9846666666666667,0.9998095238095238
0.041499999999885295,0.9846666666666667,0.9998095238095238
0.04199999999988524,0.9846666666666667,0.9998095238095238
0.042499999999885185,0.9846666666666667,0.9998095238095238
0.04299999999988513,0.9846666666666667,0.9998095238095238
0.043499999999885075,0.9846666666666667,0.9998095238095238
0.04399999999988502,0.9846666666666667,0.9998095238095238
0.044499999999884965,0.9846666666666667,0.9998095238095238
0.04499999999988491,0.9846666666666667,0.9998095238095238
0.045499999999884855,0.9846666666666667,0.9998095238095238
0.0459999999998848,0.9846666666666667,0.9998095238095238
0.046499999999884745,0.9846666666666667,0.9998095238095238
0.04699999999988469,0.9846666666666667,0.9998095238095238
0.047499999999884635,0.9846666666666667,0.9998095238095238
0.04799999999988458,0.9846666666666667,0.9998095238095238
0.048499999999884524,0.9846666666666667,0.9998095238095238
0.04899999999988447,0.9846666666666667,0.9998095238095238
0.049499999999884414,0.9846666666666667,0.9998095238095238
0.04999999999988436,0.9846666666666667,0.9998095238095238
0.050499999999884304,0.9846666666666667,0.9998095238095238
0.05099999999988425,0.9846666666666667,0.9998095238095238
0.051499999999884194,0.9846666666666667,0.9998095238095238
0.05199999999988414,0.9846666666666667,0.9998095238095238
0.052499999999884084,0.9846666666666667,0.9998095238095238
0.05299999999988403,0.9846666666666667,0.9998095238095238
0.053499999999883974,0.9846666666666667,0.9998095238095238
0.05399999999988392,0.9846666666666667,0.9998095238095238
0.054499999999883864,0.9846666666666667,0.9998095238095238
0.05499999999988381,0.9846666666666667,0.9998095238095238
0.05549999999988375,0.9846666666666667,0.9998095238095238
0.0559999999998837,0.9846666666666667,0.9998095238095238
0.05649999999988364,0.9846666666666667,0.9998095238095238
0.05699999999988359,0.9846666666666667,0.9998095238095238
0.05749999999988353,0.9846666666666667,0.9998095238095238
0.05799999999988348,0.9846666666666667,0.9998095238095238
0.05849999999988342,0.9846666666666667,0.9998095238095238
0.05899999999988337,0.9846666666666667,0.9998095238095238
0.05949999999988331,0.9846666666666667,0.9998095238095238
0.05999999999988326,0.9846666666666667,0.9998095238095238
0.0604999999998832,0.9846666666666667,0.9998095238095238
0.06099999999988315,0.9846666666666667,0.9998095238095238
0.06149999999988309,0.9846666666666667,0.9998095238095238
0.06199999999988304,0.9846666666666667,0.9998095238095238
0.06249999999988298,0.9846666666666667,0.9998095238095238
0.06299999999988293,0.9846666666666667,0.9998095238095238
0.06349999999988287,0.9846666666666667,0.9998095238095238
0.06399999999988282,0.9846666666666667,0.9998095238095238
0.06449999999988276,0.9846666666666667,0.9998095238095238
0.06499999999988271,0.9846666666666667,0.9998095238095238
0.06549999999988265,0.9846666666666667,0.9998095238095238
0.0659999999998826,0.9846666666666667,0.9998095238095238
0.06649999999988254,0.9846666666666667,0.9998095238095238
0.06699999999988249,0.9846666666666667,0.9998095238095238
0.06749999999988243,0.9846666666666667,0.9998095238095238
0.06799999999988238,0.9846666666666667,0.9998095238095238
0.06849999999988232,0.9846666666666667,0.9998095238095238
0.06899999999988227,0.9846666666666667,0.9998095238095238
0.06949999999988221,0.9846666666666667,0.9998095238095238
0.06999999999988216,0.9846666666666667,0.9998095238095238
0.0704999999998821,0.9846666666666667,0.9998095238095238
0.07099999999988205,0.9846666666666667,0.9998095238095238
0.07149999999988199,0.9846666666666667,0.9998095238095238
0.07199999999988194,0.9846666666666667,0.9998095238095238
0.07249999999988188,0.9846666666666667,0.9998095238095238
0.07299999999988183,0.9846666666666667,0.9998095238095238
0.07349999999988177,0.9846666666666667,0.9998095238095238
0.07399999999988172,0.9846666666666667,0.9998095238095238
0.07449999999988166,0.9846666666666667,0.9998095238095238
0.0749999999998816,0.9846666666666667,0.9998095238095238
0.07549999999988155,0.9846666666666667,0.9998095238095238
0.0759999999998815,0.9846666666666667,0.9998095238095238
0.07649999999988144,0.9846666666666667,0.9998095238095238
0.07699999999988139,0.9846666666666667,0.9998095238095238
0.07749999999988133,0.9846666666666667,0.9998095238095238
0.07799999999988128,0.9846666666666667,0.9998095238095238
0.07849999999988122,0.9846666666666667,0.9998095238095238
0.07899999999988117,0.9846666666666667,0.9998095238095238
0.07949999999988111,0.9846666666666667,0.9998095238095238
0.07999999999988106,0.9846666666666667,0.9998095238095238
0.080499999999881,0.9846666666666667,0.9998095238095238
0.08099999999988095,0.9846666666666667,0.9998095238095238
0.08149999999988089,0.9846666666666667,0.9998095238095238
0.08199999999988083,0.9846666666666667,0.9998095238095238
0.08249999999988078,0.9846666666666667,0.9998095238095238
0.08299999999988072,0.9846666666666667,0.9998095238095238
0.08349999999988067,0.9846666666666667,0.9998095238095238
0.08399999999988061,0.9846666666666667,0.9998095238095238
0.08449999999988056,0.9846666666666667,0.9998095238095238
0.0849999999998805,0.9846666666666667,0.9998095238095238
0.08549999999988045,0.9846666666666667,0.9998095238095238
0.0859999999998804,0.9846666666666667,0.9998095238095238
0.08649999999988034,0.9846666666666667,0.9998095238095238
0.08699999999988028,0.9846666666666667,0.9998095238095238
0.08749999999988023,0.9846666666666667,0.9998095238095238
0.08799999999988017,0.9846666666666667,0.9998095238095238
0.08849999999988012,0.9846666666666667,0.9998095238095238
0.08899999999988006,0.9846666666666667,0.9998095238095238
0.08949999999988001,0.9846666666666667,0.9998095238095238
0.08999999999987995,0.9846666666666667,0.9998095238095238
0.0904999999998799,0.9846666666666667,0.9998095238095238
0.09099999999987984,0.9846666666666667,0.9998095238095238
0.09149999999987979,0.9846666666666667,0.9998095238095238
0.09199999999987973,0.9846666666666667,0.9998095238095238
0.09249999999987968,0.9846666666666667,0.9998095238095238
0.09299999999987962,0.9846666666666667,0.9998095238095238
0.09349999999987957,0.9846666666666667,0.9998095238095238
0.09399999999987951,0.9846666666666667,0.9998095238095238
0.09449999999987946,0.9846666666666667,0.9998095238095238
0.0949999999998794,0.9846666666666667,0.9998095238095238
0.09549999999987935,0.9846666666666667,0.9998095238095238
0.09599999999987929,0.9846666666666667,0.9998095238095238
0.09649999999987924,0.9846666666666667,0.9998095238095238
0.09699999999987918,0.9846666666666667,0.9998095238095238
0.09749999999987913,0.9846666666666667,0.9998095238095238
0.09799999999987907,0.9846666666666667,0.9998095238095238
0.09849999999987902,0.9846666666666667,0.9998095238095238
0.09899999999987896,0.9846666666666667,0.9998095238095238
0.09949999999987891,0.9846666666666667,0.9998095238095238
0.09999999999987885,0.9846666666666667,0.9998095238095238
0.1004999999998788,0.9846666666666667,0.9998095238095238
0.10099999999987874,0.9846666666666667,0.9998095238095238
0.10149999999987869,0.9846666666666667,0.9998095238095238
0.10199999999987863,0.9846666666666667,0.9998095238095238
0.10249999999987858,0.9846666666666667,0.9998095238095238
0.10299999999987852,0.9846666666666667,0.9998095238095238
0.10349999999987847,0.9846666666666667,0.9998095238095238
0.10399999999987841,0.9846666666666667,0.9998095238095238
0.10449999999987836,0.9846666666666667,0.9998095238095238
0.1049999999998783,0.9846666666666667,0.9998095238095238
0.10549999999987825,0.9846666666666667,0.9998095238095238
0.10599999999987819,0.9846666666666667,0.9998095238095238
0.10649999999987814,0.9846666666666667,0.9998095238095238
0.10699999999987808,0.9846666666666667,0.9998095238095238
0.10749999999987803,0.9846666666666667,0.9998095238095238
0.10799999999987797,0.9846666666666667,0.9998095238095238
0.10849999999987792,0.9846666666666667,0.9998095238095238
0.10899999999987786,0.9846666666666667,0.9998095238095238
0.1094999999998778,0.9846666666666667,0.9998095238095238
0.10999999999987775,0.9846666666666667,0.9998095238095238
0.1104999999998777,0.9846666666666667,0.9998095238095238
0.11099999999987764,0.9846666666666667,0.9998095238095238
0.11149999999987759,0.9846666666666667,0.9998095238095238
0.11199999999987753,0.9846666666666667,0.9998095238095238
0.11249999999987748,0.9846666666666667,0.9998095238095238
0.11299999999987742,0.9846666666666667,0.9998095238095238
0.11349999999987737,0.9846666666666667,0.9998095238095238
0.11399999999987731,0.9846666666666667,0.9998095238095238
0.11449999999987726,0.9846666666666667,0.9998095238095238
0.1149999999998772,0.9846666666666667,0.9998095238095238
0.11549999999987715,0.9846666666666667,0.9998095238095238
0.11599999999987709,0.9846666666666667,0.9998095238095238
0.11649999999987704,0.9846666666666667,0.9998095238095238
0.11699999999987698,0.9846666666666667,0.9998095238095238
0.11749999999987693,0.9846666666666667,0.9998095238095238
0.11799999999987687,0.9846666666666667,0.9998095238095238
0.11849999999987681,0.9846666666666667,0.9998095238095238
0.11899999999987676,0.9846666666666667,0.9998095238095238
0.1194999999998767,0.9846666666666667,0.9998095238095238
0.11999999999987665,0.9846666666666667,0.9998095238095238
0.1204999999998766,0.9846666666666667,0.9998095238095238
0.12099999999987654,0.9846666666666667,0.9998095238095238
0.12149999999987648,0.9846666666666667,0.9998095238095238
0.12199999999987643,0.9846666666666667,0.9998095238095238
0.12249999999987637,0.9846666666666667,0.9998095238095238
0.12299999999987632,0.9846666666666667,0.9998095238095238
0.12349999999987626,0.9846666666666667,0.9998095238095238
0.12399999999987621,0.9846666666666667,0.9998095238095238
0.12449999999987615,0.9846666666666667,0.9998095238095238
0.1249999999998761,0.9846666666666667,0.9998095238095238
0.12549999999987604,0.9846666666666667,0.9998095238095238
0.125999999999876,0.9846666666666667,0.9998095238095238
0.12649999999987593,0.9846666666666667,0.9998095238095238
0.12699999999987588,0.9846666666666667,0.9998095238095238
0.12749999999987582,0.9846666666666667,0.9998095238095238
0.12799999999987577,0.9846666666666667,0.9998095238095238
0.1284999999998757,0.9846666666666667,0.9998095238095238
0.12899999999987566,0.9846666666666667,0.9998095238095238
0.1294999999998756,0.9846666666666667,0.9998095238095238
0.12999999999987555,0.9846666666666667,0.9998095238095238
0.1304999999998755,0.9846666666666667,0.9998095238095238
0.13099999999987544,0.9846666666666667,0.9998095238095238
0.13149999999987538,0.9846666666666667,0.9998095238095238
0.13199999999987533,0.9846666666666667,0.9998095238095238
0.13249999999987527,0.9846666666666667,0.9998095238095238
0.13299999999987522,0.9846666666666667,0.9998095238095238
0.13349999999987516,0.9846666666666667,0.9998095238095238
0.1339999999998751,0.9846666666666667,0.9998095238095238
0.13449999999987505,0.9846666666666667,0.9998095238095238
0.134999999999875,0.9846666666666667,0.9998095238095238
0.13549999999987494,0.9846666666666667,0.9998095238095238
0.1359999999998749,0.9846666666666667,0.9998095238095238
0.13649999999987483,0.9846666666666667,0.9998095238095238
0.13699999999987478,0.9846666666666667,0.9998095238095238
0.13749999999987472,0.9846666666666667,0.9998095238095238
0.13799999999987467,0.9846666666666667,0.9998095238095238
0.1384999999998746,0.9846666666666667,0.9998095238095238
0.13899999999987456,0.9846666666666667,0.9998095238095238
0.1394999999998745,0.9846666666666667,0.9998095238095238
0.13999999999987445,0.9846666666666667,0.9998095238095238
0.1404999999998744,0.9846666666666667,0.9998095238095238
0.14099999999987434,0.9846666666666667,0.9998095238095238
0.14149999999987428,0.9846666666666667,0.9998095238095238
0.14199999999987423,0.9846666666666667,0.9998095238095238
0.14249999999987417,0.9846666666666667,0.9998095238095238
0.14299999999987412,0.9846666666666667,0.9998095238095238
0.14349999999987406,0.9846666666666667,0.9998095238095238
0.143999999999874,0.9846666666666667,0.9998095238095238
0.14449999999987395,0.9846666666666667,0.9998095238095238
0.1449999999998739,0.9846666666666667,0.9998095238095238
0.14549999999987384,0.9846666666666667,0.9998095238095238
0.1459999999998738,0.9846666666666667,0.9998095238095238
0.14649999999987373,0.9846666666666667,0.9998095238095238
0.14699999999987368,0.9846666666666667,0.9998095238095238
0.14749999999987362,0.9846666666666667,0.9998095238095238
0.14799999999987357,0.9846666666666667,0.9998095238095238
0.1484999999998735,0.9846666666666667,0.9998095238095238
0.14899999999987346,0.9846666666666667,0.9998095238095238
0.1494999999998734,0.9846666666666667,0.9998095238095238
0.14999999999987335,0.9846666666666667,0.9998095238095238
0.1504999999998733,0.9846666666666667,0.9998095238095238
0.15099999999987324,0.9846666666666667,0.9998095238095238
0.15149999999987318,0.9846666666666667,0.9998095238095238
0.15199999999987313,0.9846666666666667,0.9998095238095238
0.15249999999987307,0.9846666666666667,0.9998095238095238
0.15299999999987302,0.9846666666666667,0.9998095238095238
0.15349999999987296,0.9846666666666667,0.9998095238095238
0.1539999999998729,0.9846666666666667,0.9998095238095238
0.15449999999987285,0.9846666666666667,0.9998095238095238
0.1549999999998728,0.9846666666666667,0.9998095238095238
0.15549999999987274,0.9846666666666667,0.9998095238095238
0.15599999999987268,0.9846666666666667,0.9998095238095238
0.15649999999987263,0.9846666666666667,0.9998095238095238
0.15699999999987257,0.9846666666666667,0.9998095238095238
0.15749999999987252,0.9846666666666667,0.9998095238095238
0.15799999999987246,0.9846666666666667,0.9998095238095238
0.1584999999998724,0.9846666666666667,0.9998095238095238
0.15899999999987235,0.9846666666666667,0.9998095238095238
0.1594999999998723,0.9846666666666667,0.9998095238095238
0.15999999999987224,0.9846666666666667,0.9998095238095238
0.1604999999998722,0.9846666666666667,0.9998095238095238
0.16099999999987213,0.9846666666666667,0.9998095238095238
0.16149999999987208,0.9846666666666667,0.9998095238095238
0.16199999999987202,0.9846666666666667,0.9998095238095238
0.16249999999987197,0.9846666666666667,0.9998095238095238
0.16299999999987191,0.9846666666666667,0.9998095238095238
0.16349999999987186,0.9846666666666667,0.9998095238095238
0.1639999999998718,0.9846666666666667,0.9998095238095238
0.16449999999987175,0.9846666666666667,0.9998095238095238
0.1649999999998717,0.9846666666666667,0.9998095238095238
0.16549999999987164,0.9846666666666667,0.9998095238095238
0.16599999999987158,0.9846666666666667,0.9998095238095238
0.16649999999987153,0.9846666666666667,0.9998095238095238
0.16699999999987147,0.9846666666666667,0.9998095238095238
0.16749999999987142,0.9846666666666667,0.9998095238095238
0.16799999999987136,0.9846666666666667,0.9998095238095238
0.1684999999998713,0.9846666666666667,0.9998095238095238
0.16899999999987125,0.9846666666666667,0.9998095238095238
0.1694999999998712,0.9846666666666667,0.9998095238095238
0.16999999999987114,0.9846666666666667,0.9998095238095238
0.1704999999998711,0.9846666666666667,0.9998095238095238
0.17099999999987103,0.9846666666666667,0.9998095238095238
0.17149999999987098,0.9846666666666667,0.9998095238095238
0.17199999999987092,0.9846666666666667,0.9998095238095238
0.17249999999987087,0.9846666666666667,0.9998095238095238
0.1729999999998708,0.9846666666666667,0.9998095238095238
0.17349999999987076,0.9846666666666667,0.9998095238095238
0.1739999999998707,0.9846666666666667,0.9998095238095238
0.17449999999987065,0.9846666666666667,0.9998095238095238
0.1749999999998706,0.9846666666666667,0.9998095238095238
0.17549999999987054,0.9846666666666667,0.9998095238095238
0.17599999999987048,0.9846666666666667,0.9998095238095238
0.17649999999987043,0.9846666666666667,0.9998095238095238
0.17699999999987037,0.9846666666666667,0.9998095238095238
0.17749999999987032,0.9846666666666667,0.9998095238095238
0.17799999999987026,0.9846666666666667,0.9998095238095238
0.1784999999998702,0.9846666666666667,0.9998095238095238
0.17899999999987015,0.9846666666666667,0.9998095238095238
0.1794999999998701,0.9846666666666667,0.9998095238095238
0.17999999999987004,0.9846666666666667,0.9998095238095238
0.18049999999987,0.9846666666666667,0.9998095238095238
0.18099999999986993,0.9846666666666667,0.9998095238095238
0.18149999999986988,0.9846666666666667,0.9998095238095238
0.18199999999986982,0.9846666666666667,0.9998095238095238
0.18249999999986977,0.9846666666666667,0.9998095238095238
0.1829999999998697,0.9846666666666667,0.9998095238095238
0.18349999999986966,0.9846666666666667,0.9998095238095238
0.1839999999998696,0.9846666666666667,0.9998095238095238
0.18449999999986955,0.9846666666666667,0.9998095238095238
0.1849999999998695,0.9846666666666667,0.9998095238095238
0.18549999999986944,0.9846666666666667,0.9998095238095238
0.18599999999986938,0.9846666666666667,0.9998095238095238
0.18649999999986933,0.9846666666666667,0.9998095238095238
0.18699999999986927,0.9846666666666667,0.9998095238095238
0.18749999999986922,0.9846666666666667,0.9998095238095238
0.18799999999986916,0.9846666666666667,0.9998095238095238
0.1884999999998691,0.9846666666666667,0.9998095238095238
0.18899999999986905,0.9846666666666667,0.9998095238095238
0.189499999999869,0.9846666666666667,0.9998095238095238
0.18999999999986894,0.9846666666666667,0.9998095238095238
0.19049999999986889,0.9846666666666667,0.9998095238095238
0.19099999999986883,0.9846666666666667,0.9998095238095238
0.19149999999986878,0.9846666666666667,0.9998095238095238
0.19199999999986872,0.9846666666666667,0.9998095238095238
0.19249999999986867,0.9846666666666667,0.9998095238095238
0.1929999999998686,0.9846666666666667,0.9998095238095238
0.19349999999986855,0.9846666666666667,0.9998095238095238
0.1939999999998685,0.9846666666666667,0.9998095238095238
0.19449999999986844,0.9846666666666667,0.9998095238095238
0.1949999999998684,0.9846666666666667,0.9998095238095238
0.19549999999986833,0.9846666666666667,0.9998095238095238
0.19599999999986828,0.9846666666666667,0.9998095238095238
0.19649999999986822,0.9846666666666667,0.9998095238095238
0.19699999999986817,0.9846666666666667,0.9998095238095238
0.19749999999986811,0.9846666666666667,0.9998095238095238
0.19799999999986806,0.9846666666666667,0.9998095238095238
0.198499999999868,0.9846666666666667,0.9998095238095238
0.19899999999986795,0.9846666666666667,0.9998095238095238
0.1994999999998679,0.9846666666666667,0.9998095238095238
0.19999999999986784,0.9846666666666667,0.9998095238095238
0.20049999999986778,0.9846666666666667,0.9998095238095238
0.20099999999986773,0.9846666666666667,0.9998095238095238
0.20149999999986767,0.9846666666666667,0.9998095238095238
0.20199999999986762,0.9846666666666667,0.9998095238095238
0.20249999999986756,0.9846666666666667,0.9998095238095238
0.2029999999998675,0.9846666666666667,0.9998095238095238
0.20349999999986745,0.9846666666666667,0.9998095238095238
0.2039999999998674,0.9846666666666667,0.9998095238095238
0.20449999999986734,0.9846666666666667,0.9998095238095238
0.2049999999998673,0.9846666666666667,0.9998095238095238
0.20549999999986723,0.9846666666666667,0.9998095238095238
0.20599999999986718,0.9846666666666667,0.9998095238095238
0.20649999999986712,0.9846666666666667,0.9998095238095238
0.20699999999986707,0.9846666666666667,0.9998095238095238
0.207499999999867,0.9846666666666667,0.9998095238095238
0.20799999999986696,0.9846666666666667,0.9998095238095238
0.2084999999998669,0.9846666666666667,0.9998095238095238
0.20899999999986685,0.9846666666666667,0.9998095238095238
0.2094999999998668,0.9846666666666667,0.9998095238095238
0.20999999999986674,0.9846666666666667,0.9998095238095238
0.21049999999986668,0.9846666666666667,0.9998095238095238
0.21099999999986663,0.9846666666666667,0.9998095238095238
0.21149999999986657,0.9846666666666667,0.9998095238095238
0.21199999999986652,0.9846666666666667,0.9998095238095238
0.21249999999986646,0.9846666666666667,0.9998095238095238
0.2129999999998664,0.9846666666666667,0.9998095238095238
0.21349999999986635,0.9846666666666667,0.9998095238095238
0.2139999999998663,0.9846666666666667,0.9998095238095238
0.21449999999986624,0.9846666666666667,0.9998095238095238
0.2149999999998662,0.9846666666666667,0.9998095238095238
0.21549999999986613,0.9846666666666667,0.9998095238095238
0.21599999999986608,0.9846666666666667,0.9998095238095238
0.21649999999986602,0.9846666666666667,0.9998095238095238
0.21699999999986597,0.9846666666666667,0.9998095238095238
0.2174999999998659,0.9846666666666667,0.9998095238095238
0.21799999999986586,0.9846666666666667,0.9998095238095238
0.2184999999998658,0.9846666666666667,0.9998095238095238
0.21899999999986575,0.9846666666666667,0.9998095238095238
0.2194999999998657,0.9846666666666667,0.9998095238095238
0.21999999999986564,0.9846666666666667,0.9998095238095238
0.22049999999986558,0.9846666666666667,0.9998095238095238
0.22099999999986553,0.9846666666666667,0.9998095238095238
0.22149999999986547,0.9846666666666667,0.9998095238095238
0.22199999999986542,0.9846666666666667,0.9998095238095238
0.22249999999986536,0.9846666666666667,0.9998095238095238
0.2229999999998653,0.9846666666666667,0.9998095238095238
0.22349999999986525,0.9846666666666667,0.9998095238095238
0.2239999999998652,0.9846666666666667,0.9998095238095238
0.22449999999986514,0.9846666666666667,0.9998095238095238
0.22499999999986509,0.9846666666666667,0.9998095238095238
0.22549999999986503,0.9846666666666667,0.9998095238095238
0.22599999999986498,0.9846666666666667,0.9998095238095238
0.22649999999986492,0.9846666666666667,0.9998095238095238
0.22699999999986487,0.9846666666666667,0.9998095238095238
0.2274999999998648,0.9846666666666667,0.9998095238095238
0.22799999999986476,0.9846666666666667,0.9998095238095238
0.2284999999998647,0.9846666666666667,0.9998095238095238
0.22899999999986465,0.9846666666666667,0.9998095238095238
0.2294999999998646,0.9846666666666667,0.9998095238095238
0.22999999999986454,0.9846666666666667,0.9998095238095238
0.23049999999986448,0.9846666666666667,0.9998095238095238
0.23099999999986442,0.9846666666666667,0.9998095238095238
0.23149999999986437,0.9846666666666667,0.9998095238095238
0.23199999999986431,0.9846666666666667,0.9998095238095238
0.23249999999986426,0.9846666666666667,0.9998095238095238
0.2329999999998642,0.9846666666666667,0.9998095238095238
0.23349999999986415,0.9846666666666667,0.9998095238095238
0.2339999999998641,0.9846666666666667,0.9998095238095238
0.23449999999986404,0.9846666666666667,0.9998095238095238
0.23499999999986398,0.9846666666666667,0.9998095238095238
0.23549999999986393,0.9846666666666667,0.9998095238095238
0.23599999999986387,0.9846666666666667,0.9998095238095238
0.23649999999986382,0.9846666666666667,0.9998095238095238
0.23699999999986376,0.9846666666666667,0.9998095238095238
0.2374999999998637,0.9846666666666667,0.9998095238095238
0.23799999999986365,0.9846666666666667,0.9998095238095238
0.2384999999998636,0.9846666666666667,0.9998095238095238
0.23899999999986354,0.9846666666666667,0.9998095238095238
0.2394999999998635,0.9846666666666667,0.9998095238095238
0.23999999999986343,0.9846666666666667,0.9998095238095238
0.24049999999986338,0.9846666666666667,0.9998095238095238
0.24099999999986332,0.9846666666666667,0.9998095238095238
0.24149999999986327,0.9846666666666667,0.9998095238095238
0.2419999999998632,0.9846666666666667,0.9998095238095238
0.24249999999986316,0.9846666666666667,0.9998095238095238
0.2429999999998631,0.9846666666666667,0.9998095238095238
0.24349999999986305,0.9846666666666667,0.9998095238095238
0.243999999999863,0.9846666666666667,0.9998095238095238
0.24449999999986294,0.9846666666666667,0.9998095238095238
0.24499999999986288,0.9846666666666667,0.9998095238095238
0.24549999999986283,0.9846666666666667,0.9998095238095238
0.24599999999986277,0.9846666666666667,0.9998095238095238
0.24649999999986272,0.9846666666666667,0.9998095238095238
0.24699999999986266,0.9846666666666667,0.9998095238095238
0.2474999999998626,0.9846666666666667,0.9998095238095238
0.24799999999986255,0.9846666666666667,0.9998095238095238
0.2484999999998625,0.9846666666666667,0.9998095238095238
0.24899999999986244,0.9846666666666667,0.9998095238095238
0.2494999999998624,0.9846666666666667,0.9998095238095238
0.24999999999986233,0.9846666666666667,0.9998095238095238
0.2504999999998623,0.9846666666666667,0.9998095238095238
0.2509999999998622,0.9846666666666667,0.9998095238095238
0.25149999999986217,0.9846666666666667,0.9998095238095238
0.2519999999998621,0.9846666666666667,0.9998095238095238
0.25249999999986206,0.9846666666666667,0.9998095238095238
0.252999999999862,0.9846666666666667,0.9998095238095238
0.25349999999986195,0.9846666666666667,0.9998095238095238
0.2539999999998619,0.9846666666666667,0.9998095238095238
0.25449999999986184,0.9846666666666667,0.9998095238095238
0.2549999999998618,0.9846666666666667,0.9998095238095238
0.2554999999998617,0.9846666666666667,0.9998095238095238
0.25599999999986167,0.9846666666666667,0.9998095238095238
0.2564999999998616,0.9846666666666667,0.9998095238095238
0.25699999999986156,0.9846666666666667,0.9998095238095238
0.2574999999998615,0.9846666666666667,0.9998095238095238
0.25799999999986145,0.9846666666666667,0.9998095238095238
0.2584999999998614,0.9846666666666667,0.9998095238095238
0.25899999999986134,0.9846666666666667,0.9998095238095238
0.2594999999998613,0.9846666666666667,0.9998095238095238
0.25999999999986123,0.9846666666666667,0.9998095238095238
0.2604999999998612,0.9846666666666667,0.9998095238095238
0.2609999999998611,0.9846666666666667,0.9998095238095238
0.26149999999986107,0.9846666666666667,0.9998095238095238
0.261999999999861,0.9846666666666667,0.9998095238095238
0.26249999999986096,0.9846666666666667,0.9998095238095238
0.2629999999998609,0.9846666666666667,0.9998095238095238
0.26349999999986085,0.9846666666666667,0.9998095238095238
0.2639999999998608,0.9846666666666667,0.9998095238095238
0.26449999999986074,0.9846666666666667,0.9998095238095238
0.2649999999998607,0.9846666666666667,0.9998095238095238
0.2654999999998606,0.9846666666666667,0.9998095238095238
0.26599999999986057,0.9846666666666667,0.9998095238095238
0.2664999999998605,0.9846666666666667,0.9998095238095238
0.26699999999986046,0.9846666666666667,0.9998095238095238
0.2674999999998604,0.9846666666666667,0.9998095238095238
0.26799999999986035,0.9846666666666667,0.9998095238095238
0.2684999999998603,0.9846666666666667,0.9998095238095238
0.26899999999986024,0.9846666666666667,0.9998095238095238
0.2694999999998602,0.9846666666666667,0.9998095238095238
0.26999999999986013,0.9846666666666667,0.9998095238095238
0.2704999999998601,0.9846666666666667,0.9998095238095238
0.27099999999986,0.9846666666666667,0.9998095238095238
0.27149999999985996,0.9846666666666667,0.9998095238095238
0.2719999999998599,0.9846666666666667,0.9998095238095238
0.27249999999985985,0.9846666666666667,0.9998095238095238
0.2729999999998598,0.9846666666666667,0.9998095238095238
0.27349999999985974,0.9846666666666667,0.9998095238095238
0.2739999999998597,0.9846666666666667,0.9998095238095238
0.27449999999985963,0.9846666666666667,0.9998095238095238
0.2749999999998596,0.9846666666666667,0.9998095238095238
0.2754999999998595,0.9846666666666667,0.9998095238095238
0.27599999999985947,0.9846666666666667,0.9998095238095238
0.2764999999998594,0.9846666666666667,0.9998095238095238
0.27699999999985936,0.9846666666666667,0.9998095238095238
0.2774999999998593,0.9846666666666667,0.9998095238095238
0.27799999999985925,0.9846666666666667,0.9998095238095238
0.2784999999998592,0.9846666666666667,0.9998095238095238
0.27899999999985914,0.9846666666666667,0.9998095238095238
0.2794999999998591,0.9846666666666667,0.9998095238095238
0.27999999999985903,0.9846666666666667,0.9998095238095238
0.280499999999859,0.9846666666666667,0.9998095238095238
0.2809999999998589,0.9846666666666667,0.9998095238095238
0.28149999999985886,0.9846666666666667,0.9998095238095238
0.2819999999998588,0.9846666666666667,0.9998095238095238
0.28249999999985875,0.9846666666666667,0.9998095238095238
0.2829999999998587,0.9846666666666667,0.9998095238095238
0.28349999999985864,0.9846666666666667,0.9998095238095238
0.2839999999998586,0.9846666666666667,0.9998095238095238
0.28449999999985853,0.9846666666666667,0.9998095238095238
0.2849999999998585,0.9846666666666667,0.9998095238095238
0.2854999999998584,0.9846666666666667,0.9998095238095238
0.28599999999985837,0.9846666666666667,0.9998095238095238
0.2864999999998583,0.9846666666666667,0.9998095238095238
0.28699999999985826,0.9846666666666667,0.9998095238095238
0.2874999999998582,0.9846666666666667,0.9998095238095238
0.28799999999985815,0.9846666666666667,0.9998095238095238
0.2884999999998581,0.9846666666666667,0.9998095238095238
0.28899999999985804,0.9846666666666667,0.9998095238095238
0.289499999999858,0.9846666666666667,0.9998095238095238
0.2899999999998579,0.9846666666666667,0.9998095238095238
0.29049999999985787,0.9846666666666667,0.9998095238095238
0.2909999999998578,0.9846666666666667,0.9998095238095238
0.29149999999985776,0.9846666666666667,0.9998095238095238
0.2919999999998577,0.9846666666666667,0.9998095238095238
0.29249999999985765,0.9846666666666667,0.9998095238095238
0.2929999999998576,0.9846666666666667,0.9998095238095238
0.29349999999985754,0.9846666666666667,0.9998095238095238
0.2939999999998575,0.9846666666666667,0.9998095238095238
0.29449999999985743,0.9846666666666667,0.9998095238095238
0.2949999999998574,0.9846666666666667,0.9998095238095238
0.2954999999998573,0.9846666666666667,0.9998095238095238
0.29599999999985727,0.9846666666666667,0.9998095238095238
0.2964999999998572,0.9846666666666667,0.9998095238095238
0.29699999999985716,0.9846666666666667,0.9998095238095238
0.2974999999998571,0.9846666666666667,0.9998095238095238
0.29799999999985705,0.9846666666666667,0.9998095238095238
0.298499999999857,0.9846666666666667,0.9998095238095238
0.29899999999985694,0.9846666666666667,0.9998095238095238
0.2994999999998569,0.9846666666666667,0.9998095238095238
0.2999999999998568,0.9846666666666667,0.9998095238095238
0.30049999999985677,0.9846666666666667,0.9998095238095238
0.3009999999998567,0.9846666666666667,0.9998095238095238
0.30149999999985666,0.9846666666666667,0.9998095238095238
0.3019999999998566,0.9846666666666667,0.9998095238095238
0.30249999999985655,0.9846666666666667,0.9998095238095238
0.3029999999998565,0.9846666666666667,0.9998095238095238
0.30349999999985644,0.9846666666666667,0.9998095238095238
0.3039999999998564,0.9846666666666667,0.9998095238095238
0.30449999999985633,0.9846666666666667,0.9998095238095238
0.3049999999998563,0.9846666666666667,0.9998095238095238
0.3054999999998562,0.9846666666666667,0.9998095238095238
0.30599999999985616,0.9846666666666667,0.9998095238095238
0.3064999999998561,0.9846666666666667,0.9998095238095238
0.30699999999985605,0.9846666666666667,0.9998095238095238
0.307499999999856,0.9846666666666667,0.9998095238095238
0.30799999999985594,0.9846666666666667,0.9998095238095238
0.3084999999998559,0.9846666666666667,0.9998095238095238
0.30899999999985583,0.9846666666666667,0.9998095238095238
0.3094999999998558,0.9846666666666667,0.9998095238095238
0.3099999999998557,0.9846666666666667,0.9998095238095238
0.31049999999985567,0.9846666666666667,0.9998095238095238
0.3109999999998556,0.9846666666666667,0.9998095238095238
0.31149999999985556,0.9846666666666667,0.9998095238095238
0.3119999999998555,0.9846666666666667,0.9998095238095238
0.31249999999985545,0.9846666666666667,0.9998095238095238
0.3129999999998554,0.9846666666666667,0.9998095238095238
0.31349999999985534,0.9846666666666667,0.9998095238095238
0.3139999999998553,0.9846666666666667,0.9998095238095238
0.31449999999985523,0.9846666666666667,0.9998095238095238
0.3149999999998552,0.9846666666666667,0.9998095238095238
0.3154999999998551,0.9846666666666667,0.9998095238095238
0.31599999999985506,0.9846666666666667,0.9998095238095238
0.316499999999855,0.9846666666666667,0.9998095238095238
0.31699999999985495,0.9846666666666667,0.9998095238095238
0.3174999999998549,0.9846666666666667,0.9998095238095238
0.31799999999985484,0.9846666666666667,0.9998095238095238
0.3184999999998548,0.9846666666666667,0.9998095238095238
0.31899999999985473,0.9846666666666667,0.9998095238095238
0.3194999999998547,0.9846666666666667,0.9998095238095238
0.3199999999998546,0.9846666666666667,0.9998095238095238
0.32049999999985457,0.9846666666666667,0.9998095238095238
0.3209999999998545,0.9846666666666667,0.9998095238095238
0.32149999999985446,0.9846666666666667,0.9998095238095238
0.3219999999998544,0.9846666666666667,0.9998095238095238
0.32249999999985435,0.9846666666666667,0.9998095238095238
0.3229999999998543,0.9846666666666667,0.9998095238095238
0.32349999999985424,0.9846666666666667,0.9998095238095238
0.3239999999998542,0.9846666666666667,0.9998095238095238
0.3244999999998541,0.9846666666666667,0.9998095238095238
0.3249999999998541,0.9846666666666667,0.9998095238095238
0.325499999999854,0.9846666666666667,0.9998095238095238
0.32599999999985396,0.9846666666666667,0.9998095238095238
0.3264999999998539,0.9846666666666667,0.9998095238095238
0.32699999999985385,0.9846666666666667,0.9998095238095238
0.3274999999998538,0.9846666666666667,0.9998095238095238
0.32799999999985374,0.9846666666666667,0.9998095238095238
0.3284999999998537,0.9846666666666667,0.9998095238095238
0.32899999999985363,0.9846666666666667,0.9998095238095238
0.3294999999998536,0.9846666666666667,0.9998095238095238
0.3299999999998535,0.9846666666666667,0.9998095238095238
0.33049999999985347,0.9846666666666667,0.9998095238095238
0.3309999999998534,0.9846666666666667,0.9998095238095238
0.33149999999985336,0.9846666666666667,0.9998095238095238
0.3319999999998533,0.9846666666666667,0.9998095238095238
0.33249999999985325,0.9846666666666667,0.9998095238095238
0.3329999999998532,0.9846666666666667,0.9998095238095238
0.33349999999985314,0.9846666666666667,0.9998095238095238
0.3339999999998531,0.9846666666666667,0.9998095238095238
0.334499999999853,0.9846666666666667,0.9998095238095238
0.33499999999985297,0.9846666666666667,0.9998095238095238
0.3354999999998529,0.9846666666666667,0.9998095238095238
0.33599999999985286,0.9846666666666667,0.9998095238095238
0.3364999999998528,0.9846666666666667,0.9998095238095238
0.33699999999985275,0.9846666666666667,0.9998095238095238
0.3374999999998527,0.9846666666666667,0.9998095238095238
0.33799999999985264,0.9846666666666667,0.9998095238095238
0.3384999999998526,0.9846666666666667,0.9998095238095238
0.33899999999985253,0.9846666666666667,0.9998095238095238
0.3394999999998525,0.9846666666666667,0.9998095238095238
0.3399999999998524,0.9846666666666667,0.9998095238095238
0.34049999999985237,0.9846666666666667,0.9998095238095238
0.3409999999998523,0.9846666666666667,0.9998095238095238
0.34149999999985226,0.9846666666666667,0.9998095238095238
0.3419999999998522,0.9846666666666667,0.9998095238095238
0.34249999999985214,0.9846666666666667,0.9998095238095238
0.3429999999998521,0.9846666666666667,0.9998095238095238
0.34349999999985203,0.9846666666666667,0.9998095238095238
0.343999999999852,0.9846666666666667,0.9998095238095238
0.3444999999998519,0.9846666666666667,0.9998095238095238
0.34499999999985187,0.9846666666666667,0.9998095238095238
0.3454999999998518,0.9846666666666667,0.9998095238095238
0.34599999999985176,0.9846666666666667,0.9998095238095238
0.3464999999998517,0.9846666666666667,0.9998095238095238
0.34699999999985165,0.9846666666666667,0.9998095238095238
0.3474999999998516,0.9846666666666667,0.9998095238095238
0.34799999999985154,0.9846666666666667,0.9998095238095238
0.3484999999998515,0.9846666666666667,0.9998095238095238
0.34899999999985143,0.9846666666666667,0.9998095238095238
0.3494999999998514,0.9846666666666667,0.9998095238095238
0.3499999999998513,0.9846666666666667,0.9998095238095238
0.35049999999985126,0.9846666666666667,0.9998095238095238
0.3509999999998512,0.9846666666666667,0.9998095238095238
0.35149999999985115,0.9846666666666667,0.9998095238095238
0.3519999999998511,0.9846666666666667,0.9998095238095238
0.35249999999985104,0.9846666666666667,0.9998095238095238
0.352999999999851,0.9846666666666667,0.9998095238095238
0.35349999999985093,0.9846666666666667,0.9998095238095238
0.3539999999998509,0.9846666666666667,0.9998095238095238
0.3544999999998508,0.9846666666666667,0.9998095238095238
0.35499999999985077,0.9846666666666667,0.9998095238095238
0.3554999999998507,0.9846666666666667,0.9998095238095238
0.35599999999985066,0.9846666666666667,0.9998095238095238
0.3564999999998506,0.9846666666666667,0.9998095238095238
0.35699999999985055,0.9846666666666667,0.9998095238095238
0.3574999999998505,0.9846666666666667,0.9998095238095238
0.35799999999985044,0.9846666666666667,0.9998095238095238
0.3584999999998504,0.9846666666666667,0.9998095238095238
0.3589999999998503,0.9846666666666667,0.9998095238095238
0.3594999999998503,0.9846666666666667,0.9998095238095238
0.3599999999998502,0.9846666666666667,0.9998095238095238
0.36049999999985016,0.9846666666666667,0.9998095238095238
0.3609999999998501,0.9846666666666667,0.9998095238095238
0.36149999999985005,0.9846666666666667,0.9998095238095238
0.36199999999985,0.9846666666666667,0.9998095238095238
0.36249999999984994,0.9846666666666667,0.9998095238095238
0.3629999999998499,0.9846666666666667,0.9998095238095238
0.36349999999984983,0.9846666666666667,0.9998095238095238
0.3639999999998498,0.9846666666666667,0.9998095238095238
0.3644999999998497,0.9846666666666667,0.9998095238095238
0.36499999999984967,0.9846666666666667,0.9998095238095238
0.3654999999998496,0.9846666666666667,0.9998095238095238
0.36599999999984956,0.9846666666666667,0.9998095238095238
0.3664999999998495,0.9846666666666667,0.9998095238095238
0.36699999999984945,0.9846666666666667,0.9998095238095238
0.3674999999998494,0.9846666666666667,0.9998095238095238
0.36799999999984934,0.9846666666666667,0.9998095238095238
0.3684999999998493,0.9846666666666667,0.9998095238095238
0.3689999999998492,0.9846666666666667,0.9998095238095238
0.36949999999984917,0.9846666666666667,0.9998095238095238
0.3699999999998491,0.9846666666666667,0.9998095238095238
0.37049999999984906,0.9846666666666667,0.9998095238095238
0.370999999999849,0.9846666666666667,0.9998095238095238
0.37149999999984895,0.9846666666666667,0.9998095238095238
0.3719999999998489,0.9846666666666667,0.9998095238095238
0.37249999999984884,0.9846666666666667,0.9998095238095238
0.3729999999998488,0.9846666666666667,0.9998095238095238
0.37349999999984873,0.9846666666666667,0.9998095238095238
0.3739999999998487,0.9846666666666667,0.9998095238095238
0.3744999999998486,0.9846666666666667,0.9998095238095238
0.37499999999984857,0.9846666666666667,0.9998095238095238
0.3754999999998485,0.9846666666666667,0.9998095238095238
0.37599999999984846,0.9846666666666667,0.9998095238095238
0.3764999999998484,0.9846666666666667,0.9998095238095238
0.37699999999984835,0.9846666666666667,0.9998095238095238
0.3774999999998483,0.9846666666666667,0.9998095238095238
0.37799999999984824,0.9846666666666667,0.9998095238095238
0.3784999999998482,0.9846666666666667,0.9998095238095238
0.3789999999998481,0.9846666666666667,0.9998095238095238
0.37949999999984807,0.9846666666666667,0.9998095238095238
0.379999999999848,0.9846666666666667,0.9998095238095238
0.38049999999984796,0.9846666666666667,0.9998095238095238
0.3809999999998479,0.9846666666666667,0.9998095238095238
0.38149999999984785,0.9846666666666667,0.9998095238095238
0.3819999999998478,0.9846666666666667,0.9998095238095238
0.38249999999984774,0.9846666666666667,0.9998095238095238
0.3829999999998477,0.9846666666666667,0.9998095238095238
0.38349999999984763,0.9846666666666667,0.9998095238095238
0.3839999999998476,0.9846666666666667,0.9998095238095238
0.3844999999998475,0.9846666666666667,0.9998095238095238
0.38499999999984746,0.9846666666666667,0.9998095238095238
0.3854999999998474,0.9846666666666667,0.9998095238095238
0.38599999999984735,0.9846666666666667,0.9998095238095238
0.3864999999998473,0.9846666666666667,0.9998095238095238
0.38699999999984724,0.9846666666666667,0.9998095238095238
0.3874999999998472,0.9846666666666667,0.9998095238095238
0.38799999999984713,0.9846666666666667,0.9998095238095238
0.3884999999998471,0.9846666666666667,0.9998095238095238
0.388999999999847,0.9846666666666667,0.9998095238095238
0.38949999999984697,0.9846666666666667,0.9998095238095238
0.3899999999998469,0.9846666666666667,0.9998095238095238
0.39049999999984686,0.9846666666666667,0.9998095238095238
0.3909999999998468,0.9846666666666667,0.9998095238095238
0.39149999999984675,0.9846666666666667,0.9998095238095238
0.3919999999998467,0.9846666666666667,0.9998095238095238
0.39249999999984664,0.9846666666666667,0.9998095238095238
0.3929999999998466,0.9846666666666667,0.9998095238095238
0.39349999999984653,0.9846666666666667,0.9998095238095238
0.3939999999998465,0.9846666666666667,0.9998095238095238
0.3944999999998464,0.9846666666666667,0.9998095238095238
0.39499999999984636,0.9846666666666667,0.9998095238095238
0.3954999999998463,0.9846666666666667,0.9998095238095238
0.39599999999984625,0.9846666666666667,0.9998095238095238
0.3964999999998462,0.9846666666666667,0.9998095238095238
0.39699999999984614,0.9846666666666667,0.9998095238095238
0.3974999999998461,0.9846666666666667,0.9998095238095238
0.39799999999984603,0.9846666666666667,0.9998095238095238
0.398499999999846,0.9846666666666667,0.9998095238095238
0.3989999999998459,0.9846666666666667,0.9998095238095238
0.39949999999984587,0.9846666666666667,0.9998095238095238
0.3999999999998458,0.9846666666666667,0.9998095238095238
0.40049999999984576,0.9846666666666667,0.9998095238095238
0.4009999999998457,0.9846666666666667,0.9998095238095238
0.40149999999984565,0.9846666666666667,0.9998095238095238
0.4019999999998456,0.9846666666666667,0.9998095238095238
0.40249999999984554,0.9846666666666667,0.9998095238095238
0.4029999999998455,0.9846666666666667,0.9998095238095238
0.4034999999998454,0.9846666666666667,0.9998095238095238
0.40399999999984537,0.9846666666666667,0.9998095238095238
0.4044999999998453,0.9846666666666667,0.9998095238095238
0.40499999999984526,0.9846666666666667,0.9998095238095238
0.4054999999998452,0.9846666666666667,0.9998095238095238
0.40599999999984515,0.9846666666666667,0.9998095238095238
0.4064999999998451,0.9846666666666667,0.9998095238095238
0.40699999999984504,0.9846666666666667,0.9998095238095238
0.407499999999845,0.9846666666666667,0.9998095238095238
0.40799999999984493,0.9846666666666667,0.9998095238095238
0.4084999999998449,0.9846666666666667,0.9998095238095238
0.4089999999998448,0.9846666666666667,0.9998095238095238
0.40949999999984477,0.9846666666666667,0.9998095238095238
0.4099999999998447,0.9846666666666667,0.9998095238095238
0.41049999999984466,0.9846666666666667,0.9998095238095238
0.4109999999998446,0.9846666666666667,0.9998095238095238
0.41149999999984455,0.9846666666666667,0.9998095238095238
0.4119999999998445,0.9846666666666667,0.9998095238095238
0.41249999999984444,0.9846666666666667,0.9998095238095238
0.4129999999998444,0.9846666666666667,0.9998095238095238
0.4134999999998443,0.9846666666666667,0.9998095238095238
0.41399999999984427,0.9846666666666667,0.9998095238095238
0.4144999999998442,0.9846666666666667,0.9998095238095238
0.41499999999984416,0.9846666666666667,0.9998095238095238
0.4154999999998441,0.9846666666666667,0.9998095238095238
0.41599999999984405,0.9846666666666667,0.9998095238095238
0.416499999999844,0.9846666666666667,0.9998095238095238
0.41699999999984394,0.9846666666666667,0.9998095238095238
0.4174999999998439,0.9846666666666667,0.9998095238095238
0.41799999999984383,0.9846666666666667,0.9998095238095238
0.4184999999998438,0.9846666666666667,0.9998095238095238
0.4189999999998437,0.9846666666666667,0.9998095238095238
0.41949999999984366,0.9846666666666667,0.9998095238095238
0.4199999999998436,0.9846666666666667,0.9998095238095238
0.42049999999984355,0.9846666666666667,0.9998095238095238
0.4209999999998435,0.9846666666666667,0.9998095238095238
0.42149999999984344,0.9846666666666667,0.9998095238095238
0.4219999999998434,0.9846666666666667,0.9998095238095238
0.42249999999984333,0.9846666666666667,0.9998095238095238
0.4229999999998433,0.9846666666666667,0.9998095238095238
0.4234999999998432,0.9846666666666667,0.9998095238095238
0.42399999999984317,0.9846666666666667,0.9998095238095238
0.4244999999998431,0.9846666666666667,0.9998095238095238
0.42499999999984306,0.9846666666666667,0.9998095238095238
0.425499999999843,0.9846666666666667,0.9998095238095238
0.42599999999984295,0.9846666666666667,0.9998095238095238
0.4264999999998429,0.9846666666666667,0.9998095238095238
0.42699999999984284,0.9846666666666667,0.9998095238095238
0.4274999999998428,0.9846666666666667,0.9998095238095238
0.42799999999984273,0.9846666666666667,0.9998095238095238
0.4284999999998427,0.9846666666666667,0.9998095238095238
0.4289999999998426,0.9846666666666667,0.9998095238095238
0.42949999999984256,0.9846666666666667,0.9998095238095238
0.4299999999998425,0.9846666666666667,0.9998095238095238
0.43049999999984245,0.9846666666666667,0.9998095238095238
0.4309999999998424,0.9846666666666667,0.9998095238095238
0.43149999999984234,0.9846666666666667,0.9998095238095238
0.4319999999998423,0.9846666666666667,0.9998095238095238
0.43249999999984223,0.9846666666666667,0.9998095238095238
0.4329999999998422,0.9846666666666667,0.9998095238095238
0.4334999999998421,0.9846666666666667,0.9998095238095238
0.43399999999984207,0.9846666666666667,0.9998095238095238
0.434499999999842,0.9846666666666667,0.9998095238095238
0.43499999999984196,0.9846666666666667,0.9998095238095238
0.4354999999998419,0.9846666666666667,0.9998095238095238
0.43599999999984185,0.9846666666666667,0.9998095238095238
0.4364999999998418,0.9846666666666667,0.9998095238095238
0.43699999999984174,0.9846666666666667,0.9998095238095238
0.4374999999998417,0.9846666666666667,0.9998095238095238
0.4379999999998416,0.9846666666666667,0.9998095238095238
0.43849999999984157,0.9846666666666667,0.9998095238095238
0.4389999999998415,0.9846666666666667,0.9998095238095238
0.43949999999984146,0.9846666666666667,0.9998095238095238
0.4399999999998414,0.9846666666666667,0.9998095238095238
0.44049999999984135,0.9846666666666667,0.9998095238095238
0.4409999999998413,0.9846666666666667,0.9998095238095238
0.44149999999984124,0.9846666666666667,0.9998095238095238
0.4419999999998412,0.9846666666666667,0.9998095238095238
0.44249999999984113,0.9846666666666667,0.9998095238095238
0.4429999999998411,0.9846666666666667,0.9998095238095238
0.443499999999841,0.9846666666666667,0.9998095238095238
0.44399999999984097,0.9846666666666667,0.9998095238095238
0.4444999999998409,0.9846666666666667,0.9998095238095238
0.44499999999984086,0.9846666666666667,0.9998095238095238
0.4454999999998408,0.9846666666666667,0.9998095238095238
0.44599999999984075,0.9846666666666667,0.9998095238095238
0.4464999999998407,0.9846666666666667,0.9998095238095238
0.44699999999984064,0.9846666666666667,0.9998095238095238
0.4474999999998406,0.9846666666666667,0.9998095238095238
0.4479999999998405,0.9846666666666667,0.9998095238095238
0.44849999999984047,0.9846666666666667,0.9998095238095238
0.4489999999998404,0.9846666666666667,0.9998095238095238
0.44949999999984036,0.9846666666666667,0.9998095238095238
0.4499999999998403,0.9846666666666667,0.9998095238095238
0.45049999999984025,0.9846666666666667,0.9998095238095238
0.4509999999998402,0.9846666666666667,0.9998095238095238
0.45149999999984014,0.9846666666666667,0.9998095238095238
0.4519999999998401,0.9846666666666667,0.9998095238095238
0.45249999999984003,0.9846666666666667,0.9998095238095238
0.45299999999984,0.9846666666666667,0.9998095238095238
0.4534999999998399,0.9846666666666667,0.9998095238095238
0.45399999999983986,0.9846666666666667,0.9998095238095238
0.4544999999998398,0.9846666666666667,0.9998095238095238
0.45499999999983975,0.9846666666666667,0.9998095238095238
0.4554999999998397,0.9846666666666667,0.9998095238095238
0.45599999999983964,0.9846666666666667,0.9998095238095238
0.4564999999998396,0.9846666666666667,0.9998095238095238
0.45699999999983953,0.9846666666666667,0.9998095238095238
0.4574999999998395,0.9846666666666667,0.9998095238095238
0.4579999999998394,0.9846666666666667,0.9998095238095238
0.45849999999983937,0.9846666666666667,0.9998095238095238
0.4589999999998393,0.9846666666666667,0.9998095238095238
0.45949999999983926,0.9846666666666667,0.9998095238095238
0.4599999999998392,0.9846666666666667,0.9998095238095238
0.46049999999983915,0.9846666666666667,0.9998095238095238
0.4609999999998391,0.9846666666666667,0.9998095238095238
0.46149999999983904,0.9846666666666667,0.9998095238095238
0.461999999999839,0.9846666666666667,0.9998095238095238
0.46249999999983893,0.9846666666666667,0.9998095238095238
0.4629999999998389,0.9846666666666667,0.9998095238095238
0.4634999999998388,0.9846666666666667,0.9998095238095238
0.46399999999983876,0.9846666666666667,0.9998095238095238
0.4644999999998387,0.9846666666666667,0.9998095238095238
0.46499999999983865,0.9846666666666667,0.9998095238095238
0.4654999999998386,0.9846666666666667,0.9998095238095238
0.46599999999983854,0.9846666666666667,0.9998095238095238
0.4664999999998385,0.9846666666666667,0.9998095238095238
0.46699999999983843,0.9846666666666667,0.9998095238095238
0.4674999999998384,0.9846666666666667,0.9998095238095238
0.4679999999998383,0.9846666666666667,0.9998095238095238
0.46849999999983827,0.9846666666666667,0.9998095238095238
0.4689999999998382,0.9846666666666667,0.9998095238095238
0.46949999999983816,0.9846666666666667,0.9998095238095238
0.4699999999998381,0.9846666666666667,0.9998095238095238
0.47049999999983805,0.9846666666666667,0.9998095238095238
0.470999999999838,0.9846666666666667,0.9998095238095238
0.47149999999983794,0.9846666666666667,0.9998095238095238
0.4719999999998379,0.9846666666666667,0.9998095238095238
0.4724999999998378,0.9846666666666667,0.9998095238095238
0.4729999999998378,0.9846666666666667,0.9998095238095238
0.4734999999998377,0.9846666666666667,0.9998095238095238
0.47399999999983766,0.9846666666666667,0.9998095238095238
0.4744999999998376,0.9846666666666667,0.9998095238095238
0.47499999999983755,0.9846666666666667,0.9998095238095238
0.4754999999998375,0.9846666666666667,0.9998095238095238
0.47599999999983744,0.9846666666666667,0.9998095238095238
0.4764999999998374,0.9846666666666667,0.9998095238095238
0.47699999999983733,0.9846666666666667,0.9998095238095238
0.4774999999998373,0.9846666666666667,0.9998095238095238
0.4779999999998372,0.9846666666666667,0.9998095238095238
0.47849999999983717,0.9846666666666667,0.9998095238095238
0.4789999999998371,0.9846666666666667,0.9998095238095238
0.47949999999983706,0.9846666666666667,0.9998095238095238
0.479999999999837,0.9846666666666667,0.9998095238095238
0.48049999999983695,0.9846666666666667,0.9998095238095238
0.4809999999998369,0.9846666666666667,0.9998095238095238
0.48149999999983684,0.9846666666666667,0.9998095238095238
0.4819999999998368,0.9846666666666667,0.9998095238095238
0.4824999999998367,0.9846666666666667,0.9998095238095238
0.48299999999983667,0.9846666666666667,0.9998095238095238
0.4834999999998366,0.9846666666666667,0.9998095238095238
0.48399999999983656,0.9846666666666667,0.9998095238095238
0.4844999999998365,0.9846666666666667,0.9998095238095238
0.48499999999983645,0.9846666666666667,0.9998095238095238
0.4854999999998364,0.9846666666666667,0.9998095238095238
0.48599999999983634,0.9846666666666667,0.9998095238095238
0.4864999999998363,0.9846666666666667,0.9998095238095238
0.48699999999983623,0.9846666666666667,0.9998095238095238
0.4874999999998362,0.9846666666666667,0.9998095238095238
0.4879999999998361,0.9846666666666667,0.9998095238095238
0.48849999999983607,0.9846666666666667,0.9998095238095238
0.488999999999836,0.9846666666666667,0.9998095238095238
0.48949999999983596,0.9846666666666667,0.9998095238095238
0.4899999999998359,0.9846666666666667,0.9998095238095238
0.49049999999983585,0.9846666666666667,0.9998095238095238
0.4909999999998358,0.9846666666666667,0.9998095238095238
0.49149999999983573,0.9846666666666667,0.9998095238095238
0.4919999999998357,0.9846666666666667,0.9998095238095238
0.4924999999998356,0.9846666666666667,0.9998095238095238
0.49299999999983557,0.9846666666666667,0.9998095238095238
0.4934999999998355,0.9846666666666667,0.9998095238095238
0.49399999999983546,0.9846666666666667,0.9998095238095238
0.4944999999998354,0.9846666666666667,0.9998095238095238
0.49499999999983535,0.9846666666666667,0.9998095238095238
0.4954999999998353,0.9846666666666667,0.9998095238095238
0.49599999999983524,0.9846666666666667,0.9998095238095238
0.4964999999998352,0.9846666666666667,0.9998095238095238
0.49699999999983513,0.9846666666666667,0.9998095238095238
0.4974999999998351,0.9846666666666667,0.9998095238095238
0.497999999999835,0.9846666666666667,0.9998095238095238
0.49849999999983496,0.9846666666666667,0.9998095238095238
0.4989999999998349,0.9846666666666667,0.9998095238095238
0.49949999999983485,0.9846666666666667,0.9998095238095238
0.4999999999998348,0.9846666666666667,0.9998095238095238
0.5004999999998347,0.9846666666666667,0.9998095238095238
0.5009999999998347,0.9846666666666667,0.9998095238095238
0.5014999999998346,0.9846666666666667,0.9998095238095238
0.5019999999998346,0.9846666666666667,0.9998095238095238
0.5024999999998345,0.9846666666666667,0.9998095238095238
0.5029999999998345,0.9846666666666667,0.9998095238095238
0.5034999999998344,0.9846666666666667,0.9998095238095238
0.5039999999998344,0.9846666666666667,0.9998095238095238
0.5044999999998343,0.9846666666666667,0.9998095238095238
0.5049999999998342,0.9846666666666667,0.9998095238095238
0.5054999999998342,0.9846666666666667,0.9998095238095238
0.5059999999998341,0.9846666666666667,0.9998095238095238
0.5064999999998341,0.9846666666666667,0.9998095238095238
0.506999999999834,0.9846666666666667,0.9998095238095238
0.507499999999834,0.9846666666666667,0.9998095238095238
0.5079999999998339,0.9846666666666667,0.9998095238095238
0.5084999999998339,0.9846666666666667,0.9998095238095238
0.5089999999998338,0.9846666666666667,0.9998095238095238
0.5094999999998338,0.9846666666666667,0.9998095238095238
0.5099999999998337,0.9846666666666667,0.9998095238095238
0.5104999999998336,0.9846666666666667,0.9998095238095238
0.5109999999998336,0.9846666666666667,0.9998095238095238
0.5114999999998335,0.9846666666666667,0.9998095238095238
0.5119999999998335,0.9846666666666667,0.9998095238095238
0.5124999999998334,0.9846666666666667,0.9998095238095238
0.5129999999998334,0.9846666666666667,0.9998095238095238
0.5134999999998333,0.9846666666666667,0.9998095238095238
0.5139999999998333,0.9846666666666667,0.9998095238095238
0.5144999999998332,0.9846666666666667,0.9998095238095238
0.5149999999998331,0.9846666666666667,0.9998095238095238
0.5154999999998331,0.9846666666666667,0.9998095238095238
0.515999999999833,0.9846666666666667,0.9998095238095238
0.516499999999833,0.9846666666666667,0.9998095238095238
0.5169999999998329,0.9846666666666667,0.9998095238095238
0.5174999999998329,0.9846666666666667,0.9998095238095238
0.5179999999998328,0.9846666666666667,0.9998095238095238
0.5184999999998328,0.9846666666666667,0.9998095238095238
0.5189999999998327,0.9846666666666667,0.9998095238095238
0.5194999999998327,0.9846666666666667,0.9998095238095238
0.5199999999998326,0.9846666666666667,0.9998095238095238
0.5204999999998325,0.9846666666666667,0.9998095238095238
0.5209999999998325,0.9846666666666667,0.9998095238095238
0.5214999999998324,0.9846666666666667,0.9998095238095238
0.5219999999998324,0.9846666666666667,0.9998095238095238
0.5224999999998323,0.9846666666666667,0.9998095238095238
0.5229999999998323,0.9846666666666667,0.9998095238095238
0.5234999999998322,0.9846666666666667,0.9998095238095238
0.5239999999998322,0.9846666666666667,0.9998095238095238
0.5244999999998321,0.9846666666666667,0.9998095238095238
0.524999999999832,0.9846666666666667,0.9998095238095238
0.525499999999832,0.9846666666666667,0.9998095238095238
0.5259999999998319,0.9846666666666667,0.9998095238095238
0.5264999999998319,0.9846666666666667,0.9998095238095238
0.5269999999998318,0.9846666666666667,0.9998095238095238
0.5274999999998318,0.9846666666666667,0.9998095238095238
0.5279999999998317,0.9846666666666667,0.9998095238095238
0.5284999999998317,0.9846666666666667,0.9998095238095238
0.5289999999998316,0.9846666666666667,0.9998095238095238
0.5294999999998315,0.9846666666666667,0.9998095238095238
0.5299999999998315,0.9846666666666667,0.9998095238095238
0.5304999999998314,0.9846666666666667,0.9998095238095238
0.5309999999998314,0.9846666666666667,0.9998095238095238
0.5314999999998313,0.9846666666666667,0.9998095238095238
0.5319999999998313,0.9846666666666667,0.9998095238095238
0.5324999999998312,0.9846666666666667,0.9998095238095238
0.5329999999998312,0.9846666666666667,0.9998095238095238
0.5334999999998311,0.9846666666666667,0.9998095238095238
0.533999999999831,0.9846666666666667,0.9998095238095238
0.534499999999831,0.9846666666666667,0.9998095238095238
0.5349999999998309,0.9846666666666667,0.9998095238095238
0.5354999999998309,0.9846666666666667,0.9998095238095238
0.5359999999998308,0.9846666666666667,0.9998095238095238
0.5364999999998308,0.9846666666666667,0.9998095238095238
0.5369999999998307,0.9846666666666667,0.9998095238095238
0.5374999999998307,0.9846666666666667,0.9998095238095238
0.5379999999998306,0.9846666666666667,0.9998095238095238
0.5384999999998306,0.9846666666666667,0.9998095238095238
0.5389999999998305,0.9846666666666667,0.9998095238095238
0.5394999999998304,0.9846666666666667,0.9998095238095238
0.5399999999998304,0.9846666666666667,0.9998095238095238
0.5404999999998303,0.9846666666666667,0.9998095238095238
0.5409999999998303,0.9846666666666667,0.9998095238095238
0.5414999999998302,0.9846666666666667,0.9998095238095238
0.5419999999998302,0.9846666666666667,0.9998095238095238
0.5424999999998301,0.9846666666666667,0.9998095238095238
0.5429999999998301,0.9846666666666667,0.9998095238095238
0.54349999999983,0.9846666666666667,0.9998095238095238
0.54399999999983,0.9846666666666667,0.9998095238095238
0.5444999999998299,0.9846666666666667,0.9998095238095238
0.5449999999998298,0.9846666666666667,0.9998095238095238
0.5454999999998298,0.9846666666666667,0.9998095238095238
0.5459999999998297,0.9846666666666667,0.9998095238095238
0.5464999999998297,0.9846666666666667,0.9998095238095238
0.5469999999998296,0.9846666666666667,0.9998095238095238
0.5474999999998296,0.9846666666666667,0.9998095238095238
0.5479999999998295,0.9846666666666667,0.9998095238095238
0.5484999999998295,0.9846666666666667,0.9998095238095238
0.5489999999998294,0.9846666666666667,0.9998095238095238
0.5494999999998293,0.9846666666666667,0.9998095238095238
0.5499999999998293,0.9846666666666667,0.9998095238095238
0.5504999999998292,0.9846666666666667,0.9998095238095238
0.5509999999998292,0.9846666666666667,0.9998095238095238
0.5514999999998291,0.9846666666666667,0.9998095238095238
0.5519999999998291,0.9846666666666667,0.9998095238095238
0.552499999999829,0.9846666666666667,0.9998095238095238
0.552999999999829,0.9846666666666667,0.9998095238095238
0.5534999999998289,0.9846666666666667,0.9998095238095238
0.5539999999998289,0.9846666666666667,0.9998095238095238
0.5544999999998288,0.9846666666666667,0.9998095238095238
0.5549999999998287,0.9846666666666667,0.9998095238095238
0.5554999999998287,0.9846666666666667,0.9998095238095238
0.5559999999998286,0.9846666666666667,0.9998095238095238
0.5564999999998286,0.9846666666666667,0.9998095238095238
0.5569999999998285,0.9846666666666667,0.9998095238095238
0.5574999999998285,0.9846666666666667,0.9998095238095238
0.5579999999998284,0.9846666666666667,0.9998095238095238
0.5584999999998284,0.9846666666666667,0.9998095238095238
0.5589999999998283,0.9846666666666667,0.9998095238095238
0.5594999999998282,0.9846666666666667,0.9998095238095238
0.5599999999998282,0.9846666666666667,0.9998095238095238
0.5604999999998281,0.9846666666666667,0.9998095238095238
0.5609999999998281,0.9846666666666667,0.9998095238095238
0.561499999999828,0.9846666666666667,0.9998095238095238
0.561999999999828,0.9846666666666667,0.9998095238095238
0.5624999999998279,0.9846666666666667,0.9998095238095238
0.5629999999998279,0.9846666666666667,0.9998095238095238
0.5634999999998278,0.9846666666666667,0.9998095238095238
0.5639999999998278,0.9846666666666667,0.9998095238095238
0.5644999999998277,0.9846666666666667,0.9998095238095238
0.5649999999998276,0.9846666666666667,0.9998095238095238
0.5654999999998276,0.9846666666666667,0.9998095238095238
0.5659999999998275,0.9846666666666667,0.9998095238095238
0.5664999999998275,0.9846666666666667,0.9998095238095238
0.5669999999998274,0.9846666666666667,0.9998095238095238
0.5674999999998274,0.9846666666666667,0.9998095238095238
0.5679999999998273,0.9846666666666667,0.9998095238095238
0.5684999999998273,0.9846666666666667,0.9998095238095238
0.5689999999998272,0.9846666666666667,0.9998095238095238
0.5694999999998271,0.9846666666666667,0.9998095238095238
0.5699999999998271,0.9846666666666667,0.9998095238095238
0.570499999999827,0.9846666666666667,0.9998095238095238
0.570999999999827,0.9846666666666667,0.9998095238095238
0.5714999999998269,0.9846666666666667,0.9998095238095238
0.5719999999998269,0.9846666666666667,0.9998095238095238
0.5724999999998268,0.9846666666666667,0.9998095238095238
0.5729999999998268,0.9846666666666667,0.9998095238095238
0.5734999999998267,0.9846666666666667,0.9998095238095238
0.5739999999998266,0.9846666666666667,0.9998095238095238
0.5744999999998266,0.9846666666666667,0.9998095238095238
0.5749999999998265,0.9846666666666667,0.9998095238095238
0.5754999999998265,0.9846666666666667,0.9998095238095238
0.5759999999998264,0.9846666666666667,0.9998095238095238
0.5764999999998264,0.9846666666666667,0.9998095238095238
0.5769999999998263,0.9846666666666667,0.9998095238095238
0.5774999999998263,0.9846666666666667,0.9998095238095238
0.5779999999998262,0.9846666666666667,0.9998095238095238
0.5784999999998262,0.9846666666666667,0.9998095238095238
0.5789999999998261,0.9846666666666667,0.9998095238095238
0.579499999999826,0.9846666666666667,0.9998095238095238
0.579999999999826,0.9846666666666667,0.9998095238095238
0.5804999999998259,0.9846666666666667,0.9998095238095238
0.5809999999998259,0.9846666666666667,0.9998095238095238
0.5814999999998258,0.9846666666666667,0.9998095238095238
0.5819999999998258,0.9846666666666667,0.9998095238095238
0.5824999999998257,0.9846666666666667,0.9998095238095238
0.5829999999998257,0.9846666666666667,0.9998095238095238
0.5834999999998256,0.9846666666666667,0.9998095238095238
0.5839999999998255,0.9846666666666667,0.9998095238095238
0.5844999999998255,0.9846666666666667,0.9998095238095238
0.5849999999998254,0.9846666666666667,0.9998095238095238
0.5854999999998254,0.9846666666666667,0.9998095238095238
0.5859999999998253,0.9846666666666667,0.9998095238095238
0.5864999999998253,0.9846666666666667,0.9998095238095238
0.5869999999998252,0.9846666666666667,0.9998095238095238
0.5874999999998252,0.9846666666666667,0.9998095238095238
0.5879999999998251,0.9846666666666667,0.9998095238095238
0.588499999999825,0.9846666666666667,0.9998095238095238
0.588999999999825,0.9846666666666667,0.9998095238095238
0.5894999999998249,0.9846666666666667,0.9998095238095238
0.5899999999998249,0.9846666666666667,0.9998095238095238
0.5904999999998248,0.9846666666666667,0.9998095238095238
0.5909999999998248,0.9846666666666667,0.9998095238095238
0.5914999999998247,0.9846666666666667,0.9998095238095238
0.5919999999998247,0.9846666666666667,0.9998095238095238
0.5924999999998246,0.9846666666666667,0.9998095238095238
0.5929999999998246,0.9846666666666667,0.9998095238095238
0.5934999999998245,0.9846666666666667,0.9998095238095238
0.5939999999998244,0.9846666666666667,0.9998095238095238
0.5944999999998244,0.9846666666666667,0.9998095238095238
0.5949999999998243,0.9846666666666667,0.9998095238095238
0.5954999999998243,0.9846666666666667,0.9998095238095238
0.5959999999998242,0.9846666666666667,0.9998095238095238
0.5964999999998242,0.9846666666666667,0.9998095238095238
0.5969999999998241,0.9846666666666667,0.9998095238095238
0.5974999999998241,0.9846666666666667,0.9998095238095238
0.597999999999824,0.9846666666666667,0.9998095238095238
0.598499999999824,0.9846666666666667,0.9998095238095238
0.5989999999998239,0.9846666666666667,0.9998095238095238
0.5994999999998238,0.9846666666666667,0.9998095238095238
0.5999999999998238,0.9846666666666667,0.9998095238095238
0.6004999999998237,0.9846666666666667,0.9998095238095238
0.6009999999998237,0.9846666666666667,0.9998095238095238
0.6014999999998236,0.9846666666666667,0.9998095238095238
0.6019999999998236,0.9846666666666667,0.9998095238095238
0.6024999999998235,0.9846666666666667,0.9998095238095238
0.6029999999998235,0.9846666666666667,0.9998095238095238
0.6034999999998234,0.9846666666666667,0.9998095238095238
0.6039999999998233,0.9846666666666667,0.9998095238095238
0.6044999999998233,0.9846666666666667,0.9998095238095238
0.6049999999998232,0.9846666666666667,0.9998095238095238
0.6054999999998232,0.9846666666666667,0.9998095238095238
0.6059999999998231,0.9846666666666667,0.9998095238095238
0.6064999999998231,0.9846666666666667,0.9998095238095238
0.606999999999823,0.9846666666666667,0.9998095238095238
0.607499999999823,0.9846666666666667,0.9998095238095238
0.6079999999998229,0.9846666666666667,0.9998095238095238
0.6084999999998228,0.9846666666666667,0.9998095238095238
0.6089999999998228,0.9846666666666667,0.9998095238095238
0.6094999999998227,0.9846666666666667,0.9998095238095238
0.6099999999998227,0.9846666666666667,0.9998095238095238
0.6104999999998226,0.9846666666666667,0.9998095238095238
0.6109999999998226,0.9846666666666667,0.9998095238095238
0.6114999999998225,0.9846666666666667,0.9998095238095238
0.6119999999998225,0.9846666666666667,0.9998095238095238
0.6124999999998224,0.9846666666666667,0.9998095238095238
0.6129999999998224,0.9846666666666667,0.9998095238095238
0.6134999999998223,0.9846666666666667,0.9998095238095238
0.6139999999998222,0.9846666666666667,0.9998095238095238
0.6144999999998222,0.9846666666666667,0.9998095238095238
0.6149999999998221,0.9846666666666667,0.9998095238095238
0.6154999999998221,0.9846666666666667,0.9998095238095238
0.615999999999822,0.9846666666666667,0.9998095238095238
0.616499999999822,0.9846666666666667,0.9998095238095238
0.6169999999998219,0.9846666666666667,0.9998095238095238
0.6174999999998219,0.9846666666666667,0.9998095238095238
0.6179999999998218,0.9846666666666667,0.9998095238095238
0.6184999999998217,0.9846666666666667,0.9998095238095238
0.6189999999998217,0.9846666666666667,0.9998095238095238
0.6194999999998216,0.9846666666666667,0.9998095238095238
0.6199999999998216,0.9846666666666667,0.9998095238095238
0.6204999999998215,0.9846666666666667,0.9998095238095238
0.6209999999998215,0.9846666666666667,0.9998095238095238
0.6214999999998214,0.9846666666666667,0.9998095238095238
0.6219999999998214,0.9846666666666667,0.9998095238095238
0.6224999999998213,0.9846666666666667,0.9998095238095238
0.6229999999998213,0.9846666666666667,0.9998095238095238
0.6234999999998212,0.9846666666666667,0.9998095238095238
0.6239999999998211,0.9846666666666667,0.9998095238095238
0.6244999999998211,0.9846666666666667,0.9998095238095238
0.624999999999821,0.9846666666666667,0.9998095238095238
0.625499999999821,0.9846666666666667,0.9998095238095238
0.6259999999998209,0.9846666666666667,0.9998095238095238
0.6264999999998209,0.9846666666666667,0.9998095238095238
0.6269999999998208,0.9846666666666667,0.9998095238095238
0.6274999999998208,0.9846666666666667,0.9998095238095238
0.6279999999998207,0.9846666666666667,0.9998095238095238
0.6284999999998206,0.9846666666666667,0.9998095238095238
0.6289999999998206,0.9846666666666667,0.9998095238095238
0.6294999999998205,0.9846666666666667,0.9998095238095238
0.6299999999998205,0.9846666666666667,0.9998095238095238
0.6304999999998204,0.9846666666666667,0.9998095238095238
0.6309999999998204,0.9846666666666667,0.9998095238095238
0.6314999999998203,0.9846666666666667,0.9998095238095238
0.6319999999998203,0.9846666666666667,0.9998095238095238
0.6324999999998202,0.9846666666666667,0.9998095238095238
0.6329999999998202,0.9846666666666667,0.9998095238095238
0.6334999999998201,0.9846666666666667,0.9998095238095238
0.63399999999982,0.9846666666666667,0.9998095238095238
0.63449999999982,0.9846666666666667,0.9998095238095238
0.6349999999998199,0.9846666666666667,0.9998095238095238
0.6354999999998199,0.9846666666666667,0.9998095238095238
0.6359999999998198,0.9846666666666667,0.9998095238095238
0.6364999999998198,0.9846666666666667,0.9998095238095238
0.6369999999998197,0.9846666666666667,0.9998095238095238
0.6374999999998197,0.9846666666666667,0.9998095238095238
0.6379999999998196,0.9846666666666667,0.9998095238095238
0.6384999999998195,0.9846666666666667,0.9998095238095238
0.6389999999998195,0.9846666666666667,0.9998095238095238
0.6394999999998194,0.9846666666666667,0.9998095238095238
0.6399999999998194,0.9846666666666667,0.9998095238095238
0.6404999999998193,0.9846666666666667,0.9998095238095238
0.6409999999998193,0.9846666666666667,0.9998095238095238
0.6414999999998192,0.9846666666666667,0.9998095238095238
0.6419999999998192,0.9846666666666667,0.9998095238095238
0.6424999999998191,0.9846666666666667,0.9998095238095238
0.642999999999819,0.9846666666666667,0.9998095238095238
0.643499999999819,0.9846666666666667,0.9998095238095238
0.6439999999998189,0.9846666666666667,0.9998095238095238
0.6444999999998189,0.9846666666666667,0.9998095238095238
0.6449999999998188,0.9846666666666667,0.9998095238095238
0.6454999999998188,0.9846666666666667,0.9998095238095238
0.6459999999998187,0.9846666666666667,0.9998095238095238
0.6464999999998187,0.9846666666666667,0.9998095238095238
0.6469999999998186,0.9846666666666667,0.9998095238095238
0.6474999999998186,0.9846666666666667,0.9998095238095238
0.6479999999998185,0.9846666666666667,0.9998095238095238
0.6484999999998184,0.9846666666666667,0.9998095238095238
0.6489999999998184,0.9846666666666667,0.9998095238095238
0.6494999999998183,0.9846666666666667,0.9998095238095238
0.6499999999998183,0.9846666666666667,0.9998095238095238
0.6504999999998182,0.9846666666666667,0.9998095238095238
0.6509999999998182,0.9846666666666667,0.9998095238095238
0.6514999999998181,0.9846666666666667,0.9998095238095238
0.6519999999998181,0.9846666666666667,0.9998095238095238
0.652499999999818,0.9846666666666667,0.9998095238095238
0.652999999999818,0.9846666666666667,0.9998095238095238
0.6534999999998179,0.9846666666666667,0.9998095238095238
0.6539999999998178,0.9846666666666667,0.9998095238095238
0.6544999999998178,0.9846666666666667,0.9998095238095238
0.6549999999998177,0.9846666666666667,0.9998095238095238
0.6554999999998177,0.9846666666666667,0.9998095238095238
0.6559999999998176,0.9846666666666667,0.9998095238095238
0.6564999999998176,0.9846666666666667,0.9998095238095238
0.6569999999998175,0.9846666666666667,0.9998095238095238
0.6574999999998175,0.9846666666666667,0.9998095238095238
0.6579999999998174,0.9846666666666667,0.9998095238095238
0.6584999999998173,0.9846666666666667,0.9998095238095238
0.6589999999998173,0.9846666666666667,0.9998095238095238
0.6594999999998172,0.9846666666666667,0.9998095238095238
0.6599999999998172,0.9846666666666667,0.9998095238095238
0.6604999999998171,0.9846666666666667,0.9998095238095238
0.6609999999998171,0.9846666666666667,0.9998095238095238
0.661499999999817,0.9846666666666667,0.9998095238095238
0.661999999999817,0.9846666666666667,0.9998095238095238
0.6624999999998169,0.9846666666666667,0.9998095238095238
0.6629999999998168,0.9846666666666667,0.9998095238095238
0.6634999999998168,0.9846666666666667,0.9998095238095238
0.6639999999998167,0.9846666666666667,0.9998095238095238
0.6644999999998167,0.9846666666666667,0.9998095238095238
0.6649999999998166,0.9846666666666667,0.9998095238095238
0.6654999999998166,0.9846666666666667,0.9998095238095238
0.6659999999998165,0.9846666666666667,0.9998095238095238
0.6664999999998165,0.9846666666666667,0.9998095238095238
0.6669999999998164,0.9846666666666667,0.9998095238095238
0.6674999999998164,0.9846666666666667,0.9998095238095238
0.6679999999998163,0.9846666666666667,0.9998095238095238
0.6684999999998162,0.9846666666666667,0.9998095238095238
0.6689999999998162,0.9846666666666667,0.9998095238095238
0.6694999999998161,0.9846666666666667,0.9998095238095238
0.6699999999998161,0.9846666666666667,0.9998095238095238
0.670499999999816,0.9846666666666667,0.9998095238095238
0.670999999999816,0.9846666666666667,0.9998095238095238
0.6714999999998159,0.9846666666666667,0.9998095238095238
0.6719999999998159,0.9846666666666667,0.9998095238095238
0.6724999999998158,0.9846666666666667,0.9998095238095238
0.6729999999998157,0.9846666666666667,0.9998095238095238
0.6734999999998157,0.9846666666666667,0.9998095238095238
0.6739999999998156,0.9846666666666667,0.9998095238095238
0.6744999999998156,0.9846666666666667,0.9998095238095238
0.6749999999998155,0.9846666666666667,0.9998095238095238
0.6754999999998155,0.9846666666666667,0.9998095238095238
0.6759999999998154,0.9846666666666667,0.9998095238095238
0.6764999999998154,0.9846666666666667,0.9998095238095238
0.6769999999998153,0.9846666666666667,0.9998095238095238
0.6774999999998153,0.9846666666666667,0.9998095238095238
0.6779999999998152,0.9846666666666667,0.9998095238095238
0.6784999999998151,0.9846666666666667,0.9998095238095238
0.6789999999998151,0.9846666666666667,0.9998095238095238
0.679499999999815,0.9846666666666667,0.9998095238095238
0.679999999999815,0.9846666666666667,0.9998095238095238
0.6804999999998149,0.9846666666666667,0.9998095238095238
0.6809999999998149,0.9846666666666667,0.9998095238095238
0.6814999999998148,0.9846666666666667,0.9998095238095238
0.6819999999998148,0.9846666666666667,0.9998095238095238
0.6824999999998147,0.9846666666666667,0.9998095238095238
0.6829999999998146,0.9846666666666667,0.9998095238095238
0.6834999999998146,0.9846666666666667,0.9998095238095238
0.6839999999998145,0.9846666666666667,0.9998095238095238
0.6844999999998145,0.9846666666666667,0.9998095238095238
0.6849999999998144,0.9846666666666667,0.9998095238095238
0.6854999999998144,0.9846666666666667,0.9998095238095238
0.6859999999998143,0.9846666666666667,0.9998095238095238
0.6864999999998143,0.9846666666666667,0.9998095238095238
0.6869999999998142,0.9846666666666667,0.9998095238095238
0.6874999999998141,0.9846666666666667,0.9998095238095238
0.6879999999998141,0.9846666666666667,0.9998095238095238
0.688499999999814,0.9846666666666667,0.9998095238095238
0.688999999999814,0.9846666666666667,0.9998095238095238
0.6894999999998139,0.9846666666666667,0.9998095238095238
0.6899999999998139,0.9846666666666667,0.9998095238095238
0.6904999999998138,0.9846666666666667,0.9998095238095238
0.6909999999998138,0.9846666666666667,0.9998095238095238
0.6914999999998137,0.9846666666666667,0.9998095238095238
0.6919999999998137,0.9846666666666667,0.9998095238095238
0.6924999999998136,0.9846666666666667,0.9998095238095238
0.6929999999998135,0.9846666666666667,0.9998095238095238
0.6934999999998135,0.9846666666666667,0.9998095238095238
0.6939999999998134,0.9846666666666667,0.9998095238095238
0.6944999999998134,0.9846666666666667,0.9998095238095238
0.6949999999998133,0.9846666666666667,0.9998095238095238
0.6954999999998133,0.9846666666666667,0.9998095238095238
0.6959999999998132,0.9846666666666667,0.9998095238095238
0.6964999999998132,0.9846666666666667,0.9998095238095238
0.6969999999998131,0.9846666666666667,0.9998095238095238
0.697499999999813,0.9846666666666667,0.9998095238095238
0.697999999999813,0.9846666666666667,0.9998095238095238
0.6984999999998129,0.9846666666666667,0.9998095238095238
0.6989999999998129,0.9846666666666667,0.9998095238095238
0.6994999999998128,0.9846666666666667,0.9998095238095238
0.6999999999998128,0.9846666666666667,0.9998095238095238
0.7004999999998127,0.9846666666666667,0.9998095238095238
0.7009999999998127,0.9846666666666667,0.9998095238095238
0.7014999999998126,0.9846666666666667,0.9998095238095238
0.7019999999998126,0.9846666666666667,0.9998095238095238
0.7024999999998125,0.9846666666666667,0.9998095238095238
0.7029999999998124,0.9846666666666667,0.9998095238095238
0.7034999999998124,0.9846666666666667,0.9998095238095238
0.7039999999998123,0.9846666666666667,0.9998095238095238
0.7044999999998123,0.9846666666666667,0.9998095238095238
0.7049999999998122,0.9846666666666667,0.9998095238095238
0.7054999999998122,0.9846666666666667,0.9998095238095238
0.7059999999998121,0.9846666666666667,0.9998095238095238
0.7064999999998121,0.9846666666666667,0.9998095238095238
0.706999999999812,0.9846666666666667,0.9998095238095238
0.707499999999812,0.9846666666666667,0.9998095238095238
0.7079999999998119,0.9846666666666667,0.9998095238095238
0.7084999999998118,0.9846666666666667,0.9998095238095238
0.7089999999998118,0.9846666666666667,0.9998095238095238
0.7094999999998117,0.9846666666666667,0.9998095238095238
0.7099999999998117,0.9846666666666667,0.9998095238095238
0.7104999999998116,0.9846666666666667,0.9998095238095238
0.7109999999998116,0.9846666666666667,0.9998095238095238
0.7114999999998115,0.9846666666666667,0.9998095238095238
0.7119999999998115,0.9846666666666667,0.9998095238095238
0.7124999999998114,0.9846666666666667,0.9998095238095238
0.7129999999998113,0.9846666666666667,0.9998095238095238
0.7134999999998113,0.9846666666666667,0.9998095238095238
0.7139999999998112,0.9846666666666667,0.9998095238095238
0.7144999999998112,0.9846666666666667,0.9998095238095238
0.7149999999998111,0.9846666666666667,0.9998095238095238
0.7154999999998111,0.9846666666666667,0.9998095238095238
0.715999999999811,0.9846666666666667,0.9998095238095238
0.716499999999811,0.9846666666666667,0.9998095238095238
0.7169999999998109,0.9846666666666667,0.9998095238095238
0.7174999999998108,0.9846666666666667,0.9998095238095238
0.7179999999998108,0.9846666666666667,0.9998095238095238
0.7184999999998107,0.9846666666666667,0.9998095238095238
0.7189999999998107,0.9846666666666667,0.9998095238095238
0.7194999999998106,0.9846666666666667,0.9998095238095238
0.7199999999998106,0.9846666666666667,0.9998095238095238
0.7204999999998105,0.9846666666666667,0.9998095238095238
0.7209999999998105,0.9846666666666667,0.9998095238095238
0.7214999999998104,0.9846666666666667,0.9998095238095238
0.7219999999998103,0.9846666666666667,0.9998095238095238
0.7224999999998103,0.9846666666666667,0.9998095238095238
0.7229999999998102,0.9846666666666667,0.9998095238095238
0.7234999999998102,0.9846666666666667,0.9998095238095238
0.7239999999998101,0.9846666666666667,0.9998095238095238
0.7244999999998101,0.9846666666666667,0.9998095238095238
0.72499999999981,0.9846666666666667,0.9998095238095238
0.72549999999981,0.9846666666666667,0.9998095238095238
0.7259999999998099,0.9846666666666667,0.9998095238095238
0.7264999999998099,0.9846666666666667,0.9998095238095238
0.7269999999998098,0.9846666666666667,0.9998095238095238
0.7274999999998097,0.9846666666666667,0.9998095238095238
0.7279999999998097,0.9846666666666667,0.9998095238095238
0.7284999999998096,0.9846666666666667,0.9998095238095238
0.7289999999998096,0.9846666666666667,0.9998095238095238
0.7294999999998095,0.9846666666666667,0.9998095238095238
0.7299999999998095,0.9846666666666667,0.9998095238095238
0.7304999999998094,0.9846666666666667,0.9998095238095238
0.7309999999998094,0.9846666666666667,0.9998095238095238
0.7314999999998093,0.9846666666666667,0.9998095238095238
0.7319999999998092,0.9846666666666667,0.9998095238095238
0.7324999999998092,0.9846666666666667,0.9998095238095238
0.7329999999998091,0.9846666666666667,0.9998095238095238
0.7334999999998091,0.9846666666666667,0.9998095238095238
0.733999999999809,0.9846666666666667,0.9998095238095238
0.734499999999809,0.9846666666666667,0.9998095238095238
0.7349999999998089,0.9846666666666667,0.9998095238095238
0.7354999999998089,0.9846666666666667,0.9998095238095238
0.7359999999998088,0.9846666666666667,0.9998095238095238
0.7364999999998088,0.9846666666666667,0.9998095238095238
0.7369999999998087,0.9846666666666667,0.9998095238095238
0.7374999999998086,0.9846666666666667,0.9998095238095238
0.7379999999998086,0.9846666666666667,0.9998095238095238
0.7384999999998085,0.9846666666666667,0.9998095238095238
0.7389999999998085,0.9846666666666667,0.9998095238095238
0.7394999999998084,0.9846666666666667,0.9998095238095238
0.7399999999998084,0.9846666666666667,0.9998095238095238
0.7404999999998083,0.9846666666666667,0.9998095238095238
0.7409999999998083,0.9846666666666667,0.9998095238095238
0.7414999999998082,0.9846666666666667,0.9998095238095238
0.7419999999998081,0.9846666666666667,0.9998095238095238
0.7424999999998081,0.9846666666666667,0.9998095238095238
0.742999999999808,0.9846666666666667,0.9998095238095238
0.743499999999808,0.9846666666666667,0.9998095238095238
0.7439999999998079,0.9846666666666667,0.9998095238095238
0.7444999999998079,0.9846666666666667,0.9998095238095238
0.7449999999998078,0.9846666666666667,0.9998095238095238
0.7454999999998078,0.9846666666666667,0.9998095238095238
0.7459999999998077,0.9846666666666667,0.9998095238095238
0.7464999999998077,0.9846666666666667,0.9998095238095238
0.7469999999998076,0.9846666666666667,0.9998095238095238
0.7474999999998075,0.9846666666666667,0.9998095238095238
0.7479999999998075,0.9846666666666667,0.9998095238095238
0.7484999999998074,0.9846666666666667,0.9998095238095238
0.7489999999998074,0.9846666666666667,0.9998095238095238
0.7494999999998073,0.9846666666666667,0.9998095238095238
0.7499999999998073,0.9846666666666667,0.9998095238095238
0.7504999999998072,0.9846666666666667,0.9998095238095238
0.7509999999998072,0.9846666666666667,0.9998095238095238
0.7514999999998071,0.9846666666666667,0.9998095238095238
0.751999999999807,0.9846666666666667,0.9998095238095238
0.752499999999807,0.9846666666666667,0.9998095238095238
0.7529999999998069,0.9846666666666667,0.9998095238095238
0.7534999999998069,0.9846666666666667,0.9998095238095238
0.7539999999998068,0.9846666666666667,0.9998095238095238
0.7544999999998068,0.9846666666666667,0.9998095238095238
0.7549999999998067,0.9846666666666667,0.9998095238095238
0.7554999999998067,0.9846666666666667,0.9998095238095238
0.7559999999998066,0.9846666666666667,0.9998095238095238
0.7564999999998065,0.9846666666666667,0.9998095238095238
0.7569999999998065,0.9846666666666667,0.9998095238095238
0.7574999999998064,0.9846666666666667,0.9998095238095238
0.7579999999998064,0.9846666666666667,0.9998095238095238
0.7584999999998063,0.9846666666666667,0.9998095238095238
0.7589999999998063,0.9846666666666667,0.9998095238095238
0.7594999999998062,0.9846666666666667,0.9998095238095238
0.7599999999998062,0.9846666666666667,0.9998095238095238
0.7604999999998061,0.9846666666666667,0.9998095238095238
0.760999999999806,0.9846666666666667,0.9998095238095238
0.761499999999806,0.9846666666666667,0.9998095238095238
0.7619999999998059,0.9846666666666667,0.9998095238095238
0.7624999999998059,0.9846666666666667,0.9998095238095238
0.7629999999998058,0.9846666666666667,0.9998095238095238
0.7634999999998058,0.9846666666666667,0.9998095238095238
0.7639999999998057,0.9846666666666667,0.9998095238095238
0.7644999999998057,0.9846666666666667,0.9998095238095238
0.7649999999998056,0.9846666666666667,0.9998095238095238
0.7654999999998056,0.9846666666666667,0.9998095238095238
0.7659999999998055,0.9846666666666667,0.9998095238095238
0.7664999999998054,0.9846666666666667,0.9998095238095238
0.7669999999998054,0.9846666666666667,0.9998095238095238
0.7674999999998053,0.9846666666666667,0.9998095238095238
0.7679999999998053,0.9846666666666667,0.9998095238095238
0.7684999999998052,0.9846666666666667,0.9998095238095238
0.7689999999998052,0.9846666666666667,0.9998095238095238
0.7694999999998051,0.9846666666666667,0.9998095238095238
0.7699999999998051,0.9846666666666667,0.9998095238095238
0.770499999999805,0.9846666666666667,0.9998095238095238
0.770999999999805,0.9846666666666667,0.9998095238095238
0.7714999999998049,0.9846666666666667,0.9998095238095238
0.7719999999998048,0.9846666666666667,0.9998095238095238
0.7724999999998048,0.9846666666666667,0.9998095238095238
0.7729999999998047,0.9846666666666667,0.9998095238095238
0.7734999999998047,0.9846666666666667,0.9998095238095238
0.7739999999998046,0.9846666666666667,0.9998095238095238
0.7744999999998046,0.9846666666666667,0.9998095238095238
0.7749999999998045,0.9846666666666667,0.9998095238095238
0.7754999999998045,0.9846666666666667,0.9998095238095238
0.7759999999998044,0.9846666666666667,0.9998095238095238
0.7764999999998043,0.9846666666666667,0.9998095238095238
0.7769999999998043,0.9846666666666667,0.9998095238095238
0.7774999999998042,0.9846666666666667,0.9998095238095238
0.7779999999998042,0.9846666666666667,0.9998095238095238
0.7784999999998041,0.9846666666666667,0.9998095238095238
0.7789999999998041,0.9846666666666667,0.9998095238095238
0.779499999999804,0.9846666666666667,0.9998095238095238
0.779999999999804,0.9846666666666667,0.9998095238095238
0.7804999999998039,0.9846666666666667,0.9998095238095238
0.7809999999998039,0.9846666666666667,0.9998095238095238
0.7814999999998038,0.9846666666666667,0.9998095238095238
0.7819999999998037,0.9846666666666667,0.9998095238095238
0.7824999999998037,0.9846666666666667,0.9998095238095238
0.7829999999998036,0.9846666666666667,0.9998095238095238
0.7834999999998036,0.9846666666666667,0.9998095238095238
0.7839999999998035,0.9846666666666667,0.9998095238095238
0.7844999999998035,0.9846666666666667,0.9998095238095238
0.7849999999998034,0.9846666666666667,0.9998095238095238
0.7854999999998034,0.9846666666666667,0.9998095238095238
0.7859999999998033,0.9846666666666667,0.9998095238095238
0.7864999999998032,0.9846666666666667,0.9998095238095238
0.7869999999998032,0.9846666666666667,0.9998095238095238
0.7874999999998031,0.9846666666666667,0.9998095238095238
0.7879999999998031,0.9846666666666667,0.9998095238095238
0.788499999999803,0.9846666666666667,0.9998095238095238
0.788999999999803,0.9846666666666667,0.9998095238095238
0.7894999999998029,0.9846666666666667,0.9998095238095238
0.7899999999998029,0.9846666666666667,0.9998095238095238
0.7904999999998028,0.9846666666666667,0.9998095238095238
0.7909999999998027,0.9846666666666667,0.9998095238095238
0.7914999999998027,0.9846666666666667,0.9998095238095238
0.7919999999998026,0.9846666666666667,0.9998095238095238
0.7924999999998026,0.9846666666666667,0.9998095238095238
0.7929999999998025,0.9846666666666667,0.9998095238095238
0.7934999999998025,0.9846666666666667,0.9998095238095238
0.7939999999998024,0.9846666666666667,0.9998095238095238
0.7944999999998024,0.9846666666666667,0.9998095238095238
0.7949999999998023,0.9846666666666667,0.9998095238095238
0.7954999999998023,0.9846666666666667,0.9998095238095238
0.7959999999998022,0.9846666666666667,0.9998095238095238
0.7964999999998021,0.9846666666666667,0.9998095238095238
0.7969999999998021,0.9846666666666667,0.9998095238095238
0.797499999999802,0.9846666666666667,0.9998095238095238
0.797999999999802,0.9846666666666667,0.9998095238095238
0.7984999999998019,0.9846666666666667,0.9998095238095238
0.7989999999998019,0.9846666666666667,0.9998095238095238
0.7994999999998018,0.9846666666666667,0.9998095238095238
0.7999999999998018,0.9846666666666667,0.9998095238095238
0.8004999999998017,0.9846666666666667,0.9998095238095238
0.8009999999998016,0.9846666666666667,0.9998095238095238
0.8014999999998016,0.9846666666666667,0.9998095238095238
0.8019999999998015,0.9846666666666667,0.9998095238095238
0.8024999999998015,0.9846666666666667,0.9998095238095238
0.8029999999998014,0.9846666666666667,0.9998095238095238
0.8034999999998014,0.9846666666666667,0.9998095238095238
0.8039999999998013,0.9846666666666667,0.9998095238095238
0.8044999999998013,0.9846666666666667,0.9998095238095238
0.8049999999998012,0.9846666666666667,0.9998095238095238
0.8054999999998012,0.9846666666666667,0.9998095238095238
0.8059999999998011,0.9846666666666667,0.9998095238095238
0.806499999999801,0.9846666666666667,0.9998095238095238
0.806999999999801,0.9846666666666667,0.9998095238095238
0.8074999999998009,0.9846666666666667,0.9998095238095238
0.8079999999998009,0.9846666666666667,0.9998095238095238
0.8084999999998008,0.9846666666666667,0.9998095238095238
0.8089999999998008,0.9846666666666667,0.9998095238095238
0.8094999999998007,0.9846666666666667,0.9998095238095238
0.8099999999998007,0.9846666666666667,0.9998095238095238
0.8104999999998006,0.9846666666666667,0.9998095238095238
0.8109999999998005,0.9846666666666667,0.9998095238095238
0.8114999999998005,0.9846666666666667,0.9998095238095238
0.8119999999998004,0.9846666666666667,0.9998095238095238
0.8124999999998004,0.9846666666666667,0.9998095238095238
0.8129999999998003,0.9846666666666667,0.9998095238095238
0.8134999999998003,0.9846666666666667,0.9998095238095238
0.8139999999998002,0.9846666666666667,0.9998095238095238
0.8144999999998002,0.9846666666666667,0.9998095238095238
0.8149999999998001,0.9846666666666667,0.9998095238095238
0.8154999999998,0.9846666666666667,0.9998095238095238
0.8159999999998,0.9846666666666667,0.9998095238095238
0.8164999999997999,0.9846666666666667,0.9998095238095238
0.8169999999997999,0.9846666666666667,0.9998095238095238
0.8174999999997998,0.9846666666666667,0.9998095238095238
0.8179999999997998,0.9846666666666667,0.9998095238095238
0.8184999999997997,0.9846666666666667,0.9998095238095238
0.8189999999997997,0.9846666666666667,0.9998095238095238
0.8194999999997996,0.9846666666666667,0.9998095238095238
0.8199999999997996,0.9846666666666667,0.9998095238095238
0.8204999999997995,0.9846666666666667,0.9998095238095238
0.8209999999997994,0.9846666666666667,0.9998095238095238
0.8214999999997994,0.9846666666666667,0.9998095238095238
0.8219999999997993,0.9846666666666667,0.9998095238095238
0.8224999999997993,0.9846666666666667,0.9998095238095238
0.8229999999997992,0.9846666666666667,0.9998095238095238
0.8234999999997992,0.9846666666666667,0.9998095238095238
0.8239999999997991,0.9846666666666667,0.9998095238095238
0.8244999999997991,0.9846666666666667,0.9998095238095238
0.824999999999799,0.9846666666666667,0.9998095238095238
0.825499999999799,0.9846666666666667,0.9998095238095238
0.8259999999997989,0.9846666666666667,0.9998095238095238
0.8264999999997988,0.9846666666666667,0.9998095238095238
0.8269999999997988,0.9846666666666667,0.9998095238095238
0.8274999999997987,0.9846666666666667,0.9998095238095238
0.8279999999997987,0.9846666666666667,0.9998095238095238
0.8284999999997986,0.9846666666666667,0.9998095238095238
0.8289999999997986,0.9846666666666667,0.9998095238095238
0.8294999999997985,0.9846666666666667,0.9998095238095238
0.8299999999997985,0.9846666666666667,0.9998095238095238
0.8304999999997984,0.9846666666666667,0.9998095238095238
0.8309999999997983,0.9846666666666667,0.9998095238095238
0.8314999999997983,0.9846666666666667,0.9998095238095238
0.8319999999997982,0.9846666666666667,0.9998095238095238
0.8324999999997982,0.9846666666666667,0.9998095238095238
0.8329999999997981,0.9846666666666667,0.9998095238095238
0.8334999999997981,0.9846666666666667,0.9998095238095238
0.833999999999798,0.9846666666666667,0.9998095238095238
0.834499999999798,0.9846666666666667,0.9998095238095238
0.8349999999997979,0.9846666666666667,0.9998095238095238
0.8354999999997978,0.9846666666666667,0.9998095238095238
0.8359999999997978,0.9846666666666667,0.9998095238095238
0.8364999999997977,0.9846666666666667,0.9998095238095238
0.8369999999997977,0.9846666666666667,0.9998095238095238
0.8374999999997976,0.9846666666666667,0.9998095238095238
0.8379999999997976,0.9846666666666667,0.9998095238095238
0.8384999999997975,0.9846666666666667,0.9998095238095238
0.8389999999997975,0.9846666666666667,0.9998095238095238
0.8394999999997974,0.9846666666666667,0.9998095238095238
0.8399999999997974,0.9846666666666667,0.9998095238095238
0.8404999999997973,0.9846666666666667,0.9998095238095238
0.8409999999997972,0.9846666666666667,0.9998095238095238
0.8414999999997972,0.9846666666666667,0.9998095238095238
0.8419999999997971,0.9846666666666667,0.9998095238095238
0.8424999999997971,0.9846666666666667,0.9998095238095238
0.842999999999797,0.9846666666666667,0.9998095238095238
0.843499999999797,0.9846666666666667,0.9998095238095238
0.8439999999997969,0.9846666666666667,0.9998095238095238
0.8444999999997969,0.9846666666666667,0.9998095238095238
0.8449999999997968,0.9846666666666667,0.9998095238095238
0.8454999999997967,0.9846666666666667,0.9998095238095238
0.8459999999997967,0.9846666666666667,0.9998095238095238
0.8464999999997966,0.9846666666666667,0.9998095238095238
0.8469999999997966,0.9846666666666667,0.9998095238095238
0.8474999999997965,0.9846666666666667,0.9998095238095238
0.8479999999997965,0.9846666666666667,0.9998095238095238
0.8484999999997964,0.9846666666666667,0.9998095238095238
0.8489999999997964,0.9846666666666667,0.9998095238095238
0.8494999999997963,0.9846666666666667,0.9998095238095238
0.8499999999997963,0.9846666666666667,0.9998095238095238
0.8504999999997962,0.9846666666666667,0.9998095238095238
0.8509999999997961,0.9846666666666667,0.9998095238095238
0.8514999999997961,0.9846666666666667,0.9998095238095238
0.851999999999796,0.9846666666666667,0.9998095238095238
0.852499999999796,0.9846666666666667,0.9998095238095238
0.8529999999997959,0.9846666666666667,0.9998095238095238
0.8534999999997959,0.9846666666666667,0.9998095238095238
0.8539999999997958,0.9846666666666667,0.9998095238095238
0.8544999999997958,0.9846666666666667,0.9998095238095238
0.8549999999997957,0.9846666666666667,0.9998095238095238
0.8554999999997956,0.9846666666666667,0.9998095238095238
0.8559999999997956,0.9846666666666667,0.9998095238095238
0.8564999999997955,0.9846666666666667,0.9998095238095238
0.8569999999997955,0.9846666666666667,0.9998095238095238
0.8574999999997954,0.9846666666666667,0.9998095238095238
0.8579999999997954,0.9846666666666667,0.9998095238095238
0.8584999999997953,0.9846666666666667,0.9998095238095238
0.8589999999997953,0.9846666666666667,0.9998095238095238
0.8594999999997952,0.9846666666666667,0.9998095238095238
0.8599999999997952,0.9846666666666667,0.9998095238095238
0.8604999999997951,0.9846666666666667,0.9998095238095238
0.860999999999795,0.9846666666666667,0.9998095238095238
0.861499999999795,0.9846666666666667,0.9998095238095238
0.8619999999997949,0.9846666666666667,0.9998095238095238
0.8624999999997949,0.9846666666666667,0.9998095238095238
0.8629999999997948,0.9846666666666667,0.9998095238095238
0.8634999999997948,0.9846666666666667,0.9998095238095238
0.8639999999997947,0.9846666666666667,0.9998095238095238
0.8644999999997947,0.9846666666666667,0.9998095238095238
0.8649999999997946,0.9846666666666667,0.9998095238095238
0.8654999999997945,0.9846666666666667,0.9998095238095238
0.8659999999997945,0.9846666666666667,0.9998095238095238
0.8664999999997944,0.9846666666666667,0.9998095238095238
0.8669999999997944,0.9846666666666667,0.9998095238095238
0.8674999999997943,0.9846666666666667,0.9998095238095238
0.8679999999997943,0.9846666666666667,0.9998095238095238
0.8684999999997942,0.9846666666666667,0.9998095238095238
0.8689999999997942,0.9846666666666667,0.9998095238095238
0.8694999999997941,0.9846666666666667,0.9998095238095238
0.869999999999794,0.9846666666666667,0.9998095238095238
0.870499999999794,0.9846666666666667,0.9998095238095238
0.8709999999997939,0.9846666666666667,0.9998095238095238
0.8714999999997939,0.9846666666666667,0.9998095238095238
0.8719999999997938,0.9846666666666667,0.9998095238095238
0.8724999999997938,0.9846666666666667,0.9998095238095238
0.8729999999997937,0.9846666666666667,0.9998095238095238
0.8734999999997937,0.9846666666666667,0.9998095238095238
0.8739999999997936,0.9846666666666667,0.9998095238095238
0.8744999999997936,0.9846666666666667,0.9998095238095238
0.8749999999997935,0.9846666666666667,0.9998095238095238
0.8754999999997934,0.9846666666666667,0.9998095238095238
0.8759999999997934,0.9846666666666667,0.9998095238095238
0.8764999999997933,0.9846666666666667,0.9998095238095238
0.8769999999997933,0.9846666666666667,0.9998095238095238
0.8774999999997932,0.9846666666666667,0.9998095238095238
0.8779999999997932,0.9846666666666667,0.9998095238095238
0.8784999999997931,0.9846666666666667,0.9998095238095238
0.8789999999997931,0.9846666666666667,0.9998095238095238
0.879499999999793,0.9846666666666667,0.9998095238095238
0.879999999999793,0.9846666666666667,0.9998095238095238
0.8804999999997929,0.9846666666666667,0.9998095238095238
0.8809999999997928,0.9846666666666667,0.9998095238095238
0.8814999999997928,0.9846666666666667,0.9998095238095238
0.8819999999997927,0.9846666666666667,0.9998095238095238
0.8824999999997927,0.9846666666666667,0.9998095238095238
0.8829999999997926,0.9846666666666667,0.9998095238095238
0.8834999999997926,0.9846666666666667,0.9998095238095238
0.8839999999997925,0.9846666666666667,0.9998095238095238
0.8844999999997925,0.9846666666666667,0.9998095238095238
0.8849999999997924,0.9846666666666667,0.9998095238095238
0.8854999999997923,0.9846666666666667,0.9998095238095238
0.8859999999997923,0.9846666666666667,0.9998095238095238
0.8864999999997922,0.9846666666666667,0.9998095238095238
0.8869999999997922,0.9846666666666667,0.9998095238095238
0.8874999999997921,0.9846666666666667,0.9998095238095238
0.8879999999997921,0.9846666666666667,0.9998095238095238
0.888499999999792,0.9846666666666667,0.9998095238095238
0.888999999999792,0.9846666666666667,0.9998095238095238
0.8894999999997919,0.9846666666666667,0.9998095238095238
0.8899999999997918,0.9846666666666667,0.9998095238095238
0.8904999999997918,0.9846666666666667,0.9998095238095238
0.8909999999997917,0.9846666666666667,0.9998095238095238
0.8914999999997917,0.9846666666666667,0.9998095238095238
0.8919999999997916,0.9846666666666667,0.9998095238095238
0.8924999999997916,0.9846666666666667,0.9998095238095238
0.8929999999997915,0.9846666666666667,0.9998095238095238
0.8934999999997915,0.9846666666666667,0.9998095238095238
0.8939999999997914,0.9846666666666667,0.9998095238095238
0.8944999999997914,0.9846666666666667,0.9998095238095238
0.8949999999997913,0.9846666666666667,0.9998095238095238
0.8954999999997912,0.9846666666666667,0.9998095238095238
0.8959999999997912,0.9846666666666667,0.9998095238095238
0.8964999999997911,0.9846666666666667,0.9998095238095238
0.8969999999997911,0.9846666666666667,0.9998095238095238
0.897499999999791,0.9846666666666667,0.9998095238095238
0.897999999999791,0.9846666666666667,0.9998095238095238
0.8984999999997909,0.9846666666666667,0.9998095238095238
0.8989999999997909,0.9846666666666667,0.9998095238095238
0.8994999999997908,0.9846666666666667,0.9998095238095238
0.8999999999997907,0.9846666666666667,0.9998095238095238
0.9004999999997907,0.9846666666666667,0.9998095238095238
0.9009999999997906,0.9846666666666667,0.9998095238095238
0.9014999999997906,0.9846666666666667,0.9998095238095238
0.9019999999997905,0.9846666666666667,0.9998095238095238
0.9024999999997905,0.9846666666666667,0.9998095238095238
0.9029999999997904,0.9846666666666667,0.9998095238095238
0.9034999999997904,0.9846666666666667,0.9998095238095238
0.9039999999997903,0.9846666666666667,0.9998095238095238
0.9044999999997902,0.9846666666666667,0.9998095238095238
0.9049999999997902,0.9846666666666667,0.9998095238095238
0.9054999999997901,0.9846666666666667,0.9998095238095238
0.9059999999997901,0.9846666666666667,0.9998095238095238
0.90649999999979,0.9846666666666667,0.9998095238095238
0.90699999999979,0.9846666666666667,0.9998095238095238
0.9074999999997899,0.9846666666666667,0.9998095238095238
0.9079999999997899,0.9846666666666667,0.9998095238095238
0.9084999999997898,0.9846666666666667,0.9998095238095238
0.9089999999997898,0.9846666666666667,0.9998095238095238
0.9094999999997897,0.9846666666666667,0.9998095238095238
0.9099999999997896,0.9846666666666667,0.9998095238095238
0.9104999999997896,0.9846666666666667,0.9998095238095238
0.9109999999997895,0.9846666666666667,0.9998095238095238
0.9114999999997895,0.9846666666666667,0.9998095238095238
0.9119999999997894,0.9846666666666667,0.9998095238095238
0.9124999999997894,0.9846666666666667,0.9998095238095238
0.9129999999997893,0.9846666666666667,0.9998095238095238
0.9134999999997893,0.9846666666666667,0.9998095238095238
0.9139999999997892,0.9846666666666667,0.9998095238095238
0.9144999999997891,0.9846666666666667,0.9998095238095238
0.9149999999997891,0.9846666666666667,0.9998095238095238
0.915499999999789,0.9846666666666667,0.9998095238095238
0.915999999999789,0.9846666666666667,0.9998095238095238
0.9164999999997889,0.9846666666666667,0.9998095238095238
0.9169999999997889,0.9846666666666667,0.9998095238095238
0.9174999999997888,0.9846666666666667,0.9998095238095238
0.9179999999997888,0.9846666666666667,0.9998095238095238
0.9184999999997887,0.9846666666666667,0.9998095238095238
0.9189999999997887,0.9846666666666667,0.9998095238095238
0.9194999999997886,0.9846666666666667,0.9998095238095238
0.9199999999997885,0.9846666666666667,0.9998095238095238
0.9204999999997885,0.9846666666666667,0.9998095238095238
0.9209999999997884,0.9846666666666667,0.9998095238095238
0.9214999999997884,0.9846666666666667,0.9998095238095238
0.9219999999997883,0.9846666666666667,0.9998095238095238
0.9224999999997883,0.9846666666666667,0.9998095238095238
0.9229999999997882,0.9846666666666667,0.9998095238095238
0.9234999999997882,0.9846666666666667,0.9998095238095238
0.9239999999997881,0.9846666666666667,0.9998095238095238
0.924499999999788,0.9846666666666667,0.9998095238095238
0.924999999999788,0.9846666666666667,0.9998095238095238
0.9254999999997879,0.9846666666666667,0.9998095238095238
0.9259999999997879,0.9846666666666667,0.9998095238095238
0.9264999999997878,0.9846666666666667,0.9998095238095238
0.9269999999997878,0.9846666666666667,0.9998095238095238
0.9274999999997877,0.9846666666666667,0.9998095238095238
0.9279999999997877,0.9846666666666667,0.9998095238095238
0.9284999999997876,0.9846666666666667,0.9998095238095238
0.9289999999997876,0.9846666666666667,0.9998095238095238
0.9294999999997875,0.9846666666666667,0.9998095238095238
0.9299999999997874,0.9846666666666667,0.9998095238095238
0.9304999999997874,0.9846666666666667,0.9998095238095238
0.9309999999997873,0.9846666666666667,0.9998095238095238
0.9314999999997873,0.9846666666666667,0.9998095238095238
0.9319999999997872,0.9846666666666667,0.9998095238095238
0.9324999999997872,0.9846666666666667,0.9998095238095238
0.9329999999997871,0.9846666666666667,0.9998095238095238
0.9334999999997871,0.9846666666666667,0.9998095238095238
0.933999999999787,0.9846666666666667,0.9998095238095238
0.934499999999787,0.9846666666666667,0.9998095238095238
0.9349999999997869,0.9846666666666667,0.9998095238095238
0.9354999999997868,0.9846666666666667,0.9998095238095238
0.9359999999997868,0.9846666666666667,0.9998095238095238
0.9364999999997867,0.9846666666666667,0.9998095238095238
0.9369999999997867,0.9846666666666667,0.9998095238095238
0.9374999999997866,0.9846666666666667,0.9998095238095238
0.9379999999997866,0.9846666666666667,0.9998095238095238
0.9384999999997865,0.9846666666666667,0.9998095238095238
0.9389999999997864,0.9846666666666667,0.9998095238095238
0.9394999999997864,0.9846666666666667,0.9998095238095238
0.9399999999997863,0.9846666666666667,0.9998095238095238
0.9404999999997863,0.9846666666666667,0.9998095238095238
0.9409999999997862,0.9846666666666667,0.9998095238095238
0.9414999999997862,0.9846666666666667,0.9998095238095238
0.9419999999997861,0.9846666666666667,0.9998095238095238
0.9424999999997861,0.9846666666666667,0.9998095238095238
0.942999999999786,0.9846666666666667,0.9998095238095238
0.943499999999786,0.9846666666666667,0.9998095238095238
0.9439999999997859,0.9846666666666667,0.9998095238095238
0.9444999999997858,0.9846666666666667,0.9998095238095238
0.9449999999997858,0.9846666666666667,0.9998095238095238
0.9454999999997857,0.9846666666666667,0.9998095238095238
0.9459999999997857,0.9846666666666667,0.9998095238095238
0.9464999999997856,0.9846666666666667,0.9998095238095238
0.9469999999997856,0.9846666666666667,0.9998095238095238
0.9474999999997855,0.9846666666666667,0.9998095238095238
0.9479999999997855,0.9846666666666667,0.9998095238095238
0.9484999999997854,0.9846666666666667,0.9998095238095238
0.9489999999997853,0.9846666666666667,0.9998095238095238
0.9494999999997853,0.9846666666666667,0.9998095238095238
0.9499999999997852,0.9846666666666667,0.9998095238095238
0.9504999999997852,0.9846666666666667,0.9998095238095238
0.9509999999997851,0.9846666666666667,0.9998095238095238
0.9514999999997851,0.9846666666666667,0.9998095238095238
0.951999999999785,0.9846666666666667,0.9998095238095238
0.952499999999785,0.9846666666666667,0.9998095238095238
0.9529999999997849,0.9846666666666667,0.9998095238095238
0.9534999999997849,0.9846666666666667,0.9998095238095238
0.9539999999997848,0.9846666666666667,0.9998095238095238
0.9544999999997847,0.9846666666666667,0.9998095238095238
0.9549999999997847,0.9846666666666667,0.9998095238095238
0.9554999999997846,0.9846666666666667,0.9998095238095238
0.9559999999997846,0.9846666666666667,0.9998095238095238
0.9564999999997845,0.9846666666666667,0.9998095238095238
0.9569999999997845,0.9846666666666667,0.9998095238095238
0.9574999999997844,0.9846666666666667,0.9998095238095238
0.9579999999997844,0.9846666666666667,0.9998095238095238
0.9584999999997843,0.9846666666666667,0.9998095238095238
0.9589999999997842,0.9846666666666667,0.9998095238095238
0.9594999999997842,0.9846666666666667,0.9998095238095238
0.9599999999997841,0.9846666666666667,0.9998095238095238
0.9604999999997841,0.9846666666666667,0.9998095238095238
0.960999999999784,0.9846666666666667,0.9998095238095238
0.961499999999784,0.9846666666666667,0.9998095238095238
0.9619999999997839,0.9846666666666667,0.9998095238095238
0.9624999999997839,0.9846666666666667,0.9998095238095238
0.9629999999997838,0.9846666666666667,0.9998095238095238
0.9634999999997838,0.9846666666666667,0.9998095238095238
0.9639999999997837,0.9846666666666667,0.9998095238095238
0.9644999999997836,0.9846666666666667,0.9998095238095238
0.9649999999997836,0.9846666666666667,0.9998095238095238
0.9654999999997835,0.9846666666666667,0.9998095238095238
0.9659999999997835,0.9846666666666667,0.9998095238095238
0.9664999999997834,0.9846666666666667,0.9998095238095238
0.9669999999997834,0.9846666666666667,0.9998095238095238
0.9674999999997833,0.9846666666666667,0.9998095238095238
0.9679999999997833,0.9846666666666667,0.9998095238095238
0.9684999999997832,0.9846666666666667,0.9998095238095238
0.9689999999997831,0.9846666666666667,0.9998095238095238
0.9694999999997831,0.9846666666666667,0.9998095238095238
0.969999999999783,0.9846666666666667,0.9998095238095238
0.970499999999783,0.9846666666666667,0.9998095238095238
0.9709999999997829,0.9846666666666667,0.9998095238095238
0.9714999999997829,0.9846666666666667,0.9998095238095238
0.9719999999997828,0.9846666666666667,0.9998095238095238
0.9724999999997828,0.9846666666666667,0.9998095238095238
0.9729999999997827,0.9846666666666667,0.9998095238095238
0.9734999999997827,0.9846666666666667,0.9998095238095238
0.9739999999997826,0.9846666666666667,0.9998095238095238
0.9744999999997825,0.9846666666666667,0.9998095238095238
0.9749999999997825,0.9846666666666667,0.9998095238095238
0.9754999999997824,0.9846666666666667,0.9998095238095238
0.9759999999997824,0.9846666666666667,0.9998095238095238
0.9764999999997823,0.9846666666666667,0.9998095238095238
0.9769999999997823,0.9846666666666667,0.9998095238095238
0.9774999999997822,0.9846666666666667,0.9998095238095238
0.9779999999997822,0.9846666666666667,0.9998095238095238
0.9784999999997821,0.9846666666666667,0.9998095238095238
0.978999999999782,0.9846666666666667,0.9998095238095238
0.979499999999782,0.9846666666666667,0.9998095238095238
0.9799999999997819,0.9846666666666667,0.9998095238095238
0.9804999999997819,0.9846666666666667,0.9998095238095238
0.9809999999997818,0.9846666666666667,0.9998095238095238
0.9814999999997818,0.9846666666666667,0.9998095238095238
0.9819999999997817,0.9846666666666667,0.9998095238095238
0.9824999999997817,0.9846666666666667,0.9998095238095238
0.9829999999997816,0.9846666666666667,0.9998095238095238
0.9834999999997815,0.9846666666666667,0.9998095238095238
0.9839999999997815,0.9846666666666667,0.9998095238095238
0.9844999999997814,0.9846666666666667,0.9998095238095238
0.9849999999997814,0.9846666666666667,0.9998095238095238
0.9854999999997813,0.9846666666666667,0.9998095238095238
0.9859999999997813,0.9846666666666667,0.9998095238095238
0.9864999999997812,0.9846666666666667,0.9998095238095238
0.9869999999997812,0.9846666666666667,0.9998095238095238
0.9874999999997811,0.9846666666666667,0.9998095238095238
0.987999999999781,0.9846666666666667,0.9998095238095238
0.988499999999781,0.9846666666666667,0.9998095238095238
0.9889999999997809,0.9846666666666667,0.9998095238095238
0.9894999999997809,0.9846666666666667,0.9998095238095238
0.9899999999997808,0.9846666666666667,0.9998095238095238
0.9904999999997808,0.9846666666666667,0.9998095238095238
0.9909999999997807,0.9846666666666667,0.9998095238095238
0.9914999999997807,0.9846666666666667,0.9998095238095238
0.9919999999997806,0.9846666666666667,0.9998095238095238
0.9924999999997806,0.9846666666666667,0.9998095238095238
0.9929999999997805,0.9846666666666667,0.9998095238095238
0.9934999999997804,0.9846666666666667,0.9998095238095238
0.9939999999997804,0.9846666666666667,0.9998095238095238
0.9944999999997803,0.9846666666666667,0.9998095238095238
0.9949999999997803,0.9846666666666667,0.9998095238095238
0.9954999999997802,0.9846666666666667,0.9998095238095238
0.9959999999997802,0.9846666666666667,0.9998095238095238
0.9964999999997801,0.9846666666666667,0.9998095238095238
0.9969999999997801,0.9846666666666667,0.9998095238095238
0.99749999999978,0.9846666666666667,0.9998095238095238
0.99799999999978,0.9846666666666667,0.9998095238095238
0.9984999999997799,0.9846666666666667,0.9998095238095238
0.9989999999997798,0.9846666666666667,0.9998095238095238
0.9994999999997798,0.9846666666666667,0.9998095238095238
0.9999999999997797,0.9846666666666667,0.9998095238095238
1.0004999999997795,0.9846666666666667,0.9998095238095238
1.0009999999997796,0.9846666666666667,0.9998095238095238
1.0014999999997798,0.9846666666666667,0.9998095238095238
1.0019999999997795,0.9846666666666667,0.9998095238095238
1.0024999999997792,0.9846666666666667,0.9998095238095238
1.0029999999997794,0.9846666666666667,0.9998095238095238
1.0034999999997796,0.9846666666666667,0.9998095238095238
1.0039999999997793,0.9846666666666667,0.9998095238095238
1.004499999999779,0.9846666666666667,0.9998095238095238
1.0049999999997792,0.9846666666666667,0.9998095238095238
1.0054999999997793,0.9846666666666667,0.9998095238095238
1.005999999999779,0.9846666666666667,0.9998095238095238
1.0064999999997788,0.9846666666666667,0.9998095238095238
1.006999999999779,0.9846666666666667,0.9998095238095238
1.0074999999997791,0.9846666666666667,0.9998095238095238
1.0079999999997789,0.9846666666666667,0.9998095238095238
1.0084999999997786,0.9846666666666667,0.9998095238095238
1.0089999999997787,0.9846666666666667,0.9998095238095238
1.009499999999779,0.9846666666666667,0.9998095238095238
1.0099999999997786,0.9846666666666667,0.9998095238095238
1.0104999999997784,0.9846666666666667,0.9998095238095238
1.0109999999997785,0.9846666666666667,0.9998095238095238
1.0114999999997787,0.9846666666666667,0.9998095238095238
1.0119999999997784,0.9846666666666667,0.9998095238095238
1.0124999999997781,0.9846666666666667,0.9998095238095238
1.0129999999997783,0.9846666666666667,0.9998095238095238
1.0134999999997785,0.9846666666666667,0.9998095238095238
1.0139999999997782,0.9846666666666667,0.9998095238095238
1.014499999999778,0.9846666666666667,0.9998095238095238
1.014999999999778,0.9846666666666667,0.9998095238095238
1.0154999999997782,0.9846666666666667,0.9998095238095238
1.015999999999778,0.9846666666666667,0.9998095238095238
1.0164999999997777,0.9846666666666667,0.9998095238095238
1.0169999999997779,0.9846666666666667,0.9998095238095238
1.017499999999778,0.9846666666666667,0.9998095238095238
1.0179999999997777,0.9846666666666667,0.9998095238095238
1.0184999999997775,0.9846666666666667,0.9998095238095238
1.0189999999997776,0.9846666666666667,0.9998095238095238
1.0194999999997778,0.9846666666666667,0.9998095238095238
1.0199999999997775,0.9846666666666667,0.9998095238095238
1.0204999999997773,0.9846666666666667,0.9998095238095238
1.0209999999997774,0.9846666666666667,0.9998095238095238
1.0214999999997776,0.9846666666666667,0.9998095238095238
1.0219999999997773,0.9846666666666667,0.9998095238095238
1.022499999999777,0.9846666666666667,0.9998095238095238
1.0229999999997772,0.9846666666666667,0.9998095238095238
1.0234999999997774,0.9846666666666667,0.9998095238095238
1.023999999999777,0.9846666666666667,0.9998095238095238
1.0244999999997768,0.9846666666666667,0.9998095238095238
1.024999999999777,0.9846666666666667,0.9998095238095238
1.0254999999997771,0.9846666666666667,0.9998095238095238
1.0259999999997769,0.9846666666666667,0.9998095238095238
1.0264999999997766,0.9846666666666667,0.9998095238095238
1.0269999999997768,0.9846666666666667,0.9998095238095238
1.027499999999777,0.9846666666666667,0.9998095238095238
1.0279999999997766,0.9846666666666667,0.9998095238095238
1.0284999999997764,0.9846666666666667,0.9998095238095238
1.0289999999997765,0.9846666666666667,0.9998095238095238
1.0294999999997767,0.9846666666666667,0.9998095238095238
1.0299999999997764,0.9846666666666667,0.9998095238095238
1.0304999999997762,0.9846666666666667,0.9998095238095238
1.0309999999997763,0.9846666666666667,0.9998095238095238
1.0314999999997765,0.9846666666666667,0.9998095238095238
1.0319999999997762,0.9846666666666667,0.9998095238095238
1.032499999999776,0.9846666666666667,0.9998095238095238
1.032999999999776,0.9846666666666667,0.9998095238095238
1.0334999999997763,0.9846666666666667,0.9998095238095238
1.033999999999776,0.9846666666666667,0.9998095238095238
1.0344999999997757,0.9846666666666667,0.9998095238095238
1.0349999999997759,0.9846666666666667,0.9998095238095238
1.035499999999776,0.9846666666666667,0.9998095238095238
1.0359999999997758,0.9846666666666667,0.9998095238095238
1.0364999999997755,0.9846666666666667,0.9998095238095238
1.0369999999997757,0.9846666666666667,0.9998095238095238
1.0374999999997758,0.9846666666666667,0.9998095238095238
1.0379999999997755,0.9846666666666667,0.9998095238095238
1.0384999999997753,0.9846666666666667,0.9998095238095238
1.0389999999997754,0.9846666666666667,0.9998095238095238
1.0394999999997756,0.9846666666666667,0.9998095238095238
1.0399999999997753,0.9846666666666667,0.9998095238095238
1.040499999999775,0.9846666666666667,0.9998095238095238
1.0409999999997752,0.9846666666666667,0.9998095238095238
1.0414999999997754,0.9846666666666667,0.9998095238095238
1.041999999999775,0.9846666666666667,0.9998095238095238
1.0424999999997748,0.9846666666666667,0.9998095238095238
1.042999999999775,0.9846666666666667,0.9998095238095238
1.0434999999997752,0.9846666666666667,0.9998095238095238
1.0439999999997749,0.9846666666666667,0.9998095238095238
1.0444999999997746,0.9846666666666667,0.9998095238095238
1.0449999999997748,0.9846666666666667,0.9998095238095238
1.045499999999775,0.9846666666666667,0.9998095238095238
1.0459999999997747,0.9846666666666667,0.9998095238095238
1.0464999999997744,0.9846666666666667,0.9998095238095238
1.0469999999997746,0.9846666666666667,0.9998095238095238
1.0474999999997747,0.9846666666666667,0.9998095238095238
1.0479999999997744,0.9846666666666667,0.9998095238095238
1.0484999999997742,0.9846666666666667,0.9998095238095238
1.0489999999997743,0.9846666666666667,0.9998095238095238
1.0494999999997745,0.9846666666666667,0.9998095238095238
1.0499999999997742,0.9846666666666667,0.9998095238095238
1.050499999999774,0.9846666666666667,0.9998095238095238
1.0509999999997741,0.9846666666666667,0.9998095238095238
1.0514999999997743,0.9846666666666667,0.9998095238095238
1.051999999999774,0.9846666666666667,0.9998095238095238
1.0524999999997737,0.9846666666666667,0.9998095238095238
1.052999999999774,0.9846666666666667,0.9998095238095238
1.053499999999774,0.9846666666666667,0.9998095238095238
1.0539999999997738,0.9846666666666667,0.9998095238095238
1.0544999999997735,0.9846666666666667,0.9998095238095238
1.0549999999997737,0.9846666666666667,0.9998095238095238
1.0554999999997738,0.9846666666666667,0.9998095238095238
1.0559999999997736,0.9846666666666667,0.9998095238095238
1.0564999999997733,0.9846666666666667,0.9998095238095238
1.0569999999997735,0.9846666666666667,0.9998095238095238
1.0574999999997736,0.9846666666666667,0.9998095238095238
1.0579999999997733,0.9846666666666667,0.9998095238095238
1.058499999999773,0.9846666666666667,0.9998095238095238
1.0589999999997732,0.9846666666666667,0.9998095238095238
1.0594999999997734,0.9846666666666667,0.9998095238095238
1.0599999999997731,0.9846666666666667,0.9998095238095238
1.0604999999997728,0.9846666666666667,0.9998095238095238
1.060999999999773,0.9846666666666667,0.9998095238095238
1.0614999999997732,0.9846666666666667,0.9998095238095238
1.061999999999773,0.9846666666666667,0.9998095238095238
1.0624999999997726,0.9846666666666667,0.9998095238095238
1.0629999999997728,0.9846666666666667,0.9998095238095238
1.063499999999773,0.9846666666666667,0.9998095238095238
1.0639999999997727,0.9846666666666667,0.9998095238095238
1.0644999999997724,0.9846666666666667,0.9998095238095238
1.0649999999997726,0.9846666666666667,0.9998095238095238
1.0654999999997727,0.9846666666666667,0.9998095238095238
1.0659999999997725,0.9846666666666667,0.9998095238095238
1.0664999999997722,0.9846666666666667,0.9998095238095238
1.0669999999997724,0.9846666666666667,0.9998095238095238
1.0674999999997725,0.9846666666666667,0.9998095238095238
1.0679999999997722,0.9846666666666667,0.9998095238095238
1.068499999999772,0.9846666666666667,0.9998095238095238
1.0689999999997721,0.9846666666666667,0.9998095238095238
1.0694999999997723,0.9846666666666667,0.9998095238095238
1.069999999999772,0.9846666666666667,0.9998095238095238
1.0704999999997717,0.9846666666666667,0.9998095238095238
1.070999999999772,0.9846666666666667,0.9998095238095238
1.071499999999772,0.9846666666666667,0.9998095238095238
1.0719999999997718,0.9846666666666667,0.9998095238095238
1.0724999999997715,0.9846666666666667,0.9998095238095238
1.0729999999997717,0.9846666666666667,0.9998095238095238
1.0734999999997719,0.9846666666666667,0.9998095238095238
1.0739999999997716,0.9846666666666667,0.9998095238095238
1.0744999999997713,0.9846666666666667,0.9998095238095238
1.0749999999997715,0.9846666666666667,0.9998095238095238
1.0754999999997716,0.9846666666666667,0.9998095238095238
1.0759999999997714,0.9846666666666667,0.9998095238095238
1.076499999999771,0.9846666666666667,0.9998095238095238
1.0769999999997713,0.9846666666666667,0.9998095238095238
1.0774999999997714,0.9846666666666667,0.9998095238095238
1.0779999999997711,0.9846666666666667,0.9998095238095238
1.0784999999997709,0.9846666666666667,0.9998095238095238
1.078999999999771,0.9846666666666667,0.9998095238095238
1.0794999999997712,0.9846666666666667,0.9998095238095238
1.079999999999771,0.9846666666666667,0.9998095238095238
1.0804999999997706,0.9846666666666667,0.9998095238095238
1.0809999999997708,0.9846666666666667,0.9998095238095238
1.081499999999771,0.9846666666666667,0.9998095238095238
1.0819999999997707,0.9846666666666667,0.9998095238095238
1.0824999999997704,0.9846666666666667,0.9998095238095238
1.0829999999997706,0.9846666666666667,0.9998095238095238
1.0834999999997708,0.9846666666666667,0.9998095238095238
1.0839999999997705,0.9846666666666667,0.9998095238095238
1.0844999999997702,0.9846666666666667,0.9998095238095238
1.0849999999997704,0.9846666666666667,0.9998095238095238
1.0854999999997705,0.9846666666666667,0.9998095238095238
1.0859999999997703,0.9846666666666667,0.9998095238095238
1.08649999999977,0.9846666666666667,0.9998095238095238
1.0869999999997702,0.9846666666666667,0.9998095238095238
1.0874999999997703,0.9846666666666667,0.9998095238095238
1.08799999999977,0.9846666666666667,0.9998095238095238
1.0884999999997698,0.9846666666666667,0.9998095238095238
1.08899999999977,0.9846666666666667,0.9998095238095238
1.08949999999977,0.9846666666666667,0.9998095238095238
1.0899999999997698,0.9846666666666667,0.9998095238095238
1.0904999999997695,0.9846666666666667,0.9998095238095238
1.0909999999997697,0.9846666666666667,0.9998095238095238
1.0914999999997699,0.9846666666666667,0.9998095238095238
1.0919999999997696,0.9846666666666667,0.9998095238095238
1.0924999999997693,0.9846666666666667,0.9998095238095238
1.0929999999997695,0.9846666666666667,0.9998095238095238
1.0934999999997697,0.9846666666666667,0.9998095238095238
1.0939999999997694,0.9846666666666667,0.9998095238095238
1.094499999999769,0.9846666666666667,0.9998095238095238
1.0949999999997693,0.9846666666666667,0.9998095238095238
1.0954999999997694,0.9846666666666667,0.9998095238095238
1.0959999999997692,0.9846666666666667,0.9998095238095238
1.0964999999997689,0.9846666666666667,0.9998095238095238
1.096999999999769,0.9846666666666667,0.9998095238095238
1.0974999999997692,0.9846666666666667,0.9998095238095238
1.097999999999769,0.9846666666666667,0.9998095238095238
1.0984999999997687,0.9846666666666667,0.9998095238095238
1.0989999999997688,0.9846666666666667,0.9998095238095238
1.099499999999769,0.9846666666666667,0.9998095238095238
1.0999999999997687,0.9846666666666667,0.9998095238095238
1.1004999999997684,0.9846666666666667,0.9998095238095238
1.1009999999997686,0.9846666666666667,0.9998095238095238
1.1014999999997688,0.9846666666666667,0.9998095238095238
1.1019999999997685,0.9846666666666667,0.9998095238095238
1.1024999999997682,0.9846666666666667,0.9998095238095238
1.1029999999997684,0.9846666666666667,0.9998095238095238
1.1034999999997686,0.9846666666666667,0.9998095238095238
1.1039999999997683,0.9846666666666667,0.9998095238095238
1.104499999999768,0.9846666666666667,0.9998095238095238
1.1049999999997682,0.9846666666666667,0.9998095238095238
1.1054999999997683,0.9846666666666667,0.9998095238095238
1.105999999999768,0.9846666666666667,0.9998095238095238
1.1064999999997678,0.9846666666666667,0.9998095238095238
1.106999999999768,0.9846666666666667,0.9998095238095238
1.1074999999997681,0.9846666666666667,0.9998095238095238
1.1079999999997678,0.9846666666666667,0.9998095238095238
1.1084999999997676,0.9846666666666667,0.9998095238095238
1.1089999999997677,0.9846666666666667,0.9998095238095238
1.109499999999768,0.9846666666666667,0.9998095238095238
1.1099999999997676,0.9846666666666667,0.9998095238095238
1.1104999999997673,0.9846666666666667,0.9998095238095238
1.1109999999997675,0.9846666666666667,0.9998095238095238
1.1114999999997677,0.9846666666666667,0.9998095238095238
1.1119999999997674,0.9846666666666667,0.9998095238095238
1.1124999999997671,0.9846666666666667,0.9998095238095238
1.1129999999997673,0.9846666666666667,0.9998095238095238
1.1134999999997675,0.9846666666666667,0.9998095238095238
1.1139999999997672,0.9846666666666667,0.9998095238095238
1.114499999999767,0.9846666666666667,0.9998095238095238
1.114999999999767,0.9846666666666667,0.9998095238095238
1.1154999999997672,0.9846666666666667,0.9998095238095238
1.115999999999767,0.9846666666666667,0.9998095238095238
1.1164999999997667,0.9846666666666667,0.9998095238095238
1.1169999999997668,0.9846666666666667,0.9998095238095238
1.117499999999767,0.9846666666666667,0.9998095238095238
1.1179999999997667,0.9846666666666667,0.9998095238095238
1.1184999999997665,0.9846666666666667,0.9998095238095238
1.1189999999997666,0.9846666666666667,0.9998095238095238
1.1194999999997668,0.9846666666666667,0.9998095238095238
1.1199999999997665,0.9846666666666667,0.9998095238095238
1.1204999999997662,0.9846666666666667,0.9998095238095238
1.1209999999997664,0.9846666666666667,0.9998095238095238
1.1214999999997666,0.9846666666666667,0.9998095238095238
1.1219999999997663,0.9846666666666667,0.9998095238095238
1.122499999999766,0.9846666666666667,0.9998095238095238
1.1229999999997662,0.9846666666666667,0.9998095238095238
1.1234999999997664,0.9846666666666667,0.9998095238095238
1.123999999999766,0.9846666666666667,0.9998095238095238
1.1244999999997658,0.9846666666666667,0.9998095238095238
1.124999999999766,0.9846666666666667,0.9998095238095238
1.1254999999997661,0.9846666666666667,0.9998095238095238
1.1259999999997659,0.9846666666666667,0.9998095238095238
1.1264999999997656,0.9846666666666667,0.9998095238095238
1.1269999999997657,0.9846666666666667,0.9998095238095238
1.127499999999766,0.9846666666666667,0.9998095238095238
1.1279999999997656,0.9846666666666667,0.9998095238095238
1.1284999999997654,0.9846666666666667,0.9998095238095238
1.1289999999997655,0.9846666666666667,0.9998095238095238
1.1294999999997657,0.9846666666666667,0.9998095238095238
1.1299999999997654,0.9846666666666667,0.9998095238095238
1.1304999999997651,0.9846666666666667,0.9998095238095238
1.1309999999997653,0.9846666666666667,0.9998095238095238
1.1314999999997655,0.9846666666666667,0.9998095238095238
1.1319999999997652,0.9846666666666667,0.9998095238095238
1.132499999999765,0.9846666666666667,0.9998095238095238
1.132999999999765,0.9846666666666667,0.9998095238095238
1.1334999999997653,0.9846666666666667,0.9998095238095238
1.133999999999765,0.9846666666666667,0.9998095238095238
1.1344999999997647,0.9846666666666667,0.9998095238095238
1.1349999999997649,0.9846666666666667,0.9998095238095238
1.135499999999765,0.9846666666666667,0.9998095238095238
1.1359999999997648,0.9846666666666667,0.9998095238095238
1.1364999999997645,0.9846666666666667,0.9998095238095238
1.1369999999997646,0.9846666666666667,0.9998095238095238
1.1374999999997648,0.9846666666666667,0.9998095238095238
1.1379999999997645,0.9846666666666667,0.9998095238095238
1.1384999999997643,0.9846666666666667,0.9998095238095238
1.1389999999997644,0.9846666666666667,0.9998095238095238
1.1394999999997646,0.9846666666666667,0.9998095238095238
1.1399999999997643,0.9846666666666667,0.9998095238095238
1.140499999999764,0.9846666666666667,0.9998095238095238
1.1409999999997642,0.9846666666666667,0.9998095238095238
1.1414999999997644,0.9846666666666667,0.9998095238095238
1.141999999999764,0.9846666666666667,0.9998095238095238
1.1424999999997638,0.9846666666666667,0.9998095238095238
1.142999999999764,0.9846666666666667,0.9998095238095238
1.1434999999997641,0.9846666666666667,0.9998095238095238
1.1439999999997639,0.9846666666666667,0.9998095238095238
1.1444999999997636,0.9846666666666667,0.9998095238095238
1.1449999999997638,0.9846666666666667,0.9998095238095238
1.145499999999764,0.9846666666666667,0.9998095238095238
1.1459999999997637,0.9846666666666667,0.9998095238095238
1.1464999999997634,0.9846666666666667,0.9998095238095238
1.1469999999997635,0.9846666666666667,0.9998095238095238
1.1474999999997637,0.9846666666666667,0.9998095238095238
1.1479999999997634,0.9846666666666667,0.9998095238095238
1.1484999999997632,0.9846666666666667,0.9998095238095238
1.1489999999997633,0.9846666666666667,0.9998095238095238
1.1494999999997635,0.9846666666666667,0.9998095238095238
1.1499999999997632,0.9846666666666667,0.9998095238095238
1.150499999999763,0.9846666666666667,0.9998095238095238
1.150999999999763,0.9846666666666667,0.9998095238095238
1.1514999999997633,0.9846666666666667,0.9998095238095238
1.151999999999763,0.9846666666666667,0.9998095238095238
1.1524999999997627,0.9846666666666667,0.9998095238095238
1.1529999999997629,0.9846666666666667,0.9998095238095238
1.153499999999763,0.9846666666666667,0.9998095238095238
1.1539999999997628,0.9846666666666667,0.9998095238095238
1.1544999999997625,0.9846666666666667,0.9998095238095238
1.1549999999997627,0.9846666666666667,0.9998095238095238
1.1554999999997628,0.9846666666666667,0.9998095238095238
1.1559999999997626,0.9846666666666667,0.9998095238095238
1.1564999999997623,0.9846666666666667,0.9998095238095238
1.1569999999997624,0.9846666666666667,0.9998095238095238
1.1574999999997626,0.9846666666666667,0.9998095238095238
1.1579999999997623,0.9846666666666667,0.9998095238095238
1.158499999999762,0.9846666666666667,0.9998095238095238
1.1589999999997622,0.9846666666666667,0.9998095238095238
1.1594999999997624,0.9846666666666667,0.9998095238095238
1.159999999999762,0.9846666666666667,0.9998095238095238
1.1604999999997618,0.9846666666666667,0.9998095238095238
1.160999999999762,0.9846666666666667,0.9998095238095238
1.1614999999997622,0.9846666666666667,0.9998095238095238
1.161999999999762,0.9846666666666667,0.9998095238095238
1.1624999999997616,0.9846666666666667,0.9998095238095238
1.1629999999997618,0.9846666666666667,0.9998095238095238
1.163499999999762,0.9846666666666667,0.9998095238095238
1.1639999999997617,0.9846666666666667,0.9998095238095238
1.1644999999997614,0.9846666666666667,0.9998095238095238
1.1649999999997616,0.9846666666666667,0.9998095238095238
1.1654999999997617,0.9846666666666667,0.9998095238095238
1.1659999999997614,0.9846666666666667,0.9998095238095238
1.1664999999997612,0.9846666666666667,0.9998095238095238
1.1669999999997613,0.9846666666666667,0.9998095238095238
1.1674999999997615,0.9846666666666667,0.9998095238095238
1.1679999999997612,0.9846666666666667,0.9998095238095238
1.168499999999761,0.9846666666666667,0.9998095238095238
1.1689999999997611,0.9846666666666667,0.9998095238095238
1.1694999999997613,0.9846666666666667,0.9998095238095238
1.169999999999761,0.9846666666666667,0.9998095238095238
1.1704999999997607,0.9846666666666667,0.9998095238095238
1.170999999999761,0.9846666666666667,0.9998095238095238
1.171499999999761,0.9846666666666667,0.9998095238095238
1.1719999999997608,0.9846666666666667,0.9998095238095238
1.1724999999997605,0.9846666666666667,0.9998095238095238
1.1729999999997607,0.9846666666666667,0.9998095238095238
1.1734999999997608,0.9846666666666667,0.9998095238095238
1.1739999999997606,0.9846666666666667,0.9998095238095238
1.1744999999997603,0.9846666666666667,0.9998095238095238
1.1749999999997605,0.9846666666666667,0.9998095238095238
1.1754999999997606,0.9846666666666667,0.9998095238095238
1.1759999999997603,0.9846666666666667,0.9998095238095238
1.17649999999976,0.9846666666666667,0.9998095238095238
1.1769999999997602,0.9846666666666667,0.9998095238095238
1.1774999999997604,0.9846666666666667,0.9998095238095238
1.1779999999997601,0.9846666666666667,0.9998095238095238
1.1784999999997599,0.9846666666666667,0.9998095238095238
1.17899999999976,0.9846666666666667,0.9998095238095238
1.1794999999997602,0.9846666666666667,0.9998095238095238
1.17999999999976,0.9846666666666667,0.9998095238095238
1.1804999999997596,0.9846666666666667,0.9998095238095238
1.1809999999997598,0.9846666666666667,0.9998095238095238
1.18149999999976,0.9846666666666667,0.9998095238095238
1.1819999999997597,0.9846666666666667,0.9998095238095238
1.1824999999997594,0.9846666666666667,0.9998095238095238
1.1829999999997596,0.9846666666666667,0.9998095238095238
1.1834999999997597,0.9846666666666667,0.9998095238095238
1.1839999999997595,0.9846666666666667,0.9998095238095238
1.1844999999997592,0.9846666666666667,0.9998095238095238
1.1849999999997594,0.9846666666666667,0.9998095238095238
1.1854999999997595,0.9846666666666667,0.9998095238095238
1.1859999999997592,0.9846666666666667,0.9998095238095238
1.186499999999759,0.9846666666666667,0.9998095238095238
1.1869999999997591,0.9846666666666667,0.9998095238095238
1.1874999999997593,0.9846666666666667,0.9998095238095238
1.187999999999759,0.9846666666666667,0.9998095238095238
1.1884999999997587,0.9846666666666667,0.9998095238095238
1.188999999999759,0.9846666666666667,0.9998095238095238
1.189499999999759,0.9846666666666667,0.9998095238095238
1.1899999999997588,0.9846666666666667,0.9998095238095238
1.1904999999997585,0.9846666666666667,0.9998095238095238
1.1909999999997587,0.9846666666666667,0.9998095238095238
1.1914999999997589,0.9846666666666667,0.9998095238095238
1.1919999999997586,0.9846666666666667,0.9998095238095238
1.1924999999997583,0.9846666666666667,0.9998095238095238
1.1929999999997585,0.9846666666666667,0.9998095238095238
1.1934999999997586,0.9846666666666667,0.9998095238095238
1.1939999999997584,0.9846666666666667,0.9998095238095238
1.194499999999758,0.9846666666666667,0.9998095238095238
1.1949999999997583,0.9846666666666667,0.9998095238095238
1.1954999999997584,0.9846666666666667,0.9998095238095238
1.1959999999997581,0.9846666666666667,0.9998095238095238
1.1964999999997579,0.9846666666666667,0.9998095238095238
1.196999999999758,0.9846666666666667,0.9998095238095238
1.1974999999997582,0.9846666666666667,0.9998095238095238
1.197999999999758,0.9846666666666667,0.9998095238095238
1.1984999999997576,0.9846666666666667,0.9998095238095238
1.1989999999997578,0.9846666666666667,0.9998095238095238
1.199499999999758,0.9846666666666667,0.9998095238095238
1.1999999999997577,0.9846666666666667,0.9998095238095238
1.2004999999997574,0.9846666666666667,0.9998095238095238
1.2009999999997576,0.9846666666666667,0.9998095238095238
1.2014999999997578,0.9846666666666667,0.9998095238095238
1.2019999999997575,0.9846666666666667,0.9998095238095238
1.2024999999997572,0.9846666666666667,0.9998095238095238
1.2029999999997574,0.9846666666666667,0.9998095238095238
1.2034999999997575,0.9846666666666667,0.9998095238095238
1.2039999999997573,0.9846666666666667,0.9998095238095238
1.204499999999757,0.9846666666666667,0.9998095238095238
1.2049999999997572,0.9846666666666667,0.9998095238095238
1.2054999999997573,0.9846666666666667,0.9998095238095238
1.205999999999757,0.9846666666666667,0.9998095238095238
1.2064999999997568,0.9846666666666667,0.9998095238095238
1.206999999999757,0.9846666666666667,0.9998095238095238
1.207499999999757,0.9846666666666667,0.9998095238095238
1.2079999999997568,0.9846666666666667,0.9998095238095238
1.2084999999997565,0.9846666666666667,0.9998095238095238
1.2089999999997567,0.9846666666666667,0.9998095238095238
1.2094999999997569,0.9846666666666667,0.9998095238095238
1.2099999999997566,0.9846666666666667,0.9998095238095238
1.2104999999997563,0.9846666666666667,0.9998095238095238
1.2109999999997565,0.9846666666666667,0.9998095238095238
1.2114999999997567,0.9846666666666667,0.9998095238095238
1.2119999999997564,0.9846666666666667,0.9998095238095238
1.212499999999756,0.9846666666666667,0.9998095238095238
1.2129999999997563,0.9846666666666667,0.9998095238095238
1.2134999999997564,0.9846666666666667,0.9998095238095238
1.2139999999997562,0.9846666666666667,0.9998095238095238
1.2144999999997559,0.9846666666666667,0.9998095238095238
1.214999999999756,0.9846666666666667,0.9998095238095238
1.2154999999997562,0.9846666666666667,0.9998095238095238
1.215999999999756,0.9846666666666667,0.9998095238095238
1.2164999999997557,0.9846666666666667,0.9998095238095238
1.2169999999997558,0.9846666666666667,0.9998095238095238
1.217499999999756,0.9846666666666667,0.9998095238095238
1.2179999999997557,0.9846666666666667,0.9998095238095238
1.2184999999997554,0.9846666666666667,0.9998095238095238
1.2189999999997556,0.9846666666666667,0.9998095238095238
1.2194999999997558,0.9846666666666667,0.9998095238095238
1.2199999999997555,0.9846666666666667,0.9998095238095238
1.2204999999997552,0.9846666666666667,0.9998095238095238
1.2209999999997554,0.9846666666666667,0.9998095238095238
1.2214999999997556,0.9846666666666667,0.9998095238095238
1.2219999999997553,0.9846666666666667,0.9998095238095238
1.222499999999755,0.9846666666666667,0.9998095238095238
1.2229999999997552,0.9846666666666667,0.9998095238095238
1.2234999999997553,0.9846666666666667,0.9998095238095238
1.223999999999755,0.9846666666666667,0.9998095238095238
1.2244999999997548,0.9846666666666667,0.9998095238095238
1.224999999999755,0.9846666666666667,0.9998095238095238
1.2254999999997551,0.9846666666666667,0.9998095238095238
1.2259999999997548,0.9846666666666667,0.9998095238095238
1.2264999999997546,0.9846666666666667,0.9998095238095238
1.2269999999997547,0.9846666666666667,0.9998095238095238
1.227499999999755,0.9846666666666667,0.9998095238095238
1.2279999999997546,0.9846666666666667,0.9998095238095238
1.2284999999997543,0.9846666666666667,0.9998095238095238
1.2289999999997545,0.9846666666666667,0.9998095238095238
1.2294999999997547,0.9846666666666667,0.9998095238095238
1.2299999999997544,0.9846666666666667,0.9998095238095238
1.2304999999997541,0.9846666666666667,0.9998095238095238
1.2309999999997543,0.9846666666666667,0.9998095238095238
1.2314999999997545,0.9846666666666667,0.9998095238095238
1.2319999999997542,0.9846666666666667,0.9998095238095238
1.232499999999754,0.9846666666666667,0.9998095238095238
1.232999999999754,0.9846666666666667,0.9998095238095238
1.2334999999997542,0.9846666666666667,0.9998095238095238
1.233999999999754,0.9846666666666667,0.9998095238095238
1.2344999999997537,0.9846666666666667,0.9998095238095238
1.2349999999997539,0.9846666666666667,0.9998095238095238
1.235499999999754,0.9846666666666667,0.9998095238095238
1.2359999999997537,0.9846666666666667,0.9998095238095238
1.2364999999997535,0.9846666666666667,0.9998095238095238
1.2369999999997536,0.9846666666666667,0.9998095238095238
1.2374999999997538,0.9846666666666667,0.9998095238095238
1.2379999999997535,0.9846666666666667,0.9998095238095238
1.2384999999997532,0.9846666666666667,0.9998095238095238
1.2389999999997534,0.9846666666666667,0.9998095238095238
1.2394999999997536,0.9846666666666667,0.9998095238095238
1.2399999999997533,0.9846666666666667,0.9998095238095238
1.240499999999753,0.9846666666666667,0.9998095238095238
1.2409999999997532,0.9846666666666667,0.9998095238095238
1.2414999999997534,0.9846666666666667,0.9998095238095238
1.241999999999753,0.9846666666666667,0.9998095238095238
1.2424999999997528,0.9846666666666667,0.9998095238095238
1.242999999999753,0.9846666666666667,0.9998095238095238
1.2434999999997531,0.9846666666666667,0.9998095238095238
1.2439999999997529,0.9846666666666667,0.9998095238095238
1.2444999999997526,0.9846666666666667,0.9998095238095238
1.2449999999997527,0.9846666666666667,0.9998095238095238
1.245499999999753,0.9846666666666667,0.9998095238095238
1.2459999999997526,0.9846666666666667,0.9998095238095238
1.2464999999997524,0.9846666666666667,0.9998095238095238
1.2469999999997525,0.9846666666666667,0.9998095238095238
1.2474999999997527,0.9846666666666667,0.9998095238095238
1.2479999999997524,0.9846666666666667,0.9998095238095238
1.2484999999997521,0.9846666666666667,0.9998095238095238
1.2489999999997523,0.9846666666666667,0.9998095238095238
1.2494999999997525,0.9846666666666667,0.9998095238095238
1.2499999999997522,0.9846666666666667,0.9998095238095238
1.250499999999752,0.9846666666666667,0.9998095238095238
1.250999999999752,0.9846666666666667,0.9998095238095238
1.2514999999997523,0.9846666666666667,0.9998095238095238
1.251999999999752,0.9846666666666667,0.9998095238095238
1.2524999999997517,0.9846666666666667,0.9998095238095238
1.2529999999997519,0.9846666666666667,0.9998095238095238
1.253499999999752,0.9846666666666667,0.9998095238095238
1.2539999999997518,0.9846666666666667,0.9998095238095238
1.2544999999997515,0.9846666666666667,0.9998095238095238
1.2549999999997516,0.9846666666666667,0.9998095238095238
1.2554999999997518,0.9846666666666667,0.9998095238095238
1.2559999999997515,0.9846666666666667,0.9998095238095238
1.2564999999997513,0.9846666666666667,0.9998095238095238
1.2569999999997514,0.9846666666666667,0.9998095238095238
1.2574999999997516,0.9846666666666667,0.9998095238095238
1.2579999999997513,0.9846666666666667,0.9998095238095238
1.258499999999751,0.9846666666666667,0.9998095238095238
1.2589999999997512,0.9846666666666667,0.9998095238095238
1.2594999999997514,0.9846666666666667,0.9998095238095238
1.259999999999751,0.9846666666666667,0.9998095238095238
1.2604999999997508,0.9846666666666667,0.9998095238095238
1.260999999999751,0.9846666666666667,0.9998095238095238
1.2614999999997512,0.9846666666666667,0.9998095238095238
1.2619999999997509,0.9846666666666667,0.9998095238095238
1.2624999999997506,0.9846666666666667,0.9998095238095238
1.2629999999997508,0.9846666666666667,0.9998095238095238
1.263499999999751,0.9846666666666667,0.9998095238095238
1.2639999999997507,0.9846666666666667,0.9998095238095238
1.2644999999997504,0.9846666666666667,0.9998095238095238
1.2649999999997505,0.9846666666666667,0.9998095238095238
1.2654999999997507,0.9846666666666667,0.9998095238095238
1.2659999999997504,0.9846666666666667,0.9998095238095238
1.2664999999997502,0.9846666666666667,0.9998095238095238
1.2669999999997503,0.9846666666666667,0.9998095238095238
1.2674999999997505,0.9846666666666667,0.9998095238095238
1.2679999999997502,0.9846666666666667,0.9998095238095238
1.26849999999975,0.9846666666666667,0.9998095238095238
1.26899999999975,0.9846666666666667,0.9998095238095238
1.2694999999997503,0.9846666666666667,0.9998095238095238
1.26999999999975,0.9846666666666667,0.9998095238095238
1.2704999999997497,0.9846666666666667,0.9998095238095238
1.2709999999997499,0.9846666666666667,0.9998095238095238
1.27149999999975,0.9846666666666667,0.9998095238095238
1.2719999999997498,0.9846666666666667,0.9998095238095238
1.2724999999997495,0.9846666666666667,0.9998095238095238
1.2729999999997497,0.9846666666666667,0.9998095238095238
1.2734999999997498,0.9846666666666667,0.9998095238095238
1.2739999999997496,0.9846666666666667,0.9998095238095238
1.2744999999997493,0.9846666666666667,0.9998095238095238
1.2749999999997494,0.9846666666666667,0.9998095238095238
1.2754999999997496,0.9846666666666667,0.9998095238095238
1.2759999999997493,0.9846666666666667,0.9998095238095238
1.276499999999749,0.9846666666666667,0.9998095238095238
1.2769999999997492,0.9846666666666667,0.9998095238095238
1.2774999999997494,0.9846666666666667,0.9998095238095238
1.2779999999997491,0.9846666666666667,0.9998095238095238
1.2784999999997488,0.9846666666666667,0.9998095238095238
1.278999999999749,0.9846666666666667,0.9998095238095238
1.2794999999997492,0.9846666666666667,0.9998095238095238
1.279999999999749,0.9846666666666667,0.9998095238095238
1.2804999999997486,0.9846666666666667,0.9998095238095238
1.2809999999997488,0.9846666666666667,0.9998095238095238
1.281499999999749,0.9846666666666667,0.9998095238095238
1.2819999999997487,0.9846666666666667,0.9998095238095238
1.2824999999997484,0.9846666666666667,0.9998095238095238
1.2829999999997486,0.9846666666666667,0.9998095238095238
1.2834999999997487,0.9846666666666667,0.9998095238095238
1.2839999999997485,0.9846666666666667,0.9998095238095238
1.2844999999997482,0.9846666666666667,0.9998095238095238
1.2849999999997483,0.9846666666666667,0.9998095238095238
1.2854999999997485,0.9846666666666667,0.9998095238095238
1.2859999999997482,0.9846666666666667,0.9998095238095238
1.286499999999748,0.9846666666666667,0.9998095238095238
1.2869999999997481,0.9846666666666667,0.9998095238095238
1.2874999999997483,0.9846666666666667,0.9998095238095238
1.287999999999748,0.9846666666666667,0.9998095238095238
1.2884999999997477,0.9846666666666667,0.9998095238095238
1.288999999999748,0.9846666666666667,0.9998095238095238
1.289499999999748,0.9846666666666667,0.9998095238095238
1.2899999999997478,0.9846666666666667,0.9998095238095238
1.2904999999997475,0.9846666666666667,0.9998095238095238
1.2909999999997477,0.9846666666666667,0.9998095238095238
1.2914999999997478,0.9846666666666667,0.9998095238095238
1.2919999999997476,0.9846666666666667,0.9998095238095238
1.2924999999997473,0.9846666666666667,0.9998095238095238
1.2929999999997475,0.9846666666666667,0.9998095238095238
1.2934999999997476,0.9846666666666667,0.9998095238095238
1.2939999999997474,0.9846666666666667,0.9998095238095238
1.294499999999747,0.9846666666666667,0.9998095238095238
1.2949999999997472,0.9846666666666667,0.9998095238095238
1.2954999999997474,0.9846666666666667,0.9998095238095238
1.2959999999997471,0.9846666666666667,0.9998095238095238
1.2964999999997469,0.9846666666666667,0.9998095238095238
1.296999999999747,0.9846666666666667,0.9998095238095238
1.2974999999997472,0.9846666666666667,0.9998095238095238
1.297999999999747,0.9846666666666667,0.9998095238095238
1.2984999999997466,0.9846666666666667,0.9998095238095238
1.2989999999997468,0.9846666666666667,0.9998095238095238
1.299499999999747,0.9846666666666667,0.9998095238095238
1.2999999999997467,0.9846666666666667,0.9998095238095238
1.3004999999997464,0.9846666666666667,0.9998095238095238
1.3009999999997466,0.9846666666666667,0.9998095238095238
1.3014999999997467,0.9846666666666667,0.9998095238095238
1.3019999999997465,0.9846666666666667,0.9998095238095238
1.3024999999997462,0.9846666666666667,0.9998095238095238
1.3029999999997464,0.9846666666666667,0.9998095238095238
1.3034999999997465,0.9846666666666667,0.9998095238095238
1.3039999999997463,0.9846666666666667,0.9998095238095238
1.304499999999746,0.9846666666666667,0.9998095238095238
1.3049999999997461,0.9846666666666667,0.9998095238095238
1.3054999999997463,0.9846666666666667,0.9998095238095238
1.305999999999746,0.9846666666666667,0.9998095238095238
1.3064999999997458,0.9846666666666667,0.9998095238095238
1.306999999999746,0.9846666666666667,0.9998095238095238
1.307499999999746,0.9846666666666667,0.9998095238095238
1.3079999999997458,0.9846666666666667,0.9998095238095238
1.3084999999997455,0.9846666666666667,0.9998095238095238
1.3089999999997457,0.9846666666666667,0.9998095238095238
1.3094999999997459,0.9846666666666667,0.9998095238095238
1.3099999999997456,0.9846666666666667,0.9998095238095238
1.3104999999997453,0.9846666666666667,0.9998095238095238
1.3109999999997455,0.9846666666666667,0.9998095238095238
1.3114999999997456,0.9846666666666667,0.9998095238095238
1.3119999999997454,0.9846666666666667,0.9998095238095238
1.312499999999745,0.9846666666666667,0.9998095238095238
1.3129999999997453,0.9846666666666667,0.9998095238095238
1.3134999999997454,0.9846666666666667,0.9998095238095238
1.3139999999997451,0.9846666666666667,0.9998095238095238
1.3144999999997449,0.9846666666666667,0.9998095238095238
1.314999999999745,0.9846666666666667,0.9998095238095238
1.3154999999997452,0.9846666666666667,0.9998095238095238
1.315999999999745,0.9846666666666667,0.9998095238095238
1.3164999999997447,0.9846666666666667,0.9998095238095238
1.3169999999997448,0.9846666666666667,0.9998095238095238
1.317499999999745,0.9846666666666667,0.9998095238095238
1.3179999999997447,0.9846666666666667,0.9998095238095238
1.3184999999997444,0.9846666666666667,0.9998095238095238
1.3189999999997446,0.9846666666666667,0.9998095238095238
1.3194999999997448,0.9846666666666667,0.9998095238095238
1.3199999999997445,0.9846666666666667,0.9998095238095238
1.3204999999997442,0.9846666666666667,0.9998095238095238
1.3209999999997444,0.9846666666666667,0.9998095238095238
1.3214999999997445,0.9846666666666667,0.9998095238095238
1.3219999999997443,0.9846666666666667,0.9998095238095238
1.322499999999744,0.9846666666666667,0.9998095238095238
1.3229999999997442,0.9846666666666667,0.9998095238095238
1.3234999999997443,0.9846666666666667,0.9998095238095238
1.323999999999744,0.9846666666666667,0.9998095238095238
1.3244999999997438,0.9846666666666667,0.9998095238095238
1.324999999999744,0.9846666666666667,0.9998095238095238
1.325499999999744,0.9846666666666667,0.9998095238095238
1.3259999999997438,0.9846666666666667,0.9998095238095238
1.3264999999997436,0.9846666666666667,0.9998095238095238
1.3269999999997437,0.9846666666666667,0.9998095238095238
1.3274999999997439,0.9846666666666667,0.9998095238095238
1.3279999999997436,0.9846666666666667,0.9998095238095238
1.3284999999997433,0.9846666666666667,0.9998095238095238
1.3289999999997435,0.9846666666666667,0.9998095238095238
1.3294999999997437,0.9846666666666667,0.9998095238095238
1.3299999999997434,0.9846666666666667,0.9998095238095238
1.330499999999743,0.9846666666666667,0.9998095238095238
1.3309999999997433,0.9846666666666667,0.9998095238095238
1.3314999999997434,0.9846666666666667,0.9998095238095238
1.3319999999997432,0.9846666666666667,0.9998095238095238
1.332499999999743,0.9846666666666667,0.9998095238095238
1.332999999999743,0.9846666666666667,0.9998095238095238
1.3334999999997432,0.9846666666666667,0.9998095238095238
1.333999999999743,0.9846666666666667,0.9998095238095238
1.3344999999997427,0.9846666666666667,0.9998095238095238
1.3349999999997428,0.9846666666666667,0.9998095238095238
1.335499999999743,0.9846666666666667,0.9998095238095238
1.3359999999997427,0.9846666666666667,0.9998095238095238
1.3364999999997424,0.9846666666666667,0.9998095238095238
1.3369999999997426,0.9846666666666667,0.9998095238095238
1.3374999999997428,0.9846666666666667,0.9998095238095238
1.3379999999997425,0.9846666666666667,0.9998095238095238
1.3384999999997422,0.9846666666666667,0.9998095238095238
1.3389999999997424,0.9846666666666667,0.9998095238095238
1.3394999999997426,0.9846666666666667,0.9998095238095238
1.3399999999997423,0.9846666666666667,0.9998095238095238
1.340499999999742,0.9846666666666667,0.9998095238095238
1.3409999999997422,0.9846666666666667,0.9998095238095238
1.3414999999997423,0.9846666666666667,0.9998095238095238
1.341999999999742,0.9846666666666667,0.9998095238095238
1.3424999999997418,0.9846666666666667,0.9998095238095238
1.342999999999742,0.9846666666666667,0.9998095238095238
1.3434999999997421,0.9846666666666667,0.9998095238095238
1.3439999999997418,0.9846666666666667,0.9998095238095238
1.3444999999997416,0.9846666666666667,0.9998095238095238
1.3449999999997417,0.9846666666666667,0.9998095238095238
1.345499999999742,0.9846666666666667,0.9998095238095238
1.3459999999997416,0.9846666666666667,0.9998095238095238
1.3464999999997413,0.9846666666666667,0.9998095238095238
1.3469999999997415,0.9846666666666667,0.9998095238095238
1.3474999999997417,0.9846666666666667,0.9998095238095238
1.3479999999997414,0.9846666666666667,0.9998095238095238
1.3484999999997411,0.9846666666666667,0.9998095238095238
1.3489999999997413,0.9846666666666667,0.9998095238095238
1.3494999999997415,0.9846666666666667,0.9998095238095238
1.3499999999997412,0.9846666666666667,0.9998095238095238
1.350499999999741,0.9846666666666667,0.9998095238095238
1.350999999999741,0.9846666666666667,0.9998095238095238
1.3514999999997412,0.9846666666666667,0.9998095238095238
1.351999999999741,0.9846666666666667,0.9998095238095238
1.3524999999997407,0.9846666666666667,0.9998095238095238
1.3529999999997409,0.9846666666666667,0.9998095238095238
1.353499999999741,0.9846666666666667,0.9998095238095238
1.3539999999997407,0.9846666666666667,0.9998095238095238
1.3544999999997405,0.9846666666666667,0.9998095238095238
1.3549999999997406,0.9846666666666667,0.9998095238095238
1.3554999999997408,0.9846666666666667,0.9998095238095238
1.3559999999997405,0.9846666666666667,0.9998095238095238
1.3564999999997402,0.9846666666666667,0.9998095238095238
1.3569999999997404,0.9846666666666667,0.9998095238095238
1.3574999999997406,0.9846666666666667,0.9998095238095238
1.3579999999997403,0.9846666666666667,0.9998095238095238
1.35849999999974,0.9846666666666667,0.9998095238095238
1.3589999999997402,0.9846666666666667,0.9998095238095238
1.3594999999997404,0.9846666666666667,0.9998095238095238
1.35999999999974,0.9846666666666667,0.9998095238095238
1.3604999999997398,0.9846666666666667,0.9998095238095238
1.36099999999974,0.9846666666666667,0.9998095238095238
1.3614999999997401,0.9846666666666667,0.9998095238095238
1.3619999999997399,0.9846666666666667,0.9998095238095238
1.3624999999997396,0.9846666666666667,0.9998095238095238
1.3629999999997398,0.9846666666666667,0.9998095238095238
1.36349999999974,0.9846666666666667,0.9998095238095238
1.3639999999997396,0.9846666666666667,0.9998095238095238
1.3644999999997394,0.9846666666666667,0.9998095238095238
1.3649999999997395,0.9846666666666667,0.9998095238095238
1.3654999999997397,0.9846666666666667,0.9998095238095238
1.3659999999997394,0.9846666666666667,0.9998095238095238
1.3664999999997391,0.9846666666666667,0.9998095238095238
1.3669999999997393,0.9846666666666667,0.9998095238095238
1.3674999999997395,0.9846666666666667,0.9998095238095238
1.3679999999997392,0.9846666666666667,0.9998095238095238
1.368499999999739,0.9846666666666667,0.9998095238095238
1.368999999999739,0.9846666666666667,0.9998095238095238
1.3694999999997393,0.9846666666666667,0.9998095238095238
1.369999999999739,0.9846666666666667,0.9998095238095238
1.3704999999997387,0.9846666666666667,0.9998095238095238
1.3709999999997389,0.9846666666666667,0.9998095238095238
1.371499999999739,0.9846666666666667,0.9998095238095238
1.3719999999997388,0.9846666666666667,0.9998095238095238
1.3724999999997385,0.9846666666666667,0.9998095238095238
1.3729999999997387,0.9846666666666667,0.9998095238095238
1.3734999999997388,0.9846666666666667,0.9998095238095238
1.3739999999997385,0.9846666666666667,0.9998095238095238
1.3744999999997383,0.9846666666666667,0.9998095238095238
1.3749999999997384,0.9846666666666667,0.9998095238095238
1.3754999999997386,0.9846666666666667,0.9998095238095238
1.3759999999997383,0.9846666666666667,0.9998095238095238
1.376499999999738,0.9846666666666667,0.9998095238095238
1.3769999999997382,0.9846666666666667,0.9998095238095238
1.3774999999997384,0.9846666666666667,0.9998095238095238
1.377999999999738,0.9846666666666667,0.9998095238095238
1.3784999999997378,0.9846666666666667,0.9998095238095238
1.378999999999738,0.9846666666666667,0.9998095238095238
1.3794999999997382,0.9846666666666667,0.9998095238095238
1.3799999999997379,0.9846666666666667,0.9998095238095238
1.3804999999997376,0.9846666666666667,0.9998095238095238
1.3809999999997378,0.9846666666666667,0.9998095238095238
1.381499999999738,0.9846666666666667,0.9998095238095238
1.3819999999997377,0.9846666666666667,0.9998095238095238
1.3824999999997374,0.9846666666666667,0.9998095238095238
1.3829999999997376,0.9846666666666667,0.9998095238095238
1.3834999999997377,0.9846666666666667,0.9998095238095238
1.3839999999997374,0.9846666666666667,0.9998095238095238
1.3844999999997372,0.9846666666666667,0.9998095238095238
1.3849999999997373,0.9846666666666667,0.9998095238095238
1.3854999999997375,0.9846666666666667,0.9998095238095238
1.3859999999997372,0.9846666666666667,0.9998095238095238
1.386499999999737,0.9846666666666667,0.9998095238095238
1.386999999999737,0.9846666666666667,0.9998095238095238
1.3874999999997373,0.9846666666666667,0.9998095238095238
1.387999999999737,0.9846666666666667,0.9998095238095238
1.3884999999997367,0.9846666666666667,0.9998095238095238
1.388999999999737,0.9846666666666667,0.9998095238095238
1.389499999999737,0.9846666666666667,0.9998095238095238
1.3899999999997368,0.9846666666666667,0.9998095238095238
1.3904999999997365,0.9846666666666667,0.9998095238095238
1.3909999999997367,0.9846666666666667,0.9998095238095238
1.3914999999997368,0.9846666666666667,0.9998095238095238
1.3919999999997366,0.9846666666666667,0.9998095238095238
1.3924999999997363,0.9846666666666667,0.9998095238095238
1.3929999999997364,0.9846666666666667,0.9998095238095238
1.3934999999997366,0.9846666666666667,0.9998095238095238
1.3939999999997363,0.9846666666666667,0.9998095238095238
1.394499999999736,0.9846666666666667,0.9998095238095238
1.3949999999997362,0.9846666666666667,0.9998095238095238
1.3954999999997364,0.9846666666666667,0.9998095238095238
1.3959999999997361,0.9846666666666667,0.9998095238095238
1.3964999999997358,0.9846666666666667,0.9998095238095238
1.396999999999736,0.9846666666666667,0.9998095238095238
1.3974999999997362,0.9846666666666667,0.9998095238095238
1.397999999999736,0.9846666666666667,0.9998095238095238
1.3984999999997356,0.9846666666666667,0.9998095238095238
1.3989999999997358,0.9846666666666667,0.9998095238095238
1.399499999999736,0.9846666666666667,0.9998095238095238
1.3999999999997357,0.9846666666666667,0.9998095238095238
1.4004999999997354,0.9846666666666667,0.9998095238095238
1.4009999999997356,0.9846666666666667,0.9998095238095238
1.4014999999997357,0.9846666666666667,0.9998095238095238
1.4019999999997355,0.9846666666666667,0.9998095238095238
1.4024999999997352,0.9846666666666667,0.9998095238095238
1.4029999999997353,0.9846666666666667,0.9998095238095238
1.4034999999997355,0.9846666666666667,0.9998095238095238
1.4039999999997352,0.9846666666666667,0.9998095238095238
1.404499999999735,0.9846666666666667,0.9998095238095238
1.4049999999997351,0.9846666666666667,0.9998095238095238
1.4054999999997353,0.9846666666666667,0.9998095238095238
1.405999999999735,0.9846666666666667,0.9998095238095238
1.4064999999997347,0.9846666666666667,0.9998095238095238
1.406999999999735,0.9846666666666667,0.9998095238095238
1.407499999999735,0.9846666666666667,0.9998095238095238
1.4079999999997348,0.9846666666666667,0.9998095238095238
1.4084999999997345,0.9846666666666667,0.9998095238095238
1.4089999999997347,0.9846666666666667,0.9998095238095238
1.4094999999997349,0.9846666666666667,0.9998095238095238
1.4099999999997346,0.9846666666666667,0.9998095238095238
1.4104999999997343,0.9846666666666667,0.9998095238095238
1.4109999999997345,0.9846666666666667,0.9998095238095238
1.4114999999997346,0.9846666666666667,0.9998095238095238
1.4119999999997344,0.9846666666666667,0.9998095238095238
1.412499999999734,0.9846666666666667,0.9998095238095238
1.4129999999997342,0.9846666666666667,0.9998095238095238
1.4134999999997344,0.9846666666666667,0.9998095238095238
1.4139999999997341,0.9846666666666667,0.9998095238095238
1.4144999999997339,0.9846666666666667,0.9998095238095238
1.414999999999734,0.9846666666666667,0.9998095238095238
1.4154999999997342,0.9846666666666667,0.9998095238095238
1.415999999999734,0.9846666666666667,0.9998095238095238
1.4164999999997336,0.9846666666666667,0.9998095238095238
1.4169999999997338,0.9846666666666667,0.9998095238095238
1.417499999999734,0.9846666666666667,0.9998095238095238
1.4179999999997337,0.9846666666666667,0.9998095238095238
1.4184999999997334,0.9846666666666667,0.9998095238095238
1.4189999999997336,0.9846666666666667,0.9998095238095238
1.4194999999997338,0.9846666666666667,0.9998095238095238
1.4199999999997335,0.9846666666666667,0.9998095238095238
1.4204999999997332,0.9846666666666667,0.9998095238095238
1.4209999999997334,0.9846666666666667,0.9998095238095238
1.4214999999997335,0.9846666666666667,0.9998095238095238
1.4219999999997333,0.9846666666666667,0.9998095238095238
1.422499999999733,0.9846666666666667,0.9998095238095238
1.4229999999997331,0.9846666666666667,0.9998095238095238
1.4234999999997333,0.9846666666666667,0.9998095238095238
1.423999999999733,0.9846666666666667,0.9998095238095238
1.4244999999997328,0.9846666666666667,0.9998095238095238
1.424999999999733,0.9846666666666667,0.9998095238095238
1.425499999999733,0.9846666666666667,0.9998095238095238
1.4259999999997328,0.9846666666666667,0.9998095238095238
1.4264999999997325,0.9846666666666667,0.9998095238095238
1.4269999999997327,0.9846666666666667,0.9998095238095238
1.4274999999997329,0.9846666666666667,0.9998095238095238
1.4279999999997326,0.9846666666666667,0.9998095238095238
1.4284999999997323,0.9846666666666667,0.9998095238095238
1.4289999999997325,0.9846666666666667,0.9998095238095238
1.4294999999997327,0.9846666666666667,0.9998095238095238
1.4299999999997324,0.9846666666666667,0.9998095238095238
1.430499999999732,0.9846666666666667,0.9998095238095238
1.4309999999997323,0.9846666666666667,0.9998095238095238
1.4314999999997324,0.9846666666666667,0.9998095238095238
1.4319999999997322,0.9846666666666667,0.9998095238095238
1.4324999999997319,0.9846666666666667,0.9998095238095238
1.432999999999732,0.9846666666666667,0.9998095238095238
1.4334999999997322,0.9846666666666667,0.9998095238095238
1.433999999999732,0.9846666666666667,0.9998095238095238
1.4344999999997317,0.9846666666666667,0.9998095238095238
1.4349999999997318,0.9846666666666667,0.9998095238095238
1.435499999999732,0.9846666666666667,0.9998095238095238
1.4359999999997317,0.9846666666666667,0.9998095238095238
1.4364999999997314,0.9846666666666667,0.9998095238095238
1.4369999999997316,0.9846666666666667,0.9998095238095238
1.4374999999997318,0.9846666666666667,0.9998095238095238
1.4379999999997315,0.9846666666666667,0.9998095238095238
1.4384999999997312,0.9846666666666667,0.9998095238095238
1.4389999999997314,0.9846666666666667,0.9998095238095238
1.4394999999997315,0.9846666666666667,0.9998095238095238
1.4399999999997313,0.9846666666666667,0.9998095238095238
1.440499999999731,0.9846666666666667,0.9998095238095238
1.4409999999997312,0.9846666666666667,0.9998095238095238
1.4414999999997313,0.9846666666666667,0.9998095238095238
1.441999999999731,0.9846666666666667,0.9998095238095238
1.4424999999997308,0.9846666666666667,0.9998095238095238
1.442999999999731,0.9846666666666667,0.9998095238095238
1.443499999999731,0.9846666666666667,0.9998095238095238
1.4439999999997308,0.9846666666666667,0.9998095238095238
1.4444999999997306,0.9846666666666667,0.9998095238095238
1.4449999999997307,0.9846666666666667,0.9998095238095238
1.445499999999731,0.9846666666666667,0.9998095238095238
1.4459999999997306,0.9846666666666667,0.9998095238095238
1.4464999999997303,0.9846666666666667,0.9998095238095238
1.4469999999997305,0.9846666666666667,0.9998095238095238
1.4474999999997307,0.9846666666666667,0.9998095238095238
1.4479999999997304,0.9846666666666667,0.9998095238095238
1.4484999999997301,0.9846666666666667,0.9998095238095238
1.4489999999997303,0.9846666666666667,0.9998095238095238
1.4494999999997304,0.9846666666666667,0.9998095238095238
1.4499999999997302,0.9846666666666667,0.9998095238095238
1.45049999999973,0.9846666666666667,0.9998095238095238
1.45099999999973,0.9846666666666667,0.9998095238095238
1.4514999999997302,0.9846666666666667,0.9998095238095238
1.45199999999973,0.9846666666666667,0.9998095238095238
1.4524999999997297,0.9846666666666667,0.9998095238095238
1.4529999999997298,0.9846666666666667,0.9998095238095238
1.45349999999973,0.9846666666666667,0.9998095238095238
1.4539999999997297,0.9846666666666667,0.9998095238095238
1.4544999999997295,0.9846666666666667,0.9998095238095238
1.4549999999997296,0.9846666666666667,0.9998095238095238
1.4554999999997298,0.9846666666666667,0.9998095238095238
1.4559999999997295,0.9846666666666667,0.9998095238095238
1.4564999999997292,0.9846666666666667,0.9998095238095238
1.4569999999997294,0.9846666666666667,0.9998095238095238
1.4574999999997296,0.9846666666666667,0.9998095238095238
1.4579999999997293,0.9846666666666667,0.9998095238095238
1.458499999999729,0.9846666666666667,0.9998095238095238
1.4589999999997292,0.9846666666666667,0.9998095238095238
1.4594999999997293,0.9846666666666667,0.9998095238095238
1.459999999999729,0.9846666666666667,0.9998095238095238
1.4604999999997288,0.9846666666666667,0.9998095238095238
1.460999999999729,0.9846666666666667,0.9998095238095238
1.4614999999997291,0.9846666666666667,0.9998095238095238
1.4619999999997288,0.9846666666666667,0.9998095238095238
1.4624999999997286,0.9846666666666667,0.9998095238095238
1.4629999999997287,0.9846666666666667,0.9998095238095238
1.463499999999729,0.9846666666666667,0.9998095238095238
1.4639999999997286,0.9846666666666667,0.9998095238095238
1.4644999999997284,0.9846666666666667,0.9998095238095238
1.4649999999997285,0.9846666666666667,0.9998095238095238
1.4654999999997287,0.9846666666666667,0.9998095238095238
1.4659999999997284,0.9846666666666667,0.9998095238095238
1.4664999999997281,0.9846666666666667,0.9998095238095238
1.4669999999997283,0.9846666666666667,0.9998095238095238
1.4674999999997285,0.9846666666666667,0.9998095238095238
1.4679999999997282,0.9846666666666667,0.9998095238095238
1.468499999999728,0.9846666666666667,0.9998095238095238
1.468999999999728,0.9846666666666667,0.9998095238095238
1.4694999999997282,0.9846666666666667,0.9998095238095238
1.469999999999728,0.9846666666666667,0.9998095238095238
1.4704999999997277,0.9846666666666667,0.9998095238095238
1.4709999999997279,0.9846666666666667,0.9998095238095238
1.471499999999728,0.9846666666666667,0.9998095238095238
1.4719999999997277,0.9846666666666667,0.9998095238095238
1.4724999999997275,0.9846666666666667,0.9998095238095238
1.4729999999997276,0.9846666666666667,0.9998095238095238
1.4734999999997278,0.9846666666666667,0.9998095238095238
1.4739999999997275,0.9846666666666667,0.9998095238095238
1.4744999999997273,0.9846666666666667,0.9998095238095238
1.4749999999997274,0.9846666666666667,0.9998095238095238
1.4754999999997276,0.9846666666666667,0.9998095238095238
1.4759999999997273,0.9846666666666667,0.9998095238095238
1.476499999999727,0.9846666666666667,0.9998095238095238
1.4769999999997272,0.9846666666666667,0.9998095238095238
1.4774999999997274,0.9846666666666667,0.9998095238095238
1.477999999999727,0.9846666666666667,0.9998095238095238
1.4784999999997268,0.9846666666666667,0.9998095238095238
1.478999999999727,0.9846666666666667,0.9998095238095238
1.4794999999997271,0.9846666666666667,0.9998095238095238
1.4799999999997269,0.9846666666666667,0.9998095238095238
1.4804999999997266,0.9846666666666667,0.9998095238095238
1.4809999999997268,0.9846666666666667,0.9998095238095238
1.481499999999727,0.9846666666666667,0.9998095238095238
1.4819999999997266,0.9846666666666667,0.9998095238095238
1.4824999999997264,0.9846666666666667,0.9998095238095238
1.4829999999997265,0.9846666666666667,0.9998095238095238
1.4834999999997267,0.9846666666666667,0.9998095238095238
1.4839999999997264,0.9846666666666667,0.9998095238095238
1.4844999999997261,0.9846666666666667,0.9998095238095238
1.4849999999997263,0.9846666666666667,0.9998095238095238
1.4854999999997265,0.9846666666666667,0.9998095238095238
1.4859999999997262,0.9846666666666667,0.9998095238095238
1.486499999999726,0.9846666666666667,0.9998095238095238
1.486999999999726,0.9846666666666667,0.9998095238095238
1.4874999999997263,0.9846666666666667,0.9998095238095238
1.487999999999726,0.9846666666666667,0.9998095238095238
1.4884999999997257,0.9846666666666667,0.9998095238095238
1.4889999999997259,0.9846666666666667,0.9998095238095238
1.489499999999726,0.9846666666666667,0.9998095238095238
1.4899999999997258,0.9846666666666667,0.9998095238095238
1.4904999999997255,0.9846666666666667,0.9998095238095238
1.4909999999997257,0.9846666666666667,0.9998095238095238
1.4914999999997258,0.9846666666666667,0.9998095238095238
1.4919999999997255,0.9846666666666667,0.9998095238095238
1.4924999999997253,0.9846666666666667,0.9998095238095238
1.4929999999997254,0.9846666666666667,0.9998095238095238
1.4934999999997256,0.9846666666666667,0.9998095238095238
1.4939999999997253,0.9846666666666667,0.9998095238095238
1.494499999999725,0.9846666666666667,0.9998095238095238
1.4949999999997252,0.9846666666666667,0.9998095238095238
1.4954999999997254,0.9846666666666667,0.9998095238095238
1.495999999999725,0.9846666666666667,0.9998095238095238
1.4964999999997248,0.9846666666666667,0.9998095238095238
1.496999999999725,0.9846666666666667,0.9998095238095238
1.4974999999997252,0.9846666666666667,0.9998095238095238
1.4979999999997249,0.9846666666666667,0.9998095238095238
1.4984999999997246,0.9846666666666667,0.9998095238095238
1.4989999999997248,0.9846666666666667,0.9998095238095238
1.499499999999725,0.9846666666666667,0.9998095238095238
1.4999999999997247,0.9846666666666667,0.9998095238095238
1.5004999999997244,0.9846666666666667,0.9998095238095238
1.5009999999997246,0.9846666666666667,0.9998095238095238
1.5014999999997247,0.9846666666666667,0.9998095238095238
1.5019999999997244,0.9846666666666667,0.9998095238095238
1.5024999999997242,0.9846666666666667,0.9998095238095238
1.5029999999997243,0.9846666666666667,0.9998095238095238
1.5034999999997245,0.9846666666666667,0.9998095238095238
1.5039999999997242,0.9846666666666667,0.9998095238095238
1.504499999999724,0.9846666666666667,0.9998095238095238
1.5049999999997241,0.9846666666666667,0.9998095238095238
1.5054999999997243,0.9846666666666667,0.9998095238095238
1.505999999999724,0.9846666666666667,0.9998095238095238
1.5064999999997237,0.9846666666666667,0.9998095238095238
1.506999999999724,0.9846666666666667,0.9998095238095238
1.507499999999724,0.9846666666666667,0.9998095238095238
1.5079999999997238,0.9846666666666667,0.9998095238095238
1.5084999999997235,0.9846666666666667,0.9998095238095238
1.5089999999997237,0.9846666666666667,0.9998095238095238
1.5094999999997238,0.9846666666666667,0.9998095238095238
1.5099999999997236,0.9846666666666667,0.9998095238095238
1.5104999999997233,0.9846666666666667,0.9998095238095238
1.5109999999997235,0.9846666666666667,0.9998095238095238
1.5114999999997236,0.9846666666666667,0.9998095238095238
1.5119999999997233,0.9846666666666667,0.9998095238095238
1.512499999999723,0.9846666666666667,0.9998095238095238
1.5129999999997232,0.9846666666666667,0.9998095238095238
1.5134999999997234,0.9846666666666667,0.9998095238095238
1.5139999999997231,0.9846666666666667,0.9998095238095238
1.5144999999997228,0.9846666666666667,0.9998095238095238
1.514999999999723,0.9846666666666667,0.9998095238095238
1.5154999999997232,0.9846666666666667,0.9998095238095238
1.515999999999723,0.9846666666666667,0.9998095238095238
1.5164999999997226,0.9846666666666667,0.9998095238095238
1.5169999999997228,0.9846666666666667,0.9998095238095238
1.517499999999723,0.9846666666666667,0.9998095238095238
1.5179999999997227,0.9846666666666667,0.9998095238095238
1.5184999999997224,0.9846666666666667,0.9998095238095238
1.5189999999997226,0.9846666666666667,0.9998095238095238
1.5194999999997227,0.9846666666666667,0.9998095238095238
1.5199999999997225,0.9846666666666667,0.9998095238095238
1.5204999999997222,0.9846666666666667,0.9998095238095238
1.5209999999997224,0.9846666666666667,0.9998095238095238
1.5214999999997225,0.9846666666666667,0.9998095238095238
1.5219999999997222,0.9846666666666667,0.9998095238095238
1.522499999999722,0.9846666666666667,0.9998095238095238
1.5229999999997221,0.9846666666666667,0.9998095238095238
1.5234999999997223,0.9846666666666667,0.9998095238095238
1.523999999999722,0.9846666666666667,0.9998095238095238
1.5244999999997217,0.9846666666666667,0.9998095238095238
1.524999999999722,0.9846666666666667,0.9998095238095238
1.525499999999722,0.9846666666666667,0.9998095238095238
1.5259999999997218,0.9846666666666667,0.9998095238095238
1.5264999999997215,0.9846666666666667,0.9998095238095238
1.5269999999997217,0.9846666666666667,0.9998095238095238
1.5274999999997219,0.9846666666666667,0.9998095238095238
1.5279999999997216,0.9846666666666667,0.9998095238095238
1.5284999999997213,0.9846666666666667,0.9998095238095238
1.5289999999997215,0.9846666666666667,0.9998095238095238
1.5294999999997216,0.9846666666666667,0.9998095238095238
1.5299999999997214,0.9846666666666667,0.9998095238095238
1.530499999999721,0.9846666666666667,0.9998095238095238
1.5309999999997213,0.9846666666666667,0.9998095238095238
1.5314999999997214,0.9846666666666667,0.9998095238095238
1.5319999999997211,0.9846666666666667,0.9998095238095238
1.5324999999997209,0.9846666666666667,0.9998095238095238
1.532999999999721,0.9846666666666667,0.9998095238095238
1.5334999999997212,0.9846666666666667,0.9998095238095238
1.533999999999721,0.9846666666666667,0.9998095238095238
1.5344999999997206,0.9846666666666667,0.9998095238095238
1.5349999999997208,0.9846666666666667,0.9998095238095238
1.535499999999721,0.9846666666666667,0.9998095238095238
1.5359999999997207,0.9846666666666667,0.9998095238095238
1.5364999999997204,0.9846666666666667,0.9998095238095238
1.5369999999997206,0.9846666666666667,0.9998095238095238
1.5374999999997208,0.9846666666666667,0.9998095238095238
1.5379999999997205,0.9846666666666667,0.9998095238095238
1.5384999999997202,0.9846666666666667,0.9998095238095238
1.5389999999997204,0.9846666666666667,0.9998095238095238
1.5394999999997205,0.9846666666666667,0.9998095238095238
1.5399999999997203,0.9846666666666667,0.9998095238095238
1.54049999999972,0.9846666666666667,0.9998095238095238
1.5409999999997201,0.9846666666666667,0.9998095238095238
1.5414999999997203,0.9846666666666667,0.9998095238095238
1.54199999999972,0.9846666666666667,0.9998095238095238
1.5424999999997198,0.9846666666666667,0.9998095238095238
1.54299999999972,0.9846666666666667,0.9998095238095238
1.54349999999972,0.9846666666666667,0.9998095238095238
1.5439999999997198,0.9846666666666667,0.9998095238095238
1.5444999999997195,0.9846666666666667,0.9998095238095238
1.5449999999997197,0.9846666666666667,0.9998095238095238
1.5454999999997199,0.9846666666666667,0.9998095238095238
1.5459999999997196,0.9846666666666667,0.9998095238095238
1.5464999999997193,0.9846666666666667,0.9998095238095238
1.5469999999997195,0.9846666666666667,0.9998095238095238
1.5474999999997197,0.9846666666666667,0.9998095238095238
1.5479999999997194,0.9846666666666667,0.9998095238095238
1.548499999999719,0.9846666666666667,0.9998095238095238
1.5489999999997193,0.9846666666666667,0.9998095238095238
1.5494999999997194,0.9846666666666667,0.9998095238095238
1.5499999999997192,0.9846666666666667,0.9998095238095238
1.5504999999997189,0.9846666666666667,0.9998095238095238
1.550999999999719,0.9846666666666667,0.9998095238095238
1.5514999999997192,0.9846666666666667,0.9998095238095238
1.551999999999719,0.9846666666666667,0.9998095238095238
1.5524999999997187,0.9846666666666667,0.9998095238095238
1.5529999999997188,0.9846666666666667,0.9998095238095238
1.553499999999719,0.9846666666666667,0.9998095238095238
1.5539999999997187,0.9846666666666667,0.9998095238095238
1.5544999999997184,0.9846666666666667,0.9998095238095238
1.5549999999997186,0.9846666666666667,0.9998095238095238
1.5554999999997188,0.9846666666666667,0.9998095238095238
1.5559999999997185,0.9846666666666667,0.9998095238095238
1.5564999999997182,0.9846666666666667,0.9998095238095238
1.5569999999997184,0.9846666666666667,0.9998095238095238
1.5574999999997186,0.9846666666666667,0.9998095238095238
1.5579999999997183,0.9846666666666667,0.9998095238095238
1.558499999999718,0.9846666666666667,0.9998095238095238
1.5589999999997182,0.9846666666666667,0.9998095238095238
1.5594999999997183,0.9846666666666667,0.9998095238095238
1.559999999999718,0.9846666666666667,0.9998095238095238
1.5604999999997178,0.9846666666666667,0.9998095238095238
1.560999999999718,0.9846666666666667,0.9998095238095238
1.5614999999997181,0.9846666666666667,0.9998095238095238
1.5619999999997178,0.9846666666666667,0.9998095238095238
1.5624999999997176,0.9846666666666667,0.9998095238095238
1.5629999999997177,0.9846666666666667,0.9998095238095238
1.563499999999718,0.9846666666666667,0.9998095238095238
1.5639999999997176,0.9846666666666667,0.9998095238095238
1.5644999999997173,0.9846666666666667,0.9998095238095238
1.5649999999997175,0.9846666666666667,0.9998095238095238
1.5654999999997177,0.9846666666666667,0.9998095238095238
1.5659999999997174,0.9846666666666667,0.9998095238095238
1.5664999999997171,0.9846666666666667,0.9998095238095238
1.5669999999997173,0.9846666666666667,0.9998095238095238
1.5674999999997175,0.9846666666666667,0.9998095238095238
1.5679999999997172,0.9846666666666667,0.9998095238095238
1.568499999999717,0.9846666666666667,0.9998095238095238
1.568999999999717,0.9846666666666667,0.9998095238095238
1.5694999999997172,0.9846666666666667,0.9998095238095238
1.569999999999717,0.9846666666666667,0.9998095238095238
1.5704999999997167,0.9846666666666667,0.9998095238095238
1.5709999999997168,0.9846666666666667,0.9998095238095238
1.571499999999717,0.9846666666666667,0.9998095238095238
1.5719999999997167,0.9846666666666667,0.9998095238095238
1.5724999999997165,0.9846666666666667,0.9998095238095238
1.5729999999997166,0.9846666666666667,0.9998095238095238
1.5734999999997168,0.9846666666666667,0.9998095238095238
1.5739999999997165,0.9846666666666667,0.9998095238095238
1.5744999999997162,0.9846666666666667,0.9998095238095238
1.5749999999997164,0.9846666666666667,0.9998095238095238
1.5754999999997166,0.9846666666666667,0.9998095238095238
1.5759999999997163,0.9846666666666667,0.9998095238095238
1.576499999999716,0.9846666666666667,0.9998095238095238
1.5769999999997162,0.9846666666666667,0.9998095238095238
1.5774999999997164,0.9846666666666667,0.9998095238095238
1.577999999999716,0.9846666666666667,0.9998095238095238
1.5784999999997158,0.9846666666666667,0.9998095238095238
1.578999999999716,0.9846666666666667,0.9998095238095238
1.5794999999997161,0.9846666666666667,0.9998095238095238
1.5799999999997159,0.9846666666666667,0.9998095238095238
1.5804999999997156,0.9846666666666667,0.9998095238095238
1.5809999999997157,0.9846666666666667,0.9998095238095238
1.581499999999716,0.9846666666666667,0.9998095238095238
1.5819999999997156,0.9846666666666667,0.9998095238095238
1.5824999999997154,0.9846666666666667,0.9998095238095238
1.5829999999997155,0.9846666666666667,0.9998095238095238
1.5834999999997157,0.9846666666666667,0.9998095238095238
1.5839999999997154,0.9846666666666667,0.9998095238095238
1.5844999999997151,0.9846666666666667,0.9998095238095238
1.5849999999997153,0.9846666666666667,0.9998095238095238
1.5854999999997155,0.9846666666666667,0.9998095238095238
1.5859999999997152,0.9846666666666667,0.9998095238095238
1.586499999999715,0.9846666666666667,0.9998095238095238
1.586999999999715,0.9846666666666667,0.9998095238095238
1.5874999999997152,0.9846666666666667,0.9998095238095238
1.587999999999715,0.9846666666666667,0.9998095238095238
1.5884999999997147,0.9846666666666667,0.9998095238095238
1.5889999999997149,0.9846666666666667,0.9998095238095238
1.589499999999715,0.9846666666666667,0.9998095238095238
1.5899999999997148,0.9846666666666667,0.9998095238095238
1.5904999999997145,0.9846666666666667,0.9998095238095238
1.5909999999997146,0.9846666666666667,0.9998095238095238
1.5914999999997148,0.9846666666666667,0.9998095238095238
1.5919999999997145,0.9846666666666667,0.9998095238095238
1.5924999999997143,0.9846666666666667,0.9998095238095238
1.5929999999997144,0.9846666666666667,0.9998095238095238
1.5934999999997146,0.9846666666666667,0.9998095238095238
1.5939999999997143,0.9846666666666667,0.9998095238095238
1.594499999999714,0.9846666666666667,0.9998095238095238
1.5949999999997142,0.9846666666666667,0.9998095238095238
1.5954999999997144,0.9846666666666667,0.9998095238095238
1.595999999999714,0.9846666666666667,0.9998095238095238
1.5964999999997138,0.9846666666666667,0.9998095238095238
1.596999999999714,0.9846666666666667,0.9998095238095238
1.5974999999997141,0.9846666666666667,0.9998095238095238
1.5979999999997139,0.9846666666666667,0.9998095238095238
1.5984999999997136,0.9846666666666667,0.9998095238095238
1.5989999999997138,0.9846666666666667,0.9998095238095238
1.599499999999714,0.9846666666666667,0.9998095238095238
1.5999999999997137,0.9846666666666667,0.9998095238095238
1.6004999999997134,0.9846666666666667,0.9998095238095238
1.6009999999997135,0.9846666666666667,0.9998095238095238
1.6014999999997137,0.9846666666666667,0.9998095238095238
1.6019999999997134,0.9846666666666667,0.9998095238095238
1.6024999999997132,0.9846666666666667,0.9998095238095238
1.6029999999997133,0.9846666666666667,0.9998095238095238
1.6034999999997135,0.9846666666666667,0.9998095238095238
1.6039999999997132,0.9846666666666667,0.9998095238095238
1.604499999999713,0.9846666666666667,0.9998095238095238
1.604999999999713,0.9846666666666667,0.9998095238095238
1.6054999999997133,0.9846666666666667,0.9998095238095238
1.605999999999713,0.9846666666666667,0.9998095238095238
1.6064999999997127,0.9846666666666667,0.9998095238095238
1.6069999999997129,0.9846666666666667,0.9998095238095238
1.607499999999713,0.9846666666666667,0.9998095238095238
1.6079999999997128,0.9846666666666667,0.9998095238095238
1.6084999999997125,0.9846666666666667,0.9998095238095238
1.6089999999997127,0.9846666666666667,0.9998095238095238
1.6094999999997128,0.9846666666666667,0.9998095238095238
1.6099999999997125,0.9846666666666667,0.9998095238095238
1.6104999999997123,0.9846666666666667,0.9998095238095238
1.6109999999997124,0.9846666666666667,0.9998095238095238
1.6114999999997126,0.9846666666666667,0.9998095238095238
1.6119999999997123,0.9846666666666667,0.9998095238095238
1.612499999999712,0.9846666666666667,0.9998095238095238
1.6129999999997122,0.9846666666666667,0.9998095238095238
1.6134999999997124,0.9846666666666667,0.9998095238095238
1.613999999999712,0.9846666666666667,0.9998095238095238
1.6144999999997118,0.9846666666666667,0.9998095238095238
1.614999999999712,0.9846666666666667,0.9998095238095238
1.6154999999997122,0.9846666666666667,0.9998095238095238
1.615999999999712,0.9846666666666667,0.9998095238095238
1.6164999999997116,0.9846666666666667,0.9998095238095238
1.6169999999997118,0.9846666666666667,0.9998095238095238
1.617499999999712,0.9846666666666667,0.9998095238095238
1.6179999999997117,0.9846666666666667,0.9998095238095238
1.6184999999997114,0.9846666666666667,0.9998095238095238
1.6189999999997116,0.9846666666666667,0.9998095238095238
1.6194999999997117,0.9846666666666667,0.9998095238095238
1.6199999999997114,0.9846666666666667,0.9998095238095238
1.6204999999997112,0.9846666666666667,0.9998095238095238
1.6209999999997113,0.9846666666666667,0.9998095238095238
1.6214999999997115,0.9846666666666667,0.9998095238095238
1.6219999999997112,0.9846666666666667,0.9998095238095238
1.622499999999711,0.9846666666666667,0.9998095238095238
1.6229999999997111,0.9846666666666667,0.9998095238095238
1.6234999999997113,0.9846666666666667,0.9998095238095238
1.623999999999711,0.9846666666666667,0.9998095238095238
1.6244999999997107,0.9846666666666667,0.9998095238095238
1.624999999999711,0.9846666666666667,0.9998095238095238
1.625499999999711,0.9846666666666667,0.9998095238095238
1.6259999999997108,0.9846666666666667,0.9998095238095238
1.6264999999997105,0.9846666666666667,0.9998095238095238
1.6269999999997107,0.9846666666666667,0.9998095238095238
1.6274999999997108,0.9846666666666667,0.9998095238095238
1.6279999999997106,0.9846666666666667,0.9998095238095238
1.6284999999997103,0.9846666666666667,0.9998095238095238
1.6289999999997105,0.9846666666666667,0.9998095238095238
1.6294999999997106,0.9846666666666667,0.9998095238095238
1.6299999999997103,0.9846666666666667,0.9998095238095238
1.63049999999971,0.9846666666666667,0.9998095238095238
1.6309999999997102,0.9846666666666667,0.9998095238095238
1.6314999999997104,0.9846666666666667,0.9998095238095238
1.6319999999997101,0.9846666666666667,0.9998095238095238
1.6324999999997098,0.9846666666666667,0.9998095238095238
1.63299999999971,0.9846666666666667,0.9998095238095238
1.6334999999997102,0.9846666666666667,0.9998095238095238
1.63399999999971,0.9846666666666667,0.9998095238095238
1.6344999999997096,0.9846666666666667,0.9998095238095238
1.6349999999997098,0.9846666666666667,0.9998095238095238
1.63549999999971,0.9846666666666667,0.9998095238095238
1.6359999999997097,0.9846666666666667,0.9998095238095238
1.6364999999997094,0.9846666666666667,0.9998095238095238
1.6369999999997096,0.9846666666666667,0.9998095238095238
1.6374999999997097,0.9846666666666667,0.9998095238095238
1.6379999999997095,0.9846666666666667,0.9998095238095238
1.6384999999997092,0.9846666666666667,0.9998095238095238
1.6389999999997094,0.9846666666666667,0.9998095238095238
1.6394999999997095,0.9846666666666667,0.9998095238095238
1.6399999999997092,0.9846666666666667,0.9998095238095238
1.640499999999709,0.9846666666666667,0.9998095238095238
1.6409999999997091,0.9846666666666667,0.9998095238095238
1.6414999999997093,0.9846666666666667,0.9998095238095238
1.641999999999709,0.9846666666666667,0.9998095238095238
1.6424999999997087,0.9846666666666667,0.9998095238095238
1.642999999999709,0.9846666666666667,0.9998095238095238
1.643499999999709,0.9846666666666667,0.9998095238095238
1.6439999999997088,0.9846666666666667,0.9998095238095238
1.6444999999997085,0.9846666666666667,0.9998095238095238
1.6449999999997087,0.9846666666666667,0.9998095238095238
1.6454999999997089,0.9846666666666667,0.9998095238095238
1.6459999999997086,0.9846666666666667,0.9998095238095238
1.6464999999997083,0.9846666666666667,0.9998095238095238
1.6469999999997085,0.9846666666666667,0.9998095238095238
1.6474999999997086,0.9846666666666667,0.9998095238095238
1.6479999999997084,0.9846666666666667,0.9998095238095238
1.648499999999708,0.9846666666666667,0.9998095238095238
1.6489999999997083,0.9846666666666667,0.9998095238095238
1.6494999999997084,0.9846666666666667,0.9998095238095238
1.6499999999997081,0.9846666666666667,0.9998095238095238
1.6504999999997079,0.9846666666666667,0.9998095238095238
1.650999999999708,0.9846666666666667,0.9998095238095238
1.6514999999997082,0.9846666666666667,0.9998095238095238
1.651999999999708,0.9846666666666667,0.9998095238095238
1.6524999999997076,0.9846666666666667,0.9998095238095238
1.6529999999997078,0.9846666666666667,0.9998095238095238
1.653499999999708,0.9846666666666667,0.9998095238095238
1.6539999999997077,0.9846666666666667,0.9998095238095238
1.6544999999997074,0.9846666666666667,0.9998095238095238
1.6549999999997076,0.9846666666666667,0.9998095238095238
1.6554999999997078,0.9846666666666667,0.9998095238095238
1.6559999999997075,0.9846666666666667,0.9998095238095238
1.6564999999997072,0.9846666666666667,0.9998095238095238
1.6569999999997074,0.9846666666666667,0.9998095238095238
1.6574999999997075,0.9846666666666667,0.9998095238095238
1.6579999999997073,0.9846666666666667,0.9998095238095238
1.658499999999707,0.9846666666666667,0.9998095238095238
1.6589999999997072,0.9846666666666667,0.9998095238095238
1.6594999999997073,0.9846666666666667,0.9998095238095238
1.659999999999707,0.9846666666666667,0.9998095238095238
1.6604999999997068,0.9846666666666667,0.9998095238095238
1.660999999999707,0.9846666666666667,0.9998095238095238
1.661499999999707,0.9846666666666667,0.9998095238095238
1.6619999999997068,0.9846666666666667,0.9998095238095238
1.6624999999997065,0.9846666666666667,0.9998095238095238
1.6629999999997067,0.9846666666666667,0.9998095238095238
1.6634999999997069,0.9846666666666667,0.9998095238095238
1.6639999999997066,0.9846666666666667,0.9998095238095238
1.6644999999997063,0.9846666666666667,0.9998095238095238
1.6649999999997065,0.9846666666666667,0.9998095238095238
1.6654999999997067,0.9846666666666667,0.9998095238095238
1.6659999999997064,0.9846666666666667,0.9998095238095238
1.666499999999706,0.9846666666666667,0.9998095238095238
1.6669999999997063,0.9846666666666667,0.9998095238095238
1.6674999999997064,0.9846666666666667,0.9998095238095238
1.6679999999997062,0.9846666666666667,0.9998095238095238
1.6684999999997059,0.9846666666666667,0.9998095238095238
1.668999999999706,0.9846666666666667,0.9998095238095238
1.6694999999997062,0.9846666666666667,0.9998095238095238
1.669999999999706,0.9846666666666667,0.9998095238095238
1.6704999999997057,0.9846666666666667,0.9998095238095238
1.6709999999997058,0.9846666666666667,0.9998095238095238
1.671499999999706,0.9846666666666667,0.9998095238095238
1.6719999999997057,0.9846666666666667,0.9998095238095238
1.6724999999997054,0.9846666666666667,0.9998095238095238
1.6729999999997056,0.9846666666666667,0.9998095238095238
1.6734999999997058,0.9846666666666667,0.9998095238095238
1.6739999999997055,0.9846666666666667,0.9998095238095238
1.6744999999997052,0.9846666666666667,0.9998095238095238
1.6749999999997054,0.9846666666666667,0.9998095238095238
1.6754999999997056,0.9846666666666667,0.9998095238095238
1.6759999999997053,0.9846666666666667,0.9998095238095238
1.676499999999705,0.9846666666666667,0.9998095238095238
1.6769999999997052,0.9846666666666667,0.9998095238095238
1.6774999999997053,0.9846666666666667,0.9998095238095238
1.677999999999705,0.9846666666666667,0.9998095238095238
1.6784999999997048,0.9846666666666667,0.9998095238095238
1.678999999999705,0.9846666666666667,0.9998095238095238
1.6794999999997051,0.9846666666666667,0.9998095238095238
1.6799999999997048,0.9846666666666667,0.9998095238095238
1.6804999999997046,0.9846666666666667,0.9998095238095238
1.6809999999997047,0.9846666666666667,0.9998095238095238
1.681499999999705,0.9846666666666667,0.9998095238095238
1.6819999999997046,0.9846666666666667,0.9998095238095238
1.6824999999997043,0.9846666666666667,0.9998095238095238
1.6829999999997045,0.9846666666666667,0.9998095238095238
1.6834999999997047,0.9846666666666667,0.9998095238095238
1.6839999999997044,0.9846666666666667,0.9998095238095238
1.6844999999997041,0.9846666666666667,0.9998095238095238
1.6849999999997043,0.9846666666666667,0.9998095238095238
1.6854999999997045,0.9846666666666667,0.9998095238095238
1.6859999999997042,0.9846666666666667,0.9998095238095238
1.686499999999704,0.9846666666666667,0.9998095238095238
1.686999999999704,0.9846666666666667,0.9998095238095238
1.6874999999997042,0.9846666666666667,0.9998095238095238
1.687999999999704,0.9846666666666667,0.9998095238095238
1.6884999999997037,0.9846666666666667,0.9998095238095238
1.6889999999997038,0.9846666666666667,0.9998095238095238
1.689499999999704,0.9846666666666667,0.9998095238095238
1.6899999999997037,0.9846666666666667,0.9998095238095238
1.6904999999997035,0.9846666666666667,0.9998095238095238
1.6909999999997036,0.9846666666666667,0.9998095238095238
1.6914999999997038,0.9846666666666667,0.9998095238095238
1.6919999999997035,0.9846666666666667,0.9998095238095238
1.6924999999997032,0.9846666666666667,0.9998095238095238
1.6929999999997034,0.9846666666666667,0.9998095238095238
1.6934999999997036,0.9846666666666667,0.9998095238095238
1.6939999999997033,0.9846666666666667,0.9998095238095238
1.694499999999703,0.9846666666666667,0.9998095238095238
1.6949999999997032,0.9846666666666667,0.9998095238095238
1.6954999999997034,0.9846666666666667,0.9998095238095238
1.695999999999703,0.9846666666666667,0.9998095238095238
1.6964999999997028,0.9846666666666667,0.9998095238095238
1.696999999999703,0.9846666666666667,0.9998095238095238
1.6974999999997031,0.9846666666666667,0.9998095238095238
1.6979999999997029,0.9846666666666667,0.9998095238095238
1.6984999999997026,0.9846666666666667,0.9998095238095238
1.6989999999997027,0.9846666666666667,0.9998095238095238
1.699499999999703,0.9846666666666667,0.9998095238095238
1.6999999999997026,0.9846666666666667,0.9998095238095238
1.7004999999997024,0.9846666666666667,0.9998095238095238
1.7009999999997025,0.9846666666666667,0.9998095238095238
1.7014999999997027,0.9846666666666667,0.9998095238095238
1.7019999999997024,0.9846666666666667,0.9998095238095238
1.7024999999997021,0.9846666666666667,0.9998095238095238
1.7029999999997023,0.9846666666666667,0.9998095238095238
1.7034999999997025,0.9846666666666667,0.9998095238095238
1.7039999999997022,0.9846666666666667,0.9998095238095238
1.704499999999702,0.9846666666666667,0.9998095238095238
1.704999999999702,0.9846666666666667,0.9998095238095238
1.7054999999997023,0.9846666666666667,0.9998095238095238
1.705999999999702,0.9846666666666667,0.9998095238095238
1.7064999999997017,0.9846666666666667,0.9998095238095238
1.7069999999997019,0.9846666666666667,0.9998095238095238
1.707499999999702,0.9846666666666667,0.9998095238095238
1.7079999999997018,0.9846666666666667,0.9998095238095238
1.7084999999997015,0.9846666666666667,0.9998095238095238
1.7089999999997016,0.9846666666666667,0.9998095238095238
1.7094999999997018,0.9846666666666667,0.9998095238095238
1.7099999999997015,0.9846666666666667,0.9998095238095238
1.7104999999997013,0.9846666666666667,0.9998095238095238
1.7109999999997014,0.9846666666666667,0.9998095238095238
1.7114999999997016,0.9846666666666667,0.9998095238095238
1.7119999999997013,0.9846666666666667,0.9998095238095238
1.712499999999701,0.9846666666666667,0.9998095238095238
1.7129999999997012,0.9846666666666667,0.9998095238095238
1.7134999999997014,0.9846666666666667,0.9998095238095238
1.713999999999701,0.9846666666666667,0.9998095238095238
1.7144999999997008,0.9846666666666667,0.9998095238095238
1.714999999999701,0.9846666666666667,0.9998095238095238
1.7154999999997012,0.9846666666666667,0.9998095238095238
1.7159999999997009,0.9846666666666667,0.9998095238095238
1.7164999999997006,0.9846666666666667,0.9998095238095238
1.7169999999997008,0.9846666666666667,0.9998095238095238
1.717499999999701,0.9846666666666667,0.9998095238095238
1.7179999999997007,0.9846666666666667,0.9998095238095238
1.7184999999997004,0.9846666666666667,0.9998095238095238
1.7189999999997005,0.9846666666666667,0.9998095238095238
1.7194999999997007,0.9846666666666667,0.9998095238095238
1.7199999999997004,0.9846666666666667,0.9998095238095238
1.7204999999997002,0.9846666666666667,0.9998095238095238
1.7209999999997003,0.9846666666666667,0.9998095238095238
1.7214999999997005,0.9846666666666667,0.9998095238095238
1.7219999999997002,0.9846666666666667,0.9998095238095238
1.7224999999997,0.9846666666666667,0.9998095238095238
1.7229999999997,0.9846666666666667,0.9998095238095238
1.7234999999997003,0.9846666666666667,0.9998095238095238
1.7239999999997,0.9846666666666667,0.9998095238095238
1.7244999999996997,0.9846666666666667,0.9998095238095238
1.7249999999996999,0.9846666666666667,0.9998095238095238
1.7254999999997,0.9846666666666667,0.9998095238095238
1.7259999999996998,0.9846666666666667,0.9998095238095238
1.7264999999996995,0.9846666666666667,0.9998095238095238
1.7269999999996997,0.9846666666666667,0.9998095238095238
1.7274999999996998,0.9846666666666667,0.9998095238095238
1.7279999999996996,0.9846666666666667,0.9998095238095238
1.7284999999996993,0.9846666666666667,0.9998095238095238
1.7289999999996994,0.9846666666666667,0.9998095238095238
1.7294999999996996,0.9846666666666667,0.9998095238095238
1.7299999999996993,0.9846666666666667,0.9998095238095238
1.730499999999699,0.9846666666666667,0.9998095238095238
1.7309999999996992,0.9846666666666667,0.9998095238095238
1.7314999999996994,0.9846666666666667,0.9998095238095238
1.7319999999996991,0.9846666666666667,0.9998095238095238
1.7324999999996988,0.9846666666666667,0.9998095238095238
1.732999999999699,0.9846666666666667,0.9998095238095238
1.7334999999996992,0.9846666666666667,0.9998095238095238
1.733999999999699,0.9846666666666667,0.9998095238095238
1.7344999999996986,0.9846666666666667,0.9998095238095238
1.7349999999996988,0.9846666666666667,0.9998095238095238
1.735499999999699,0.9846666666666667,0.9998095238095238
1.7359999999996987,0.9846666666666667,0.9998095238095238
1.7364999999996984,0.9846666666666667,0.9998095238095238
1.7369999999996986,0.9846666666666667,0.9998095238095238
1.7374999999996987,0.9846666666666667,0.9998095238095238
1.7379999999996985,0.9846666666666667,0.9998095238095238
1.7384999999996982,0.9846666666666667,0.9998095238095238
1.7389999999996983,0.9846666666666667,0.9998095238095238
1.7394999999996985,0.9846666666666667,0.9998095238095238
1.7399999999996982,0.9846666666666667,0.9998095238095238
1.740499999999698,0.9846666666666667,0.9998095238095238
1.7409999999996981,0.9846666666666667,0.9998095238095238
1.7414999999996983,0.9846666666666667,0.9998095238095238
1.741999999999698,0.9846666666666667,0.9998095238095238
1.7424999999996977,0.9846666666666667,0.9998095238095238
1.742999999999698,0.9846666666666667,0.9998095238095238
1.743499999999698,0.9846666666666667,0.9998095238095238
1.7439999999996978,0.9846666666666667,0.9998095238095238
1.7444999999996975,0.9846666666666667,0.9998095238095238
1.7449999999996977,0.9846666666666667,0.9998095238095238
1.7454999999996978,0.9846666666666667,0.9998095238095238
1.7459999999996976,0.9846666666666667,0.9998095238095238
1.7464999999996973,0.9846666666666667,0.9998095238095238
1.7469999999996975,0.9846666666666667,0.9998095238095238
1.7474999999996976,0.9846666666666667,0.9998095238095238
1.7479999999996974,0.9846666666666667,0.9998095238095238
1.748499999999697,0.9846666666666667,0.9998095238095238
1.7489999999996972,0.9846666666666667,0.9998095238095238
1.7494999999996974,0.9846666666666667,0.9998095238095238
1.7499999999996971,0.9846666666666667,0.9998095238095238
1.7504999999996969,0.9846666666666667,0.9998095238095238
1.750999999999697,0.9846666666666667,0.9998095238095238
1.7514999999996972,0.9846666666666667,0.9998095238095238
1.751999999999697,0.9846666666666667,0.9998095238095238
1.7524999999996966,0.9846666666666667,0.9998095238095238
1.7529999999996968,0.9846666666666667,0.9998095238095238
1.753499999999697,0.9846666666666667,0.9998095238095238
1.7539999999996967,0.9846666666666667,0.9998095238095238
1.7544999999996964,0.9846666666666667,0.9998095238095238
1.7549999999996966,0.9846666666666667,0.9998095238095238
1.7554999999996967,0.9846666666666667,0.9998095238095238
1.7559999999996965,0.9846666666666667,0.9998095238095238
1.7564999999996962,0.9846666666666667,0.9998095238095238
1.7569999999996964,0.9846666666666667,0.9998095238095238
1.7574999999996965,0.9846666666666667,0.9998095238095238
1.7579999999996963,0.9846666666666667,0.9998095238095238
1.758499999999696,0.9846666666666667,0.9998095238095238
1.7589999999996961,0.9846666666666667,0.9998095238095238
1.7594999999996963,0.9846666666666667,0.9998095238095238
1.759999999999696,0.9846666666666667,0.9998095238095238
1.7604999999996958,0.9846666666666667,0.9998095238095238
1.760999999999696,0.9846666666666667,0.9998095238095238
1.761499999999696,0.9846666666666667,0.9998095238095238
1.7619999999996958,0.9846666666666667,0.9998095238095238
1.7624999999996955,0.9846666666666667,0.9998095238095238
1.7629999999996957,0.9846666666666667,0.9998095238095238
1.7634999999996959,0.9846666666666667,0.9998095238095238
1.7639999999996956,0.9846666666666667,0.9998095238095238
1.7644999999996953,0.9846666666666667,0.9998095238095238
1.7649999999996955,0.9846666666666667,0.9998095238095238
1.7654999999996956,0.9846666666666667,0.9998095238095238
1.7659999999996954,0.9846666666666667,0.9998095238095238
1.766499999999695,0.9846666666666667,0.9998095238095238
1.7669999999996953,0.9846666666666667,0.9998095238095238
1.7674999999996954,0.9846666666666667,0.9998095238095238
1.7679999999996951,0.9846666666666667,0.9998095238095238
1.7684999999996949,0.9846666666666667,0.9998095238095238
1.768999999999695,0.9846666666666667,0.9998095238095238
1.7694999999996952,0.9846666666666667,0.9998095238095238
1.769999999999695,0.9846666666666667,0.9998095238095238
1.7704999999996947,0.9846666666666667,0.9998095238095238
1.7709999999996948,0.9846666666666667,0.9998095238095238
1.771499999999695,0.9846666666666667,0.9998095238095238
1.7719999999996947,0.9846666666666667,0.9998095238095238
1.7724999999996944,0.9846666666666667,0.9998095238095238
1.7729999999996946,0.9846666666666667,0.9998095238095238
1.7734999999996948,0.9846666666666667,0.9998095238095238
1.7739999999996945,0.9846666666666667,0.9998095238095238
1.7744999999996942,0.9846666666666667,0.9998095238095238
1.7749999999996944,0.9846666666666667,0.9998095238095238
1.7754999999996945,0.9846666666666667,0.9998095238095238
1.7759999999996943,0.9846666666666667,0.9998095238095238
1.776499999999694,0.9846666666666667,0.9998095238095238
1.7769999999996942,0.9846666666666667,0.9998095238095238
1.7774999999996943,0.9846666666666667,0.9998095238095238
1.777999999999694,0.9846666666666667,0.9998095238095238
1.7784999999996938,0.9846666666666667,0.9998095238095238
1.778999999999694,0.9846666666666667,0.9998095238095238
1.779499999999694,0.9846666666666667,0.9998095238095238
1.7799999999996938,0.9846666666666667,0.9998095238095238
1.7804999999996936,0.9846666666666667,0.9998095238095238
1.7809999999996937,0.9846666666666667,0.9998095238095238
1.7814999999996939,0.9846666666666667,0.9998095238095238
1.7819999999996936,0.9846666666666667,0.9998095238095238
1.7824999999996933,0.9846666666666667,0.9998095238095238
1.7829999999996935,0.9846666666666667,0.9998095238095238
1.7834999999996937,0.9846666666666667,0.9998095238095238
1.7839999999996934,0.9846666666666667,0.9998095238095238
1.784499999999693,0.9846666666666667,0.9998095238095238
1.7849999999996933,0.9846666666666667,0.9998095238095238
1.7854999999996934,0.9846666666666667,0.9998095238095238
1.7859999999996932,0.9846666666666667,0.9998095238095238
1.786499999999693,0.9846666666666667,0.9998095238095238
1.786999999999693,0.9846666666666667,0.9998095238095238
1.7874999999996932,0.9846666666666667,0.9998095238095238
1.787999999999693,0.9846666666666667,0.9998095238095238
1.7884999999996927,0.9846666666666667,0.9998095238095238
1.7889999999996928,0.9846666666666667,0.9998095238095238
1.789499999999693,0.9846666666666667,0.9998095238095238
1.7899999999996927,0.9846666666666667,0.9998095238095238
1.7904999999996924,0.9846666666666667,0.9998095238095238
1.7909999999996926,0.9846666666666667,0.9998095238095238
1.7914999999996928,0.9846666666666667,0.9998095238095238
1.7919999999996925,0.9846666666666667,0.9998095238095238
1.7924999999996922,0.9846666666666667,0.9998095238095238
1.7929999999996924,0.9846666666666667,0.9998095238095238
1.7934999999996926,0.9846666666666667,0.9998095238095238
1.7939999999996923,0.9846666666666667,0.9998095238095238
1.794499999999692,0.9846666666666667,0.9998095238095238
1.7949999999996922,0.9846666666666667,0.9998095238095238
1.7954999999996923,0.9846666666666667,0.9998095238095238
1.795999999999692,0.9846666666666667,0.9998095238095238
1.7964999999996918,0.9846666666666667,0.9998095238095238
1.796999999999692,0.9846666666666667,0.9998095238095238
1.7974999999996921,0.9846666666666667,0.9998095238095238
1.7979999999996918,0.9846666666666667,0.9998095238095238
1.7984999999996916,0.9846666666666667,0.9998095238095238
1.7989999999996917,0.9846666666666667,0.9998095238095238
1.799499999999692,0.9846666666666667,0.9998095238095238
1.7999999999996916,0.9846666666666667,0.9998095238095238
1.8004999999996913,0.9846666666666667,0.9998095238095238
1.8009999999996915,0.9846666666666667,0.9998095238095238
1.8014999999996917,0.9846666666666667,0.9998095238095238
1.8019999999996914,0.9846666666666667,0.9998095238095238
1.8024999999996911,0.9846666666666667,0.9998095238095238
1.8029999999996913,0.9846666666666667,0.9998095238095238
1.8034999999996915,0.9846666666666667,0.9998095238095238
1.8039999999996912,0.9846666666666667,0.9998095238095238
1.804499999999691,0.9846666666666667,0.9998095238095238
1.804999999999691,0.9846666666666667,0.9998095238095238
1.8054999999996912,0.9846666666666667,0.9998095238095238
1.805999999999691,0.9846666666666667,0.9998095238095238
1.8064999999996907,0.9846666666666667,0.9998095238095238
1.8069999999996909,0.9846666666666667,0.9998095238095238
1.807499999999691,0.9846666666666667,0.9998095238095238
1.8079999999996907,0.9846666666666667,0.9998095238095238
1.8084999999996905,0.9846666666666667,0.9998095238095238
1.8089999999996906,0.9846666666666667,0.9998095238095238
1.8094999999996908,0.9846666666666667,0.9998095238095238
1.8099999999996905,0.9846666666666667,0.9998095238095238
1.8104999999996902,0.9846666666666667,0.9998095238095238
1.8109999999996904,0.9846666666666667,0.9998095238095238
1.8114999999996906,0.9846666666666667,0.9998095238095238
1.8119999999996903,0.9846666666666667,0.9998095238095238
1.81249999999969,0.9846666666666667,0.9998095238095238
1.8129999999996902,0.9846666666666667,0.9998095238095238
1.8134999999996904,0.9846666666666667,0.9998095238095238
1.81399999999969,0.9846666666666667,0.9998095238095238
1.8144999999996898,0.9846666666666667,0.9998095238095238
1.81499999999969,0.9846666666666667,0.9998095238095238
1.8154999999996901,0.9846666666666667,0.9998095238095238
1.8159999999996899,0.9846666666666667,0.9998095238095238
1.8164999999996896,0.9846666666666667,0.9998095238095238
1.8169999999996898,0.9846666666666667,0.9998095238095238
1.81749999999969,0.9846666666666667,0.9998095238095238
1.8179999999996896,0.9846666666666667,0.9998095238095238
1.8184999999996894,0.9846666666666667,0.9998095238095238
1.8189999999996895,0.9846666666666667,0.9998095238095238
1.8194999999996897,0.9846666666666667,0.9998095238095238
1.8199999999996894,0.9846666666666667,0.9998095238095238
1.8204999999996891,0.9846666666666667,0.9998095238095238
1.8209999999996893,0.9846666666666667,0.9998095238095238
1.8214999999996895,0.9846666666666667,0.9998095238095238
1.8219999999996892,0.9846666666666667,0.9998095238095238
1.822499999999689,0.9846666666666667,0.9998095238095238
1.822999999999689,0.9846666666666667,0.9998095238095238
1.8234999999996893,0.9846666666666667,0.9998095238095238
1.823999999999689,0.9846666666666667,0.9998095238095238
1.8244999999996887,0.9846666666666667,0.9998095238095238
1.8249999999996889,0.9846666666666667,0.9998095238095238
1.825499999999689,0.9846666666666667,0.9998095238095238
1.8259999999996888,0.9846666666666667,0.9998095238095238
1.8264999999996885,0.9846666666666667,0.9998095238095238
1.8269999999996887,0.9846666666666667,0.9998095238095238
1.8274999999996888,0.9846666666666667,0.9998095238095238
1.8279999999996885,0.9846666666666667,0.9998095238095238
1.8284999999996883,0.9846666666666667,0.9998095238095238
1.8289999999996884,0.9846666666666667,0.9998095238095238
1.8294999999996886,0.9846666666666667,0.9998095238095238
1.8299999999996883,0.9846666666666667,0.9998095238095238
1.830499999999688,0.9846666666666667,0.9998095238095238
1.8309999999996882,0.9846666666666667,0.9998095238095238
1.8314999999996884,0.9846666666666667,0.9998095238095238
1.831999999999688,0.9846666666666667,0.9998095238095238
1.8324999999996878,0.9846666666666667,0.9998095238095238
1.832999999999688,0.9846666666666667,0.9998095238095238
1.8334999999996882,0.9846666666666667,0.9998095238095238
1.8339999999996879,0.9846666666666667,0.9998095238095238
1.8344999999996876,0.9846666666666667,0.9998095238095238
1.8349999999996878,0.9846666666666667,0.9998095238095238
1.835499999999688,0.9846666666666667,0.9998095238095238
1.8359999999996877,0.9846666666666667,0.9998095238095238
1.8364999999996874,0.9846666666666667,0.9998095238095238
1.8369999999996875,0.9846666666666667,0.9998095238095238
1.8374999999996877,0.9846666666666667,0.9998095238095238
1.8379999999996874,0.9846666666666667,0.9998095238095238
1.8384999999996872,0.9846666666666667,0.9998095238095238
1.8389999999996873,0.9846666666666667,0.9998095238095238
1.8394999999996875,0.9846666666666667,0.9998095238095238
1.8399999999996872,0.9846666666666667,0.9998095238095238
1.840499999999687,0.9846666666666667,0.9998095238095238
1.840999999999687,0.9846666666666667,0.9998095238095238
1.8414999999996873,0.9846666666666667,0.9998095238095238
1.841999999999687,0.9846666666666667,0.9998095238095238
1.8424999999996867,0.9846666666666667,0.9998095238095238
1.8429999999996869,0.9846666666666667,0.9998095238095238
1.843499999999687,0.9846666666666667,0.9998095238095238
1.8439999999996868,0.9846666666666667,0.9998095238095238
1.8444999999996865,0.9846666666666667,0.9998095238095238
1.8449999999996867,0.9846666666666667,0.9998095238095238
1.8454999999996868,0.9846666666666667,0.9998095238095238
1.8459999999996866,0.9846666666666667,0.9998095238095238
1.8464999999996863,0.9846666666666667,0.9998095238095238
1.8469999999996864,0.9846666666666667,0.9998095238095238
1.8474999999996866,0.9846666666666667,0.9998095238095238
1.8479999999996863,0.9846666666666667,0.9998095238095238
1.848499999999686,0.9846666666666667,0.9998095238095238
1.8489999999996862,0.9846666666666667,0.9998095238095238
1.8494999999996864,0.9846666666666667,0.9998095238095238
1.8499999999996861,0.9846666666666667,0.9998095238095238
1.8504999999996858,0.9846666666666667,0.9998095238095238
1.850999999999686,0.9846666666666667,0.9998095238095238
1.8514999999996862,0.9846666666666667,0.9998095238095238
1.851999999999686,0.9846666666666667,0.9998095238095238
1.8524999999996856,0.9846666666666667,0.9998095238095238
1.8529999999996858,0.9846666666666667,0.9998095238095238
1.853499999999686,0.9846666666666667,0.9998095238095238
1.8539999999996857,0.9846666666666667,0.9998095238095238
1.8544999999996854,0.9846666666666667,0.9998095238095238
1.8549999999996856,0.9846666666666667,0.9998095238095238
1.8554999999996857,0.9846666666666667,0.9998095238095238
1.8559999999996855,0.9846666666666667,0.9998095238095238
1.8564999999996852,0.9846666666666667,0.9998095238095238
1.8569999999996853,0.9846666666666667,0.9998095238095238
1.8574999999996855,0.9846666666666667,0.9998095238095238
1.8579999999996852,0.9846666666666667,0.9998095238095238
1.858499999999685,0.9846666666666667,0.9998095238095238
1.8589999999996851,0.9846666666666667,0.9998095238095238
1.8594999999996853,0.9846666666666667,0.9998095238095238
1.859999999999685,0.9846666666666667,0.9998095238095238
1.8604999999996847,0.9846666666666667,0.9998095238095238
1.860999999999685,0.9846666666666667,0.9998095238095238
1.861499999999685,0.9846666666666667,0.9998095238095238
1.8619999999996848,0.9846666666666667,0.9998095238095238
1.8624999999996845,0.9846666666666667,0.9998095238095238
1.8629999999996847,0.9846666666666667,0.9998095238095238
1.8634999999996849,0.9846666666666667,0.9998095238095238
1.8639999999996846,0.9846666666666667,0.9998095238095238
1.8644999999996843,0.9846666666666667,0.9998095238095238
1.8649999999996845,0.9846666666666667,0.9998095238095238
1.8654999999996846,0.9846666666666667,0.9998095238095238
1.8659999999996844,0.9846666666666667,0.9998095238095238
1.866499999999684,0.9846666666666667,0.9998095238095238
1.8669999999996842,0.9846666666666667,0.9998095238095238
1.8674999999996844,0.9846666666666667,0.9998095238095238
1.8679999999996841,0.9846666666666667,0.9998095238095238
1.8684999999996839,0.9846666666666667,0.9998095238095238
1.868999999999684,0.9846666666666667,0.9998095238095238
1.8694999999996842,0.9846666666666667,0.9998095238095238
1.869999999999684,0.9846666666666667,0.9998095238095238
1.8704999999996836,0.9846666666666667,0.9998095238095238
1.8709999999996838,0.9846666666666667,0.9998095238095238
1.871499999999684,0.9846666666666667,0.9998095238095238
1.8719999999996837,0.9846666666666667,0.9998095238095238
1.8724999999996834,0.9846666666666667,0.9998095238095238
1.8729999999996836,0.9846666666666667,0.9998095238095238
1.8734999999996838,0.9846666666666667,0.9998095238095238
1.8739999999996835,0.9846666666666667,0.9998095238095238
1.8744999999996832,0.9846666666666667,0.9998095238095238
1.8749999999996834,0.9846666666666667,0.9998095238095238
1.8754999999996835,0.9846666666666667,0.9998095238095238
1.8759999999996833,0.9846666666666667,0.9998095238095238
1.876499999999683,0.9846666666666667,0.9998095238095238
1.8769999999996831,0.9846666666666667,0.9998095238095238
1.8774999999996833,0.9846666666666667,0.9998095238095238
1.877999999999683,0.9846666666666667,0.9998095238095238
1.8784999999996828,0.9846666666666667,0.9998095238095238
1.878999999999683,0.9846666666666667,0.9998095238095238
1.879499999999683,0.9846666666666667,0.9998095238095238
1.8799999999996828,0.9846666666666667,0.9998095238095238
1.8804999999996825,0.9846666666666667,0.9998095238095238
1.8809999999996827,0.9846666666666667,0.9998095238095238
1.8814999999996829,0.9846666666666667,0.9998095238095238
1.8819999999996826,0.9846666666666667,0.9998095238095238
1.8824999999996823,0.9846666666666667,0.9998095238095238
1.8829999999996825,0.9846666666666667,0.9998095238095238
1.8834999999996827,0.9846666666666667,0.9998095238095238
1.8839999999996824,0.9846666666666667,0.9998095238095238
1.884499999999682,0.9846666666666667,0.9998095238095238
1.8849999999996823,0.9846666666666667,0.9998095238095238
1.8854999999996824,0.9846666666666667,0.9998095238095238
1.8859999999996822,0.9846666666666667,0.9998095238095238
1.8864999999996819,0.9846666666666667,0.9998095238095238
1.886999999999682,0.9846666666666667,0.9998095238095238
1.8874999999996822,0.9846666666666667,0.9998095238095238
1.887999999999682,0.9846666666666667,0.9998095238095238
1.8884999999996817,0.9846666666666667,0.9998095238095238
1.8889999999996818,0.9846666666666667,0.9998095238095238
1.889499999999682,0.9846666666666667,0.9998095238095238
1.8899999999996817,0.9846666666666667,0.9998095238095238
1.8904999999996814,0.9846666666666667,0.9998095238095238
1.8909999999996816,0.9846666666666667,0.9998095238095238
1.8914999999996818,0.9846666666666667,0.9998095238095238
1.8919999999996815,0.9846666666666667,0.9998095238095238
1.8924999999996812,0.9846666666666667,0.9998095238095238
1.8929999999996814,0.9846666666666667,0.9998095238095238
1.8934999999996815,0.9846666666666667,0.9998095238095238
1.8939999999996813,0.9846666666666667,0.9998095238095238
1.894499999999681,0.9846666666666667,0.9998095238095238
1.8949999999996812,0.9846666666666667,0.9998095238095238
1.8954999999996813,0.9846666666666667,0.9998095238095238
1.895999999999681,0.9846666666666667,0.9998095238095238
1.8964999999996808,0.9846666666666667,0.9998095238095238
1.896999999999681,0.9846666666666667,0.9998095238095238
1.897499999999681,0.9846666666666667,0.9998095238095238
1.8979999999996808,0.9846666666666667,0.9998095238095238
1.8984999999996806,0.9846666666666667,0.9998095238095238
1.8989999999996807,0.9846666666666667,0.9998095238095238
1.8994999999996809,0.9846666666666667,0.9998095238095238
1.8999999999996806,0.9846666666666667,0.9998095238095238
1.9004999999996803,0.9846666666666667,0.9998095238095238
1.9009999999996805,0.9846666666666667,0.9998095238095238
1.9014999999996807,0.9846666666666667,0.9998095238095238
1.9019999999996804,0.9846666666666667,0.9998095238095238
1.9024999999996801,0.9846666666666667,0.9998095238095238
1.9029999999996803,0.9846666666666667,0.9998095238095238
1.9034999999996804,0.9846666666666667,0.9998095238095238
1.9039999999996802,0.9846666666666667,0.9998095238095238
1.90449999999968,0.9846666666666667,0.9998095238095238
1.90499999999968,0.9846666666666667,0.9998095238095238
1.9054999999996802,0.9846666666666667,0.9998095238095238
1.90599999999968,0.9846666666666667,0.9998095238095238
1.9064999999996797,0.9846666666666667,0.9998095238095238
1.9069999999996798,0.9846666666666667,0.9998095238095238
1.90749999999968,0.9846666666666667,0.9998095238095238
1.9079999999996797,0.9846666666666667,0.9998095238095238
1.9084999999996795,0.9846666666666667,0.9998095238095238
1.9089999999996796,0.9846666666666667,0.9998095238095238
1.9094999999996798,0.9846666666666667,0.9998095238095238
1.9099999999996795,0.9846666666666667,0.9998095238095238
1.9104999999996792,0.9846666666666667,0.9998095238095238
1.9109999999996794,0.9846666666666667,0.9998095238095238
1.9114999999996796,0.9846666666666667,0.9998095238095238
1.9119999999996793,0.9846666666666667,0.9998095238095238
1.912499999999679,0.9846666666666667,0.9998095238095238
1.9129999999996792,0.9846666666666667,0.9998095238095238
1.9134999999996793,0.9846666666666667,0.9998095238095238
1.913999999999679,0.9846666666666667,0.9998095238095238
1.9144999999996788,0.9846666666666667,0.9998095238095238
1.914999999999679,0.9846666666666667,0.9998095238095238
1.9154999999996791,0.9846666666666667,0.9998095238095238
1.9159999999996788,0.9846666666666667,0.9998095238095238
1.9164999999996786,0.9846666666666667,0.9998095238095238
1.9169999999996787,0.9846666666666667,0.9998095238095238
1.917499999999679,0.9846666666666667,0.9998095238095238
1.9179999999996786,0.9846666666666667,0.9998095238095238
1.9184999999996784,0.9846666666666667,0.9998095238095238
1.9189999999996785,0.9846666666666667,0.9998095238095238
1.9194999999996787,0.9846666666666667,0.9998095238095238
1.9199999999996784,0.9846666666666667,0.9998095238095238
1.9204999999996781,0.9846666666666667,0.9998095238095238
1.9209999999996783,0.9846666666666667,0.9998095238095238
1.9214999999996785,0.9846666666666667,0.9998095238095238
1.9219999999996782,0.9846666666666667,0.9998095238095238
1.922499999999678,0.9846666666666667,0.9998095238095238
1.922999999999678,0.9846666666666667,0.9998095238095238
1.9234999999996782,0.9846666666666667,0.9998095238095238
1.923999999999678,0.9846666666666667,0.9998095238095238
1.9244999999996777,0.9846666666666667,0.9998095238095238
1.9249999999996779,0.9846666666666667,0.9998095238095238
1.925499999999678,0.9846666666666667,0.9998095238095238
1.9259999999996777,0.9846666666666667,0.9998095238095238
1.9264999999996775,0.9846666666666667,0.9998095238095238
1.9269999999996776,0.9846666666666667,0.9998095238095238
1.9274999999996778,0.9846666666666667,0.9998095238095238
1.9279999999996775,0.9846666666666667,0.9998095238095238
1.9284999999996773,0.9846666666666667,0.9998095238095238
1.9289999999996774,0.9846666666666667,0.9998095238095238
1.9294999999996776,0.9846666666666667,0.9998095238095238
1.9299999999996773,0.9846666666666667,0.9998095238095238
1.930499999999677,0.9846666666666667,0.9998095238095238
1.9309999999996772,0.9846666666666667,0.9998095238095238
1.9314999999996774,0.9846666666666667,0.9998095238095238
1.931999999999677,0.9846666666666667,0.9998095238095238
1.9324999999996768,0.9846666666666667,0.9998095238095238
1.932999999999677,0.9846666666666667,0.9998095238095238
1.9334999999996771,0.9846666666666667,0.9998095238095238
1.9339999999996769,0.9846666666666667,0.9998095238095238
1.9344999999996766,0.9846666666666667,0.9998095238095238
1.9349999999996768,0.9846666666666667,0.9998095238095238
1.935499999999677,0.9846666666666667,0.9998095238095238
1.9359999999996766,0.9846666666666667,0.9998095238095238
1.9364999999996764,0.9846666666666667,0.9998095238095238
1.9369999999996765,0.9846666666666667,0.9998095238095238
1.9374999999996767,0.9846666666666667,0.9998095238095238
1.9379999999996764,0.9846666666666667,0.9998095238095238
1.9384999999996761,0.9846666666666667,0.9998095238095238
1.9389999999996763,0.9846666666666667,0.9998095238095238
1.9394999999996765,0.9846666666666667,0.9998095238095238
1.9399999999996762,0.9846666666666667,0.9998095238095238
1.940499999999676,0.9846666666666667,0.9998095238095238
1.940999999999676,0.9846666666666667,0.9998095238095238
1.9414999999996763,0.9846666666666667,0.9998095238095238
1.941999999999676,0.9846666666666667,0.9998095238095238
1.9424999999996757,0.9846666666666667,0.9998095238095238
1.9429999999996759,0.9846666666666667,0.9998095238095238
1.943499999999676,0.9846666666666667,0.9998095238095238
1.9439999999996758,0.9846666666666667,0.9998095238095238
1.9444999999996755,0.9846666666666667,0.9998095238095238
1.9449999999996757,0.9846666666666667,0.9998095238095238
1.9454999999996758,0.9846666666666667,0.9998095238095238
1.9459999999996755,0.9846666666666667,0.9998095238095238
1.9464999999996753,0.9846666666666667,0.9998095238095238
1.9469999999996754,0.9846666666666667,0.9998095238095238
1.9474999999996756,0.9846666666666667,0.9998095238095238
1.9479999999996753,0.9846666666666667,0.9998095238095238
1.948499999999675,0.9846666666666667,0.9998095238095238
1.9489999999996752,0.9846666666666667,0.9998095238095238
1.9494999999996754,0.9846666666666667,0.9998095238095238
1.949999999999675,0.9846666666666667,0.9998095238095238
1.9504999999996748,0.9846666666666667,0.9998095238095238
1.950999999999675,0.9846666666666667,0.9998095238095238
1.9514999999996752,0.9846666666666667,0.9998095238095238
1.9519999999996749,0.9846666666666667,0.9998095238095238
1.9524999999996746,0.9846666666666667,0.9998095238095238
1.9529999999996748,0.9846666666666667,0.9998095238095238
1.953499999999675,0.9846666666666667,0.9998095238095238
1.9539999999996747,0.9846666666666667,0.9998095238095238
1.9544999999996744,0.9846666666666667,0.9998095238095238
1.9549999999996746,0.9846666666666667,0.9998095238095238
1.9554999999996747,0.9846666666666667,0.9998095238095238
1.9559999999996744,0.9846666666666667,0.9998095238095238
1.9564999999996742,0.9846666666666667,0.9998095238095238
1.9569999999996743,0.9846666666666667,0.9998095238095238
1.9574999999996745,0.9846666666666667,0.9998095238095238
1.9579999999996742,0.9846666666666667,0.9998095238095238
1.958499999999674,0.9846666666666667,0.9998095238095238
1.9589999999996741,0.9846666666666667,0.9998095238095238
1.9594999999996743,0.9846666666666667,0.9998095238095238
1.959999999999674,0.9846666666666667,0.9998095238095238
1.9604999999996737,0.9846666666666667,0.9998095238095238
1.960999999999674,0.9846666666666667,0.9998095238095238
1.961499999999674,0.9846666666666667,0.9998095238095238
1.9619999999996738,0.9846666666666667,0.9998095238095238
1.9624999999996735,0.9846666666666667,0.9998095238095238
1.9629999999996737,0.9846666666666667,0.9998095238095238
1.9634999999996738,0.9846666666666667,0.9998095238095238
1.9639999999996736,0.9846666666666667,0.9998095238095238
1.9644999999996733,0.9846666666666667,0.9998095238095238
1.9649999999996735,0.9846666666666667,0.9998095238095238
1.9654999999996736,0.9846666666666667,0.9998095238095238
1.9659999999996733,0.9846666666666667,0.9998095238095238
1.966499999999673,0.9846666666666667,0.9998095238095238
1.9669999999996732,0.9846666666666667,0.9998095238095238
1.9674999999996734,0.9846666666666667,0.9998095238095238
1.9679999999996731,0.9846666666666667,0.9998095238095238
1.9684999999996728,0.9846666666666667,0.9998095238095238
1.968999999999673,0.9846666666666667,0.9998095238095238
1.9694999999996732,0.9846666666666667,0.9998095238095238
1.969999999999673,0.9846666666666667,0.9998095238095238
1.9704999999996726,0.9846666666666667,0.9998095238095238
1.9709999999996728,0.9846666666666667,0.9998095238095238
1.971499999999673,0.9846666666666667,0.9998095238095238
1.9719999999996727,0.9846666666666667,0.9998095238095238
1.9724999999996724,0.9846666666666667,0.9998095238095238
1.9729999999996726,0.9846666666666667,0.9998095238095238
1.9734999999996727,0.9846666666666667,0.9998095238095238
1.9739999999996725,0.9846666666666667,0.9998095238095238
1.9744999999996722,0.9846666666666667,0.9998095238095238
1.9749999999996724,0.9846666666666667,0.9998095238095238
1.9754999999996725,0.9846666666666667,0.9998095238095238
1.9759999999996722,0.9846666666666667,0.9998095238095238
1.976499999999672,0.9846666666666667,0.9998095238095238
1.9769999999996721,0.9846666666666667,0.9998095238095238
1.9774999999996723,0.9846666666666667,0.9998095238095238
1.977999999999672,0.9846666666666667,0.9998095238095238
1.9784999999996717,0.9846666666666667,0.9998095238095238
1.978999999999672,0.9846666666666667,0.9998095238095238
1.979499999999672,0.9846666666666667,0.9998095238095238
1.9799999999996718,0.9846666666666667,0.9998095238095238
1.9804999999996715,0.9846666666666667,0.9998095238095238
1.9809999999996717,0.9846666666666667,0.9998095238095238
1.9814999999996719,0.9846666666666667,0.9998095238095238
1.9819999999996716,0.9846666666666667,0.9998095238095238
1.9824999999996713,0.9846666666666667,0.9998095238095238
1.9829999999996715,0.9846666666666667,0.9998095238095238
1.9834999999996716,0.9846666666666667,0.9998095238095238
1.9839999999996714,0.9846666666666667,0.9998095238095238
1.984499999999671,0.9846666666666667,0.9998095238095238
1.9849999999996712,0.9846666666666667,0.9998095238095238
1.9854999999996714,0.9846666666666667,0.9998095238095238
1.9859999999996711,0.9846666666666667,0.9998095238095238
1.9864999999996709,0.9846666666666667,0.9998095238095238
1.986999999999671,0.9846666666666667,0.9998095238095238
1.9874999999996712,0.9846666666666667,0.9998095238095238
1.987999999999671,0.9846666666666667,0.9998095238095238
1.9884999999996706,0.9846666666666667,0.9998095238095238
1.9889999999996708,0.9846666666666667,0.9998095238095238
1.989499999999671,0.9846666666666667,0.9998095238095238
1.9899999999996707,0.9846666666666667,0.9998095238095238
1.9904999999996704,0.9846666666666667,0.9998095238095238
1.9909999999996706,0.9846666666666667,0.9998095238095238
1.9914999999996708,0.9846666666666667,0.9998095238095238
1.9919999999996705,0.9846666666666667,0.9998095238095238
1.9924999999996702,0.9846666666666667,0.9998095238095238
1.9929999999996704,0.9846666666666667,0.9998095238095238
1.9934999999996705,0.9846666666666667,0.9998095238095238
1.9939999999996703,0.9846666666666667,0.9998095238095238
1.99449999999967,0.9846666666666667,0.9998095238095238
1.9949999999996701,0.9846666666666667,0.9998095238095238
1.9954999999996703,0.9846666666666667,0.9998095238095238
1.99599999999967,0.9846666666666667,0.9998095238095238
1.9964999999996698,0.9846666666666667,0.9998095238095238
1.99699999999967,0.9846666666666667,0.9998095238095238
1.99749999999967,0.9846666666666667,0.9998095238095238
1.9979999999996698,0.9846666666666667,0.9998095238095238
1.9984999999996695,0.9846666666666667,0.9998095238095238
1.9989999999996697,0.9846666666666667,0.9998095238095238
1.9994999999996699,0.9846666666666667,0.9998095238095238
1.9999999999996696,0.9846666666666667,0.9998095238095238
2.0004999999996693,0.9846666666666667,0.9998095238095238
2.0009999999996695,0.9846666666666667,0.9998095238095238
2.0014999999996697,0.9846666666666667,0.9998095238095238
2.0019999999996694,0.9846666666666667,0.9998095238095238
2.002499999999669,0.9846666666666667,0.9998095238095238
2.0029999999996693,0.9846666666666667,0.9998095238095238
2.0034999999996694,0.9846666666666667,0.9998095238095238
2.003999999999669,0.9846666666666667,0.9998095238095238
2.004499999999669,0.9846666666666667,0.9998095238095238
2.004999999999669,0.9846666666666667,0.9998095238095238
2.005499999999669,0.9846666666666667,0.9998095238095238
2.005999999999669,0.9846666666666667,0.9998095238095238
2.0064999999996687,0.9846666666666667,0.9998095238095238
2.006999999999669,0.9846666666666667,0.9998095238095238
2.007499999999669,0.9846666666666667,0.9998095238095238
2.0079999999996687,0.9846666666666667,0.9998095238095238
2.0084999999996684,0.9846666666666667,0.9998095238095238
2.0089999999996686,0.9846666666666667,0.9998095238095238
2.0094999999996688,0.9846666666666667,0.9998095238095238
2.0099999999996685,0.9846666666666667,0.9998095238095238
2.010499999999668,0.9846666666666667,0.9998095238095238
2.0109999999996684,0.9846666666666667,0.9998095238095238
2.0114999999996686,0.9846666666666667,0.9998095238095238
2.0119999999996683,0.9846666666666667,0.9998095238095238
2.012499999999668,0.9846666666666667,0.9998095238095238
2.012999999999668,0.9846666666666667,0.9998095238095238
2.0134999999996683,0.9846666666666667,0.9998095238095238
2.013999999999668,0.9846666666666667,0.9998095238095238
2.014499999999668,0.9846666666666667,0.9998095238095238
2.014999999999668,0.9846666666666667,0.9998095238095238
2.015499999999668,0.9846666666666667,0.9998095238095238
2.015999999999668,0.9846666666666667,0.9998095238095238
2.0164999999996676,0.9846666666666667,0.9998095238095238
2.0169999999996677,0.9846666666666667,0.9998095238095238
2.017499999999668,0.9846666666666667,0.9998095238095238
2.0179999999996676,0.9846666666666667,0.9998095238095238
2.0184999999996673,0.9846666666666667,0.9998095238095238
2.0189999999996675,0.9846666666666667,0.9998095238095238
2.0194999999996677,0.9846666666666667,0.9998095238095238
2.0199999999996674,0.9846666666666667,0.9998095238095238
2.020499999999667,0.9846666666666667,0.9998095238095238
2.0209999999996673,0.9846666666666667,0.9998095238095238
2.0214999999996675,0.9846666666666667,0.9998095238095238
2.021999999999667,0.9846666666666667,0.9998095238095238
2.022499999999667,0.9846666666666667,0.9998095238095238
2.022999999999667,0.9846666666666667,0.9998095238095238
2.0234999999996672,0.9846666666666667,0.9998095238095238
2.023999999999667,0.9846666666666667,0.9998095238095238
2.0244999999996667,0.9846666666666667,0.9998095238095238
2.024999999999667,0.9846666666666667,0.9998095238095238
2.025499999999667,0.9846666666666667,0.9998095238095238
2.0259999999996667,0.9846666666666667,0.9998095238095238
2.0264999999996665,0.9846666666666667,0.9998095238095238
2.0269999999996666,0.9846666666666667,0.9998095238095238
2.027499999999667,0.9846666666666667,0.9998095238095238
2.0279999999996665,0.9846666666666667,0.9998095238095238
2.0284999999996662,0.9846666666666667,0.9998095238095238
2.0289999999996664,0.9846666666666667,0.9998095238095238
2.0294999999996666,0.9846666666666667,0.9998095238095238
2.0299999999996663,0.9846666666666667,0.9998095238095238
2.030499999999666,0.9846666666666667,0.9998095238095238
2.030999999999666,0.9846666666666667,0.9998095238095238
2.0314999999996664,0.9846666666666667,0.9998095238095238
2.031999999999666,0.9846666666666667,0.9998095238095238
2.032499999999666,0.9846666666666667,0.9998095238095238
2.032999999999666,0.9846666666666667,0.9998095238095238
2.033499999999666,0.9846666666666667,0.9998095238095238
2.033999999999666,0.9846666666666667,0.9998095238095238
2.0344999999996656,0.9846666666666667,0.9998095238095238
2.0349999999996657,0.9846666666666667,0.9998095238095238
2.035499999999666,0.9846666666666667,0.9998095238095238
2.0359999999996656,0.9846666666666667,0.9998095238095238
2.0364999999996654,0.9846666666666667,0.9998095238095238
2.0369999999996655,0.9846666666666667,0.9998095238095238
2.0374999999996657,0.9846666666666667,0.9998095238095238
2.0379999999996654,0.9846666666666667,0.9998095238095238
2.038499999999665,0.9846666666666667,0.9998095238095238
2.0389999999996653,0.9846666666666667,0.9998095238095238
2.0394999999996655,0.9846666666666667,0.9998095238095238
2.039999999999665,0.9846666666666667,0.9998095238095238
2.040499999999665,0.9846666666666667,0.9998095238095238
2.040999999999665,0.9846666666666667,0.9998095238095238
2.0414999999996652,0.9846666666666667,0.9998095238095238
2.041999999999665,0.9846666666666667,0.9998095238095238
2.0424999999996647,0.9846666666666667,0.9998095238095238
2.042999999999665,0.9846666666666667,0.9998095238095238
2.043499999999665,0.9846666666666667,0.9998095238095238
2.0439999999996648,0.9846666666666667,0.9998095238095238
2.0444999999996645,0.9846666666666667,0.9998095238095238
2.0449999999996646,0.9846666666666667,0.9998095238095238
2.045499999999665,0.9846666666666667,0.9998095238095238
2.0459999999996645,0.9846666666666667,0.9998095238095238
2.0464999999996643,0.9846666666666667,0.9998095238095238
2.0469999999996644,0.9846666666666667,0.9998095238095238
2.0474999999996646,0.9846666666666667,0.9998095238095238
2.0479999999996643,0.9846666666666667,0.9998095238095238
2.048499999999664,0.9846666666666667,0.9998095238095238
2.048999999999664,0.9846666666666667,0.9998095238095238
2.0494999999996644,0.9846666666666667,0.9998095238095238
2.049999999999664,0.9846666666666667,0.9998095238095238
2.050499999999664,0.9846666666666667,0.9998095238095238
2.050999999999664,0.9846666666666667,0.9998095238095238
2.051499999999664,0.9846666666666667,0.9998095238095238
2.051999999999664,0.9846666666666667,0.9998095238095238
2.0524999999996636,0.9846666666666667,0.9998095238095238
2.0529999999996638,0.9846666666666667,0.9998095238095238
2.053499999999664,0.9846666666666667,0.9998095238095238
2.0539999999996637,0.9846666666666667,0.9998095238095238
2.0544999999996634,0.9846666666666667,0.9998095238095238
2.0549999999996635,0.9846666666666667,0.9998095238095238
2.0554999999996637,0.9846666666666667,0.9998095238095238
2.0559999999996634,0.9846666666666667,0.9998095238095238
2.056499999999663,0.9846666666666667,0.9998095238095238
2.0569999999996633,0.9846666666666667,0.9998095238095238
2.0574999999996635,0.9846666666666667,0.9998095238095238
2.057999999999663,0.9846666666666667,0.9998095238095238
2.058499999999663,0.9846666666666667,0.9998095238095238
2.058999999999663,0.9846666666666667,0.9998095238095238
2.0594999999996633,0.9846666666666667,0.9998095238095238
2.059999999999663,0.9846666666666667,0.9998095238095238
2.0604999999996627,0.9846666666666667,0.9998095238095238
2.060999999999663,0.9846666666666667,0.9998095238095238
2.061499999999663,0.9846666666666667,0.9998095238095238
2.0619999999996628,0.9846666666666667,0.9998095238095238
2.0624999999996625,0.9846666666666667,0.9998095238095238
2.0629999999996627,0.9846666666666667,0.9998095238095238
2.063499999999663,0.9846666666666667,0.9998095238095238
2.0639999999996625,0.9846666666666667,0.9998095238095238
2.0644999999996623,0.9846666666666667,0.9998095238095238
2.0649999999996624,0.9846666666666667,0.9998095238095238
2.0654999999996626,0.9846666666666667,0.9998095238095238
2.0659999999996623,0.9846666666666667,0.9998095238095238
2.066499999999662,0.9846666666666667,0.9998095238095238
2.066999999999662,0.9846666666666667,0.9998095238095238
2.0674999999996624,0.9846666666666667,0.9998095238095238
2.067999999999662,0.9846666666666667,0.9998095238095238
2.068499999999662,0.9846666666666667,0.9998095238095238
2.068999999999662,0.9846666666666667,0.9998095238095238
2.069499999999662,0.9846666666666667,0.9998095238095238
2.069999999999662,0.9846666666666667,0.9998095238095238
2.0704999999996616,0.9846666666666667,0.9998095238095238
2.070999999999662,0.9846666666666667,0.9998095238095238
2.071499999999662,0.9846666666666667,0.9998095238095238
2.0719999999996617,0.9846666666666667,0.9998095238095238
2.0724999999996614,0.9846666666666667,0.9998095238095238
2.0729999999996616,0.9846666666666667,0.9998095238095238
2.0734999999996617,0.9846666666666667,0.9998095238095238
2.0739999999996614,0.9846666666666667,0.9998095238095238
2.074499999999661,0.9846666666666667,0.9998095238095238
2.0749999999996613,0.9846666666666667,0.9998095238095238
2.0754999999996615,0.9846666666666667,0.9998095238095238
2.0759999999996612,0.9846666666666667,0.9998095238095238
2.076499999999661,0.9846666666666667,0.9998095238095238
2.076999999999661,0.9846666666666667,0.9998095238095238
2.0774999999996613,0.9846666666666667,0.9998095238095238
2.077999999999661,0.9846666666666667,0.9998095238095238
2.0784999999996607,0.9846666666666667,0.9998095238095238
2.078999999999661,0.9846666666666667,0.9998095238095238
2.079499999999661,0.9846666666666667,0.9998095238095238
2.079999999999661,0.9846666666666667,0.9998095238095238
2.0804999999996605,0.9846666666666667,0.9998095238095238
2.0809999999996607,0.9846666666666667,0.9998095238095238
2.081499999999661,0.9846666666666667,0.9998095238095238
2.0819999999996606,0.9846666666666667,0.9998095238095238
2.0824999999996603,0.9846666666666667,0.9998095238095238
2.0829999999996605,0.9846666666666667,0.9998095238095238
2.0834999999996606,0.9846666666666667,0.9998095238095238
2.0839999999996603,0.9846666666666667,0.9998095238095238
2.08449999999966,0.9846666666666667,0.9998095238095238
2.0849999999996602,0.9846666666666667,0.9998095238095238
2.0854999999996604,0.9846666666666667,0.9998095238095238
2.08599999999966,0.9846666666666667,0.9998095238095238
2.08649999999966,0.9846666666666667,0.9998095238095238
2.08699999999966,0.9846666666666667,0.9998095238095238
2.08749999999966,0.9846666666666667,0.9998095238095238
2.08799999999966,0.9846666666666667,0.9998095238095238
2.0884999999996596,0.9846666666666667,0.9998095238095238
2.08899999999966,0.9846666666666667,0.9998095238095238
2.08949999999966,0.9846666666666667,0.9998095238095238
2.0899999999996597,0.9846666666666667,0.9998095238095238
2.0904999999996594,0.9846666666666667,0.9998095238095238
2.0909999999996596,0.9846666666666667,0.9998095238095238
2.0914999999996597,0.9846666666666667,0.9998095238095238
2.0919999999996595,0.9846666666666667,0.9998095238095238
2.092499999999659,0.9846666666666667,0.9998095238095238
2.0929999999996594,0.9846666666666667,0.9998095238095238
2.0934999999996595,0.9846666666666667,0.9998095238095238
2.0939999999996592,0.9846666666666667,0.9998095238095238
2.094499999999659,0.9846666666666667,0.9998095238095238
2.094999999999659,0.9846666666666667,0.9998095238095238
2.0954999999996593,0.9846666666666667,0.9998095238095238
2.095999999999659,0.9846666666666667,0.9998095238095238
2.0964999999996587,0.9846666666666667,0.9998095238095238
2.096999999999659,0.9846666666666667,0.9998095238095238
2.097499999999659,0.9846666666666667,0.9998095238095238
2.097999999999659,0.9846666666666667,0.9998095238095238
2.0984999999996585,0.9846666666666667,0.9998095238095238
2.0989999999996587,0.9846666666666667,0.9998095238095238
2.099499999999659,0.9846666666666667,0.9998095238095238
2.0999999999996586,0.9846666666666667,0.9998095238095238
2.1004999999996583,0.9846666666666667,0.9998095238095238
2.1009999999996585,0.9846666666666667,0.9998095238095238
2.1014999999996586,0.9846666666666667,0.9998095238095238
2.1019999999996584,0.9846666666666667,0.9998095238095238
2.102499999999658,0.9846666666666667,0.9998095238095238
2.1029999999996583,0.9846666666666667,0.9998095238095238
2.1034999999996584,0.9846666666666667,0.9998095238095238
2.103999999999658,0.9846666666666667,0.9998095238095238
2.104499999999658,0.9846666666666667,0.9998095238095238
2.104999999999658,0.9846666666666667,0.9998095238095238
2.105499999999658,0.9846666666666667,0.9998095238095238
2.105999999999658,0.9846666666666667,0.9998095238095238
2.1064999999996576,0.9846666666666667,0.9998095238095238
2.106999999999658,0.9846666666666667,0.9998095238095238
2.107499999999658,0.9846666666666667,0.9998095238095238
2.1079999999996577,0.9846666666666667,0.9998095238095238
2.1084999999996574,0.9846666666666667,0.9998095238095238
2.1089999999996576,0.9846666666666667,0.9998095238095238
2.1094999999996578,0.9846666666666667,0.9998095238095238
2.1099999999996575,0.9846666666666667,0.9998095238095238
2.110499999999657,0.9846666666666667,0.9998095238095238
2.1109999999996574,0.9846666666666667,0.9998095238095238
2.1114999999996575,0.9846666666666667,0.9998095238095238
2.1119999999996573,0.9846666666666667,0.9998095238095238
2.112499999999657,0.9846666666666667,0.9998095238095238
2.112999999999657,0.9846666666666667,0.9998095238095238
2.1134999999996573,0.9846666666666667,0.9998095238095238
2.113999999999657,0.9846666666666667,0.9998095238095238
2.1144999999996568,0.9846666666666667,0.9998095238095238
2.114999999999657,0.9846666666666667,0.9998095238095238
2.115499999999657,0.9846666666666667,0.9998095238095238
2.115999999999657,0.9846666666666667,0.9998095238095238
2.1164999999996565,0.9846666666666667,0.9998095238095238
2.1169999999996567,0.9846666666666667,0.9998095238095238
2.117499999999657,0.9846666666666667,0.9998095238095238
2.1179999999996566,0.9846666666666667,0.9998095238095238
2.1184999999996563,0.9846666666666667,0.9998095238095238
2.1189999999996565,0.9846666666666667,0.9998095238095238
2.1194999999996567,0.9846666666666667,0.9998095238095238
2.1199999999996564,0.9846666666666667,0.9998095238095238
2.120499999999656,0.9846666666666667,0.9998095238095238
2.1209999999996563,0.9846666666666667,0.9998095238095238
2.1214999999996564,0.9846666666666667,0.9998095238095238
2.121999999999656,0.9846666666666667,0.9998095238095238
2.122499999999656,0.9846666666666667,0.9998095238095238
2.122999999999656,0.9846666666666667,0.9998095238095238
2.123499999999656,0.9846666666666667,0.9998095238095238
2.123999999999656,0.9846666666666667,0.9998095238095238
2.1244999999996557,0.9846666666666667,0.9998095238095238
2.124999999999656,0.9846666666666667,0.9998095238095238
2.125499999999656,0.9846666666666667,0.9998095238095238
2.1259999999996557,0.9846666666666667,0.9998095238095238
2.1264999999996554,0.9846666666666667,0.9998095238095238
2.1269999999996556,0.9846666666666667,0.9998095238095238
2.1274999999996558,0.9846666666666667,0.9998095238095238
2.1279999999996555,0.9846666666666667,0.9998095238095238
2.1284999999996552,0.9846666666666667,0.9998095238095238
2.1289999999996554,0.9846666666666667,0.9998095238095238
2.1294999999996556,0.9846666666666667,0.9998095238095238
2.1299999999996553,0.9846666666666667,0.9998095238095238
2.130499999999655,0.9846666666666667,0.9998095238095238
2.130999999999655,0.9846666666666667,0.9998095238095238
2.1314999999996553,0.9846666666666667,0.9998095238095238
2.131999999999655,0.9846666666666667,0.9998095238095238
2.132499999999655,0.9846666666666667,0.9998095238095238
2.132999999999655,0.9846666666666667,0.9998095238095238
2.133499999999655,0.9846666666666667,0.9998095238095238
2.133999999999655,0.9846666666666667,0.9998095238095238
2.1344999999996546,0.9846666666666667,0.9998095238095238
2.1349999999996547,0.9846666666666667,0.9998095238095238
2.135499999999655,0.9846666666666667,0.9998095238095238
2.1359999999996546,0.9846666666666667,0.9998095238095238
2.1364999999996543,0.9846666666666667,0.9998095238095238
2.1369999999996545,0.9846666666666667,0.9998095238095238
2.1374999999996547,0.9846666666666667,0.9998095238095238
2.1379999999996544,0.9846666666666667,0.9998095238095238
2.138499999999654,0.9846666666666667,0.9998095238095238
2.1389999999996543,0.9846666666666667,0.9998095238095238
2.1394999999996545,0.9846666666666667,0.9998095238095238
2.139999999999654,0.9846666666666667,0.9998095238095238
2.140499999999654,0.9846666666666667,0.9998095238095238
2.140999999999654,0.9846666666666667,0.9998095238095238
2.1414999999996542,0.9846666666666667,0.9998095238095238
2.141999999999654,0.9846666666666667,0.9998095238095238
2.1424999999996537,0.9846666666666667,0.9998095238095238
2.142999999999654,0.9846666666666667,0.9998095238095238
2.143499999999654,0.9846666666666667,0.9998095238095238
2.1439999999996537,0.9846666666666667,0.9998095238095238
2.1444999999996535,0.9846666666666667,0.9998095238095238
2.1449999999996536,0.9846666666666667,0.9998095238095238
2.145499999999654,0.9846666666666667,0.9998095238095238
2.1459999999996535,0.9846666666666667,0.9998095238095238
2.1464999999996532,0.9846666666666667,0.9998095238095238
2.1469999999996534,0.9846666666666667,0.9998095238095238
2.1474999999996536,0.9846666666666667,0.9998095238095238
2.1479999999996533,0.9846666666666667,0.9998095238095238
2.148499999999653,0.9846666666666667,0.9998095238095238
2.148999999999653,0.9846666666666667,0.9998095238095238
2.1494999999996534,0.9846666666666667,0.9998095238095238
2.149999999999653,0.9846666666666667,0.9998095238095238
2.150499999999653,0.9846666666666667,0.9998095238095238
2.150999999999653,0.9846666666666667,0.9998095238095238
2.151499999999653,0.9846666666666667,0.9998095238095238
2.151999999999653,0.9846666666666667,0.9998095238095238
2.1524999999996526,0.9846666666666667,0.9998095238095238
2.1529999999996527,0.9846666666666667,0.9998095238095238
2.153499999999653,0.9846666666666667,0.9998095238095238
2.1539999999996526,0.9846666666666667,0.9998095238095238
2.1544999999996524,0.9846666666666667,0.9998095238095238
2.1549999999996525,0.9846666666666667,0.9998095238095238
2.1554999999996527,0.9846666666666667,0.9998095238095238
2.1559999999996524,0.9846666666666667,0.9998095238095238
2.156499999999652,0.9846666666666667,0.9998095238095238
2.1569999999996523,0.9846666666666667,0.9998095238095238
2.1574999999996525,0.9846666666666667,0.9998095238095238
2.157999999999652,0.9846666666666667,0.9998095238095238
2.158499999999652,0.9846666666666667,0.9998095238095238
2.158999999999652,0.9846666666666667,0.9998095238095238
2.1594999999996523,0.9846666666666667,0.9998095238095238
2.159999999999652,0.9846666666666667,0.9998095238095238
2.1604999999996517,0.9846666666666667,0.9998095238095238
2.160999999999652,0.9846666666666667,0.9998095238095238
2.161499999999652,0.9846666666666667,0.9998095238095238
2.1619999999996518,0.9846666666666667,0.9998095238095238
2.1624999999996515,0.9846666666666667,0.9998095238095238
2.1629999999996516,0.9846666666666667,0.9998095238095238
2.163499999999652,0.9846666666666667,0.9998095238095238
2.1639999999996515,0.9846666666666667,0.9998095238095238
2.1644999999996513,0.9846666666666667,0.9998095238095238
2.1649999999996514,0.9846666666666667,0.9998095238095238
2.1654999999996516,0.9846666666666667,0.9998095238095238
2.1659999999996513,0.9846666666666667,0.9998095238095238
2.166499999999651,0.9846666666666667,0.9998095238095238
2.166999999999651,0.9846666666666667,0.9998095238095238
2.1674999999996514,0.9846666666666667,0.9998095238095238
2.167999999999651,0.9846666666666667,0.9998095238095238
2.168499999999651,0.9846666666666667,0.9998095238095238
2.168999999999651,0.9846666666666667,0.9998095238095238
2.169499999999651,0.9846666666666667,0.9998095238095238
2.169999999999651,0.9846666666666667,0.9998095238095238
2.1704999999996506,0.9846666666666667,0.9998095238095238
2.1709999999996508,0.9846666666666667,0.9998095238095238
2.171499999999651,0.9846666666666667,0.9998095238095238
2.1719999999996507,0.9846666666666667,0.9998095238095238
2.1724999999996504,0.9846666666666667,0.9998095238095238
2.1729999999996505,0.9846666666666667,0.9998095238095238
2.1734999999996507,0.9846666666666667,0.9998095238095238
2.1739999999996504,0.9846666666666667,0.9998095238095238
2.17449999999965,0.9846666666666667,0.9998095238095238
2.1749999999996503,0.9846666666666667,0.9998095238095238
2.1754999999996505,0.9846666666666667,0.9998095238095238
2.17599999999965,0.9846666666666667,0.9998095238095238
2.17649999999965,0.9846666666666667,0.9998095238095238
2.17699999999965,0.9846666666666667,0.9998095238095238
2.1774999999996503,0.9846666666666667,0.9998095238095238
2.17799999999965,0.9846666666666667,0.9998095238095238
2.1784999999996497,0.9846666666666667,0.9998095238095238
2.17899999999965,0.9846666666666667,0.9998095238095238
2.17949999999965,0.9846666666666667,0.9998095238095238
2.1799999999996498,0.9846666666666667,0.9998095238095238
2.1804999999996495,0.9846666666666667,0.9998095238095238
2.1809999999996497,0.9846666666666667,0.9998095238095238
2.18149999999965,0.9846666666666667,0.9998095238095238
2.1819999999996496,0.9846666666666667,0.9998095238095238
2.1824999999996493,0.9846666666666667,0.9998095238095238
2.1829999999996494,0.9846666666666667,0.9998095238095238
2.1834999999996496,0.9846666666666667,0.9998095238095238
2.1839999999996493,0.9846666666666667,0.9998095238095238
2.184499999999649,0.9846666666666667,0.9998095238095238
2.1849999999996492,0.9846666666666667,0.9998095238095238
2.1854999999996494,0.9846666666666667,0.9998095238095238
2.185999999999649,0.9846666666666667,0.9998095238095238
2.186499999999649,0.9846666666666667,0.9998095238095238
2.186999999999649,0.9846666666666667,0.9998095238095238
2.187499999999649,0.9846666666666667,0.9998095238095238
2.187999999999649,0.9846666666666667,0.9998095238095238
2.1884999999996486,0.9846666666666667,0.9998095238095238
2.188999999999649,0.9846666666666667,0.9998095238095238
2.189499999999649,0.9846666666666667,0.9998095238095238
2.1899999999996487,0.9846666666666667,0.9998095238095238
2.1904999999996484,0.9846666666666667,0.9998095238095238
2.1909999999996486,0.9846666666666667,0.9998095238095238
2.1914999999996487,0.9846666666666667,0.9998095238095238
2.1919999999996485,0.9846666666666667,0.9998095238095238
2.192499999999648,0.9846666666666667,0.9998095238095238
2.1929999999996483,0.9846666666666667,0.9998095238095238
2.1934999999996485,0.9846666666666667,0.9998095238095238
2.1939999999996482,0.9846666666666667,0.9998095238095238
2.194499999999648,0.9846666666666667,0.9998095238095238
2.194999999999648,0.9846666666666667,0.9998095238095238
2.1954999999996483,0.9846666666666667,0.9998095238095238
2.195999999999648,0.9846666666666667,0.9998095238095238
2.1964999999996477,0.9846666666666667,0.9998095238095238
2.196999999999648,0.9846666666666667,0.9998095238095238
2.197499999999648,0.9846666666666667,0.9998095238095238
2.197999999999648,0.9846666666666667,0.9998095238095238
2.1984999999996475,0.9846666666666667,0.9998095238095238
2.1989999999996477,0.9846666666666667,0.9998095238095238
2.199499999999648,0.9846666666666667,0.9998095238095238
2.1999999999996476,0.9846666666666667,0.9998095238095238
2.2004999999996473,0.9846666666666667,0.9998095238095238
2.2009999999996475,0.9846666666666667,0.9998095238095238
2.2014999999996476,0.9846666666666667,0.9998095238095238
2.2019999999996474,0.9846666666666667,0.9998095238095238
2.202499999999647,0.9846666666666667,0.9998095238095238
2.2029999999996472,0.9846666666666667,0.9998095238095238
2.2034999999996474,0.9846666666666667,0.9998095238095238
2.203999999999647,0.9846666666666667,0.9998095238095238
2.204499999999647,0.9846666666666667,0.9998095238095238
2.204999999999647,0.9846666666666667,0.9998095238095238
2.205499999999647,0.9846666666666667,0.9998095238095238
2.205999999999647,0.9846666666666667,0.9998095238095238
2.2064999999996466,0.9846666666666667,0.9998095238095238
2.206999999999647,0.9846666666666667,0.9998095238095238
2.207499999999647,0.9846666666666667,0.9998095238095238
2.2079999999996467,0.9846666666666667,0.9998095238095238
2.2084999999996464,0.9846666666666667,0.9998095238095238
2.2089999999996466,0.9846666666666667,0.9998095238095238
2.2094999999996467,0.9846666666666667,0.9998095238095238
2.2099999999996465,0.9846666666666667,0.9998095238095238
2.210499999999646,0.9846666666666667,0.9998095238095238
2.2109999999996464,0.9846666666666667,0.9998095238095238
2.2114999999996465,0.9846666666666667,0.9998095238095238
2.2119999999996462,0.9846666666666667,0.9998095238095238
2.212499999999646,0.9846666666666667,0.9998095238095238
2.212999999999646,0.9846666666666667,0.9998095238095238
2.2134999999996463,0.9846666666666667,0.9998095238095238
2.213999999999646,0.9846666666666667,0.9998095238095238
2.2144999999996458,0.9846666666666667,0.9998095238095238
2.214999999999646,0.9846666666666667,0.9998095238095238
2.215499999999646,0.9846666666666667,0.9998095238095238
2.215999999999646,0.9846666666666667,0.9998095238095238
2.2164999999996455,0.9846666666666667,0.9998095238095238
2.2169999999996457,0.9846666666666667,0.9998095238095238
2.217499999999646,0.9846666666666667,0.9998095238095238
2.2179999999996456,0.9846666666666667,0.9998095238095238
2.2184999999996453,0.9846666666666667,0.9998095238095238
2.2189999999996455,0.9846666666666667,0.9998095238095238
2.2194999999996456,0.9846666666666667,0.9998095238095238
2.2199999999996454,0.9846666666666667,0.9998095238095238
2.220499999999645,0.9846666666666667,0.9998095238095238
2.2209999999996453,0.9846666666666667,0.9998095238095238
2.2214999999996454,0.9846666666666667,0.9998095238095238
2.221999999999645,0.9846666666666667,0.9998095238095238
2.222499999999645,0.9846666666666667,0.9998095238095238
2.222999999999645,0.9846666666666667,0.9998095238095238
2.223499999999645,0.9846666666666667,0.9998095238095238
2.223999999999645,0.9846666666666667,0.9998095238095238
2.2244999999996447,0.9846666666666667,0.9998095238095238
2.224999999999645,0.9846666666666667,0.9998095238095238
2.225499999999645,0.9846666666666667,0.9998095238095238
2.2259999999996447,0.9846666666666667,0.9998095238095238
2.2264999999996444,0.9846666666666667,0.9998095238095238
2.2269999999996446,0.9846666666666667,0.9998095238095238
2.2274999999996448,0.9846666666666667,0.9998095238095238
2.2279999999996445,0.9846666666666667,0.9998095238095238
2.228499999999644,0.9846666666666667,0.9998095238095238
2.2289999999996444,0.9846666666666667,0.9998095238095238
2.2294999999996445,0.9846666666666667,0.9998095238095238
2.2299999999996443,0.9846666666666667,0.9998095238095238
2.230499999999644,0.9846666666666667,0.9998095238095238
2.230999999999644,0.9846666666666667,0.9998095238095238
2.2314999999996443,0.9846666666666667,0.9998095238095238
2.231999999999644,0.9846666666666667,0.9998095238095238
2.2324999999996438,0.9846666666666667,0.9998095238095238
2.232999999999644,0.9846666666666667,0.9998095238095238
2.233499999999644,0.9846666666666667,0.9998095238095238
2.233999999999644,0.9846666666666667,0.9998095238095238
2.2344999999996435,0.9846666666666667,0.9998095238095238
2.2349999999996437,0.9846666666666667,0.9998095238095238
2.235499999999644,0.9846666666666667,0.9998095238095238
2.2359999999996436,0.9846666666666667,0.9998095238095238
2.2364999999996433,0.9846666666666667,0.9998095238095238
2.2369999999996435,0.9846666666666667,0.9998095238095238
2.2374999999996437,0.9846666666666667,0.9998095238095238
2.2379999999996434,0.9846666666666667,0.9998095238095238
2.238499999999643,0.9846666666666667,0.9998095238095238
2.2389999999996433,0.9846666666666667,0.9998095238095238
2.2394999999996434,0.9846666666666667,0.9998095238095238
2.239999999999643,0.9846666666666667,0.9998095238095238
2.240499999999643,0.9846666666666667,0.9998095238095238
2.240999999999643,0.9846666666666667,0.9998095238095238
2.2414999999996432,0.9846666666666667,0.9998095238095238
2.241999999999643,0.9846666666666667,0.9998095238095238
2.2424999999996427,0.9846666666666667,0.9998095238095238
2.242999999999643,0.9846666666666667,0.9998095238095238
2.243499999999643,0.9846666666666667,0.9998095238095238
2.2439999999996427,0.9846666666666667,0.9998095238095238
2.2444999999996424,0.9846666666666667,0.9998095238095238
2.2449999999996426,0.9846666666666667,0.9998095238095238
2.245499999999643,0.9846666666666667,0.9998095238095238
2.2459999999996425,0.9846666666666667,0.9998095238095238
2.2464999999996422,0.9846666666666667,0.9998095238095238
2.2469999999996424,0.9846666666666667,0.9998095238095238
2.2474999999996426,0.9846666666666667,0.9998095238095238
2.2479999999996423,0.9846666666666667,0.9998095238095238
2.248499999999642,0.9846666666666667,0.9998095238095238
2.248999999999642,0.9846666666666667,0.9998095238095238
2.2494999999996423,0.9846666666666667,0.9998095238095238
2.249999999999642,0.9846666666666667,0.9998095238095238
2.250499999999642,0.9846666666666667,0.9998095238095238
2.250999999999642,0.9846666666666667,0.9998095238095238
2.251499999999642,0.9846666666666667,0.9998095238095238
2.251999999999642,0.9846666666666667,0.9998095238095238
2.2524999999996416,0.9846666666666667,0.9998095238095238
2.2529999999996417,0.9846666666666667,0.9998095238095238
2.253499999999642,0.9846666666666667,0.9998095238095238
2.2539999999996416,0.9846666666666667,0.9998095238095238
2.2544999999996413,0.9846666666666667,0.9998095238095238
2.2549999999996415,0.9846666666666667,0.9998095238095238
2.2554999999996417,0.9846666666666667,0.9998095238095238
2.2559999999996414,0.9846666666666667,0.9998095238095238
2.256499999999641,0.9846666666666667,0.9998095238095238
2.2569999999996413,0.9846666666666667,0.9998095238095238
2.2574999999996415,0.9846666666666667,0.9998095238095238
2.257999999999641,0.9846666666666667,0.9998095238095238
2.258499999999641,0.9846666666666667,0.9998095238095238
2.258999999999641,0.9846666666666667,0.9998095238095238
2.2594999999996412,0.9846666666666667,0.9998095238095238
2.259999999999641,0.9846666666666667,0.9998095238095238
2.2604999999996407,0.9846666666666667,0.9998095238095238
2.260999999999641,0.9846666666666667,0.9998095238095238
2.261499999999641,0.9846666666666667,0.9998095238095238
2.2619999999996407,0.9846666666666667,0.9998095238095238
2.2624999999996405,0.9846666666666667,0.9998095238095238
2.2629999999996406,0.9846666666666667,0.9998095238095238
2.263499999999641,0.9846666666666667,0.9998095238095238
2.2639999999996405,0.9846666666666667,0.9998095238095238
2.2644999999996402,0.9846666666666667,0.9998095238095238
2.2649999999996404,0.9846666666666667,0.9998095238095238
2.2654999999996406,0.9846666666666667,0.9998095238095238
2.2659999999996403,0.9846666666666667,0.9998095238095238
2.26649999999964,0.9846666666666667,0.9998095238095238
2.26699999999964,0.9846666666666667,0.9998095238095238
2.2674999999996404,0.9846666666666667,0.9998095238095238
2.26799999999964,0.9846666666666667,0.9998095238095238
2.26849999999964,0.9846666666666667,0.9998095238095238
2.26899999999964,0.9846666666666667,0.9998095238095238
2.26949999999964,0.9846666666666667,0.9998095238095238
2.26999999999964,0.9846666666666667,0.9998095238095238
2.2704999999996396,0.9846666666666667,0.9998095238095238
2.2709999999996398,0.9846666666666667,0.9998095238095238
2.27149999999964,0.9846666666666667,0.9998095238095238
2.2719999999996396,0.9846666666666667,0.9998095238095238
2.2724999999996394,0.9846666666666667,0.9998095238095238
2.2729999999996395,0.9846666666666667,0.9998095238095238
2.2734999999996397,0.9846666666666667,0.9998095238095238
2.2739999999996394,0.9846666666666667,0.9998095238095238
2.274499999999639,0.9846666666666667,0.9998095238095238
2.2749999999996393,0.9846666666666667,0.9998095238095238
2.2754999999996395,0.9846666666666667,0.9998095238095238
2.275999999999639,0.9846666666666667,0.9998095238095238
2.276499999999639,0.9846666666666667,0.9998095238095238
2.276999999999639,0.9846666666666667,0.9998095238095238
2.2774999999996393,0.9846666666666667,0.9998095238095238
2.277999999999639,0.9846666666666667,0.9998095238095238
2.2784999999996387,0.9846666666666667,0.9998095238095238
2.278999999999639,0.9846666666666667,0.9998095238095238
2.279499999999639,0.9846666666666667,0.9998095238095238
2.2799999999996388,0.9846666666666667,0.9998095238095238
2.2804999999996385,0.9846666666666667,0.9998095238095238
2.2809999999996386,0.9846666666666667,0.9998095238095238
2.281499999999639,0.9846666666666667,0.9998095238095238
2.2819999999996385,0.9846666666666667,0.9998095238095238
2.2824999999996383,0.9846666666666667,0.9998095238095238
2.2829999999996384,0.9846666666666667,0.9998095238095238
2.2834999999996386,0.9846666666666667,0.9998095238095238
2.2839999999996383,0.9846666666666667,0.9998095238095238
2.284499999999638,0.9846666666666667,0.9998095238095238
2.284999999999638,0.9846666666666667,0.9998095238095238
2.2854999999996384,0.9846666666666667,0.9998095238095238
2.285999999999638,0.9846666666666667,0.9998095238095238
2.286499999999638,0.9846666666666667,0.9998095238095238
2.286999999999638,0.9846666666666667,0.9998095238095238
2.287499999999638,0.9846666666666667,0.9998095238095238
2.287999999999638,0.9846666666666667,0.9998095238095238
2.2884999999996376,0.9846666666666667,0.9998095238095238
2.2889999999996378,0.9846666666666667,0.9998095238095238
2.289499999999638,0.9846666666666667,0.9998095238095238
2.2899999999996377,0.9846666666666667,0.9998095238095238
2.2904999999996374,0.9846666666666667,0.9998095238095238
2.2909999999996375,0.9846666666666667,0.9998095238095238
2.2914999999996377,0.9846666666666667,0.9998095238095238
2.2919999999996374,0.9846666666666667,0.9998095238095238
2.292499999999637,0.9846666666666667,0.9998095238095238
2.2929999999996373,0.9846666666666667,0.9998095238095238
2.2934999999996375,0.9846666666666667,0.9998095238095238
2.293999999999637,0.9846666666666667,0.9998095238095238
2.294499999999637,0.9846666666666667,0.9998095238095238
2.294999999999637,0.9846666666666667,0.9998095238095238
2.2954999999996373,0.9846666666666667,0.9998095238095238
2.295999999999637,0.9846666666666667,0.9998095238095238
2.2964999999996367,0.9846666666666667,0.9998095238095238
2.296999999999637,0.9846666666666667,0.9998095238095238
2.297499999999637,0.9846666666666667,0.9998095238095238
2.2979999999996368,0.9846666666666667,0.9998095238095238
2.2984999999996365,0.9846666666666667,0.9998095238095238
2.2989999999996367,0.9846666666666667,0.9998095238095238
2.299499999999637,0.9846666666666667,0.9998095238095238
2.2999999999996366,0.9846666666666667,0.9998095238095238
2.3004999999996363,0.9846666666666667,0.9998095238095238
2.3009999999996364,0.9846666666666667,0.9998095238095238
2.3014999999996366,0.9846666666666667,0.9998095238095238
2.3019999999996363,0.9846666666666667,0.9998095238095238
2.302499999999636,0.9846666666666667,0.9998095238095238
2.3029999999996362,0.9846666666666667,0.9998095238095238
2.3034999999996364,0.9846666666666667,0.9998095238095238
2.303999999999636,0.9846666666666667,0.9998095238095238
2.304499999999636,0.9846666666666667,0.9998095238095238
2.304999999999636,0.9846666666666667,0.9998095238095238
2.305499999999636,0.9846666666666667,0.9998095238095238
2.305999999999636,0.9846666666666667,0.9998095238095238
2.3064999999996356,0.9846666666666667,0.9998095238095238
2.306999999999636,0.9846666666666667,0.9998095238095238
2.307499999999636,0.9846666666666667,0.9998095238095238
2.3079999999996357,0.9846666666666667,0.9998095238095238
2.3084999999996354,0.9846666666666667,0.9998095238095238
2.3089999999996356,0.9846666666666667,0.9998095238095238
2.3094999999996357,0.9846666666666667,0.9998095238095238
2.3099999999996355,0.9846666666666667,0.9998095238095238
2.310499999999635,0.9846666666666667,0.9998095238095238
2.3109999999996353,0.9846666666666667,0.9998095238095238
2.3114999999996355,0.9846666666666667,0.9998095238095238
2.3119999999996352,0.9846666666666667,0.9998095238095238
2.312499999999635,0.9846666666666667,0.9998095238095238
2.312999999999635,0.9846666666666667,0.9998095238095238
2.3134999999996353,0.9846666666666667,0.9998095238095238
2.313999999999635,0.9846666666666667,0.9998095238095238
2.3144999999996347,0.9846666666666667,0.9998095238095238
2.314999999999635,0.9846666666666667,0.9998095238095238
2.315499999999635,0.9846666666666667,0.9998095238095238
2.315999999999635,0.9846666666666667,0.9998095238095238
2.3164999999996345,0.9846666666666667,0.9998095238095238
2.3169999999996347,0.9846666666666667,0.9998095238095238
2.317499999999635,0.9846666666666667,0.9998095238095238
2.3179999999996346,0.9846666666666667,0.9998095238095238
2.3184999999996343,0.9846666666666667,0.9998095238095238
2.3189999999996345,0.9846666666666667,0.9998095238095238
2.3194999999996346,0.9846666666666667,0.9998095238095238
2.3199999999996344,0.9846666666666667,0.9998095238095238
2.320499999999634,0.9846666666666667,0.9998095238095238
2.3209999999996342,0.9846666666666667,0.9998095238095238
2.3214999999996344,0.9846666666666667,0.9998095238095238
2.321999999999634,0.9846666666666667,0.9998095238095238
2.322499999999634,0.9846666666666667,0.9998095238095238
2.322999999999634,0.9846666666666667,0.9998095238095238
2.323499999999634,0.9846666666666667,0.9998095238095238
2.323999999999634,0.9846666666666667,0.9998095238095238
2.3244999999996336,0.9846666666666667,0.9998095238095238
2.324999999999634,0.9846666666666667,0.9998095238095238
2.325499999999634,0.9846666666666667,0.9998095238095238
2.3259999999996337,0.9846666666666667,0.9998095238095238
2.3264999999996334,0.9846666666666667,0.9998095238095238
2.3269999999996336,0.9846666666666667,0.9998095238095238
2.3274999999996338,0.9846666666666667,0.9998095238095238
2.3279999999996335,0.9846666666666667,0.9998095238095238
2.328499999999633,0.9846666666666667,0.9998095238095238
2.3289999999996334,0.9846666666666667,0.9998095238095238
2.3294999999996335,0.9846666666666667,0.9998095238095238
2.3299999999996333,0.9846666666666667,0.9998095238095238
2.330499999999633,0.9846666666666667,0.9998095238095238
2.330999999999633,0.9846666666666667,0.9998095238095238
2.3314999999996333,0.9846666666666667,0.9998095238095238
2.331999999999633,0.9846666666666667,0.9998095238095238
2.3324999999996328,0.9846666666666667,0.9998095238095238
2.332999999999633,0.9846666666666667,0.9998095238095238
2.333499999999633,0.9846666666666667,0.9998095238095238
2.333999999999633,0.9846666666666667,0.9998095238095238
2.3344999999996325,0.9846666666666667,0.9998095238095238
2.3349999999996327,0.9846666666666667,0.9998095238095238
2.335499999999633,0.9846666666666667,0.9998095238095238
2.3359999999996326,0.9846666666666667,0.9998095238095238
2.3364999999996323,0.9846666666666667,0.9998095238095238
2.3369999999996325,0.9846666666666667,0.9998095238095238
2.3374999999996326,0.9846666666666667,0.9998095238095238
2.3379999999996324,0.9846666666666667,0.9998095238095238
2.338499999999632,0.9846666666666667,0.9998095238095238
2.3389999999996323,0.9846666666666667,0.9998095238095238
2.3394999999996324,0.9846666666666667,0.9998095238095238
2.339999999999632,0.9846666666666667,0.9998095238095238
2.340499999999632,0.9846666666666667,0.9998095238095238
2.340999999999632,0.9846666666666667,0.9998095238095238
2.341499999999632,0.9846666666666667,0.9998095238095238
2.341999999999632,0.9846666666666667,0.9998095238095238
2.3424999999996317,0.9846666666666667,0.9998095238095238
2.342999999999632,0.9846666666666667,0.9998095238095238
2.343499999999632,0.9846666666666667,0.9998095238095238
2.3439999999996317,0.9846666666666667,0.9998095238095238
2.3444999999996314,0.9846666666666667,0.9998095238095238
2.3449999999996316,0.9846666666666667,0.9998095238095238
2.3454999999996318,0.9846666666666667,0.9998095238095238
2.3459999999996315,0.9846666666666667,0.9998095238095238
2.346499999999631,0.9846666666666667,0.9998095238095238
2.3469999999996314,0.9846666666666667,0.9998095238095238
2.3474999999996315,0.9846666666666667,0.9998095238095238
2.3479999999996313,0.9846666666666667,0.9998095238095238
2.348499999999631,0.9846666666666667,0.9998095238095238
2.348999999999631,0.9846666666666667,0.9998095238095238
2.3494999999996313,0.9846666666666667,0.9998095238095238
2.349999999999631,0.9846666666666667,0.9998095238095238
2.3504999999996308,0.9846666666666667,0.9998095238095238
2.350999999999631,0.9846666666666667,0.9998095238095238
2.351499999999631,0.9846666666666667,0.9998095238095238
2.351999999999631,0.9846666666666667,0.9998095238095238
2.3524999999996306,0.9846666666666667,0.9998095238095238
2.3529999999996307,0.9846666666666667,0.9998095238095238
2.353499999999631,0.9846666666666667,0.9998095238095238
2.3539999999996306,0.9846666666666667,0.9998095238095238
2.3544999999996303,0.9846666666666667,0.9998095238095238
2.3549999999996305,0.9846666666666667,0.9998095238095238
2.3554999999996307,0.9846666666666667,0.9998095238095238
2.3559999999996304,0.9846666666666667,0.9998095238095238
2.35649999999963,0.9846666666666667,0.9998095238095238
2.3569999999996303,0.9846666666666667,0.9998095238095238
2.3574999999996304,0.9846666666666667,0.9998095238095238
2.35799999999963,0.9846666666666667,0.9998095238095238
2.35849999999963,0.9846666666666667,0.9998095238095238
2.35899999999963,0.9846666666666667,0.9998095238095238
2.3594999999996302,0.9846666666666667,0.9998095238095238
2.35999999999963,0.9846666666666667,0.9998095238095238
2.3604999999996297,0.9846666666666667,0.9998095238095238
2.36099999999963,0.9846666666666667,0.9998095238095238
2.36149999999963,0.9846666666666667,0.9998095238095238
2.3619999999996297,0.9846666666666667,0.9998095238095238
2.3624999999996295,0.9846666666666667,0.9998095238095238
2.3629999999996296,0.9846666666666667,0.9998095238095238
2.36349999999963,0.9846666666666667,0.9998095238095238
2.3639999999996295,0.9846666666666667,0.9998095238095238
2.3644999999996292,0.9846666666666667,0.9998095238095238
2.3649999999996294,0.9846666666666667,0.9998095238095238
2.3654999999996296,0.9846666666666667,0.9998095238095238
2.3659999999996293,0.9846666666666667,0.9998095238095238
2.366499999999629,0.9846666666666667,0.9998095238095238
2.366999999999629,0.9846666666666667,0.9998095238095238
2.3674999999996293,0.9846666666666667,0.9998095238095238
2.367999999999629,0.9846666666666667,0.9998095238095238
2.368499999999629,0.9846666666666667,0.9998095238095238
2.368999999999629,0.9846666666666667,0.9998095238095238
2.369499999999629,0.9846666666666667,0.9998095238095238
2.369999999999629,0.9846666666666667,0.9998095238095238
2.3704999999996286,0.9846666666666667,0.9998095238095238
2.3709999999996287,0.9846666666666667,0.9998095238095238
2.371499999999629,0.9846666666666667,0.9998095238095238
2.3719999999996286,0.9846666666666667,0.9998095238095238
2.3724999999996284,0.9846666666666667,0.9998095238095238
2.3729999999996285,0.9846666666666667,0.9998095238095238
2.3734999999996287,0.9846666666666667,0.9998095238095238
2.3739999999996284,0.9846666666666667,0.9998095238095238
2.374499999999628,0.9846666666666667,0.9998095238095238
2.3749999999996283,0.9846666666666667,0.9998095238095238
2.3754999999996285,0.9846666666666667,0.9998095238095238
2.375999999999628,0.9846666666666667,0.9998095238095238
2.376499999999628,0.9846666666666667,0.9998095238095238
2.376999999999628,0.9846666666666667,0.9998095238095238
2.3774999999996282,0.9846666666666667,0.9998095238095238
2.377999999999628,0.9846666666666667,0.9998095238095238
2.3784999999996277,0.9846666666666667,0.9998095238095238
2.378999999999628,0.9846666666666667,0.9998095238095238
2.379499999999628,0.9846666666666667,0.9998095238095238
2.3799999999996277,0.9846666666666667,0.9998095238095238
2.3804999999996275,0.9846666666666667,0.9998095238095238
2.3809999999996276,0.9846666666666667,0.9998095238095238
2.381499999999628,0.9846666666666667,0.9998095238095238
2.3819999999996275,0.9846666666666667,0.9998095238095238
2.3824999999996272,0.9846666666666667,0.9998095238095238
2.3829999999996274,0.9846666666666667,0.9998095238095238
2.3834999999996276,0.9846666666666667,0.9998095238095238
2.3839999999996273,0.9846666666666667,0.9998095238095238
2.384499999999627,0.9846666666666667,0.9998095238095238
2.384999999999627,0.9846666666666667,0.9998095238095238
2.3854999999996274,0.9846666666666667,0.9998095238095238
2.385999999999627,0.9846666666666667,0.9998095238095238
2.386499999999627,0.9846666666666667,0.9998095238095238
2.386999999999627,0.9846666666666667,0.9998095238095238
2.387499999999627,0.9846666666666667,0.9998095238095238
2.387999999999627,0.9846666666666667,0.9998095238095238
2.3884999999996266,0.9846666666666667,0.9998095238095238
2.3889999999996268,0.9846666666666667,0.9998095238095238
2.389499999999627,0.9846666666666667,0.9998095238095238
2.3899999999996266,0.9846666666666667,0.9998095238095238
2.3904999999996264,0.9846666666666667,0.9998095238095238
2.3909999999996265,0.9846666666666667,0.9998095238095238
2.3914999999996267,0.9846666666666667,0.9998095238095238
2.3919999999996264,0.9846666666666667,0.9998095238095238
2.392499999999626,0.9846666666666667,0.9998095238095238
2.3929999999996263,0.9846666666666667,0.9998095238095238
2.3934999999996265,0.9846666666666667,0.9998095238095238
2.393999999999626,0.9846666666666667,0.9998095238095238
2.394499999999626,0.9846666666666667,0.9998095238095238
2.394999999999626,0.9846666666666667,0.9998095238095238
2.3954999999996263,0.9846666666666667,0.9998095238095238
2.395999999999626,0.9846666666666667,0.9998095238095238
2.3964999999996257,0.9846666666666667,0.9998095238095238
2.396999999999626,0.9846666666666667,0.9998095238095238
2.397499999999626,0.9846666666666667,0.9998095238095238
2.3979999999996258,0.9846666666666667,0.9998095238095238
2.3984999999996255,0.9846666666666667,0.9998095238095238
2.3989999999996257,0.9846666666666667,0.9998095238095238
2.399499999999626,0.9846666666666667,0.9998095238095238
2.3999999999996255,0.9846666666666667,0.9998095238095238
2.4004999999996253,0.9846666666666667,0.9998095238095238
2.4009999999996254,0.9846666666666667,0.9998095238095238
2.4014999999996256,0.9846666666666667,0.9998095238095238
2.4019999999996253,0.9846666666666667,0.9998095238095238
2.402499999999625,0.9846666666666667,0.9998095238095238
2.402999999999625,0.9846666666666667,0.9998095238095238
2.4034999999996254,0.9846666666666667,0.9998095238095238
2.403999999999625,0.9846666666666667,0.9998095238095238
2.404499999999625,0.9846666666666667,0.9998095238095238
2.404999999999625,0.9846666666666667,0.9998095238095238
2.405499999999625,0.9846666666666667,0.9998095238095238
2.405999999999625,0.9846666666666667,0.9998095238095238
2.4064999999996246,0.9846666666666667,0.9998095238095238
2.4069999999996248,0.9846666666666667,0.9998095238095238
2.407499999999625,0.9846666666666667,0.9998095238095238
2.4079999999996247,0.9846666666666667,0.9998095238095238
2.4084999999996244,0.9846666666666667,0.9998095238095238
2.4089999999996246,0.9846666666666667,0.9998095238095238
2.4094999999996247,0.9846666666666667,0.9998095238095238
2.4099999999996244,0.9846666666666667,0.9998095238095238
2.410499999999624,0.9846666666666667,0.9998095238095238
2.4109999999996243,0.9846666666666667,0.9998095238095238
2.4114999999996245,0.9846666666666667,0.9998095238095238
2.4119999999996242,0.9846666666666667,0.9998095238095238
2.412499999999624,0.9846666666666667,0.9998095238095238
2.412999999999624,0.9846666666666667,0.9998095238095238
2.4134999999996243,0.9846666666666667,0.9998095238095238
2.413999999999624,0.9846666666666667,0.9998095238095238
2.4144999999996237,0.9846666666666667,0.9998095238095238
2.414999999999624,0.9846666666666667,0.9998095238095238
2.415499999999624,0.9846666666666667,0.9998095238095238
2.415999999999624,0.9846666666666667,0.9998095238095238
2.4164999999996235,0.9846666666666667,0.9998095238095238
2.4169999999996237,0.9846666666666667,0.9998095238095238
2.417499999999624,0.9846666666666667,0.9998095238095238
2.4179999999996236,0.9846666666666667,0.9998095238095238
2.4184999999996233,0.9846666666666667,0.9998095238095238
2.4189999999996235,0.9846666666666667,0.9998095238095238
2.4194999999996236,0.9846666666666667,0.9998095238095238
2.4199999999996233,0.9846666666666667,0.9998095238095238
2.420499999999623,0.9846666666666667,0.9998095238095238
2.4209999999996232,0.9846666666666667,0.9998095238095238
2.4214999999996234,0.9846666666666667,0.9998095238095238
2.421999999999623,0.9846666666666667,0.9998095238095238
2.422499999999623,0.9846666666666667,0.9998095238095238
2.422999999999623,0.9846666666666667,0.9998095238095238
2.423499999999623,0.9846666666666667,0.9998095238095238
2.423999999999623,0.9846666666666667,0.9998095238095238
2.4244999999996226,0.9846666666666667,0.9998095238095238
2.424999999999623,0.9846666666666667,0.9998095238095238
2.425499999999623,0.9846666666666667,0.9998095238095238
2.4259999999996227,0.9846666666666667,0.9998095238095238
2.4264999999996224,0.9846666666666667,0.9998095238095238
2.4269999999996226,0.9846666666666667,0.9998095238095238
2.4274999999996227,0.9846666666666667,0.9998095238095238
2.4279999999996225,0.9846666666666667,0.9998095238095238
2.428499999999622,0.9846666666666667,0.9998095238095238
2.4289999999996224,0.9846666666666667,0.9998095238095238
2.4294999999996225,0.9846666666666667,0.9998095238095238
2.4299999999996222,0.9846666666666667,0.9998095238095238
2.430499999999622,0.9846666666666667,0.9998095238095238
2.430999999999622,0.9846666666666667,0.9998095238095238
2.4314999999996223,0.9846666666666667,0.9998095238095238
2.431999999999622,0.9846666666666667,0.9998095238095238
2.4324999999996217,0.9846666666666667,0.9998095238095238
2.432999999999622,0.9846666666666667,0.9998095238095238
2.433499999999622,0.9846666666666667,0.9998095238095238
2.433999999999622,0.9846666666666667,0.9998095238095238
2.4344999999996215,0.9846666666666667,0.9998095238095238
2.4349999999996217,0.9846666666666667,0.9998095238095238
2.435499999999622,0.9846666666666667,0.9998095238095238
2.4359999999996216,0.9846666666666667,0.9998095238095238
2.4364999999996213,0.9846666666666667,0.9998095238095238
2.4369999999996215,0.9846666666666667,0.9998095238095238
2.4374999999996216,0.9846666666666667,0.9998095238095238
2.4379999999996214,0.9846666666666667,0.9998095238095238
2.438499999999621,0.9846666666666667,0.9998095238095238
2.4389999999996212,0.9846666666666667,0.9998095238095238
2.4394999999996214,0.9846666666666667,0.9998095238095238
2.439999999999621,0.9846666666666667,0.9998095238095238
2.440499999999621,0.9846666666666667,0.9998095238095238
2.440999999999621,0.9846666666666667,0.9998095238095238
2.441499999999621,0.9846666666666667,0.9998095238095238
2.441999999999621,0.9846666666666667,0.9998095238095238
2.4424999999996206,0.9846666666666667,0.9998095238095238
2.442999999999621,0.9846666666666667,0.9998095238095238
2.443499999999621,0.9846666666666667,0.9998095238095238
2.4439999999996207,0.9846666666666667,0.9998095238095238
2.4444999999996204,0.9846666666666667,0.9998095238095238
2.4449999999996206,0.9846666666666667,0.9998095238095238
2.4454999999996208,0.9846666666666667,0.9998095238095238
2.4459999999996205,0.9846666666666667,0.9998095238095238
2.44649999999962,0.9846666666666667,0.9998095238095238
2.4469999999996204,0.9846666666666667,0.9998095238095238
2.4474999999996205,0.9846666666666667,0.9998095238095238
2.4479999999996203,0.9846666666666667,0.9998095238095238
2.44849999999962,0.9846666666666667,0.9998095238095238
2.44899999999962,0.9846666666666667,0.9998095238095238
2.4494999999996203,0.9846666666666667,0.9998095238095238
2.44999999999962,0.9846666666666667,0.9998095238095238
2.4504999999996198,0.9846666666666667,0.9998095238095238
2.45099999999962,0.9846666666666667,0.9998095238095238
2.45149999999962,0.9846666666666667,0.9998095238095238
2.45199999999962,0.9846666666666667,0.9998095238095238
2.4524999999996195,0.9846666666666667,0.9998095238095238
2.4529999999996197,0.9846666666666667,0.9998095238095238
2.45349999999962,0.9846666666666667,0.9998095238095238
2.4539999999996196,0.9846666666666667,0.9998095238095238
2.4544999999996193,0.9846666666666667,0.9998095238095238
2.4549999999996195,0.9846666666666667,0.9998095238095238
2.4554999999996197,0.9846666666666667,0.9998095238095238
2.4559999999996194,0.9846666666666667,0.9998095238095238
2.456499999999619,0.9846666666666667,0.9998095238095238
2.4569999999996193,0.9846666666666667,0.9998095238095238
2.4574999999996194,0.9846666666666667,0.9998095238095238
2.457999999999619,0.9846666666666667,0.9998095238095238
2.458499999999619,0.9846666666666667,0.9998095238095238
2.458999999999619,0.9846666666666667,0.9998095238095238
2.459499999999619,0.9846666666666667,0.9998095238095238
2.459999999999619,0.9846666666666667,0.9998095238095238
2.4604999999996187,0.9846666666666667,0.9998095238095238
2.460999999999619,0.9846666666666667,0.9998095238095238
2.461499999999619,0.9846666666666667,0.9998095238095238
2.4619999999996187,0.9846666666666667,0.9998095238095238
2.4624999999996184,0.9846666666666667,0.9998095238095238
2.4629999999996186,0.9846666666666667,0.9998095238095238
2.4634999999996188,0.9846666666666667,0.9998095238095238
2.4639999999996185,0.9846666666666667,0.9998095238095238
2.464499999999618,0.9846666666666667,0.9998095238095238
2.4649999999996184,0.9846666666666667,0.9998095238095238
2.4654999999996186,0.9846666666666667,0.9998095238095238
2.4659999999996183,0.9846666666666667,0.9998095238095238
2.466499999999618,0.9846666666666667,0.9998095238095238
2.466999999999618,0.9846666666666667,0.9998095238095238
2.4674999999996183,0.9846666666666667,0.9998095238095238
2.467999999999618,0.9846666666666667,0.9998095238095238
2.4684999999996178,0.9846666666666667,0.9998095238095238
2.468999999999618,0.9846666666666667,0.9998095238095238
2.469499999999618,0.9846666666666667,0.9998095238095238
2.469999999999618,0.9846666666666667,0.9998095238095238
2.4704999999996176,0.9846666666666667,0.9998095238095238
2.4709999999996177,0.9846666666666667,0.9998095238095238
2.471499999999618,0.9846666666666667,0.9998095238095238
2.4719999999996176,0.9846666666666667,0.9998095238095238
2.4724999999996173,0.9846666666666667,0.9998095238095238
2.4729999999996175,0.9846666666666667,0.9998095238095238
2.4734999999996177,0.9846666666666667,0.9998095238095238
2.4739999999996174,0.9846666666666667,0.9998095238095238
2.474499999999617,0.9846666666666667,0.9998095238095238
2.4749999999996173,0.9846666666666667,0.9998095238095238
2.4754999999996175,0.9846666666666667,0.9998095238095238
2.475999999999617,0.9846666666666667,0.9998095238095238
2.476499999999617,0.9846666666666667,0.9998095238095238
2.476999999999617,0.9846666666666667,0.9998095238095238
2.4774999999996172,0.9846666666666667,0.9998095238095238
2.477999999999617,0.9846666666666667,0.9998095238095238
2.4784999999996167,0.9846666666666667,0.9998095238095238
2.478999999999617,0.9846666666666667,0.9998095238095238
2.479499999999617,0.9846666666666667,0.9998095238095238
2.4799999999996167,0.9846666666666667,0.9998095238095238
2.4804999999996165,0.9846666666666667,0.9998095238095238
2.4809999999996166,0.9846666666666667,0.9998095238095238
2.481499999999617,0.9846666666666667,0.9998095238095238
2.4819999999996165,0.9846666666666667,0.9998095238095238
2.4824999999996162,0.9846666666666667,0.9998095238095238
2.4829999999996164,0.9846666666666667,0.9998095238095238
2.4834999999996166,0.9846666666666667,0.9998095238095238
2.4839999999996163,0.9846666666666667,0.9998095238095238
2.484499999999616,0.9846666666666667,0.9998095238095238
2.484999999999616,0.9846666666666667,0.9998095238095238
2.4854999999996163,0.9846666666666667,0.9998095238095238
2.485999999999616,0.9846666666666667,0.9998095238095238
2.486499999999616,0.9846666666666667,0.9998095238095238
2.486999999999616,0.9846666666666667,0.9998095238095238
2.487499999999616,0.9846666666666667,0.9998095238095238
2.487999999999616,0.9846666666666667,0.9998095238095238
2.4884999999996156,0.9846666666666667,0.9998095238095238
2.4889999999996157,0.9846666666666667,0.9998095238095238
2.489499999999616,0.9846666666666667,0.9998095238095238
2.4899999999996156,0.9846666666666667,0.9998095238095238
2.4904999999996154,0.9846666666666667,0.9998095238095238
2.4909999999996155,0.9846666666666667,0.9998095238095238
2.4914999999996157,0.9846666666666667,0.9998095238095238
2.4919999999996154,0.9846666666666667,0.9998095238095238
2.492499999999615,0.9846666666666667,0.9998095238095238
2.4929999999996153,0.9846666666666667,0.9998095238095238
2.4934999999996155,0.9846666666666667,0.9998095238095238
2.493999999999615,0.9846666666666667,0.9998095238095238
2.494499999999615,0.9846666666666667,0.9998095238095238
2.494999999999615,0.9846666666666667,0.9998095238095238
2.4954999999996152,0.9846666666666667,0.9998095238095238
2.495999999999615,0.9846666666666667,0.9998095238095238
2.4964999999996147,0.9846666666666667,0.9998095238095238
2.496999999999615,0.9846666666666667,0.9998095238095238
2.497499999999615,0.9846666666666667,0.9998095238095238
2.4979999999996148,0.9846666666666667,0.9998095238095238
2.4984999999996145,0.9846666666666667,0.9998095238095238
2.4989999999996146,0.9846666666666667,0.9998095238095238
2.499499999999615,0.9846666666666667,0.9998095238095238
2.4999999999996145,0.9846666666666667,0.9998095238095238
2.5004999999996143,0.9846666666666667,0.9998095238095238
2.5009999999996144,0.9846666666666667,0.9998095238095238
2.5014999999996146,0.9846666666666667,0.9998095238095238
2.5019999999996143,0.9846666666666667,0.9998095238095238
2.502499999999614,0.9846666666666667,0.9998095238095238
2.502999999999614,0.9846666666666667,0.9998095238095238
2.5034999999996144,0.9846666666666667,0.9998095238095238
2.503999999999614,0.9846666666666667,0.9998095238095238
2.504499999999614,0.9846666666666667,0.9998095238095238
2.504999999999614,0.9846666666666667,0.9998095238095238
2.505499999999614,0.9846666666666667,0.9998095238095238
2.505999999999614,0.9846666666666667,0.9998095238095238
2.5064999999996136,0.9846666666666667,0.9998095238095238
2.5069999999996138,0.9846666666666667,0.9998095238095238
2.507499999999614,0.9846666666666667,0.9998095238095238
2.5079999999996136,0.9846666666666667,0.9998095238095238
2.5084999999996134,0.9846666666666667,0.9998095238095238
2.5089999999996135,0.9846666666666667,0.9998095238095238
2.5094999999996137,0.9846666666666667,0.9998095238095238
2.5099999999996134,0.9846666666666667,0.9998095238095238
2.510499999999613,0.9846666666666667,0.9998095238095238
2.5109999999996133,0.9846666666666667,0.9998095238095238
2.5114999999996135,0.9846666666666667,0.9998095238095238
2.511999999999613,0.9846666666666667,0.9998095238095238
2.512499999999613,0.9846666666666667,0.9998095238095238
2.512999999999613,0.9846666666666667,0.9998095238095238
2.5134999999996133,0.9846666666666667,0.9998095238095238
2.513999999999613,0.9846666666666667,0.9998095238095238
2.5144999999996127,0.9846666666666667,0.9998095238095238
2.514999999999613,0.9846666666666667,0.9998095238095238
2.515499999999613,0.9846666666666667,0.9998095238095238
2.5159999999996128,0.9846666666666667,0.9998095238095238
2.5164999999996125,0.9846666666666667,0.9998095238095238
2.5169999999996127,0.9846666666666667,0.9998095238095238
2.517499999999613,0.9846666666666667,0.9998095238095238
2.5179999999996125,0.9846666666666667,0.9998095238095238
2.5184999999996123,0.9846666666666667,0.9998095238095238
2.5189999999996124,0.9846666666666667,0.9998095238095238
2.5194999999996126,0.9846666666666667,0.9998095238095238
2.5199999999996123,0.9846666666666667,0.9998095238095238
2.520499999999612,0.9846666666666667,0.9998095238095238
2.520999999999612,0.9846666666666667,0.9998095238095238
2.5214999999996124,0.9846666666666667,0.9998095238095238
2.521999999999612,0.9846666666666667,0.9998095238095238
2.522499999999612,0.9846666666666667,0.9998095238095238
2.522999999999612,0.9846666666666667,0.9998095238095238
2.523499999999612,0.9846666666666667,0.9998095238095238
2.523999999999612,0.9846666666666667,0.9998095238095238
2.5244999999996116,0.9846666666666667,0.9998095238095238
2.5249999999996118,0.9846666666666667,0.9998095238095238
2.525499999999612,0.9846666666666667,0.9998095238095238
2.5259999999996117,0.9846666666666667,0.9998095238095238
2.5264999999996114,0.9846666666666667,0.9998095238095238
2.5269999999996116,0.9846666666666667,0.9998095238095238
2.5274999999996117,0.9846666666666667,0.9998095238095238
2.5279999999996114,0.9846666666666667,0.9998095238095238
2.528499999999611,0.9846666666666667,0.9998095238095238
2.5289999999996113,0.9846666666666667,0.9998095238095238
2.5294999999996115,0.9846666666666667,0.9998095238095238
2.5299999999996112,0.9846666666666667,0.9998095238095238
2.530499999999611,0.9846666666666667,0.9998095238095238
2.530999999999611,0.9846666666666667,0.9998095238095238
2.5314999999996113,0.9846666666666667,0.9998095238095238
2.531999999999611,0.9846666666666667,0.9998095238095238
2.5324999999996107,0.9846666666666667,0.9998095238095238
2.532999999999611,0.9846666666666667,0.9998095238095238
2.533499999999611,0.9846666666666667,0.9998095238095238
2.533999999999611,0.9846666666666667,0.9998095238095238
2.5344999999996105,0.9846666666666667,0.9998095238095238
2.5349999999996107,0.9846666666666667,0.9998095238095238
2.535499999999611,0.9846666666666667,0.9998095238095238
2.5359999999996106,0.9846666666666667,0.9998095238095238
2.5364999999996103,0.9846666666666667,0.9998095238095238
2.5369999999996105,0.9846666666666667,0.9998095238095238
2.5374999999996106,0.9846666666666667,0.9998095238095238
2.5379999999996103,0.9846666666666667,0.9998095238095238
2.53849999999961,0.9846666666666667,0.9998095238095238
2.5389999999996102,0.9846666666666667,0.9998095238095238
2.5394999999996104,0.9846666666666667,0.9998095238095238
2.53999999999961,0.9846666666666667,0.9998095238095238
2.54049999999961,0.9846666666666667,0.9998095238095238
2.54099999999961,0.9846666666666667,0.9998095238095238
2.54149999999961,0.9846666666666667,0.9998095238095238
2.54199999999961,0.9846666666666667,0.9998095238095238
2.5424999999996096,0.9846666666666667,0.9998095238095238
2.54299999999961,0.9846666666666667,0.9998095238095238
2.54349999999961,0.9846666666666667,0.9998095238095238
2.5439999999996097,0.9846666666666667,0.9998095238095238
2.5444999999996094,0.9846666666666667,0.9998095238095238
2.5449999999996096,0.9846666666666667,0.9998095238095238
2.5454999999996097,0.9846666666666667,0.9998095238095238
2.5459999999996095,0.9846666666666667,0.9998095238095238
2.546499999999609,0.9846666666666667,0.9998095238095238
2.5469999999996094,0.9846666666666667,0.9998095238095238
2.5474999999996095,0.9846666666666667,0.9998095238095238
2.5479999999996092,0.9846666666666667,0.9998095238095238
2.548499999999609,0.9846666666666667,0.9998095238095238
2.548999999999609,0.9846666666666667,0.9998095238095238
2.5494999999996093,0.9846666666666667,0.9998095238095238
2.549999999999609,0.9846666666666667,0.9998095238095238
2.5504999999996087,0.9846666666666667,0.9998095238095238
2.550999999999609,0.9846666666666667,0.9998095238095238
2.551499999999609,0.9846666666666667,0.9998095238095238
2.551999999999609,0.9846666666666667,0.9998095238095238
2.5524999999996085,0.9846666666666667,0.9998095238095238
2.5529999999996087,0.9846666666666667,0.9998095238095238
2.553499999999609,0.9846666666666667,0.9998095238095238
2.5539999999996086,0.9846666666666667,0.9998095238095238
2.5544999999996083,0.9846666666666667,0.9998095238095238
2.5549999999996085,0.9846666666666667,0.9998095238095238
2.5554999999996086,0.9846666666666667,0.9998095238095238
2.5559999999996084,0.9846666666666667,0.9998095238095238
2.556499999999608,0.9846666666666667,0.9998095238095238
2.5569999999996083,0.9846666666666667,0.9998095238095238
2.5574999999996084,0.9846666666666667,0.9998095238095238
2.557999999999608,0.9846666666666667,0.9998095238095238
2.558499999999608,0.9846666666666667,0.9998095238095238
2.558999999999608,0.9846666666666667,0.9998095238095238
2.559499999999608,0.9846666666666667,0.9998095238095238
2.559999999999608,0.9846666666666667,0.9998095238095238
2.5604999999996076,0.9846666666666667,0.9998095238095238
2.560999999999608,0.9846666666666667,0.9998095238095238
2.561499999999608,0.9846666666666667,0.9998095238095238
2.5619999999996077,0.9846666666666667,0.9998095238095238
2.5624999999996074,0.9846666666666667,0.9998095238095238
2.5629999999996076,0.9846666666666667,0.9998095238095238
2.5634999999996078,0.9846666666666667,0.9998095238095238
2.5639999999996075,0.9846666666666667,0.9998095238095238
2.564499999999607,0.9846666666666667,0.9998095238095238
2.5649999999996074,0.9846666666666667,0.9998095238095238
2.5654999999996075,0.9846666666666667,0.9998095238095238
2.5659999999996073,0.9846666666666667,0.9998095238095238
2.566499999999607,0.9846666666666667,0.9998095238095238
2.566999999999607,0.9846666666666667,0.9998095238095238
2.5674999999996073,0.9846666666666667,0.9998095238095238
2.567999999999607,0.9846666666666667,0.9998095238095238
2.5684999999996068,0.9846666666666667,0.9998095238095238
2.568999999999607,0.9846666666666667,0.9998095238095238
2.569499999999607,0.9846666666666667,0.9998095238095238
2.569999999999607,0.9846666666666667,0.9998095238095238
2.5704999999996065,0.9846666666666667,0.9998095238095238
2.5709999999996067,0.9846666666666667,0.9998095238095238
2.571499999999607,0.9846666666666667,0.9998095238095238
2.5719999999996066,0.9846666666666667,0.9998095238095238
2.5724999999996063,0.9846666666666667,0.9998095238095238
2.5729999999996065,0.9846666666666667,0.9998095238095238
2.5734999999996067,0.9846666666666667,0.9998095238095238
2.5739999999996064,0.9846666666666667,0.9998095238095238
2.574499999999606,0.9846666666666667,0.9998095238095238
2.5749999999996063,0.9846666666666667,0.9998095238095238
2.5754999999996064,0.9846666666666667,0.9998095238095238
2.575999999999606,0.9846666666666667,0.9998095238095238
2.576499999999606,0.9846666666666667,0.9998095238095238
2.576999999999606,0.9846666666666667,0.9998095238095238
2.577499999999606,0.9846666666666667,0.9998095238095238
2.577999999999606,0.9846666666666667,0.9998095238095238
2.5784999999996057,0.9846666666666667,0.9998095238095238
2.578999999999606,0.9846666666666667,0.9998095238095238
2.579499999999606,0.9846666666666667,0.9998095238095238
2.5799999999996057,0.9846666666666667,0.9998095238095238
2.5804999999996054,0.9846666666666667,0.9998095238095238
2.5809999999996056,0.9846666666666667,0.9998095238095238
2.5814999999996058,0.9846666666666667,0.9998095238095238
2.5819999999996055,0.9846666666666667,0.9998095238095238
2.5824999999996052,0.9846666666666667,0.9998095238095238
2.5829999999996054,0.9846666666666667,0.9998095238095238
2.5834999999996056,0.9846666666666667,0.9998095238095238
2.5839999999996053,0.9846666666666667,0.9998095238095238
2.584499999999605,0.9846666666666667,0.9998095238095238
2.584999999999605,0.9846666666666667,0.9998095238095238
2.5854999999996053,0.9846666666666667,0.9998095238095238
2.585999999999605,0.9846666666666667,0.9998095238095238
2.586499999999605,0.9846666666666667,0.9998095238095238
2.586999999999605,0.9846666666666667,0.9998095238095238
2.587499999999605,0.9846666666666667,0.9998095238095238
2.587999999999605,0.9846666666666667,0.9998095238095238
2.5884999999996046,0.9846666666666667,0.9998095238095238
2.5889999999996047,0.9846666666666667,0.9998095238095238
2.589499999999605,0.9846666666666667,0.9998095238095238
2.5899999999996046,0.9846666666666667,0.9998095238095238
2.5904999999996043,0.9846666666666667,0.9998095238095238
2.5909999999996045,0.9846666666666667,0.9998095238095238
2.5914999999996047,0.9846666666666667,0.9998095238095238
2.5919999999996044,0.9846666666666667,0.9998095238095238
2.592499999999604,0.9846666666666667,0.9998095238095238
2.5929999999996043,0.9846666666666667,0.9998095238095238
2.5934999999996045,0.9846666666666667,0.9998095238095238
2.593999999999604,0.9846666666666667,0.9998095238095238
2.594499999999604,0.9846666666666667,0.9998095238095238
2.594999999999604,0.9846666666666667,0.9998095238095238
2.5954999999996042,0.9846666666666667,0.9998095238095238
2.595999999999604,0.9846666666666667,0.9998095238095238
2.5964999999996037,0.9846666666666667,0.9998095238095238
2.596999999999604,0.9846666666666667,0.9998095238095238
2.597499999999604,0.9846666666666667,0.9998095238095238
2.5979999999996037,0.9846666666666667,0.9998095238095238
2.5984999999996035,0.9846666666666667,0.9998095238095238
2.5989999999996036,0.9846666666666667,0.9998095238095238
2.599499999999604,0.9846666666666667,0.9998095238095238
2.5999999999996035,0.9846666666666667,0.9998095238095238
2.6004999999996032,0.9846666666666667,0.9998095238095238
2.6009999999996034,0.9846666666666667,0.9998095238095238
2.6014999999996036,0.9846666666666667,0.9998095238095238
2.6019999999996033,0.9846666666666667,0.9998095238095238
2.602499999999603,0.9846666666666667,0.9998095238095238
2.602999999999603,0.9846666666666667,0.9998095238095238
2.6034999999996034,0.9846666666666667,0.9998095238095238
2.603999999999603,0.9846666666666667,0.9998095238095238
2.604499999999603,0.9846666666666667,0.9998095238095238
2.604999999999603,0.9846666666666667,0.9998095238095238
2.605499999999603,0.9846666666666667,0.9998095238095238
2.605999999999603,0.9846666666666667,0.9998095238095238
2.6064999999996026,0.9846666666666667,0.9998095238095238
2.6069999999996027,0.9846666666666667,0.9998095238095238
2.607499999999603,0.9846666666666667,0.9998095238095238
2.6079999999996026,0.9846666666666667,0.9998095238095238
2.6084999999996024,0.9846666666666667,0.9998095238095238
2.6089999999996025,0.9846666666666667,0.9998095238095238
2.6094999999996027,0.9846666666666667,0.9998095238095238
2.6099999999996024,0.9846666666666667,0.9998095238095238
2.610499999999602,0.9846666666666667,0.9998095238095238
2.6109999999996023,0.9846666666666667,0.9998095238095238
2.6114999999996025,0.9846666666666667,0.9998095238095238
2.611999999999602,0.9846666666666667,0.9998095238095238
2.612499999999602,0.9846666666666667,0.9998095238095238
2.612999999999602,0.9846666666666667,0.9998095238095238
2.6134999999996023,0.9846666666666667,0.9998095238095238
2.613999999999602,0.9846666666666667,0.9998095238095238
2.6144999999996017,0.9846666666666667,0.9998095238095238
2.614999999999602,0.9846666666666667,0.9998095238095238
2.615499999999602,0.9846666666666667,0.9998095238095238
2.6159999999996018,0.9846666666666667,0.9998095238095238
2.6164999999996015,0.9846666666666667,0.9998095238095238
2.6169999999996016,0.9846666666666667,0.9998095238095238
2.617499999999602,0.9846666666666667,0.9998095238095238
2.6179999999996015,0.9846666666666667,0.9998095238095238
2.6184999999996013,0.9846666666666667,0.9998095238095238
2.6189999999996014,0.9846666666666667,0.9998095238095238
2.6194999999996016,0.9846666666666667,0.9998095238095238
2.6199999999996013,0.9846666666666667,0.9998095238095238
2.620499999999601,0.9846666666666667,0.9998095238095238
2.620999999999601,0.9846666666666667,0.9998095238095238
2.6214999999996014,0.9846666666666667,0.9998095238095238
2.621999999999601,0.9846666666666667,0.9998095238095238
2.622499999999601,0.9846666666666667,0.9998095238095238
2.622999999999601,0.9846666666666667,0.9998095238095238
2.623499999999601,0.9846666666666667,0.9998095238095238
2.623999999999601,0.9846666666666667,0.9998095238095238
2.6244999999996006,0.9846666666666667,0.9998095238095238
2.6249999999996008,0.9846666666666667,0.9998095238095238
2.625499999999601,0.9846666666666667,0.9998095238095238
2.6259999999996007,0.9846666666666667,0.9998095238095238
2.6264999999996004,0.9846666666666667,0.9998095238095238
2.6269999999996005,0.9846666666666667,0.9998095238095238
2.6274999999996007,0.9846666666666667,0.9998095238095238
2.6279999999996004,0.9846666666666667,0.9998095238095238
2.6284999999996,0.9846666666666667,0.9998095238095238
2.6289999999996003,0.9846666666666667,0.9998095238095238
2.6294999999996005,0.9846666666666667,0.9998095238095238
2.6299999999996,0.9846666666666667,0.9998095238095238
2.6304999999996,0.9846666666666667,0.9998095238095238
2.6309999999996,0.9846666666666667,0.9998095238095238
2.6314999999996003,0.9846666666666667,0.9998095238095238
2.6319999999996,0.9846666666666667,0.9998095238095238
2.6324999999995997,0.9846666666666667,0.9998095238095238
2.6329999999996,0.9846666666666667,0.9998095238095238
2.6334999999996,0.9846666666666667,0.9998095238095238
2.6339999999995998,0.9846666666666667,0.9998095238095238
2.6344999999995995,0.9846666666666667,0.9998095238095238
2.6349999999995997,0.9846666666666667,0.9998095238095238
2.6354999999996,0.9846666666666667,0.9998095238095238
2.6359999999995996,0.9846666666666667,0.9998095238095238
2.6364999999995993,0.9846666666666667,0.9998095238095238
2.6369999999995994,0.9846666666666667,0.9998095238095238
2.6374999999995996,0.9846666666666667,0.9998095238095238
2.6379999999995993,0.9846666666666667,0.9998095238095238
2.638499999999599,0.9846666666666667,0.9998095238095238
2.638999999999599,0.9846666666666667,0.9998095238095238
2.6394999999995994,0.9846666666666667,0.9998095238095238
2.639999999999599,0.9846666666666667,0.9998095238095238
2.640499999999599,0.9846666666666667,0.9998095238095238
2.640999999999599,0.9846666666666667,0.9998095238095238
2.641499999999599,0.9846666666666667,0.9998095238095238
2.641999999999599,0.9846666666666667,0.9998095238095238
2.6424999999995986,0.9846666666666667,0.9998095238095238
2.642999999999599,0.9846666666666667,0.9998095238095238
2.643499999999599,0.9846666666666667,0.9998095238095238
2.6439999999995987,0.9846666666666667,0.9998095238095238
2.6444999999995984,0.9846666666666667,0.9998095238095238
2.6449999999995986,0.9846666666666667,0.9998095238095238
2.6454999999995987,0.9846666666666667,0.9998095238095238
2.6459999999995985,0.9846666666666667,0.9998095238095238
2.646499999999598,0.9846666666666667,0.9998095238095238
2.6469999999995983,0.9846666666666667,0.9998095238095238
2.6474999999995985,0.9846666666666667,0.9998095238095238
2.6479999999995982,0.9846666666666667,0.9998095238095238
2.648499999999598,0.9846666666666667,0.9998095238095238
2.648999999999598,0.9846666666666667,0.9998095238095238
2.6494999999995983,0.9846666666666667,0.9998095238095238
2.649999999999598,0.9846666666666667,0.9998095238095238
2.6504999999995977,0.9846666666666667,0.9998095238095238
2.650999999999598,0.9846666666666667,0.9998095238095238
2.651499999999598,0.9846666666666667,0.9998095238095238
2.651999999999598,0.9846666666666667,0.9998095238095238
2.6524999999995975,0.9846666666666667,0.9998095238095238
2.6529999999995977,0.9846666666666667,0.9998095238095238
2.653499999999598,0.9846666666666667,0.9998095238095238
2.6539999999995976,0.9846666666666667,0.9998095238095238
2.6544999999995973,0.9846666666666667,0.9998095238095238
2.6549999999995975,0.9846666666666667,0.9998095238095238
2.6554999999995976,0.9846666666666667,0.9998095238095238
2.6559999999995973,0.9846666666666667,0.9998095238095238
2.656499999999597,0.9846666666666667,0.9998095238095238
2.6569999999995972,0.9846666666666667,0.9998095238095238
2.6574999999995974,0.9846666666666667,0.9998095238095238
2.657999999999597,0.9846666666666667,0.9998095238095238
2.658499999999597,0.9846666666666667,0.9998095238095238
2.658999999999597,0.9846666666666667,0.9998095238095238
2.659499999999597,0.9846666666666667,0.9998095238095238
2.659999999999597,0.9846666666666667,0.9998095238095238
2.6604999999995966,0.9846666666666667,0.9998095238095238
2.660999999999597,0.9846666666666667,0.9998095238095238
2.661499999999597,0.9846666666666667,0.9998095238095238
2.6619999999995967,0.9846666666666667,0.9998095238095238
2.6624999999995964,0.9846666666666667,0.9998095238095238
2.6629999999995966,0.9846666666666667,0.9998095238095238
2.6634999999995967,0.9846666666666667,0.9998095238095238
2.6639999999995965,0.9846666666666667,0.9998095238095238
2.664499999999596,0.9846666666666667,0.9998095238095238
2.6649999999995964,0.9846666666666667,0.9998095238095238
2.6654999999995965,0.9846666666666667,0.9998095238095238
2.6659999999995962,0.9846666666666667,0.9998095238095238
2.666499999999596,0.9846666666666667,0.9998095238095238
2.666999999999596,0.9846666666666667,0.9998095238095238
2.6674999999995963,0.9846666666666667,0.9998095238095238
2.667999999999596,0.9846666666666667,0.9998095238095238
2.6684999999995958,0.9846666666666667,0.9998095238095238
2.668999999999596,0.9846666666666667,0.9998095238095238
2.669499999999596,0.9846666666666667,0.9998095238095238
2.669999999999596,0.9846666666666667,0.9998095238095238
2.6704999999995955,0.9846666666666667,0.9998095238095238
2.6709999999995957,0.9846666666666667,0.9998095238095238
2.671499999999596,0.9846666666666667,0.9998095238095238
2.6719999999995956,0.9846666666666667,0.9998095238095238
2.6724999999995953,0.9846666666666667,0.9998095238095238
2.6729999999995955,0.9846666666666667,0.9998095238095238
2.6734999999995956,0.9846666666666667,0.9998095238095238
2.6739999999995954,0.9846666666666667,0.9998095238095238
2.674499999999595,0.9846666666666667,0.9998095238095238
2.6749999999995953,0.9846666666666667,0.9998095238095238
2.6754999999995954,0.9846666666666667,0.9998095238095238
2.675999999999595,0.9846666666666667,0.9998095238095238
2.676499999999595,0.9846666666666667,0.9998095238095238
2.676999999999595,0.9846666666666667,0.9998095238095238
2.677499999999595,0.9846666666666667,0.9998095238095238
2.677999999999595,0.9846666666666667,0.9998095238095238
2.6784999999995946,0.9846666666666667,0.9998095238095238
2.678999999999595,0.9846666666666667,0.9998095238095238
2.679499999999595,0.9846666666666667,0.9998095238095238
2.6799999999995947,0.9846666666666667,0.9998095238095238
2.6804999999995944,0.9846666666666667,0.9998095238095238
2.6809999999995946,0.9846666666666667,0.9998095238095238
2.6814999999995948,0.9846666666666667,0.9998095238095238
2.6819999999995945,0.9846666666666667,0.9998095238095238
2.682499999999594,0.9846666666666667,0.9998095238095238
2.6829999999995944,0.9846666666666667,0.9998095238095238
2.6834999999995945,0.9846666666666667,0.9998095238095238
2.6839999999995943,0.9846666666666667,0.9998095238095238
2.684499999999594,0.9846666666666667,0.9998095238095238
2.684999999999594,0.9846666666666667,0.9998095238095238
2.6854999999995943,0.9846666666666667,0.9998095238095238
2.685999999999594,0.9846666666666667,0.9998095238095238
2.6864999999995938,0.9846666666666667,0.9998095238095238
2.686999999999594,0.9846666666666667,0.9998095238095238
2.687499999999594,0.9846666666666667,0.9998095238095238
2.687999999999594,0.9846666666666667,0.9998095238095238
2.6884999999995935,0.9846666666666667,0.9998095238095238
2.6889999999995937,0.9846666666666667,0.9998095238095238
2.689499999999594,0.9846666666666667,0.9998095238095238
2.6899999999995936,0.9846666666666667,0.9998095238095238
2.6904999999995933,0.9846666666666667,0.9998095238095238
2.6909999999995935,0.9846666666666667,0.9998095238095238
2.6914999999995937,0.9846666666666667,0.9998095238095238
2.6919999999995934,0.9846666666666667,0.9998095238095238
2.692499999999593,0.9846666666666667,0.9998095238095238
2.6929999999995933,0.9846666666666667,0.9998095238095238
2.6934999999995934,0.9846666666666667,0.9998095238095238
2.693999999999593,0.9846666666666667,0.9998095238095238
2.694499999999593,0.9846666666666667,0.9998095238095238
2.694999999999593,0.9846666666666667,0.9998095238095238
2.695499999999593,0.9846666666666667,0.9998095238095238
2.695999999999593,0.9846666666666667,0.9998095238095238
2.6964999999995927,0.9846666666666667,0.9998095238095238
2.696999999999593,0.9846666666666667,0.9998095238095238
2.697499999999593,0.9846666666666667,0.9998095238095238
2.6979999999995927,0.9846666666666667,0.9998095238095238
2.6984999999995924,0.9846666666666667,0.9998095238095238
2.6989999999995926,0.9846666666666667,0.9998095238095238
2.699499999999593,0.9846666666666667,0.9998095238095238
2.6999999999995925,0.9846666666666667,0.9998095238095238
2.7004999999995922,0.9846666666666667,0.9998095238095238
2.7009999999995924,0.9846666666666667,0.9998095238095238
2.7014999999995926,0.9846666666666667,0.9998095238095238
2.7019999999995923,0.9846666666666667,0.9998095238095238
2.702499999999592,0.9846666666666667,0.9998095238095238
2.702999999999592,0.9846666666666667,0.9998095238095238
2.7034999999995923,0.9846666666666667,0.9998095238095238
2.703999999999592,0.9846666666666667,0.9998095238095238
2.704499999999592,0.9846666666666667,0.9998095238095238
2.704999999999592,0.9846666666666667,0.9998095238095238
2.705499999999592,0.9846666666666667,0.9998095238095238
2.705999999999592,0.9846666666666667,0.9998095238095238
2.7064999999995916,0.9846666666666667,0.9998095238095238
2.7069999999995917,0.9846666666666667,0.9998095238095238
2.707499999999592,0.9846666666666667,0.9998095238095238
2.7079999999995916,0.9846666666666667,0.9998095238095238
2.7084999999995913,0.9846666666666667,0.9998095238095238
2.7089999999995915,0.9846666666666667,0.9998095238095238
2.7094999999995917,0.9846666666666667,0.9998095238095238
2.7099999999995914,0.9846666666666667,0.9998095238095238
2.710499999999591,0.9846666666666667,0.9998095238095238
2.7109999999995913,0.9846666666666667,0.9998095238095238
2.7114999999995915,0.9846666666666667,0.9998095238095238
2.711999999999591,0.9846666666666667,0.9998095238095238
2.712499999999591,0.9846666666666667,0.9998095238095238
2.712999999999591,0.9846666666666667,0.9998095238095238
2.7134999999995912,0.9846666666666667,0.9998095238095238
2.713999999999591,0.9846666666666667,0.9998095238095238
2.7144999999995907,0.9846666666666667,0.9998095238095238
2.714999999999591,0.9846666666666667,0.9998095238095238
2.715499999999591,0.9846666666666667,0.9998095238095238
2.7159999999995907,0.9846666666666667,0.9998095238095238
2.7164999999995905,0.9846666666666667,0.9998095238095238
2.7169999999995906,0.9846666666666667,0.9998095238095238
2.717499999999591,0.9846666666666667,0.9998095238095238
2.7179999999995905,0.9846666666666667,0.9998095238095238
2.7184999999995902,0.9846666666666667,0.9998095238095238
2.7189999999995904,0.9846666666666667,0.9998095238095238
2.7194999999995906,0.9846666666666667,0.9998095238095238
2.7199999999995903,0.9846666666666667,0.9998095238095238
2.72049999999959,0.9846666666666667,0.9998095238095238
2.72099999999959,0.9846666666666667,0.9998095238095238
2.7214999999995904,0.9846666666666667,0.9998095238095238
2.72199999999959,0.9846666666666667,0.9998095238095238
2.72249999999959,0.9846666666666667,0.9998095238095238
2.72299999999959,0.9846666666666667,0.9998095238095238
2.72349999999959,0.9846666666666667,0.9998095238095238
2.72399999999959,0.9846666666666667,0.9998095238095238
2.7244999999995896,0.9846666666666667,0.9998095238095238
2.7249999999995898,0.9846666666666667,0.9998095238095238
2.72549999999959,0.9846666666666667,0.9998095238095238
2.7259999999995896,0.9846666666666667,0.9998095238095238
2.7264999999995894,0.9846666666666667,0.9998095238095238
2.7269999999995895,0.9846666666666667,0.9998095238095238
2.7274999999995897,0.9846666666666667,0.9998095238095238
2.7279999999995894,0.9846666666666667,0.9998095238095238
2.728499999999589,0.9846666666666667,0.9998095238095238
2.7289999999995893,0.9846666666666667,0.9998095238095238
2.7294999999995895,0.9846666666666667,0.9998095238095238
2.729999999999589,0.9846666666666667,0.9998095238095238
2.730499999999589,0.9846666666666667,0.9998095238095238
2.730999999999589,0.9846666666666667,0.9998095238095238
2.7314999999995893,0.9846666666666667,0.9998095238095238
2.731999999999589,0.9846666666666667,0.9998095238095238
2.7324999999995887,0.9846666666666667,0.9998095238095238
2.732999999999589,0.9846666666666667,0.9998095238095238
2.733499999999589,0.9846666666666667,0.9998095238095238
2.7339999999995888,0.9846666666666667,0.9998095238095238
2.7344999999995885,0.9846666666666667,0.9998095238095238
2.7349999999995886,0.9846666666666667,0.9998095238095238
2.735499999999589,0.9846666666666667,0.9998095238095238
2.7359999999995885,0.9846666666666667,0.9998095238095238
2.7364999999995883,0.9846666666666667,0.9998095238095238
2.7369999999995884,0.9846666666666667,0.9998095238095238
2.7374999999995886,0.9846666666666667,0.9998095238095238
2.7379999999995883,0.9846666666666667,0.9998095238095238
2.738499999999588,0.9846666666666667,0.9998095238095238
2.738999999999588,0.9846666666666667,0.9998095238095238
2.7394999999995884,0.9846666666666667,0.9998095238095238
2.739999999999588,0.9846666666666667,0.9998095238095238
2.740499999999588,0.9846666666666667,0.9998095238095238
2.740999999999588,0.9846666666666667,0.9998095238095238
2.741499999999588,0.9846666666666667,0.9998095238095238
2.741999999999588,0.9846666666666667,0.9998095238095238
2.7424999999995876,0.9846666666666667,0.9998095238095238
2.7429999999995878,0.9846666666666667,0.9998095238095238
2.743499999999588,0.9846666666666667,0.9998095238095238
2.7439999999995877,0.9846666666666667,0.9998095238095238
2.7444999999995874,0.9846666666666667,0.9998095238095238
2.7449999999995875,0.9846666666666667,0.9998095238095238
2.7454999999995877,0.9846666666666667,0.9998095238095238
2.7459999999995874,0.9846666666666667,0.9998095238095238
2.746499999999587,0.9846666666666667,0.9998095238095238
2.7469999999995873,0.9846666666666667,0.9998095238095238
2.7474999999995875,0.9846666666666667,0.9998095238095238
2.747999999999587,0.9846666666666667,0.9998095238095238
2.748499999999587,0.9846666666666667,0.9998095238095238
2.748999999999587,0.9846666666666667,0.9998095238095238
2.7494999999995873,0.9846666666666667,0.9998095238095238
2.749999999999587,0.9846666666666667,0.9998095238095238
2.7504999999995867,0.9846666666666667,0.9998095238095238
2.750999999999587,0.9846666666666667,0.9998095238095238
2.751499999999587,0.9846666666666667,0.9998095238095238
2.7519999999995868,0.9846666666666667,0.9998095238095238
2.7524999999995865,0.9846666666666667,0.9998095238095238
2.7529999999995867,0.9846666666666667,0.9998095238095238
2.753499999999587,0.9846666666666667,0.9998095238095238
2.7539999999995866,0.9846666666666667,0.9998095238095238
2.7544999999995863,0.9846666666666667,0.9998095238095238
2.7549999999995864,0.9846666666666667,0.9998095238095238
2.7554999999995866,0.9846666666666667,0.9998095238095238
2.7559999999995863,0.9846666666666667,0.9998095238095238
2.756499999999586,0.9846666666666667,0.9998095238095238
2.7569999999995862,0.9846666666666667,0.9998095238095238
2.7574999999995864,0.9846666666666667,0.9998095238095238
2.757999999999586,0.9846666666666667,0.9998095238095238
2.758499999999586,0.9846666666666667,0.9998095238095238
2.758999999999586,0.9846666666666667,0.9998095238095238
2.759499999999586,0.9846666666666667,0.9998095238095238
2.759999999999586,0.9846666666666667,0.9998095238095238
2.7604999999995856,0.9846666666666667,0.9998095238095238
2.760999999999586,0.9846666666666667,0.9998095238095238
2.761499999999586,0.9846666666666667,0.9998095238095238
2.7619999999995857,0.9846666666666667,0.9998095238095238
2.7624999999995854,0.9846666666666667,0.9998095238095238
2.7629999999995856,0.9846666666666667,0.9998095238095238
2.7634999999995857,0.9846666666666667,0.9998095238095238
2.7639999999995855,0.9846666666666667,0.9998095238095238
2.764499999999585,0.9846666666666667,0.9998095238095238
2.7649999999995853,0.9846666666666667,0.9998095238095238
2.7654999999995855,0.9846666666666667,0.9998095238095238
2.7659999999995852,0.9846666666666667,0.9998095238095238
2.766499999999585,0.9846666666666667,0.9998095238095238
2.766999999999585,0.9846666666666667,0.9998095238095238
2.7674999999995853,0.9846666666666667,0.9998095238095238
2.767999999999585,0.9846666666666667,0.9998095238095238
2.7684999999995847,0.9846666666666667,0.9998095238095238
2.768999999999585,0.9846666666666667,0.9998095238095238
2.769499999999585,0.9846666666666667,0.9998095238095238
2.769999999999585,0.9846666666666667,0.9998095238095238
2.7704999999995845,0.9846666666666667,0.9998095238095238
2.7709999999995847,0.9846666666666667,0.9998095238095238
2.771499999999585,0.9846666666666667,0.9998095238095238
2.7719999999995846,0.9846666666666667,0.9998095238095238
2.7724999999995843,0.9846666666666667,0.9998095238095238
2.7729999999995845,0.9846666666666667,0.9998095238095238
2.7734999999995846,0.9846666666666667,0.9998095238095238
2.7739999999995844,0.9846666666666667,0.9998095238095238
2.774499999999584,0.9846666666666667,0.9998095238095238
2.7749999999995842,0.9846666666666667,0.9998095238095238
2.7754999999995844,0.9846666666666667,0.9998095238095238
2.775999999999584,0.9846666666666667,0.9998095238095238
2.776499999999584,0.9846666666666667,0.9998095238095238
2.776999999999584,0.9846666666666667,0.9998095238095238
2.777499999999584,0.9846666666666667,0.9998095238095238
2.777999999999584,0.9846666666666667,0.9998095238095238
2.7784999999995836,0.9846666666666667,0.9998095238095238
2.778999999999584,0.9846666666666667,0.9998095238095238
2.779499999999584,0.9846666666666667,0.9998095238095238
2.7799999999995837,0.9846666666666667,0.9998095238095238
2.7804999999995834,0.9846666666666667,0.9998095238095238
2.7809999999995836,0.9846666666666667,0.9998095238095238
2.7814999999995837,0.9846666666666667,0.9998095238095238
2.7819999999995835,0.9846666666666667,0.9998095238095238
2.782499999999583,0.9846666666666667,0.9998095238095238
2.7829999999995834,0.9846666666666667,0.9998095238095238
2.7834999999995835,0.9846666666666667,0.9998095238095238
2.7839999999995833,0.9846666666666667,0.9998095238095238
2.784499999999583,0.9846666666666667,0.9998095238095238
2.784999999999583,0.9846666666666667,0.9998095238095238
2.7854999999995833,0.9846666666666667,0.9998095238095238
2.785999999999583,0.9846666666666667,0.9998095238095238
2.7864999999995828,0.9846666666666667,0.9998095238095238
2.786999999999583,0.9846666666666667,0.9998095238095238
2.787499999999583,0.9846666666666667,0.9998095238095238
2.787999999999583,0.9846666666666667,0.9998095238095238
2.7884999999995825,0.9846666666666667,0.9998095238095238
2.7889999999995827,0.9846666666666667,0.9998095238095238
2.789499999999583,0.9846666666666667,0.9998095238095238
2.7899999999995826,0.9846666666666667,0.9998095238095238
2.7904999999995823,0.9846666666666667,0.9998095238095238
2.7909999999995825,0.9846666666666667,0.9998095238095238
2.7914999999995826,0.9846666666666667,0.9998095238095238
2.7919999999995824,0.9846666666666667,0.9998095238095238
2.792499999999582,0.9846666666666667,0.9998095238095238
2.7929999999995823,0.9846666666666667,0.9998095238095238
2.7934999999995824,0.9846666666666667,0.9998095238095238
2.793999999999582,0.9846666666666667,0.9998095238095238
2.794499999999582,0.9846666666666667,0.9998095238095238
2.794999999999582,0.9846666666666667,0.9998095238095238
2.795499999999582,0.9846666666666667,0.9998095238095238
2.795999999999582,0.9846666666666667,0.9998095238095238
2.7964999999995817,0.9846666666666667,0.9998095238095238
2.796999999999582,0.9846666666666667,0.9998095238095238
2.797499999999582,0.9846666666666667,0.9998095238095238
2.7979999999995817,0.9846666666666667,0.9998095238095238
2.7984999999995814,0.9846666666666667,0.9998095238095238
2.7989999999995816,0.9846666666666667,0.9998095238095238
2.7994999999995818,0.9846666666666667,0.9998095238095238
2.7999999999995815,0.9846666666666667,0.9998095238095238
2.800499999999581,0.9846666666666667,0.9998095238095238
2.8009999999995814,0.9846666666666667,0.9998095238095238
2.8014999999995815,0.9846666666666667,0.9998095238095238
2.8019999999995813,0.9846666666666667,0.9998095238095238
2.802499999999581,0.9846666666666667,0.9998095238095238
2.802999999999581,0.9846666666666667,0.9998095238095238
2.8034999999995813,0.9846666666666667,0.9998095238095238
2.803999999999581,0.9846666666666667,0.9998095238095238
2.8044999999995808,0.9846666666666667,0.9998095238095238
2.804999999999581,0.9846666666666667,0.9998095238095238
2.805499999999581,0.9846666666666667,0.9998095238095238
2.805999999999581,0.9846666666666667,0.9998095238095238
2.8064999999995806,0.9846666666666667,0.9998095238095238
2.8069999999995807,0.9846666666666667,0.9998095238095238
2.807499999999581,0.9846666666666667,0.9998095238095238
2.8079999999995806,0.9846666666666667,0.9998095238095238
2.8084999999995803,0.9846666666666667,0.9998095238095238
2.8089999999995805,0.9846666666666667,0.9998095238095238
2.8094999999995807,0.9846666666666667,0.9998095238095238
2.8099999999995804,0.9846666666666667,0.9998095238095238
2.81049999999958,0.9846666666666667,0.9998095238095238
2.8109999999995803,0.9846666666666667,0.9998095238095238
2.8114999999995804,0.9846666666666667,0.9998095238095238
2.81199999999958,0.9846666666666667,0.9998095238095238
2.81249999999958,0.9846666666666667,0.9998095238095238
2.81299999999958,0.9846666666666667,0.9998095238095238
2.8134999999995802,0.9846666666666667,0.9998095238095238
2.81399999999958,0.9846666666666667,0.9998095238095238
2.8144999999995797,0.9846666666666667,0.9998095238095238
2.81499999999958,0.9846666666666667,0.9998095238095238
2.81549999999958,0.9846666666666667,0.9998095238095238
2.8159999999995797,0.9846666666666667,0.9998095238095238
2.8164999999995795,0.9846666666666667,0.9998095238095238
2.8169999999995796,0.9846666666666667,0.9998095238095238
2.81749999999958,0.9846666666666667,0.9998095238095238
2.8179999999995795,0.9846666666666667,0.9998095238095238
2.8184999999995792,0.9846666666666667,0.9998095238095238
2.8189999999995794,0.9846666666666667,0.9998095238095238
2.8194999999995796,0.9846666666666667,0.9998095238095238
2.8199999999995793,0.9846666666666667,0.9998095238095238
2.820499999999579,0.9846666666666667,0.9998095238095238
2.820999999999579,0.9846666666666667,0.9998095238095238
2.8214999999995793,0.9846666666666667,0.9998095238095238
2.821999999999579,0.9846666666666667,0.9998095238095238
2.822499999999579,0.9846666666666667,0.9998095238095238
2.822999999999579,0.9846666666666667,0.9998095238095238
2.823499999999579,0.9846666666666667,0.9998095238095238
2.823999999999579,0.9846666666666667,0.9998095238095238
2.8244999999995786,0.9846666666666667,0.9998095238095238
2.8249999999995787,0.9846666666666667,0.9998095238095238
2.825499999999579,0.9846666666666667,0.9998095238095238
2.8259999999995786,0.9846666666666667,0.9998095238095238
2.8264999999995783,0.9846666666666667,0.9998095238095238
2.8269999999995785,0.9846666666666667,0.9998095238095238
2.8274999999995787,0.9846666666666667,0.9998095238095238
2.8279999999995784,0.9846666666666667,0.9998095238095238
2.828499999999578,0.9846666666666667,0.9998095238095238
2.8289999999995783,0.9846666666666667,0.9998095238095238
2.8294999999995785,0.9846666666666667,0.9998095238095238
2.829999999999578,0.9846666666666667,0.9998095238095238
2.830499999999578,0.9846666666666667,0.9998095238095238
2.830999999999578,0.9846666666666667,0.9998095238095238
2.8314999999995782,0.9846666666666667,0.9998095238095238
2.831999999999578,0.9846666666666667,0.9998095238095238
2.8324999999995777,0.9846666666666667,0.9998095238095238
2.832999999999578,0.9846666666666667,0.9998095238095238
2.833499999999578,0.9846666666666667,0.9998095238095238
2.8339999999995777,0.9846666666666667,0.9998095238095238
2.8344999999995775,0.9846666666666667,0.9998095238095238
2.8349999999995776,0.9846666666666667,0.9998095238095238
2.835499999999578,0.9846666666666667,0.9998095238095238
2.8359999999995775,0.9846666666666667,0.9998095238095238
2.8364999999995772,0.9846666666666667,0.9998095238095238
2.8369999999995774,0.9846666666666667,0.9998095238095238
2.8374999999995776,0.9846666666666667,0.9998095238095238
2.8379999999995773,0.9846666666666667,0.9998095238095238
2.838499999999577,0.9846666666666667,0.9998095238095238
2.838999999999577,0.9846666666666667,0.9998095238095238
2.8394999999995774,0.9846666666666667,0.9998095238095238
2.839999999999577,0.9846666666666667,0.9998095238095238
2.840499999999577,0.9846666666666667,0.9998095238095238
2.840999999999577,0.9846666666666667,0.9998095238095238
2.841499999999577,0.9846666666666667,0.9998095238095238
2.841999999999577,0.9846666666666667,0.9998095238095238
2.8424999999995766,0.9846666666666667,0.9998095238095238
2.8429999999995768,0.9846666666666667,0.9998095238095238
2.843499999999577,0.9846666666666667,0.9998095238095238
2.8439999999995766,0.9846666666666667,0.9998095238095238
2.8444999999995764,0.9846666666666667,0.9998095238095238
2.8449999999995765,0.9846666666666667,0.9998095238095238
2.8454999999995767,0.9846666666666667,0.9998095238095238
2.8459999999995764,0.9846666666666667,0.9998095238095238
2.846499999999576,0.9846666666666667,0.9998095238095238
2.8469999999995763,0.9846666666666667,0.9998095238095238
2.8474999999995765,0.9846666666666667,0.9998095238095238
2.847999999999576,0.9846666666666667,0.9998095238095238
2.848499999999576,0.9846666666666667,0.9998095238095238
2.848999999999576,0.9846666666666667,0.9998095238095238
2.8494999999995763,0.9846666666666667,0.9998095238095238
2.849999999999576,0.9846666666666667,0.9998095238095238
2.8504999999995757,0.9846666666666667,0.9998095238095238
2.850999999999576,0.9846666666666667,0.9998095238095238
2.851499999999576,0.9846666666666667,0.9998095238095238
2.8519999999995758,0.9846666666666667,0.9998095238095238
2.8524999999995755,0.9846666666666667,0.9998095238095238
2.8529999999995757,0.9846666666666667,0.9998095238095238
2.853499999999576,0.9846666666666667,0.9998095238095238
2.8539999999995755,0.9846666666666667,0.9998095238095238
2.8544999999995753,0.9846666666666667,0.9998095238095238
2.8549999999995754,0.9846666666666667,0.9998095238095238
2.8554999999995756,0.9846666666666667,0.9998095238095238
2.8559999999995753,0.9846666666666667,0.9998095238095238
2.856499999999575,0.9846666666666667,0.9998095238095238
2.856999999999575,0.9846666666666667,0.9998095238095238
2.8574999999995754,0.9846666666666667,0.9998095238095238
2.857999999999575,0.9846666666666667,0.9998095238095238
2.858499999999575,0.9846666666666667,0.9998095238095238
2.858999999999575,0.9846666666666667,0.9998095238095238
2.859499999999575,0.9846666666666667,0.9998095238095238
2.859999999999575,0.9846666666666667,0.9998095238095238
2.8604999999995746,0.9846666666666667,0.9998095238095238
2.8609999999995748,0.9846666666666667,0.9998095238095238
2.861499999999575,0.9846666666666667,0.9998095238095238
2.8619999999995747,0.9846666666666667,0.9998095238095238
2.8624999999995744,0.9846666666666667,0.9998095238095238
2.8629999999995746,0.9846666666666667,0.9998095238095238
2.8634999999995747,0.9846666666666667,0.9998095238095238
2.8639999999995744,0.9846666666666667,0.9998095238095238
2.864499999999574,0.9846666666666667,0.9998095238095238
2.8649999999995743,0.9846666666666667,0.9998095238095238
2.8654999999995745,0.9846666666666667,0.9998095238095238
2.865999999999574,0.9846666666666667,0.9998095238095238
2.866499999999574,0.9846666666666667,0.9998095238095238
2.866999999999574,0.9846666666666667,0.9998095238095238
2.8674999999995743,0.9846666666666667,0.9998095238095238
2.867999999999574,0.9846666666666667,0.9998095238095238
2.8684999999995737,0.9846666666666667,0.9998095238095238
2.868999999999574,0.9846666666666667,0.9998095238095238
2.869499999999574,0.9846666666666667,0.9998095238095238
2.869999999999574,0.9846666666666667,0.9998095238095238
2.8704999999995735,0.9846666666666667,0.9998095238095238
2.8709999999995737,0.9846666666666667,0.9998095238095238
2.871499999999574,0.9846666666666667,0.9998095238095238
2.8719999999995736,0.9846666666666667,0.9998095238095238
2.8724999999995733,0.9846666666666667,0.9998095238095238
2.8729999999995735,0.9846666666666667,0.9998095238095238
2.8734999999995736,0.9846666666666667,0.9998095238095238
2.8739999999995733,0.9846666666666667,0.9998095238095238
2.874499999999573,0.9846666666666667,0.9998095238095238
2.8749999999995732,0.9846666666666667,0.9998095238095238
2.8754999999995734,0.9846666666666667,0.9998095238095238
2.875999999999573,0.9846666666666667,0.9998095238095238
2.876499999999573,0.9846666666666667,0.9998095238095238
2.876999999999573,0.9846666666666667,0.9998095238095238
2.877499999999573,0.9846666666666667,0.9998095238095238
2.877999999999573,0.9846666666666667,0.9998095238095238
2.8784999999995726,0.9846666666666667,0.9998095238095238
2.878999999999573,0.9846666666666667,0.9998095238095238
2.879499999999573,0.9846666666666667,0.9998095238095238
2.8799999999995727,0.9846666666666667,0.9998095238095238
2.8804999999995724,0.9846666666666667,0.9998095238095238
2.8809999999995726,0.9846666666666667,0.9998095238095238
2.8814999999995727,0.9846666666666667,0.9998095238095238
2.8819999999995725,0.9846666666666667,0.9998095238095238
2.882499999999572,0.9846666666666667,0.9998095238095238
2.8829999999995723,0.9846666666666667,0.9998095238095238
2.8834999999995725,0.9846666666666667,0.9998095238095238
2.8839999999995722,0.9846666666666667,0.9998095238095238
2.884499999999572,0.9846666666666667,0.9998095238095238
2.884999999999572,0.9846666666666667,0.9998095238095238
2.8854999999995723,0.9846666666666667,0.9998095238095238
2.885999999999572,0.9846666666666667,0.9998095238095238
2.8864999999995717,0.9846666666666667,0.9998095238095238
2.886999999999572,0.9846666666666667,0.9998095238095238
2.887499999999572,0.9846666666666667,0.9998095238095238
2.887999999999572,0.9846666666666667,0.9998095238095238
2.8884999999995715,0.9846666666666667,0.9998095238095238
2.8889999999995717,0.9846666666666667,0.9998095238095238
2.889499999999572,0.9846666666666667,0.9998095238095238
2.8899999999995716,0.9846666666666667,0.9998095238095238
2.8904999999995713,0.9846666666666667,0.9998095238095238
2.8909999999995715,0.9846666666666667,0.9998095238095238
2.8914999999995716,0.9846666666666667,0.9998095238095238
2.8919999999995714,0.9846666666666667,0.9998095238095238
2.892499999999571,0.9846666666666667,0.9998095238095238
2.8929999999995712,0.9846666666666667,0.9998095238095238
2.8934999999995714,0.9846666666666667,0.9998095238095238
2.893999999999571,0.9846666666666667,0.9998095238095238
2.894499999999571,0.9846666666666667,0.9998095238095238
2.894999999999571,0.9846666666666667,0.9998095238095238
2.895499999999571,0.9846666666666667,0.9998095238095238
2.895999999999571,0.9846666666666667,0.9998095238095238
2.8964999999995706,0.9846666666666667,0.9998095238095238
2.896999999999571,0.9846666666666667,0.9998095238095238
2.897499999999571,0.9846666666666667,0.9998095238095238
2.8979999999995707,0.9846666666666667,0.9998095238095238
2.8984999999995704,0.9846666666666667,0.9998095238095238
2.8989999999995706,0.9846666666666667,0.9998095238095238
2.8994999999995708,0.9846666666666667,0.9998095238095238
2.8999999999995705,0.9846666666666667,0.9998095238095238
2.90049999999957,0.9846666666666667,0.9998095238095238
2.9009999999995704,0.9846666666666667,0.9998095238095238
2.9014999999995705,0.9846666666666667,0.9998095238095238
2.9019999999995703,0.9846666666666667,0.9998095238095238
2.90249999999957,0.9846666666666667,0.9998095238095238
2.90299999999957,0.9846666666666667,0.9998095238095238
2.9034999999995703,0.9846666666666667,0.9998095238095238
2.90399999999957,0.9846666666666667,0.9998095238095238
2.9044999999995698,0.9846666666666667,0.9998095238095238
2.90499999999957,0.9846666666666667,0.9998095238095238
2.90549999999957,0.9846666666666667,0.9998095238095238
2.90599999999957,0.9846666666666667,0.9998095238095238
2.9064999999995695,0.9846666666666667,0.9998095238095238
2.9069999999995697,0.9846666666666667,0.9998095238095238
2.90749999999957,0.9846666666666667,0.9998095238095238
2.9079999999995696,0.9846666666666667,0.9998095238095238
2.9084999999995693,0.9846666666666667,0.9998095238095238
2.9089999999995695,0.9846666666666667,0.9998095238095238
2.9094999999995697,0.9846666666666667,0.9998095238095238
2.9099999999995694,0.9846666666666667,0.9998095238095238
2.910499999999569,0.9846666666666667,0.9998095238095238
2.9109999999995693,0.9846666666666667,0.9998095238095238
2.9114999999995694,0.9846666666666667,0.9998095238095238
2.911999999999569,0.9846666666666667,0.9998095238095238
2.912499999999569,0.9846666666666667,0.9998095238095238
2.912999999999569,0.9846666666666667,0.9998095238095238
2.913499999999569,0.9846666666666667,0.9998095238095238
2.913999999999569,0.9846666666666667,0.9998095238095238
2.9144999999995687,0.9846666666666667,0.9998095238095238
2.914999999999569,0.9846666666666667,0.9998095238095238
2.915499999999569,0.9846666666666667,0.9998095238095238
2.9159999999995687,0.9846666666666667,0.9998095238095238
2.9164999999995684,0.9846666666666667,0.9998095238095238
2.9169999999995686,0.9846666666666667,0.9998095238095238
2.9174999999995688,0.9846666666666667,0.9998095238095238
2.9179999999995685,0.9846666666666667,0.9998095238095238
2.918499999999568,0.9846666666666667,0.9998095238095238
2.9189999999995684,0.9846666666666667,0.9998095238095238
2.9194999999995686,0.9846666666666667,0.9998095238095238
2.9199999999995683,0.9846666666666667,0.9998095238095238
2.920499999999568,0.9846666666666667,0.9998095238095238
2.920999999999568,0.9846666666666667,0.9998095238095238
2.9214999999995683,0.9846666666666667,0.9998095238095238
2.921999999999568,0.9846666666666667,0.9998095238095238
2.9224999999995678,0.9846666666666667,0.9998095238095238
2.922999999999568,0.9846666666666667,0.9998095238095238
2.923499999999568,0.9846666666666667,0.9998095238095238
2.923999999999568,0.9846666666666667,0.9998095238095238
2.9244999999995676,0.9846666666666667,0.9998095238095238
2.9249999999995677,0.9846666666666667,0.9998095238095238
2.925499999999568,0.9846666666666667,0.9998095238095238
2.9259999999995676,0.9846666666666667,0.9998095238095238
2.9264999999995673,0.9846666666666667,0.9998095238095238
2.9269999999995675,0.9846666666666667,0.9998095238095238
2.9274999999995677,0.9846666666666667,0.9998095238095238
2.9279999999995674,0.9846666666666667,0.9998095238095238
2.928499999999567,0.9846666666666667,0.9998095238095238
2.9289999999995673,0.9846666666666667,0.9998095238095238
2.9294999999995675,0.9846666666666667,0.9998095238095238
2.929999999999567,0.9846666666666667,0.9998095238095238
2.930499999999567,0.9846666666666667,0.9998095238095238
2.930999999999567,0.9846666666666667,0.9998095238095238
2.9314999999995672,0.9846666666666667,0.9998095238095238
2.931999999999567,0.9846666666666667,0.9998095238095238
2.9324999999995667,0.9846666666666667,0.9998095238095238
2.932999999999567,0.9846666666666667,0.9998095238095238
2.933499999999567,0.9846666666666667,0.9998095238095238
2.9339999999995667,0.9846666666666667,0.9998095238095238
2.9344999999995665,0.9846666666666667,0.9998095238095238
2.9349999999995666,0.9846666666666667,0.9998095238095238
2.935499999999567,0.9846666666666667,0.9998095238095238
2.9359999999995665,0.9846666666666667,0.9998095238095238
2.9364999999995662,0.9846666666666667,0.9998095238095238
2.9369999999995664,0.9846666666666667,0.9998095238095238
2.9374999999995666,0.9846666666666667,0.9998095238095238
2.9379999999995663,0.9846666666666667,0.9998095238095238
2.938499999999566,0.9846666666666667,0.9998095238095238
2.938999999999566,0.9846666666666667,0.9998095238095238
2.9394999999995663,0.9846666666666667,0.9998095238095238
2.939999999999566,0.9846666666666667,0.9998095238095238
2.940499999999566,0.9846666666666667,0.9998095238095238
2.940999999999566,0.9846666666666667,0.9998095238095238
2.941499999999566,0.9846666666666667,0.9998095238095238
2.941999999999566,0.9846666666666667,0.9998095238095238
2.9424999999995656,0.9846666666666667,0.9998095238095238
2.9429999999995657,0.9846666666666667,0.9998095238095238
2.943499999999566,0.9846666666666667,0.9998095238095238
2.9439999999995656,0.9846666666666667,0.9998095238095238
2.9444999999995654,0.9846666666666667,0.9998095238095238
2.9449999999995655,0.9846666666666667,0.9998095238095238
2.9454999999995657,0.9846666666666667,0.9998095238095238
2.9459999999995654,0.9846666666666667,0.9998095238095238
2.946499999999565,0.9846666666666667,0.9998095238095238
2.9469999999995653,0.9846666666666667,0.9998095238095238
2.9474999999995655,0.9846666666666667,0.9998095238095238
2.947999999999565,0.9846666666666667,0.9998095238095238
2.948499999999565,0.9846666666666667,0.9998095238095238
2.948999999999565,0.9846666666666667,0.9998095238095238
2.9494999999995652,0.9846666666666667,0.9998095238095238
2.949999999999565,0.9846666666666667,0.9998095238095238
2.9504999999995647,0.9846666666666667,0.9998095238095238
2.950999999999565,0.9846666666666667,0.9998095238095238
2.951499999999565,0.9846666666666667,0.9998095238095238
2.9519999999995647,0.9846666666666667,0.9998095238095238
2.9524999999995645,0.9846666666666667,0.9998095238095238
2.9529999999995646,0.9846666666666667,0.9998095238095238
2.953499999999565,0.9846666666666667,0.9998095238095238
2.9539999999995645,0.9846666666666667,0.9998095238095238
2.9544999999995643,0.9846666666666667,0.9998095238095238
2.9549999999995644,0.9846666666666667,0.9998095238095238
2.9554999999995646,0.9846666666666667,0.9998095238095238
2.9559999999995643,0.9846666666666667,0.9998095238095238
2.956499999999564,0.9846666666666667,0.9998095238095238
2.956999999999564,0.9846666666666667,0.9998095238095238
2.9574999999995644,0.9846666666666667,0.9998095238095238
2.957999999999564,0.9846666666666667,0.9998095238095238
2.958499999999564,0.9846666666666667,0.9998095238095238
2.958999999999564,0.9846666666666667,0.9998095238095238
2.959499999999564,0.9846666666666667,0.9998095238095238
2.959999999999564,0.9846666666666667,0.9998095238095238
2.9604999999995636,0.9846666666666667,0.9998095238095238
2.9609999999995638,0.9846666666666667,0.9998095238095238
2.961499999999564,0.9846666666666667,0.9998095238095238
2.9619999999995636,0.9846666666666667,0.9998095238095238
2.9624999999995634,0.9846666666666667,0.9998095238095238
2.9629999999995635,0.9846666666666667,0.9998095238095238
2.9634999999995637,0.9846666666666667,0.9998095238095238
2.9639999999995634,0.9846666666666667,0.9998095238095238
2.964499999999563,0.9846666666666667,0.9998095238095238
2.9649999999995633,0.9846666666666667,0.9998095238095238
2.9654999999995635,0.9846666666666667,0.9998095238095238
2.965999999999563,0.9846666666666667,0.9998095238095238
2.966499999999563,0.9846666666666667,0.9998095238095238
2.966999999999563,0.9846666666666667,0.9998095238095238
2.9674999999995633,0.9846666666666667,0.9998095238095238
2.967999999999563,0.9846666666666667,0.9998095238095238
2.9684999999995627,0.9846666666666667,0.9998095238095238
2.968999999999563,0.9846666666666667,0.9998095238095238
2.969499999999563,0.9846666666666667,0.9998095238095238
2.9699999999995628,0.9846666666666667,0.9998095238095238
2.9704999999995625,0.9846666666666667,0.9998095238095238
2.9709999999995627,0.9846666666666667,0.9998095238095238
2.971499999999563,0.9846666666666667,0.9998095238095238
2.9719999999995625,0.9846666666666667,0.9998095238095238
2.9724999999995623,0.9846666666666667,0.9998095238095238
2.9729999999995624,0.9846666666666667,0.9998095238095238
2.9734999999995626,0.9846666666666667,0.9998095238095238
2.9739999999995623,0.9846666666666667,0.9998095238095238
2.974499999999562,0.9846666666666667,0.9998095238095238
2.974999999999562,0.9846666666666667,0.9998095238095238
2.9754999999995624,0.9846666666666667,0.9998095238095238
2.975999999999562,0.9846666666666667,0.9998095238095238
2.976499999999562,0.9846666666666667,0.9998095238095238
2.976999999999562,0.9846666666666667,0.9998095238095238
2.977499999999562,0.9846666666666667,0.9998095238095238
2.977999999999562,0.9846666666666667,0.9998095238095238
2.9784999999995616,0.9846666666666667,0.9998095238095238
2.9789999999995618,0.9846666666666667,0.9998095238095238
2.979499999999562,0.9846666666666667,0.9998095238095238
2.9799999999995617,0.9846666666666667,0.9998095238095238
2.9804999999995614,0.9846666666666667,0.9998095238095238
2.9809999999995616,0.9846666666666667,0.9998095238095238
2.9814999999995617,0.9846666666666667,0.9998095238095238
2.9819999999995614,0.9846666666666667,0.9998095238095238
2.982499999999561,0.9846666666666667,0.9998095238095238
2.9829999999995613,0.9846666666666667,0.9998095238095238
2.9834999999995615,0.9846666666666667,0.9998095238095238
2.9839999999995612,0.9846666666666667,0.9998095238095238
2.984499999999561,0.9846666666666667,0.9998095238095238
2.984999999999561,0.9846666666666667,0.9998095238095238
2.9854999999995613,0.9846666666666667,0.9998095238095238
2.985999999999561,0.9846666666666667,0.9998095238095238
2.9864999999995607,0.9846666666666667,0.9998095238095238
2.986999999999561,0.9846666666666667,0.9998095238095238
2.987499999999561,0.9846666666666667,0.9998095238095238
2.987999999999561,0.9846666666666667,0.9998095238095238
2.9884999999995605,0.9846666666666667,0.9998095238095238
2.9889999999995607,0.9846666666666667,0.9998095238095238
2.989499999999561,0.9846666666666667,0.9998095238095238
2.9899999999995606,0.9846666666666667,0.9998095238095238
2.9904999999995603,0.9846666666666667,0.9998095238095238
2.9909999999995605,0.9846666666666667,0.9998095238095238
2.9914999999995606,0.9846666666666667,0.9998095238095238
2.9919999999995603,0.9846666666666667,0.9998095238095238
2.99249999999956,0.9846666666666667,0.9998095238095238
2.9929999999995602,0.9846666666666667,0.9998095238095238
2.9934999999995604,0.9846666666666667,0.9998095238095238
2.99399999999956,0.9846666666666667,0.9998095238095238
2.99449999999956,0.9846666666666667,0.9998095238095238
2.99499999999956,0.9846666666666667,0.9998095238095238
2.99549999999956,0.9846666666666667,0.9998095238095238
2.99599999999956,0.9846666666666667,0.9998095238095238
2.9964999999995596,0.9846666666666667,0.9998095238095238
2.99699999999956,0.9846666666666667,0.9998095238095238
2.99749999999956,0.9846666666666667,0.9998095238095238
2.9979999999995597,0.9846666666666667,0.9998095238095238
2.9984999999995594,0.9846666666666667,0.9998095238095238
2.9989999999995596,0.9846666666666667,0.9998095238095238
2.9994999999995597,0.9846666666666667,0.9998095238095238
2.9999999999995595,0.9846666666666667,0.9998095238095238
3.000499999999559,0.9846666666666667,0.9998095238095238
3.000999999999559,0.9846666666666667,0.9998095238095238
3.0014999999995595,0.9846666666666667,0.9998095238095238
3.0019999999995592,0.9846666666666667,0.9998095238095238
3.002499999999559,0.9846666666666667,0.9998095238095238
3.0029999999995596,0.9846666666666667,0.9998095238095238
3.0034999999995593,0.9846666666666667,0.9998095238095238
3.003999999999559,0.9846666666666667,0.9998095238095238
3.0044999999995587,0.9846666666666667,0.9998095238095238
3.0049999999995585,0.9846666666666667,0.9998095238095238
3.005499999999559,0.9846666666666667,0.9998095238095238
3.005999999999559,0.9846666666666667,0.9998095238095238
3.0064999999995585,0.9846666666666667,0.9998095238095238
3.006999999999559,0.9846666666666667,0.9998095238095238
3.007499999999559,0.9846666666666667,0.9998095238095238
3.0079999999995586,0.9846666666666667,0.9998095238095238
3.0084999999995583,0.9846666666666667,0.9998095238095238
3.008999999999558,0.9846666666666667,0.9998095238095238
3.0094999999995586,0.9846666666666667,0.9998095238095238
3.0099999999995584,0.9846666666666667,0.9998095238095238
3.010499999999558,0.9846666666666667,0.9998095238095238
3.0109999999995587,0.9846666666666667,0.9998095238095238
3.0114999999995584,0.9846666666666667,0.9998095238095238
3.011999999999558,0.9846666666666667,0.9998095238095238
3.012499999999558,0.9846666666666667,0.9998095238095238
3.0129999999995576,0.9846666666666667,0.9998095238095238
3.013499999999558,0.9846666666666667,0.9998095238095238
3.013999999999558,0.9846666666666667,0.9998095238095238
3.0144999999995576,0.9846666666666667,0.9998095238095238
3.0149999999995583,0.9846666666666667,0.9998095238095238
3.015499999999558,0.9846666666666667,0.9998095238095238
3.0159999999995577,0.9846666666666667,0.9998095238095238
3.0164999999995574,0.9846666666666667,0.9998095238095238
3.016999999999557,0.9846666666666667,0.9998095238095238
3.0174999999995578,0.9846666666666667,0.9998095238095238
3.0179999999995575,0.9846666666666667,0.9998095238095238
3.018499999999557,0.9846666666666667,0.9998095238095238
3.018999999999558,0.9846666666666667,0.9998095238095238
3.0194999999995575,0.9846666666666667,0.9998095238095238
3.0199999999995573,0.9846666666666667,0.9998095238095238
3.020499999999557,0.9846666666666667,0.9998095238095238
3.0209999999995567,0.9846666666666667,0.9998095238095238
3.0214999999995573,0.9846666666666667,0.9998095238095238
3.021999999999557,0.9846666666666667,0.9998095238095238
3.0224999999995568,0.9846666666666667,0.9998095238095238
3.0229999999995574,0.9846666666666667,0.9998095238095238
3.023499999999557,0.9846666666666667,0.9998095238095238
3.023999999999557,0.9846666666666667,0.9998095238095238
3.0244999999995565,0.9846666666666667,0.9998095238095238
3.0249999999995563,0.9846666666666667,0.9998095238095238
3.025499999999557,0.9846666666666667,0.9998095238095238
3.0259999999995566,0.9846666666666667,0.9998095238095238
3.0264999999995563,0.9846666666666667,0.9998095238095238
3.026999999999557,0.9846666666666667,0.9998095238095238
3.0274999999995567,0.9846666666666667,0.9998095238095238
3.0279999999995564,0.9846666666666667,0.9998095238095238
3.028499999999556,0.9846666666666667,0.9998095238095238
3.028999999999556,0.9846666666666667,0.9998095238095238
3.0294999999995564,0.9846666666666667,0.9998095238095238
3.029999999999556,0.9846666666666667,0.9998095238095238
3.030499999999556,0.9846666666666667,0.9998095238095238
3.0309999999995565,0.9846666666666667,0.9998095238095238
3.031499999999556,0.9846666666666667,0.9998095238095238
3.031999999999556,0.9846666666666667,0.9998095238095238
3.0324999999995557,0.9846666666666667,0.9998095238095238
3.0329999999995554,0.9846666666666667,0.9998095238095238
3.033499999999556,0.9846666666666667,0.9998095238095238
3.0339999999995557,0.9846666666666667,0.9998095238095238
3.0344999999995554,0.9846666666666667,0.9998095238095238
3.034999999999556,0.9846666666666667,0.9998095238095238
3.0354999999995558,0.9846666666666667,0.9998095238095238
3.0359999999995555,0.9846666666666667,0.9998095238095238
3.036499999999555,0.9846666666666667,0.9998095238095238
3.036999999999555,0.9846666666666667,0.9998095238095238
3.0374999999995556,0.9846666666666667,0.9998095238095238
3.0379999999995553,0.9846666666666667,0.9998095238095238
3.038499999999555,0.9846666666666667,0.9998095238095238
3.0389999999995556,0.9846666666666667,0.9998095238095238
3.0394999999995553,0.9846666666666667,0.9998095238095238
3.039999999999555,0.9846666666666667,0.9998095238095238
3.040499999999555,0.9846666666666667,0.9998095238095238
3.0409999999995545,0.9846666666666667,0.9998095238095238
3.041499999999555,0.9846666666666667,0.9998095238095238
3.041999999999555,0.9846666666666667,0.9998095238095238
3.0424999999995546,0.9846666666666667,0.9998095238095238
3.042999999999555,0.9846666666666667,0.9998095238095238
3.043499999999555,0.9846666666666667,0.9998095238095238
3.0439999999995546,0.9846666666666667,0.9998095238095238
3.0444999999995543,0.9846666666666667,0.9998095238095238
3.044999999999554,0.9846666666666667,0.9998095238095238
3.0454999999995547,0.9846666666666667,0.9998095238095238
3.0459999999995544,0.9846666666666667,0.9998095238095238
3.046499999999554,0.9846666666666667,0.9998095238095238
3.0469999999995547,0.9846666666666667,0.9998095238095238
3.0474999999995545,0.9846666666666667,0.9998095238095238
3.047999999999554,0.9846666666666667,0.9998095238095238
3.048499999999554,0.9846666666666667,0.9998095238095238
3.0489999999995536,0.9846666666666667,0.9998095238095238
3.0494999999995542,0.9846666666666667,0.9998095238095238
3.049999999999554,0.9846666666666667,0.9998095238095238
3.0504999999995537,0.9846666666666667,0.9998095238095238
3.0509999999995543,0.9846666666666667,0.9998095238095238
3.051499999999554,0.9846666666666667,0.9998095238095238
3.0519999999995537,0.9846666666666667,0.9998095238095238
3.0524999999995535,0.9846666666666667,0.9998095238095238
3.052999999999553,0.9846666666666667,0.9998095238095238
3.053499999999554,0.9846666666666667,0.9998095238095238
3.0539999999995535,0.9846666666666667,0.9998095238095238
3.0544999999995532,0.9846666666666667,0.9998095238095238
3.054999999999554,0.9846666666666667,0.9998095238095238
3.0554999999995536,0.9846666666666667,0.9998095238095238
3.0559999999995533,0.9846666666666667,0.9998095238095238
3.056499999999553,0.9846666666666667,0.9998095238095238
3.0569999999995527,0.9846666666666667,0.9998095238095238
3.0574999999995534,0.9846666666666667,0.9998095238095238
3.057999999999553,0.9846666666666667,0.9998095238095238
3.058499999999553,0.9846666666666667,0.9998095238095238
3.0589999999995534,0.9846666666666667,0.9998095238095238
3.059499999999553,0.9846666666666667,0.9998095238095238
3.059999999999553,0.9846666666666667,0.9998095238095238
3.0604999999995526,0.9846666666666667,0.9998095238095238
3.0609999999995523,0.9846666666666667,0.9998095238095238
3.061499999999553,0.9846666666666667,0.9998095238095238
3.0619999999995526,0.9846666666666667,0.9998095238095238
3.0624999999995524,0.9846666666666667,0.9998095238095238
3.062999999999553,0.9846666666666667,0.9998095238095238
3.0634999999995527,0.9846666666666667,0.9998095238095238
3.0639999999995524,0.9846666666666667,0.9998095238095238
3.064499999999552,0.9846666666666667,0.9998095238095238
3.064999999999552,0.9846666666666667,0.9998095238095238
3.0654999999995525,0.9846666666666667,0.9998095238095238
3.065999999999552,0.9846666666666667,0.9998095238095238
3.066499999999552,0.9846666666666667,0.9998095238095238
3.0669999999995525,0.9846666666666667,0.9998095238095238
3.0674999999995523,0.9846666666666667,0.9998095238095238
3.067999999999552,0.9846666666666667,0.9998095238095238
3.0684999999995517,0.9846666666666667,0.9998095238095238
3.0689999999995514,0.9846666666666667,0.9998095238095238
3.069499999999552,0.9846666666666667,0.9998095238095238
3.0699999999995518,0.9846666666666667,0.9998095238095238
3.0704999999995515,0.9846666666666667,0.9998095238095238
3.070999999999552,0.9846666666666667,0.9998095238095238
3.071499999999552,0.9846666666666667,0.9998095238095238
3.0719999999995515,0.9846666666666667,0.9998095238095238
3.0724999999995513,0.9846666666666667,0.9998095238095238
3.072999999999551,0.9846666666666667,0.9998095238095238
3.0734999999995516,0.9846666666666667,0.9998095238095238
3.0739999999995513,0.9846666666666667,0.9998095238095238
3.074499999999551,0.9846666666666667,0.9998095238095238
3.0749999999995516,0.9846666666666667,0.9998095238095238
3.0754999999995514,0.9846666666666667,0.9998095238095238
3.075999999999551,0.9846666666666667,0.9998095238095238
3.076499999999551,0.9846666666666667,0.9998095238095238
3.0769999999995505,0.9846666666666667,0.9998095238095238
3.077499999999551,0.9846666666666667,0.9998095238095238
3.077999999999551,0.9846666666666667,0.9998095238095238
3.0784999999995506,0.9846666666666667,0.9998095238095238
3.078999999999551,0.9846666666666667,0.9998095238095238
3.079499999999551,0.9846666666666667,0.9998095238095238
3.0799999999995507,0.9846666666666667,0.9998095238095238
3.0804999999995504,0.9846666666666667,0.9998095238095238
3.08099999999955,0.9846666666666667,0.9998095238095238
3.0814999999995507,0.9846666666666667,0.9998095238095238
3.0819999999995504,0.9846666666666667,0.9998095238095238
3.08249999999955,0.9846666666666667,0.9998095238095238
3.0829999999995508,0.9846666666666667,0.9998095238095238
3.0834999999995505,0.9846666666666667,0.9998095238095238
3.08399999999955,0.9846666666666667,0.9998095238095238
3.08449999999955,0.9846666666666667,0.9998095238095238
3.0849999999995497,0.9846666666666667,0.9998095238095238
3.0854999999995503,0.9846666666666667,0.9998095238095238
3.08599999999955,0.9846666666666667,0.9998095238095238
3.0864999999995497,0.9846666666666667,0.9998095238095238
3.0869999999995503,0.9846666666666667,0.9998095238095238
3.08749999999955,0.9846666666666667,0.9998095238095238
3.0879999999995498,0.9846666666666667,0.9998095238095238
3.0884999999995495,0.9846666666666667,0.9998095238095238
3.088999999999549,0.9846666666666667,0.9998095238095238
3.08949999999955,0.9846666666666667,0.9998095238095238
3.0899999999995496,0.9846666666666667,0.9998095238095238
3.0904999999995493,0.9846666666666667,0.9998095238095238
3.09099999999955,0.9846666666666667,0.9998095238095238
3.0914999999995496,0.9846666666666667,0.9998095238095238
3.0919999999995493,0.9846666666666667,0.9998095238095238
3.092499999999549,0.9846666666666667,0.9998095238095238
3.0929999999995488,0.9846666666666667,0.9998095238095238
3.0934999999995494,0.9846666666666667,0.9998095238095238
3.093999999999549,0.9846666666666667,0.9998095238095238
3.094499999999549,0.9846666666666667,0.9998095238095238
3.0949999999995494,0.9846666666666667,0.9998095238095238
3.095499999999549,0.9846666666666667,0.9998095238095238
3.095999999999549,0.9846666666666667,0.9998095238095238
3.0964999999995486,0.9846666666666667,0.9998095238095238
3.0969999999995483,0.9846666666666667,0.9998095238095238
3.097499999999549,0.9846666666666667,0.9998095238095238
3.0979999999995487,0.9846666666666667,0.9998095238095238
3.0984999999995484,0.9846666666666667,0.9998095238095238
3.098999999999549,0.9846666666666667,0.9998095238095238
3.0994999999995487,0.9846666666666667,0.9998095238095238
3.0999999999995485,0.9846666666666667,0.9998095238095238
3.100499999999548,0.9846666666666667,0.9998095238095238
3.100999999999548,0.9846666666666667,0.9998095238095238
3.1014999999995485,0.9846666666666667,0.9998095238095238
3.1019999999995482,0.9846666666666667,0.9998095238095238
3.102499999999548,0.9846666666666667,0.9998095238095238
3.1029999999995486,0.9846666666666667,0.9998095238095238
3.1034999999995483,0.9846666666666667,0.9998095238095238
3.103999999999548,0.9846666666666667,0.9998095238095238
3.1044999999995477,0.9846666666666667,0.9998095238095238
3.1049999999995475,0.9846666666666667,0.9998095238095238
3.105499999999548,0.9846666666666667,0.9998095238095238
3.105999999999548,0.9846666666666667,0.9998095238095238
3.1064999999995475,0.9846666666666667,0.9998095238095238
3.106999999999548,0.9846666666666667,0.9998095238095238
3.107499999999548,0.9846666666666667,0.9998095238095238
3.1079999999995476,0.9846666666666667,0.9998095238095238
3.1084999999995473,0.9846666666666667,0.9998095238095238
3.108999999999547,0.9846666666666667,0.9998095238095238
3.1094999999995476,0.9846666666666667,0.9998095238095238
3.1099999999995473,0.9846666666666667,0.9998095238095238
3.110499999999547,0.9846666666666667,0.9998095238095238
3.1109999999995477,0.9846666666666667,0.9998095238095238
3.1114999999995474,0.9846666666666667,0.9998095238095238
3.111999999999547,0.9846666666666667,0.9998095238095238
3.112499999999547,0.9846666666666667,0.9998095238095238
3.1129999999995466,0.9846666666666667,0.9998095238095238
3.113499999999547,0.9846666666666667,0.9998095238095238
3.113999999999547,0.9846666666666667,0.9998095238095238
3.1144999999995466,0.9846666666666667,0.9998095238095238
3.1149999999995472,0.9846666666666667,0.9998095238095238
3.115499999999547,0.9846666666666667,0.9998095238095238
3.1159999999995467,0.9846666666666667,0.9998095238095238
3.1164999999995464,0.9846666666666667,0.9998095238095238
3.116999999999546,0.9846666666666667,0.9998095238095238
3.1174999999995467,0.9846666666666667,0.9998095238095238
3.1179999999995465,0.9846666666666667,0.9998095238095238
3.118499999999546,0.9846666666666667,0.9998095238095238
3.118999999999547,0.9846666666666667,0.9998095238095238
3.1194999999995465,0.9846666666666667,0.9998095238095238
3.1199999999995462,0.9846666666666667,0.9998095238095238
3.120499999999546,0.9846666666666667,0.9998095238095238
3.1209999999995457,0.9846666666666667,0.9998095238095238
3.1214999999995463,0.9846666666666667,0.9998095238095238
3.121999999999546,0.9846666666666667,0.9998095238095238
3.1224999999995458,0.9846666666666667,0.9998095238095238
3.1229999999995464,0.9846666666666667,0.9998095238095238
3.123499999999546,0.9846666666666667,0.9998095238095238
3.123999999999546,0.9846666666666667,0.9998095238095238
3.1244999999995455,0.9846666666666667,0.9998095238095238
3.1249999999995453,0.9846666666666667,0.9998095238095238
3.125499999999546,0.9846666666666667,0.9998095238095238
3.1259999999995456,0.9846666666666667,0.9998095238095238
3.1264999999995453,0.9846666666666667,0.9998095238095238
3.126999999999546,0.9846666666666667,0.9998095238095238
3.1274999999995456,0.9846666666666667,0.9998095238095238
3.1279999999995454,0.9846666666666667,0.9998095238095238
3.128499999999545,0.9846666666666667,0.9998095238095238
3.128999999999545,0.9846666666666667,0.9998095238095238
3.1294999999995454,0.9846666666666667,0.9998095238095238
3.129999999999545,0.9846666666666667,0.9998095238095238
3.130499999999545,0.9846666666666667,0.9998095238095238
3.1309999999995455,0.9846666666666667,0.9998095238095238
3.131499999999545,0.9846666666666667,0.9998095238095238
3.131999999999545,0.9846666666666667,0.9998095238095238
3.1324999999995446,0.9846666666666667,0.9998095238095238
3.1329999999995444,0.9846666666666667,0.9998095238095238
3.133499999999545,0.9846666666666667,0.9998095238095238
3.1339999999995447,0.9846666666666667,0.9998095238095238
3.1344999999995444,0.9846666666666667,0.9998095238095238
3.134999999999545,0.9846666666666667,0.9998095238095238
3.1354999999995448,0.9846666666666667,0.9998095238095238
3.1359999999995445,0.9846666666666667,0.9998095238095238
3.136499999999544,0.9846666666666667,0.9998095238095238
3.136999999999544,0.9846666666666667,0.9998095238095238
3.1374999999995445,0.9846666666666667,0.9998095238095238
3.1379999999995443,0.9846666666666667,0.9998095238095238
3.138499999999544,0.9846666666666667,0.9998095238095238
3.1389999999995446,0.9846666666666667,0.9998095238095238
3.1394999999995443,0.9846666666666667,0.9998095238095238
3.139999999999544,0.9846666666666667,0.9998095238095238
3.1404999999995438,0.9846666666666667,0.9998095238095238
3.1409999999995435,0.9846666666666667,0.9998095238095238
3.141499999999544,0.9846666666666667,0.9998095238095238
3.141999999999544,0.9846666666666667,0.9998095238095238
3.1424999999995435,0.9846666666666667,0.9998095238095238
3.142999999999544,0.9846666666666667,0.9998095238095238
3.143499999999544,0.9846666666666667,0.9998095238095238
3.1439999999995436,0.9846666666666667,0.9998095238095238
3.1444999999995433,0.9846666666666667,0.9998095238095238
3.144999999999543,0.9846666666666667,0.9998095238095238
3.1454999999995437,0.9846666666666667,0.9998095238095238
3.1459999999995434,0.9846666666666667,0.9998095238095238
3.146499999999543,0.9846666666666667,0.9998095238095238
3.1469999999995437,0.9846666666666667,0.9998095238095238
3.1474999999995434,0.9846666666666667,0.9998095238095238
3.147999999999543,0.9846666666666667,0.9998095238095238
3.148499999999543,0.9846666666666667,0.9998095238095238
3.1489999999995426,0.9846666666666667,0.9998095238095238
3.149499999999543,0.9846666666666667,0.9998095238095238
3.149999999999543,0.9846666666666667,0.9998095238095238
3.1504999999995427,0.9846666666666667,0.9998095238095238
3.1509999999995433,0.9846666666666667,0.9998095238095238
3.151499999999543,0.9846666666666667,0.9998095238095238
3.1519999999995427,0.9846666666666667,0.9998095238095238
3.1524999999995424,0.9846666666666667,0.9998095238095238
3.152999999999542,0.9846666666666667,0.9998095238095238
3.153499999999543,0.9846666666666667,0.9998095238095238
3.1539999999995425,0.9846666666666667,0.9998095238095238
3.1544999999995422,0.9846666666666667,0.9998095238095238
3.154999999999543,0.9846666666666667,0.9998095238095238
3.1554999999995426,0.9846666666666667,0.9998095238095238
3.1559999999995423,0.9846666666666667,0.9998095238095238
3.156499999999542,0.9846666666666667,0.9998095238095238
3.1569999999995417,0.9846666666666667,0.9998095238095238
3.1574999999995423,0.9846666666666667,0.9998095238095238
3.157999999999542,0.9846666666666667,0.9998095238095238
3.158499999999542,0.9846666666666667,0.9998095238095238
3.1589999999995424,0.9846666666666667,0.9998095238095238
3.159499999999542,0.9846666666666667,0.9998095238095238
3.159999999999542,0.9846666666666667,0.9998095238095238
3.1604999999995416,0.9846666666666667,0.9998095238095238
3.1609999999995413,0.9846666666666667,0.9998095238095238
3.161499999999542,0.9846666666666667,0.9998095238095238
3.1619999999995416,0.9846666666666667,0.9998095238095238
3.1624999999995413,0.9846666666666667,0.9998095238095238
3.162999999999542,0.9846666666666667,0.9998095238095238
3.1634999999995417,0.9846666666666667,0.9998095238095238
3.1639999999995414,0.9846666666666667,0.9998095238095238
3.164499999999541,0.9846666666666667,0.9998095238095238
3.164999999999541,0.9846666666666667,0.9998095238095238
3.1654999999995415,0.9846666666666667,0.9998095238095238
3.165999999999541,0.9846666666666667,0.9998095238095238
3.166499999999541,0.9846666666666667,0.9998095238095238
3.1669999999995415,0.9846666666666667,0.9998095238095238
3.1674999999995412,0.9846666666666667,0.9998095238095238
3.167999999999541,0.9846666666666667,0.9998095238095238
3.1684999999995407,0.9846666666666667,0.9998095238095238
3.1689999999995404,0.9846666666666667,0.9998095238095238
3.169499999999541,0.9846666666666667,0.9998095238095238
3.1699999999995407,0.9846666666666667,0.9998095238095238
3.1704999999995405,0.9846666666666667,0.9998095238095238
3.170999999999541,0.9846666666666667,0.9998095238095238
3.171499999999541,0.9846666666666667,0.9998095238095238
3.1719999999995405,0.9846666666666667,0.9998095238095238
3.1724999999995402,0.9846666666666667,0.9998095238095238
3.17299999999954,0.9846666666666667,0.9998095238095238
3.1734999999995406,0.9846666666666667,0.9998095238095238
3.1739999999995403,0.9846666666666667,0.9998095238095238
3.17449999999954,0.9846666666666667,0.9998095238095238
3.1749999999995406,0.9846666666666667,0.9998095238095238
3.1754999999995404,0.9846666666666667,0.9998095238095238
3.17599999999954,0.9846666666666667,0.9998095238095238
3.17649999999954,0.9846666666666667,0.9998095238095238
3.1769999999995395,0.9846666666666667,0.9998095238095238
3.17749999999954,0.9846666666666667,0.9998095238095238
3.17799999999954,0.9846666666666667,0.9998095238095238
3.1784999999995396,0.9846666666666667,0.9998095238095238
3.17899999999954,0.9846666666666667,0.9998095238095238
3.17949999999954,0.9846666666666667,0.9998095238095238
3.1799999999995396,0.9846666666666667,0.9998095238095238
3.1804999999995394,0.9846666666666667,0.9998095238095238
3.180999999999539,0.9846666666666667,0.9998095238095238
3.1814999999995397,0.9846666666666667,0.9998095238095238
3.1819999999995394,0.9846666666666667,0.9998095238095238
3.182499999999539,0.9846666666666667,0.9998095238095238
3.1829999999995398,0.9846666666666667,0.9998095238095238
3.1834999999995395,0.9846666666666667,0.9998095238095238
3.183999999999539,0.9846666666666667,0.9998095238095238
3.184499999999539,0.9846666666666667,0.9998095238095238
3.1849999999995386,0.9846666666666667,0.9998095238095238
3.1854999999995393,0.9846666666666667,0.9998095238095238
3.185999999999539,0.9846666666666667,0.9998095238095238
3.1864999999995387,0.9846666666666667,0.9998095238095238
3.1869999999995393,0.9846666666666667,0.9998095238095238
3.187499999999539,0.9846666666666667,0.9998095238095238
3.1879999999995388,0.9846666666666667,0.9998095238095238
3.1884999999995385,0.9846666666666667,0.9998095238095238
3.188999999999538,0.9846666666666667,0.9998095238095238
3.189499999999539,0.9846666666666667,0.9998095238095238
3.1899999999995385,0.9846666666666667,0.9998095238095238
3.1904999999995383,0.9846666666666667,0.9998095238095238
3.190999999999539,0.9846666666666667,0.9998095238095238
3.1914999999995386,0.9846666666666667,0.9998095238095238
3.1919999999995383,0.9846666666666667,0.9998095238095238
3.192499999999538,0.9846666666666667,0.9998095238095238
3.1929999999995378,0.9846666666666667,0.9998095238095238
3.1934999999995384,0.9846666666666667,0.9998095238095238
3.193999999999538,0.9846666666666667,0.9998095238095238
3.194499999999538,0.9846666666666667,0.9998095238095238
3.1949999999995384,0.9846666666666667,0.9998095238095238
3.195499999999538,0.9846666666666667,0.9998095238095238
3.195999999999538,0.9846666666666667,0.9998095238095238
3.1964999999995376,0.9846666666666667,0.9998095238095238
3.1969999999995373,0.9846666666666667,0.9998095238095238
3.197499999999538,0.9846666666666667,0.9998095238095238
3.1979999999995377,0.9846666666666667,0.9998095238095238
3.1984999999995374,0.9846666666666667,0.9998095238095238
3.198999999999538,0.9846666666666667,0.9998095238095238
3.1994999999995377,0.9846666666666667,0.9998095238095238
3.1999999999995374,0.9846666666666667,0.9998095238095238
3.200499999999537,0.9846666666666667,0.9998095238095238
3.200999999999537,0.9846666666666667,0.9998095238095238
3.2014999999995375,0.9846666666666667,0.9998095238095238
3.201999999999537,0.9846666666666667,0.9998095238095238
3.202499999999537,0.9846666666666667,0.9998095238095238
3.2029999999995376,0.9846666666666667,0.9998095238095238
3.2034999999995373,0.9846666666666667,0.9998095238095238
3.203999999999537,0.9846666666666667,0.9998095238095238
3.2044999999995367,0.9846666666666667,0.9998095238095238
3.2049999999995364,0.9846666666666667,0.9998095238095238
3.205499999999537,0.9846666666666667,0.9998095238095238
3.2059999999995368,0.9846666666666667,0.9998095238095238
3.2064999999995365,0.9846666666666667,0.9998095238095238
3.206999999999537,0.9846666666666667,0.9998095238095238
3.207499999999537,0.9846666666666667,0.9998095238095238
3.2079999999995366,0.9846666666666667,0.9998095238095238
3.2084999999995363,0.9846666666666667,0.9998095238095238
3.208999999999536,0.9846666666666667,0.9998095238095238
3.2094999999995366,0.9846666666666667,0.9998095238095238
3.2099999999995363,0.9846666666666667,0.9998095238095238
3.210499999999536,0.9846666666666667,0.9998095238095238
3.2109999999995367,0.9846666666666667,0.9998095238095238
3.2114999999995364,0.9846666666666667,0.9998095238095238
3.211999999999536,0.9846666666666667,0.9998095238095238
3.212499999999536,0.9846666666666667,0.9998095238095238
3.2129999999995356,0.9846666666666667,0.9998095238095238
3.213499999999536,0.9846666666666667,0.9998095238095238
3.213999999999536,0.9846666666666667,0.9998095238095238
3.2144999999995356,0.9846666666666667,0.9998095238095238
3.2149999999995362,0.9846666666666667,0.9998095238095238
3.215499999999536,0.9846666666666667,0.9998095238095238
3.2159999999995357,0.9846666666666667,0.9998095238095238
3.2164999999995354,0.9846666666666667,0.9998095238095238
3.216999999999535,0.9846666666666667,0.9998095238095238
3.2174999999995357,0.9846666666666667,0.9998095238095238
3.2179999999995355,0.9846666666666667,0.9998095238095238
3.218499999999535,0.9846666666666667,0.9998095238095238
3.218999999999536,0.9846666666666667,0.9998095238095238
3.2194999999995355,0.9846666666666667,0.9998095238095238
3.2199999999995352,0.9846666666666667,0.9998095238095238
3.220499999999535,0.9846666666666667,0.9998095238095238
3.2209999999995347,0.9846666666666667,0.9998095238095238
3.2214999999995353,0.9846666666666667,0.9998095238095238
3.221999999999535,0.9846666666666667,0.9998095238095238
3.2224999999995347,0.9846666666666667,0.9998095238095238
3.2229999999995353,0.9846666666666667,0.9998095238095238
3.223499999999535,0.9846666666666667,0.9998095238095238
3.223999999999535,0.9846666666666667,0.9998095238095238
3.2244999999995345,0.9846666666666667,0.9998095238095238
3.2249999999995342,0.9846666666666667,0.9998095238095238
3.225499999999535,0.9846666666666667,0.9998095238095238
3.2259999999995346,0.9846666666666667,0.9998095238095238
3.2264999999995343,0.9846666666666667,0.9998095238095238
3.226999999999535,0.9846666666666667,0.9998095238095238
3.2274999999995346,0.9846666666666667,0.9998095238095238
3.2279999999995344,0.9846666666666667,0.9998095238095238
3.228499999999534,0.9846666666666667,0.9998095238095238
3.228999999999534,0.9846666666666667,0.9998095238095238
3.2294999999995344,0.9846666666666667,0.9998095238095238
3.229999999999534,0.9846666666666667,0.9998095238095238
3.230499999999534,0.9846666666666667,0.9998095238095238
3.2309999999995345,0.9846666666666667,0.9998095238095238
3.231499999999534,0.9846666666666667,0.9998095238095238
3.231999999999534,0.9846666666666667,0.9998095238095238
3.2324999999995336,0.9846666666666667,0.9998095238095238
3.2329999999995334,0.9846666666666667,0.9998095238095238
3.233499999999534,0.9846666666666667,0.9998095238095238
3.2339999999995337,0.9846666666666667,0.9998095238095238
3.2344999999995334,0.9846666666666667,0.9998095238095238
3.234999999999534,0.9846666666666667,0.9998095238095238
3.2354999999995337,0.9846666666666667,0.9998095238095238
3.2359999999995335,0.9846666666666667,0.9998095238095238
3.236499999999533,0.9846666666666667,0.9998095238095238
3.236999999999533,0.9846666666666667,0.9998095238095238
3.2374999999995335,0.9846666666666667,0.9998095238095238
3.2379999999995333,0.9846666666666667,0.9998095238095238
3.238499999999533,0.9846666666666667,0.9998095238095238
3.2389999999995336,0.9846666666666667,0.9998095238095238
3.2394999999995333,0.9846666666666667,0.9998095238095238
3.239999999999533,0.9846666666666667,0.9998095238095238
3.2404999999995328,0.9846666666666667,0.9998095238095238
3.2409999999995325,0.9846666666666667,0.9998095238095238
3.241499999999533,0.9846666666666667,0.9998095238095238
3.241999999999533,0.9846666666666667,0.9998095238095238
3.2424999999995325,0.9846666666666667,0.9998095238095238
3.242999999999533,0.9846666666666667,0.9998095238095238
3.243499999999533,0.9846666666666667,0.9998095238095238
3.2439999999995326,0.9846666666666667,0.9998095238095238
3.2444999999995323,0.9846666666666667,0.9998095238095238
3.244999999999532,0.9846666666666667,0.9998095238095238
3.2454999999995326,0.9846666666666667,0.9998095238095238
3.2459999999995324,0.9846666666666667,0.9998095238095238
3.246499999999532,0.9846666666666667,0.9998095238095238
3.2469999999995327,0.9846666666666667,0.9998095238095238
3.2474999999995324,0.9846666666666667,0.9998095238095238
3.247999999999532,0.9846666666666667,0.9998095238095238
3.248499999999532,0.9846666666666667,0.9998095238095238
3.2489999999995316,0.9846666666666667,0.9998095238095238
3.249499999999532,0.9846666666666667,0.9998095238095238
3.249999999999532,0.9846666666666667,0.9998095238095238
3.2504999999995317,0.9846666666666667,0.9998095238095238
3.2509999999995323,0.9846666666666667,0.9998095238095238
3.251499999999532,0.9846666666666667,0.9998095238095238
3.2519999999995317,0.9846666666666667,0.9998095238095238
3.2524999999995314,0.9846666666666667,0.9998095238095238
3.252999999999531,0.9846666666666667,0.9998095238095238
3.2534999999995318,0.9846666666666667,0.9998095238095238
3.2539999999995315,0.9846666666666667,0.9998095238095238
3.254499999999531,0.9846666666666667,0.9998095238095238
3.254999999999532,0.9846666666666667,0.9998095238095238
3.2554999999995315,0.9846666666666667,0.9998095238095238
3.2559999999995313,0.9846666666666667,0.9998095238095238
3.256499999999531,0.9846666666666667,0.9998095238095238
3.2569999999995307,0.9846666666666667,0.9998095238095238
3.2574999999995313,0.9846666666666667,0.9998095238095238
3.257999999999531,0.9846666666666667,0.9998095238095238
3.2584999999995308,0.9846666666666667,0.9998095238095238
3.2589999999995314,0.9846666666666667,0.9998095238095238
3.259499999999531,0.9846666666666667,0.9998095238095238
3.259999999999531,0.9846666666666667,0.9998095238095238
3.2604999999995306,0.9846666666666667,0.9998095238095238
3.2609999999995303,0.9846666666666667,0.9998095238095238
3.261499999999531,0.9846666666666667,0.9998095238095238
3.2619999999995306,0.9846666666666667,0.9998095238095238
3.2624999999995303,0.9846666666666667,0.9998095238095238
3.262999999999531,0.9846666666666667,0.9998095238095238
3.2634999999995307,0.9846666666666667,0.9998095238095238
3.2639999999995304,0.9846666666666667,0.9998095238095238
3.26449999999953,0.9846666666666667,0.9998095238095238
3.26499999999953,0.9846666666666667,0.9998095238095238
3.2654999999995304,0.9846666666666667,0.9998095238095238
3.26599999999953,0.9846666666666667,0.9998095238095238
3.26649999999953,0.9846666666666667,0.9998095238095238
3.2669999999995305,0.9846666666666667,0.9998095238095238
3.2674999999995302,0.9846666666666667,0.9998095238095238
3.26799999999953,0.9846666666666667,0.9998095238095238
3.2684999999995297,0.9846666666666667,0.9998095238095238
3.2689999999995294,0.9846666666666667,0.9998095238095238
3.26949999999953,0.9846666666666667,0.9998095238095238
3.2699999999995297,0.9846666666666667,0.9998095238095238
3.2704999999995295,0.9846666666666667,0.9998095238095238
3.27099999999953,0.9846666666666667,0.9998095238095238
3.27149999999953,0.9846666666666667,0.9998095238095238
3.2719999999995295,0.9846666666666667,0.9998095238095238
3.2724999999995292,0.9846666666666667,0.9998095238095238
3.272999999999529,0.9846666666666667,0.9998095238095238
3.2734999999995296,0.9846666666666667,0.9998095238095238
3.2739999999995293,0.9846666666666667,0.9998095238095238
3.274499999999529,0.9846666666666667,0.9998095238095238
3.2749999999995296,0.9846666666666667,0.9998095238095238
3.2754999999995293,0.9846666666666667,0.9998095238095238
3.275999999999529,0.9846666666666667,0.9998095238095238
3.276499999999529,0.9846666666666667,0.9998095238095238
3.2769999999995285,0.9846666666666667,0.9998095238095238
3.277499999999529,0.9846666666666667,0.9998095238095238
3.277999999999529,0.9846666666666667,0.9998095238095238
3.2784999999995286,0.9846666666666667,0.9998095238095238
3.278999999999529,0.9846666666666667,0.9998095238095238
3.279499999999529,0.9846666666666667,0.9998095238095238
3.2799999999995286,0.9846666666666667,0.9998095238095238
3.2804999999995283,0.9846666666666667,0.9998095238095238
3.280999999999528,0.9846666666666667,0.9998095238095238
3.2814999999995287,0.9846666666666667,0.9998095238095238
3.2819999999995284,0.9846666666666667,0.9998095238095238
3.282499999999528,0.9846666666666667,0.9998095238095238
3.2829999999995287,0.9846666666666667,0.9998095238095238
3.2834999999995285,0.9846666666666667,0.9998095238095238
3.283999999999528,0.9846666666666667,0.9998095238095238
3.284499999999528,0.9846666666666667,0.9998095238095238
3.2849999999995276,0.9846666666666667,0.9998095238095238
3.2854999999995282,0.9846666666666667,0.9998095238095238
3.285999999999528,0.9846666666666667,0.9998095238095238
3.2864999999995277,0.9846666666666667,0.9998095238095238
3.2869999999995283,0.9846666666666667,0.9998095238095238
3.287499999999528,0.9846666666666667,0.9998095238095238
3.2879999999995277,0.9846666666666667,0.9998095238095238
3.2884999999995275,0.9846666666666667,0.9998095238095238
3.288999999999527,0.9846666666666667,0.9998095238095238
3.289499999999528,0.9846666666666667,0.9998095238095238
3.2899999999995275,0.9846666666666667,0.9998095238095238
3.2904999999995272,0.9846666666666667,0.9998095238095238
3.290999999999528,0.9846666666666667,0.9998095238095238
3.2914999999995276,0.9846666666666667,0.9998095238095238
3.2919999999995273,0.9846666666666667,0.9998095238095238
3.292499999999527,0.9846666666666667,0.9998095238095238
3.2929999999995268,0.9846666666666667,0.9998095238095238
3.2934999999995274,0.9846666666666667,0.9998095238095238
3.293999999999527,0.9846666666666667,0.9998095238095238
3.294499999999527,0.9846666666666667,0.9998095238095238
3.2949999999995274,0.9846666666666667,0.9998095238095238
3.295499999999527,0.9846666666666667,0.9998095238095238
3.295999999999527,0.9846666666666667,0.9998095238095238
3.2964999999995266,0.9846666666666667,0.9998095238095238
3.2969999999995263,0.9846666666666667,0.9998095238095238
3.297499999999527,0.9846666666666667,0.9998095238095238
3.2979999999995266,0.9846666666666667,0.9998095238095238
3.2984999999995264,0.9846666666666667,0.9998095238095238
3.298999999999527,0.9846666666666667,0.9998095238095238
3.2994999999995267,0.9846666666666667,0.9998095238095238
3.2999999999995264,0.9846666666666667,0.9998095238095238
3.300499999999526,0.9846666666666667,0.9998095238095238
3.300999999999526,0.9846666666666667,0.9998095238095238
3.3014999999995265,0.9846666666666667,0.9998095238095238
3.301999999999526,0.9846666666666667,0.9998095238095238
3.302499999999526,0.9846666666666667,0.9998095238095238
3.3029999999995265,0.9846666666666667,0.9998095238095238
3.3034999999995263,0.9846666666666667,0.9998095238095238
3.303999999999526,0.9846666666666667,0.9998095238095238
3.3044999999995257,0.9846666666666667,0.9998095238095238
3.3049999999995254,0.9846666666666667,0.9998095238095238
3.305499999999526,0.9846666666666667,0.9998095238095238
3.3059999999995258,0.9846666666666667,0.9998095238095238
3.3064999999995255,0.9846666666666667,0.9998095238095238
3.306999999999526,0.9846666666666667,0.9998095238095238
3.307499999999526,0.9846666666666667,0.9998095238095238
3.3079999999995255,0.9846666666666667,0.9998095238095238
3.3084999999995253,0.9846666666666667,0.9998095238095238
3.308999999999525,0.9846666666666667,0.9998095238095238
3.3094999999995256,0.9846666666666667,0.9998095238095238
3.3099999999995253,0.9846666666666667,0.9998095238095238
3.310499999999525,0.9846666666666667,0.9998095238095238
3.3109999999995257,0.9846666666666667,0.9998095238095238
3.3114999999995254,0.9846666666666667,0.9998095238095238
3.311999999999525,0.9846666666666667,0.9998095238095238
3.312499999999525,0.9846666666666667,0.9998095238095238
3.3129999999995245,0.9846666666666667,0.9998095238095238
3.313499999999525,0.9846666666666667,0.9998095238095238
3.313999999999525,0.9846666666666667,0.9998095238095238
3.3144999999995246,0.9846666666666667,0.9998095238095238
3.314999999999525,0.9846666666666667,0.9998095238095238
3.315499999999525,0.9846666666666667,0.9998095238095238
3.3159999999995247,0.9846666666666667,0.9998095238095238
3.3164999999995244,0.9846666666666667,0.9998095238095238
3.316999999999524,0.9846666666666667,0.9998095238095238
3.3174999999995247,0.9846666666666667,0.9998095238095238
3.3179999999995244,0.9846666666666667,0.9998095238095238
3.318499999999524,0.9846666666666667,0.9998095238095238
3.3189999999995248,0.9846666666666667,0.9998095238095238
3.3194999999995245,0.9846666666666667,0.9998095238095238
3.319999999999524,0.9846666666666667,0.9998095238095238
3.320499999999524,0.9846666666666667,0.9998095238095238
3.3209999999995237,0.9846666666666667,0.9998095238095238
3.3214999999995243,0.9846666666666667,0.9998095238095238
3.321999999999524,0.9846666666666667,0.9998095238095238
3.3224999999995237,0.9846666666666667,0.9998095238095238
3.3229999999995243,0.9846666666666667,0.9998095238095238
3.323499999999524,0.9846666666666667,0.9998095238095238
3.323999999999524,0.9846666666666667,0.9998095238095238
3.3244999999995235,0.9846666666666667,0.9998095238095238
3.3249999999995232,0.9846666666666667,0.9998095238095238
3.325499999999524,0.9846666666666667,0.9998095238095238
3.3259999999995236,0.9846666666666667,0.9998095238095238
3.3264999999995233,0.9846666666666667,0.9998095238095238
3.326999999999524,0.9846666666666667,0.9998095238095238
3.3274999999995236,0.9846666666666667,0.9998095238095238
3.3279999999995233,0.9846666666666667,0.9998095238095238
3.328499999999523,0.9846666666666667,0.9998095238095238
3.328999999999523,0.9846666666666667,0.9998095238095238
3.3294999999995234,0.9846666666666667,0.9998095238095238
3.329999999999523,0.9846666666666667,0.9998095238095238
3.330499999999523,0.9846666666666667,0.9998095238095238
3.3309999999995235,0.9846666666666667,0.9998095238095238
3.331499999999523,0.9846666666666667,0.9998095238095238
3.331999999999523,0.9846666666666667,0.9998095238095238
3.3324999999995226,0.9846666666666667,0.9998095238095238
3.3329999999995223,0.9846666666666667,0.9998095238095238
3.333499999999523,0.9846666666666667,0.9998095238095238
3.3339999999995227,0.9846666666666667,0.9998095238095238
3.3344999999995224,0.9846666666666667,0.9998095238095238
3.334999999999523,0.9846666666666667,0.9998095238095238
3.3354999999995227,0.9846666666666667,0.9998095238095238
3.3359999999995225,0.9846666666666667,0.9998095238095238
3.336499999999522,0.9846666666666667,0.9998095238095238
3.336999999999522,0.9846666666666667,0.9998095238095238
3.3374999999995225,0.9846666666666667,0.9998095238095238
3.3379999999995222,0.9846666666666667,0.9998095238095238
3.338499999999522,0.9846666666666667,0.9998095238095238
3.3389999999995226,0.9846666666666667,0.9998095238095238
3.3394999999995223,0.9846666666666667,0.9998095238095238
3.339999999999522,0.9846666666666667,0.9998095238095238
3.3404999999995217,0.9846666666666667,0.9998095238095238
3.3409999999995215,0.9846666666666667,0.9998095238095238
3.341499999999522,0.9846666666666667,0.9998095238095238
3.341999999999522,0.9846666666666667,0.9998095238095238
3.3424999999995215,0.9846666666666667,0.9998095238095238
3.342999999999522,0.9846666666666667,0.9998095238095238
3.343499999999522,0.9846666666666667,0.9998095238095238
3.3439999999995216,0.9846666666666667,0.9998095238095238
3.3444999999995213,0.9846666666666667,0.9998095238095238
3.344999999999521,0.9846666666666667,0.9998095238095238
3.3454999999995216,0.9846666666666667,0.9998095238095238
3.3459999999995214,0.9846666666666667,0.9998095238095238
3.346499999999521,0.9846666666666667,0.9998095238095238
3.3469999999995217,0.9846666666666667,0.9998095238095238
3.3474999999995214,0.9846666666666667,0.9998095238095238
3.347999999999521,0.9846666666666667,0.9998095238095238
3.348499999999521,0.9846666666666667,0.9998095238095238
3.3489999999995206,0.9846666666666667,0.9998095238095238
3.349499999999521,0.9846666666666667,0.9998095238095238
3.349999999999521,0.9846666666666667,0.9998095238095238
3.3504999999995206,0.9846666666666667,0.9998095238095238
3.3509999999995213,0.9846666666666667,0.9998095238095238
3.351499999999521,0.9846666666666667,0.9998095238095238
3.3519999999995207,0.9846666666666667,0.9998095238095238
3.3524999999995204,0.9846666666666667,0.9998095238095238
3.35299999999952,0.9846666666666667,0.9998095238095238
3.3534999999995208,0.9846666666666667,0.9998095238095238
3.3539999999995205,0.9846666666666667,0.9998095238095238
3.35449999999952,0.9846666666666667,0.9998095238095238
3.354999999999521,0.9846666666666667,0.9998095238095238
3.3554999999995205,0.9846666666666667,0.9998095238095238
3.3559999999995203,0.9846666666666667,0.9998095238095238
3.35649999999952,0.9846666666666667,0.9998095238095238
3.3569999999995197,0.9846666666666667,0.9998095238095238
3.3574999999995203,0.9846666666666667,0.9998095238095238
3.35799999999952,0.9846666666666667,0.9998095238095238
3.3584999999995198,0.9846666666666667,0.9998095238095238
3.3589999999995204,0.9846666666666667,0.9998095238095238
3.35949999999952,0.9846666666666667,0.9998095238095238
3.35999999999952,0.9846666666666667,0.9998095238095238
3.3604999999995195,0.9846666666666667,0.9998095238095238
3.3609999999995193,0.9846666666666667,0.9998095238095238
3.36149999999952,0.9846666666666667,0.9998095238095238
3.3619999999995196,0.9846666666666667,0.9998095238095238
3.3624999999995193,0.9846666666666667,0.9998095238095238
3.36299999999952,0.9846666666666667,0.9998095238095238
3.3634999999995197,0.9846666666666667,0.9998095238095238
3.3639999999995194,0.9846666666666667,0.9998095238095238
3.364499999999519,0.9846666666666667,0.9998095238095238
3.364999999999519,0.9846666666666667,0.9998095238095238
3.3654999999995194,0.9846666666666667,0.9998095238095238
3.365999999999519,0.9846666666666667,0.9998095238095238
3.366499999999519,0.9846666666666667,0.9998095238095238
3.3669999999995195,0.9846666666666667,0.9998095238095238
3.367499999999519,0.9846666666666667,0.9998095238095238
3.367999999999519,0.9846666666666667,0.9998095238095238
3.3684999999995187,0.9846666666666667,0.9998095238095238
3.3689999999995184,0.9846666666666667,0.9998095238095238
3.369499999999519,0.9846666666666667,0.9998095238095238
3.3699999999995187,0.9846666666666667,0.9998095238095238
3.3704999999995184,0.9846666666666667,0.9998095238095238
3.370999999999519,0.9846666666666667,0.9998095238095238
3.3714999999995188,0.9846666666666667,0.9998095238095238
3.3719999999995185,0.9846666666666667,0.9998095238095238
3.372499999999518,0.9846666666666667,0.9998095238095238
3.372999999999518,0.9846666666666667,0.9998095238095238
3.3734999999995186,0.9846666666666667,0.9998095238095238
3.3739999999995183,0.9846666666666667,0.9998095238095238
3.374499999999518,0.9846666666666667,0.9998095238095238
3.3749999999995186,0.9846666666666667,0.9998095238095238
3.3754999999995183,0.9846666666666667,0.9998095238095238
3.375999999999518,0.9846666666666667,0.9998095238095238
3.3764999999995178,0.9846666666666667,0.9998095238095238
3.3769999999995175,0.9846666666666667,0.9998095238095238
3.377499999999518,0.9846666666666667,0.9998095238095238
3.377999999999518,0.9846666666666667,0.9998095238095238
3.3784999999995176,0.9846666666666667,0.9998095238095238
3.378999999999518,0.9846666666666667,0.9998095238095238
3.379499999999518,0.9846666666666667,0.9998095238095238
3.3799999999995176,0.9846666666666667,0.9998095238095238
3.3804999999995173,0.9846666666666667,0.9998095238095238
3.380999999999517,0.9846666666666667,0.9998095238095238
3.3814999999995177,0.9846666666666667,0.9998095238095238
3.3819999999995174,0.9846666666666667,0.9998095238095238
3.382499999999517,0.9846666666666667,0.9998095238095238
3.3829999999995177,0.9846666666666667,0.9998095238095238
3.3834999999995174,0.9846666666666667,0.9998095238095238
3.383999999999517,0.9846666666666667,0.9998095238095238
3.384499999999517,0.9846666666666667,0.9998095238095238
3.3849999999995166,0.9846666666666667,0.9998095238095238
3.3854999999995172,0.9846666666666667,0.9998095238095238
3.385999999999517,0.9846666666666667,0.9998095238095238
3.3864999999995167,0.9846666666666667,0.9998095238095238
3.3869999999995173,0.9846666666666667,0.9998095238095238
3.387499999999517,0.9846666666666667,0.9998095238095238
3.3879999999995167,0.9846666666666667,0.9998095238095238
3.3884999999995165,0.9846666666666667,0.9998095238095238
3.388999999999516,0.9846666666666667,0.9998095238095238
3.389499999999517,0.9846666666666667,0.9998095238095238
3.3899999999995165,0.9846666666666667,0.9998095238095238
3.3904999999995162,0.9846666666666667,0.9998095238095238
3.390999999999517,0.9846666666666667,0.9998095238095238
3.3914999999995166,0.9846666666666667,0.9998095238095238
3.3919999999995163,0.9846666666666667,0.9998095238095238
3.392499999999516,0.9846666666666667,0.9998095238095238
3.3929999999995157,0.9846666666666667,0.9998095238095238
3.3934999999995163,0.9846666666666667,0.9998095238095238
3.393999999999516,0.9846666666666667,0.9998095238095238
3.394499999999516,0.9846666666666667,0.9998095238095238
3.3949999999995164,0.9846666666666667,0.9998095238095238
3.395499999999516,0.9846666666666667,0.9998095238095238
3.395999999999516,0.9846666666666667,0.9998095238095238
3.3964999999995156,0.9846666666666667,0.9998095238095238
3.3969999999995153,0.9846666666666667,0.9998095238095238
3.397499999999516,0.9846666666666667,0.9998095238095238
3.3979999999995156,0.9846666666666667,0.9998095238095238
3.3984999999995154,0.9846666666666667,0.9998095238095238
3.398999999999516,0.9846666666666667,0.9998095238095238
3.3994999999995157,0.9846666666666667,0.9998095238095238
3.3999999999995154,0.9846666666666667,0.9998095238095238
3.400499999999515,0.9846666666666667,0.9998095238095238
3.400999999999515,0.9846666666666667,0.9998095238095238
3.4014999999995155,0.9846666666666667,0.9998095238095238
3.401999999999515,0.9846666666666667,0.9998095238095238
3.402499999999515,0.9846666666666667,0.9998095238095238
3.4029999999995155,0.9846666666666667,0.9998095238095238
3.4034999999995152,0.9846666666666667,0.9998095238095238
3.403999999999515,0.9846666666666667,0.9998095238095238
3.4044999999995147,0.9846666666666667,0.9998095238095238
3.4049999999995144,0.9846666666666667,0.9998095238095238
3.405499999999515,0.9846666666666667,0.9998095238095238
3.4059999999995147,0.9846666666666667,0.9998095238095238
3.4064999999995145,0.9846666666666667,0.9998095238095238
3.406999999999515,0.9846666666666667,0.9998095238095238
3.407499999999515,0.9846666666666667,0.9998095238095238
3.4079999999995145,0.9846666666666667,0.9998095238095238
3.4084999999995143,0.9846666666666667,0.9998095238095238
3.408999999999514,0.9846666666666667,0.9998095238095238
3.4094999999995146,0.9846666666666667,0.9998095238095238
3.4099999999995143,0.9846666666666667,0.9998095238095238
3.410499999999514,0.9846666666666667,0.9998095238095238
3.4109999999995146,0.9846666666666667,0.9998095238095238
3.4114999999995144,0.9846666666666667,0.9998095238095238
3.411999999999514,0.9846666666666667,0.9998095238095238
3.412499999999514,0.9846666666666667,0.9998095238095238
3.4129999999995135,0.9846666666666667,0.9998095238095238
3.413499999999514,0.9846666666666667,0.9998095238095238
3.413999999999514,0.9846666666666667,0.9998095238095238
3.4144999999995136,0.9846666666666667,0.9998095238095238
3.414999999999514,0.9846666666666667,0.9998095238095238
3.415499999999514,0.9846666666666667,0.9998095238095238
3.4159999999995136,0.9846666666666667,0.9998095238095238
3.4164999999995134,0.9846666666666667,0.9998095238095238
3.416999999999513,0.9846666666666667,0.9998095238095238
3.4174999999995137,0.9846666666666667,0.9998095238095238
3.4179999999995134,0.9846666666666667,0.9998095238095238
3.418499999999513,0.9846666666666667,0.9998095238095238
3.4189999999995138,0.9846666666666667,0.9998095238095238
3.4194999999995135,0.9846666666666667,0.9998095238095238
3.419999999999513,0.9846666666666667,0.9998095238095238
3.420499999999513,0.9846666666666667,0.9998095238095238
3.4209999999995127,0.9846666666666667,0.9998095238095238
3.4214999999995133,0.9846666666666667,0.9998095238095238
3.421999999999513,0.9846666666666667,0.9998095238095238
3.4224999999995127,0.9846666666666667,0.9998095238095238
3.4229999999995133,0.9846666666666667,0.9998095238095238
3.423499999999513,0.9846666666666667,0.9998095238095238
3.4239999999995128,0.9846666666666667,0.9998095238095238
3.4244999999995125,0.9846666666666667,0.9998095238095238
3.424999999999512,0.9846666666666667,0.9998095238095238
3.425499999999513,0.9846666666666667,0.9998095238095238
3.4259999999995125,0.9846666666666667,0.9998095238095238
3.4264999999995123,0.9846666666666667,0.9998095238095238
3.426999999999513,0.9846666666666667,0.9998095238095238
3.4274999999995126,0.9846666666666667,0.9998095238095238
3.4279999999995123,0.9846666666666667,0.9998095238095238
3.428499999999512,0.9846666666666667,0.9998095238095238
3.4289999999995118,0.9846666666666667,0.9998095238095238
3.4294999999995124,0.9846666666666667,0.9998095238095238
3.429999999999512,0.9846666666666667,0.9998095238095238
3.430499999999512,0.9846666666666667,0.9998095238095238
3.4309999999995124,0.9846666666666667,0.9998095238095238
3.431499999999512,0.9846666666666667,0.9998095238095238
3.431999999999512,0.9846666666666667,0.9998095238095238
3.4324999999995116,0.9846666666666667,0.9998095238095238
3.4329999999995113,0.9846666666666667,0.9998095238095238
3.433499999999512,0.9846666666666667,0.9998095238095238
3.4339999999995117,0.9846666666666667,0.9998095238095238
3.4344999999995114,0.9846666666666667,0.9998095238095238
3.434999999999512,0.9846666666666667,0.9998095238095238
3.4354999999995117,0.9846666666666667,0.9998095238095238
3.4359999999995114,0.9846666666666667,0.9998095238095238
3.436499999999511,0.9846666666666667,0.9998095238095238
3.436999999999511,0.9846666666666667,0.9998095238095238
3.4374999999995115,0.9846666666666667,0.9998095238095238
3.4379999999995112,0.9846666666666667,0.9998095238095238
3.438499999999511,0.9846666666666667,0.9998095238095238
3.4389999999995116,0.9846666666666667,0.9998095238095238
3.4394999999995113,0.9846666666666667,0.9998095238095238
3.439999999999511,0.9846666666666667,0.9998095238095238
3.4404999999995107,0.9846666666666667,0.9998095238095238
3.4409999999995105,0.9846666666666667,0.9998095238095238
3.441499999999511,0.9846666666666667,0.9998095238095238
3.441999999999511,0.9846666666666667,0.9998095238095238
3.4424999999995105,0.9846666666666667,0.9998095238095238
3.442999999999511,0.9846666666666667,0.9998095238095238
3.443499999999511,0.9846666666666667,0.9998095238095238
3.4439999999995106,0.9846666666666667,0.9998095238095238
3.4444999999995103,0.9846666666666667,0.9998095238095238
3.44499999999951,0.9846666666666667,0.9998095238095238
3.4454999999995106,0.9846666666666667,0.9998095238095238
3.4459999999995103,0.9846666666666667,0.9998095238095238
3.44649999999951,0.9846666666666667,0.9998095238095238
3.4469999999995107,0.9846666666666667,0.9998095238095238
3.4474999999995104,0.9846666666666667,0.9998095238095238
3.44799999999951,0.9846666666666667,0.9998095238095238
3.44849999999951,0.9846666666666667,0.9998095238095238
3.4489999999995096,0.9846666666666667,0.9998095238095238
3.44949999999951,0.9846666666666667,0.9998095238095238
3.44999999999951,0.9846666666666667,0.9998095238095238
3.4504999999995096,0.9846666666666667,0.9998095238095238
3.4509999999995102,0.9846666666666667,0.9998095238095238
3.45149999999951,0.9846666666666667,0.9998095238095238
3.4519999999995097,0.9846666666666667,0.9998095238095238
3.4524999999995094,0.9846666666666667,0.9998095238095238
3.452999999999509,0.9846666666666667,0.9998095238095238
3.4534999999995097,0.9846666666666667,0.9998095238095238
3.4539999999995095,0.9846666666666667,0.9998095238095238
3.454499999999509,0.9846666666666667,0.9998095238095238
3.45499999999951,0.9846666666666667,0.9998095238095238
3.4554999999995095,0.9846666666666667,0.9998095238095238
3.4559999999995092,0.9846666666666667,0.9998095238095238
3.456499999999509,0.9846666666666667,0.9998095238095238
3.4569999999995087,0.9846666666666667,0.9998095238095238
3.4574999999995093,0.9846666666666667,0.9998095238095238
3.457999999999509,0.9846666666666667,0.9998095238095238
3.4584999999995087,0.9846666666666667,0.9998095238095238
3.4589999999995094,0.9846666666666667,0.9998095238095238
3.459499999999509,0.9846666666666667,0.9998095238095238
3.459999999999509,0.9846666666666667,0.9998095238095238
3.4604999999995085,0.9846666666666667,0.9998095238095238
3.4609999999995082,0.9846666666666667,0.9998095238095238
3.461499999999509,0.9846666666666667,0.9998095238095238
3.4619999999995086,0.9846666666666667,0.9998095238095238
3.4624999999995083,0.9846666666666667,0.9998095238095238
3.462999999999509,0.9846666666666667,0.9998095238095238
3.4634999999995086,0.9846666666666667,0.9998095238095238
3.4639999999995084,0.9846666666666667,0.9998095238095238
3.464499999999508,0.9846666666666667,0.9998095238095238
3.464999999999508,0.9846666666666667,0.9998095238095238
3.4654999999995084,0.9846666666666667,0.9998095238095238
3.465999999999508,0.9846666666666667,0.9998095238095238
3.466499999999508,0.9846666666666667,0.9998095238095238
3.4669999999995085,0.9846666666666667,0.9998095238095238
3.467499999999508,0.9846666666666667,0.9998095238095238
3.467999999999508,0.9846666666666667,0.9998095238095238
3.4684999999995076,0.9846666666666667,0.9998095238095238
3.4689999999995074,0.9846666666666667,0.9998095238095238
3.469499999999508,0.9846666666666667,0.9998095238095238
3.4699999999995077,0.9846666666666667,0.9998095238095238
3.4704999999995074,0.9846666666666667,0.9998095238095238
3.470999999999508,0.9846666666666667,0.9998095238095238
3.4714999999995078,0.9846666666666667,0.9998095238095238
3.4719999999995075,0.9846666666666667,0.9998095238095238
3.472499999999507,0.9846666666666667,0.9998095238095238
3.472999999999507,0.9846666666666667,0.9998095238095238
3.4734999999995075,0.9846666666666667,0.9998095238095238
3.4739999999995073,0.9846666666666667,0.9998095238095238
3.474499999999507,0.9846666666666667,0.9998095238095238
3.4749999999995076,0.9846666666666667,0.9998095238095238
3.4754999999995073,0.9846666666666667,0.9998095238095238
3.475999999999507,0.9846666666666667,0.9998095238095238
3.4764999999995068,0.9846666666666667,0.9998095238095238
3.4769999999995065,0.9846666666666667,0.9998095238095238
3.477499999999507,0.9846666666666667,0.9998095238095238
3.477999999999507,0.9846666666666667,0.9998095238095238
3.4784999999995065,0.9846666666666667,0.9998095238095238
3.478999999999507,0.9846666666666667,0.9998095238095238
3.479499999999507,0.9846666666666667,0.9998095238095238
3.4799999999995066,0.9846666666666667,0.9998095238095238
3.4804999999995063,0.9846666666666667,0.9998095238095238
3.480999999999506,0.9846666666666667,0.9998095238095238
3.4814999999995067,0.9846666666666667,0.9998095238095238
3.4819999999995064,0.9846666666666667,0.9998095238095238
3.482499999999506,0.9846666666666667,0.9998095238095238
3.4829999999995067,0.9846666666666667,0.9998095238095238
3.4834999999995064,0.9846666666666667,0.9998095238095238
3.483999999999506,0.9846666666666667,0.9998095238095238
3.484499999999506,0.9846666666666667,0.9998095238095238
3.4849999999995056,0.9846666666666667,0.9998095238095238
3.485499999999506,0.9846666666666667,0.9998095238095238
3.485999999999506,0.9846666666666667,0.9998095238095238
3.4864999999995057,0.9846666666666667,0.9998095238095238
3.4869999999995063,0.9846666666666667,0.9998095238095238
3.487499999999506,0.9846666666666667,0.9998095238095238
3.4879999999995057,0.9846666666666667,0.9998095238095238
3.4884999999995054,0.9846666666666667,0.9998095238095238
3.488999999999505,0.9846666666666667,0.9998095238095238
3.4894999999995058,0.9846666666666667,0.9998095238095238
3.4899999999995055,0.9846666666666667,0.9998095238095238
3.490499999999505,0.9846666666666667,0.9998095238095238
3.490999999999506,0.9846666666666667,0.9998095238095238
3.4914999999995056,0.9846666666666667,0.9998095238095238
3.4919999999995053,0.9846666666666667,0.9998095238095238
3.492499999999505,0.9846666666666667,0.9998095238095238
3.4929999999995047,0.9846666666666667,0.9998095238095238
3.4934999999995053,0.9846666666666667,0.9998095238095238
3.493999999999505,0.9846666666666667,0.9998095238095238
3.494499999999505,0.9846666666666667,0.9998095238095238
3.4949999999995054,0.9846666666666667,0.9998095238095238
3.495499999999505,0.9846666666666667,0.9998095238095238
3.495999999999505,0.9846666666666667,0.9998095238095238
3.4964999999995046,0.9846666666666667,0.9998095238095238
3.4969999999995043,0.9846666666666667,0.9998095238095238
3.497499999999505,0.9846666666666667,0.9998095238095238
3.4979999999995046,0.9846666666666667,0.9998095238095238
3.4984999999995043,0.9846666666666667,0.9998095238095238
3.498999999999505,0.9846666666666667,0.9998095238095238
3.4994999999995047,0.9846666666666667,0.9998095238095238
3.4999999999995044,0.9846666666666667,0.9998095238095238
3.500499999999504,0.9846666666666667,0.9998095238095238
3.500999999999504,0.9846666666666667,0.9998095238095238
3.5014999999995045,0.9846666666666667,0.9998095238095238
3.501999999999504,0.9846666666666667,0.9998095238095238
3.502499999999504,0.9846666666666667,0.9998095238095238
3.5029999999995045,0.9846666666666667,0.9998095238095238
3.5034999999995042,0.9846666666666667,0.9998095238095238
3.503999999999504,0.9846666666666667,0.9998095238095238
3.5044999999995037,0.9846666666666667,0.9998095238095238
3.5049999999995034,0.9846666666666667,0.9998095238095238
3.505499999999504,0.9846666666666667,0.9998095238095238
3.5059999999995037,0.9846666666666667,0.9998095238095238
3.5064999999995035,0.9846666666666667,0.9998095238095238
3.506999999999504,0.9846666666666667,0.9998095238095238
3.507499999999504,0.9846666666666667,0.9998095238095238
3.5079999999995035,0.9846666666666667,0.9998095238095238
3.5084999999995032,0.9846666666666667,0.9998095238095238
3.508999999999503,0.9846666666666667,0.9998095238095238
3.5094999999995036,0.9846666666666667,0.9998095238095238
3.5099999999995033,0.9846666666666667,0.9998095238095238
3.510499999999503,0.9846666666666667,0.9998095238095238
3.5109999999995036,0.9846666666666667,0.9998095238095238
3.5114999999995034,0.9846666666666667,0.9998095238095238
3.511999999999503,0.9846666666666667,0.9998095238095238
3.512499999999503,0.9846666666666667,0.9998095238095238
3.5129999999995025,0.9846666666666667,0.9998095238095238
3.513499999999503,0.9846666666666667,0.9998095238095238
3.513999999999503,0.9846666666666667,0.9998095238095238
3.5144999999995026,0.9846666666666667,0.9998095238095238
3.514999999999503,0.9846666666666667,0.9998095238095238
3.515499999999503,0.9846666666666667,0.9998095238095238
3.5159999999995026,0.9846666666666667,0.9998095238095238
3.5164999999995024,0.9846666666666667,0.9998095238095238
3.516999999999502,0.9846666666666667,0.9998095238095238
3.5174999999995027,0.9846666666666667,0.9998095238095238
3.5179999999995024,0.9846666666666667,0.9998095238095238
3.518499999999502,0.9846666666666667,0.9998095238095238
3.5189999999995027,0.9846666666666667,0.9998095238095238
3.5194999999995025,0.9846666666666667,0.9998095238095238
3.519999999999502,0.9846666666666667,0.9998095238095238
3.520499999999502,0.9846666666666667,0.9998095238095238
3.5209999999995016,0.9846666666666667,0.9998095238095238
3.5214999999995023,0.9846666666666667,0.9998095238095238
3.521999999999502,0.9846666666666667,0.9998095238095238
3.5224999999995017,0.9846666666666667,0.9998095238095238
3.5229999999995023,0.9846666666666667,0.9998095238095238
3.523499999999502,0.9846666666666667,0.9998095238095238
3.5239999999995018,0.9846666666666667,0.9998095238095238
3.5244999999995015,0.9846666666666667,0.9998095238095238
3.524999999999501,0.9846666666666667,0.9998095238095238
3.525499999999502,0.9846666666666667,0.9998095238095238
3.5259999999995015,0.9846666666666667,0.9998095238095238
3.5264999999995013,0.9846666666666667,0.9998095238095238
3.526999999999502,0.9846666666666667,0.9998095238095238
3.5274999999995016,0.9846666666666667,0.9998095238095238
3.5279999999995013,0.9846666666666667,0.9998095238095238
3.528499999999501,0.9846666666666667,0.9998095238095238
3.5289999999995008,0.9846666666666667,0.9998095238095238
3.5294999999995014,0.9846666666666667,0.9998095238095238
3.529999999999501,0.9846666666666667,0.9998095238095238
3.530499999999501,0.9846666666666667,0.9998095238095238
3.5309999999995014,0.9846666666666667,0.9998095238095238
3.531499999999501,0.9846666666666667,0.9998095238095238
3.531999999999501,0.9846666666666667,0.9998095238095238
3.5324999999995006,0.9846666666666667,0.9998095238095238
3.5329999999995003,0.9846666666666667,0.9998095238095238
3.533499999999501,0.9846666666666667,0.9998095238095238
3.5339999999995007,0.9846666666666667,0.9998095238095238
3.5344999999995004,0.9846666666666667,0.9998095238095238
3.534999999999501,0.9846666666666667,0.9998095238095238
3.5354999999995007,0.9846666666666667,0.9998095238095238
3.5359999999995004,0.9846666666666667,0.9998095238095238
3.5364999999995,0.9846666666666667,0.9998095238095238
3.5369999999995,0.9846666666666667,0.9998095238095238
3.5374999999995005,0.9846666666666667,0.9998095238095238
3.5379999999995,0.9846666666666667,0.9998095238095238
3.5384999999995,0.9846666666666667,0.9998095238095238
3.5389999999995005,0.9846666666666667,0.9998095238095238
3.5394999999995003,0.9846666666666667,0.9998095238095238
3.5399999999995,0.9846666666666667,0.9998095238095238
3.5404999999994997,0.9846666666666667,0.9998095238095238
3.5409999999994994,0.9846666666666667,0.9998095238095238
3.5414999999995,0.9846666666666667,0.9998095238095238
3.5419999999994998,0.9846666666666667,0.9998095238095238
3.5424999999994995,0.9846666666666667,0.9998095238095238
3.5429999999995,0.9846666666666667,0.9998095238095238
3.5434999999995,0.9846666666666667,0.9998095238095238
3.5439999999994996,0.9846666666666667,0.9998095238095238
3.5444999999994993,0.9846666666666667,0.9998095238095238
3.544999999999499,0.9846666666666667,0.9998095238095238
3.5454999999994996,0.9846666666666667,0.9998095238095238
3.5459999999994993,0.9846666666666667,0.9998095238095238
3.546499999999499,0.9846666666666667,0.9998095238095238
3.5469999999994997,0.9846666666666667,0.9998095238095238
3.5474999999994994,0.9846666666666667,0.9998095238095238
3.547999999999499,0.9846666666666667,0.9998095238095238
3.548499999999499,0.9846666666666667,0.9998095238095238
3.5489999999994986,0.9846666666666667,0.9998095238095238
3.549499999999499,0.9846666666666667,0.9998095238095238
3.549999999999499,0.9846666666666667,0.9998095238095238
3.5504999999994986,0.9846666666666667,0.9998095238095238
3.5509999999994992,0.9846666666666667,0.9998095238095238
3.551499999999499,0.9846666666666667,0.9998095238095238
3.5519999999994987,0.9846666666666667,0.9998095238095238
3.5524999999994984,0.9846666666666667,0.9998095238095238
3.552999999999498,0.9846666666666667,0.9998095238095238
3.5534999999994987,0.9846666666666667,0.9998095238095238
3.5539999999994984,0.9846666666666667,0.9998095238095238
3.554499999999498,0.9846666666666667,0.9998095238095238
3.554999999999499,0.9846666666666667,0.9998095238095238
3.5554999999994985,0.9846666666666667,0.9998095238095238
3.5559999999994982,0.9846666666666667,0.9998095238095238
3.556499999999498,0.9846666666666667,0.9998095238095238
3.5569999999994977,0.9846666666666667,0.9998095238095238
3.5574999999994983,0.9846666666666667,0.9998095238095238
3.557999999999498,0.9846666666666667,0.9998095238095238
3.5584999999994977,0.9846666666666667,0.9998095238095238
3.5589999999994983,0.9846666666666667,0.9998095238095238
3.559499999999498,0.9846666666666667,0.9998095238095238
3.559999999999498,0.9846666666666667,0.9998095238095238
3.5604999999994975,0.9846666666666667,0.9998095238095238
3.5609999999994972,0.9846666666666667,0.9998095238095238
3.561499999999498,0.9846666666666667,0.9998095238095238
3.5619999999994976,0.9846666666666667,0.9998095238095238
3.5624999999994973,0.9846666666666667,0.9998095238095238
3.562999999999498,0.9846666666666667,0.9998095238095238
3.5634999999994976,0.9846666666666667,0.9998095238095238
3.5639999999994973,0.9846666666666667,0.9998095238095238
3.564499999999497,0.9846666666666667,0.9998095238095238
3.564999999999497,0.9846666666666667,0.9998095238095238
3.5654999999994974,0.9846666666666667,0.9998095238095238
3.565999999999497,0.9846666666666667,0.9998095238095238
3.566499999999497,0.9846666666666667,0.9998095238095238
3.5669999999994975,0.9846666666666667,0.9998095238095238
3.567499999999497,0.9846666666666667,0.9998095238095238
3.567999999999497,0.9846666666666667,0.9998095238095238
3.5684999999994966,0.9846666666666667,0.9998095238095238
3.5689999999994964,0.9846666666666667,0.9998095238095238
3.569499999999497,0.9846666666666667,0.9998095238095238
3.5699999999994967,0.9846666666666667,0.9998095238095238
3.5704999999994964,0.9846666666666667,0.9998095238095238
3.570999999999497,0.9846666666666667,0.9998095238095238
3.5714999999994967,0.9846666666666667,0.9998095238095238
3.5719999999994965,0.9846666666666667,0.9998095238095238
3.572499999999496,0.9846666666666667,0.9998095238095238
3.572999999999496,0.9846666666666667,0.9998095238095238
3.5734999999994965,0.9846666666666667,0.9998095238095238
3.5739999999994962,0.9846666666666667,0.9998095238095238
3.574499999999496,0.9846666666666667,0.9998095238095238
3.5749999999994966,0.9846666666666667,0.9998095238095238
3.5754999999994963,0.9846666666666667,0.9998095238095238
3.575999999999496,0.9846666666666667,0.9998095238095238
3.5764999999994957,0.9846666666666667,0.9998095238095238
3.5769999999994955,0.9846666666666667,0.9998095238095238
3.577499999999496,0.9846666666666667,0.9998095238095238
3.577999999999496,0.9846666666666667,0.9998095238095238
3.5784999999994955,0.9846666666666667,0.9998095238095238
3.578999999999496,0.9846666666666667,0.9998095238095238
3.579499999999496,0.9846666666666667,0.9998095238095238
3.5799999999994956,0.9846666666666667,0.9998095238095238
3.5804999999994953,0.9846666666666667,0.9998095238095238
3.580999999999495,0.9846666666666667,0.9998095238095238
3.5814999999994956,0.9846666666666667,0.9998095238095238
3.5819999999994954,0.9846666666666667,0.9998095238095238
3.582499999999495,0.9846666666666667,0.9998095238095238
3.5829999999994957,0.9846666666666667,0.9998095238095238
3.5834999999994954,0.9846666666666667,0.9998095238095238
3.583999999999495,0.9846666666666667,0.9998095238095238
3.584499999999495,0.9846666666666667,0.9998095238095238
3.5849999999994946,0.9846666666666667,0.9998095238095238
3.585499999999495,0.9846666666666667,0.9998095238095238
3.585999999999495,0.9846666666666667,0.9998095238095238
3.5864999999994946,0.9846666666666667,0.9998095238095238
3.5869999999994953,0.9846666666666667,0.9998095238095238
3.587499999999495,0.9846666666666667,0.9998095238095238
3.5879999999994947,0.9846666666666667,0.9998095238095238
3.5884999999994944,0.9846666666666667,0.9998095238095238
3.588999999999494,0.9846666666666667,0.9998095238095238
3.5894999999994948,0.9846666666666667,0.9998095238095238
3.5899999999994945,0.9846666666666667,0.9998095238095238
3.590499999999494,0.9846666666666667,0.9998095238095238
3.590999999999495,0.9846666666666667,0.9998095238095238
3.5914999999994945,0.9846666666666667,0.9998095238095238
3.5919999999994943,0.9846666666666667,0.9998095238095238
3.592499999999494,0.9846666666666667,0.9998095238095238
3.5929999999994937,0.9846666666666667,0.9998095238095238
3.5934999999994943,0.9846666666666667,0.9998095238095238
3.593999999999494,0.9846666666666667,0.9998095238095238
3.5944999999994938,0.9846666666666667,0.9998095238095238
3.5949999999994944,0.9846666666666667,0.9998095238095238
3.595499999999494,0.9846666666666667,0.9998095238095238
3.595999999999494,0.9846666666666667,0.9998095238095238
3.5964999999994935,0.9846666666666667,0.9998095238095238
3.5969999999994933,0.9846666666666667,0.9998095238095238
3.597499999999494,0.9846666666666667,0.9998095238095238
3.5979999999994936,0.9846666666666667,0.9998095238095238
3.5984999999994933,0.9846666666666667,0.9998095238095238
3.598999999999494,0.9846666666666667,0.9998095238095238
3.5994999999994937,0.9846666666666667,0.9998095238095238
3.5999999999994934,0.9846666666666667,0.9998095238095238
3.600499999999493,0.9846666666666667,0.9998095238095238
3.600999999999493,0.9846666666666667,0.9998095238095238
3.6014999999994934,0.9846666666666667,0.9998095238095238
3.601999999999493,0.9846666666666667,0.9998095238095238
3.602499999999493,0.9846666666666667,0.9998095238095238
3.6029999999994935,0.9846666666666667,0.9998095238095238
3.603499999999493,0.9846666666666667,0.9998095238095238
3.603999999999493,0.9846666666666667,0.9998095238095238
3.6044999999994927,0.9846666666666667,0.9998095238095238
3.6049999999994924,0.9846666666666667,0.9998095238095238
3.605499999999493,0.9846666666666667,0.9998095238095238
3.6059999999994927,0.9846666666666667,0.9998095238095238
3.6064999999994924,0.9846666666666667,0.9998095238095238
3.606999999999493,0.9846666666666667,0.9998095238095238
3.607499999999493,0.9846666666666667,0.9998095238095238
3.6079999999994925,0.9846666666666667,0.9998095238095238
3.6084999999994922,0.9846666666666667,0.9998095238095238
3.608999999999492,0.9846666666666667,0.9998095238095238
3.6094999999994926,0.9846666666666667,0.9998095238095238
3.6099999999994923,0.9846666666666667,0.9998095238095238
3.610499999999492,0.9846666666666667,0.9998095238095238
3.6109999999994926,0.9846666666666667,0.9998095238095238
3.6114999999994923,0.9846666666666667,0.9998095238095238
3.611999999999492,0.9846666666666667,0.9998095238095238
3.612499999999492,0.9846666666666667,0.9998095238095238
3.6129999999994915,0.9846666666666667,0.9998095238095238
3.613499999999492,0.9846666666666667,0.9998095238095238
3.613999999999492,0.9846666666666667,0.9998095238095238
3.6144999999994916,0.9846666666666667,0.9998095238095238
3.614999999999492,0.9846666666666667,0.9998095238095238
3.615499999999492,0.9846666666666667,0.9998095238095238
3.6159999999994916,0.9846666666666667,0.9998095238095238
3.6164999999994913,0.9846666666666667,0.9998095238095238
3.616999999999491,0.9846666666666667,0.9998095238095238
3.6174999999994917,0.9846666666666667,0.9998095238095238
3.6179999999994914,0.9846666666666667,0.9998095238095238
3.618499999999491,0.9846666666666667,0.9998095238095238
3.6189999999994917,0.9846666666666667,0.9998095238095238
3.6194999999994915,0.9846666666666667,0.9998095238095238
3.619999999999491,0.9846666666666667,0.9998095238095238
3.620499999999491,0.9846666666666667,0.9998095238095238
3.6209999999994906,0.9846666666666667,0.9998095238095238
3.6214999999994912,0.9846666666666667,0.9998095238095238
3.621999999999491,0.9846666666666667,0.9998095238095238
3.6224999999994907,0.9846666666666667,0.9998095238095238
3.6229999999994913,0.9846666666666667,0.9998095238095238
3.623499999999491,0.9846666666666667,0.9998095238095238
3.6239999999994907,0.9846666666666667,0.9998095238095238
3.6244999999994905,0.9846666666666667,0.9998095238095238
3.62499999999949,0.9846666666666667,0.9998095238095238
3.625499999999491,0.9846666666666667,0.9998095238095238
3.6259999999994905,0.9846666666666667,0.9998095238095238
3.6264999999994902,0.9846666666666667,0.9998095238095238
3.626999999999491,0.9846666666666667,0.9998095238095238
3.6274999999994906,0.9846666666666667,0.9998095238095238
3.6279999999994903,0.9846666666666667,0.9998095238095238
3.62849999999949,0.9846666666666667,0.9998095238095238
3.6289999999994897,0.9846666666666667,0.9998095238095238
3.6294999999994904,0.9846666666666667,0.9998095238095238
3.62999999999949,0.9846666666666667,0.9998095238095238
3.63049999999949,0.9846666666666667,0.9998095238095238
3.6309999999994904,0.9846666666666667,0.9998095238095238
3.63149999999949,0.9846666666666667,0.9998095238095238
3.63199999999949,0.9846666666666667,0.9998095238095238
3.6324999999994896,0.9846666666666667,0.9998095238095238
3.6329999999994893,0.9846666666666667,0.9998095238095238
3.63349999999949,0.9846666666666667,0.9998095238095238
3.6339999999994896,0.9846666666666667,0.9998095238095238
3.6344999999994894,0.9846666666666667,0.9998095238095238
3.63499999999949,0.9846666666666667,0.9998095238095238
3.6354999999994897,0.9846666666666667,0.9998095238095238
3.6359999999994894,0.9846666666666667,0.9998095238095238
3.636499999999489,0.9846666666666667,0.9998095238095238
3.636999999999489,0.9846666666666667,0.9998095238095238
3.6374999999994895,0.9846666666666667,0.9998095238095238
3.637999999999489,0.9846666666666667,0.9998095238095238
3.638499999999489,0.9846666666666667,0.9998095238095238
3.6389999999994895,0.9846666666666667,0.9998095238095238
3.6394999999994893,0.9846666666666667,0.9998095238095238
3.639999999999489,0.9846666666666667,0.9998095238095238
3.6404999999994887,0.9846666666666667,0.9998095238095238
3.6409999999994884,0.9846666666666667,0.9998095238095238
3.641499999999489,0.9846666666666667,0.9998095238095238
3.6419999999994888,0.9846666666666667,0.9998095238095238
3.6424999999994885,0.9846666666666667,0.9998095238095238
3.642999999999489,0.9846666666666667,0.9998095238095238
3.643499999999489,0.9846666666666667,0.9998095238095238
3.6439999999994885,0.9846666666666667,0.9998095238095238
3.6444999999994883,0.9846666666666667,0.9998095238095238
3.644999999999488,0.9846666666666667,0.9998095238095238
3.6454999999994886,0.9846666666666667,0.9998095238095238
3.6459999999994883,0.9846666666666667,0.9998095238095238
3.646499999999488,0.9846666666666667,0.9998095238095238
3.6469999999994887,0.9846666666666667,0.9998095238095238
3.6474999999994884,0.9846666666666667,0.9998095238095238
3.647999999999488,0.9846666666666667,0.9998095238095238
3.648499999999488,0.9846666666666667,0.9998095238095238
3.6489999999994875,0.9846666666666667,0.9998095238095238
3.649499999999488,0.9846666666666667,0.9998095238095238
3.649999999999488,0.9846666666666667,0.9998095238095238
3.6504999999994876,0.9846666666666667,0.9998095238095238
3.650999999999488,0.9846666666666667,0.9998095238095238
3.651499999999488,0.9846666666666667,0.9998095238095238
3.6519999999994877,0.9846666666666667,0.9998095238095238
3.6524999999994874,0.9846666666666667,0.9998095238095238
3.652999999999487,0.9846666666666667,0.9998095238095238
3.6534999999994877,0.9846666666666667,0.9998095238095238
3.6539999999994874,0.9846666666666667,0.9998095238095238
3.654499999999487,0.9846666666666667,0.9998095238095238
3.6549999999994878,0.9846666666666667,0.9998095238095238
3.6554999999994875,0.9846666666666667,0.9998095238095238
3.655999999999487,0.9846666666666667,0.9998095238095238
3.656499999999487,0.9846666666666667,0.9998095238095238
3.6569999999994867,0.9846666666666667,0.9998095238095238
3.6574999999994873,0.9846666666666667,0.9998095238095238
3.657999999999487,0.9846666666666667,0.9998095238095238
3.6584999999994867,0.9846666666666667,0.9998095238095238
3.6589999999994873,0.9846666666666667,0.9998095238095238
3.659499999999487,0.9846666666666667,0.9998095238095238
3.6599999999994868,0.9846666666666667,0.9998095238095238
3.6604999999994865,0.9846666666666667,0.9998095238095238
3.660999999999486,0.9846666666666667,0.9998095238095238
3.661499999999487,0.9846666666666667,0.9998095238095238
3.6619999999994866,0.9846666666666667,0.9998095238095238
3.6624999999994863,0.9846666666666667,0.9998095238095238
3.662999999999487,0.9846666666666667,0.9998095238095238
3.6634999999994866,0.9846666666666667,0.9998095238095238
3.6639999999994863,0.9846666666666667,0.9998095238095238
3.664499999999486,0.9846666666666667,0.9998095238095238
3.664999999999486,0.9846666666666667,0.9998095238095238
3.6654999999994864,0.9846666666666667,0.9998095238095238
3.665999999999486,0.9846666666666667,0.9998095238095238
3.666499999999486,0.9846666666666667,0.9998095238095238
3.6669999999994864,0.9846666666666667,0.9998095238095238
3.667499999999486,0.9846666666666667,0.9998095238095238
3.667999999999486,0.9846666666666667,0.9998095238095238
3.6684999999994856,0.9846666666666667,0.9998095238095238
3.6689999999994853,0.9846666666666667,0.9998095238095238
3.669499999999486,0.9846666666666667,0.9998095238095238
3.6699999999994857,0.9846666666666667,0.9998095238095238
3.6704999999994854,0.9846666666666667,0.9998095238095238
3.670999999999486,0.9846666666666667,0.9998095238095238
3.6714999999994857,0.9846666666666667,0.9998095238095238
3.6719999999994855,0.9846666666666667,0.9998095238095238
3.672499999999485,0.9846666666666667,0.9998095238095238
3.672999999999485,0.9846666666666667,0.9998095238095238
3.6734999999994855,0.9846666666666667,0.9998095238095238
3.6739999999994852,0.9846666666666667,0.9998095238095238
3.674499999999485,0.9846666666666667,0.9998095238095238
3.6749999999994856,0.9846666666666667,0.9998095238095238
3.6754999999994853,0.9846666666666667,0.9998095238095238
3.675999999999485,0.9846666666666667,0.9998095238095238
3.6764999999994847,0.9846666666666667,0.9998095238095238
3.6769999999994845,0.9846666666666667,0.9998095238095238
3.677499999999485,0.9846666666666667,0.9998095238095238
3.677999999999485,0.9846666666666667,0.9998095238095238
3.6784999999994845,0.9846666666666667,0.9998095238095238
3.678999999999485,0.9846666666666667,0.9998095238095238
3.679499999999485,0.9846666666666667,0.9998095238095238
3.6799999999994846,0.9846666666666667,0.9998095238095238
3.6804999999994843,0.9846666666666667,0.9998095238095238
3.680999999999484,0.9846666666666667,0.9998095238095238
3.6814999999994846,0.9846666666666667,0.9998095238095238
3.6819999999994844,0.9846666666666667,0.9998095238095238
3.682499999999484,0.9846666666666667,0.9998095238095238
3.6829999999994847,0.9846666666666667,0.9998095238095238
3.6834999999994844,0.9846666666666667,0.9998095238095238
3.683999999999484,0.9846666666666667,0.9998095238095238
3.684499999999484,0.9846666666666667,0.9998095238095238
3.6849999999994836,0.9846666666666667,0.9998095238095238
3.685499999999484,0.9846666666666667,0.9998095238095238
3.685999999999484,0.9846666666666667,0.9998095238095238
3.6864999999994836,0.9846666666666667,0.9998095238095238
3.6869999999994842,0.9846666666666667,0.9998095238095238
3.687499999999484,0.9846666666666667,0.9998095238095238
3.6879999999994837,0.9846666666666667,0.9998095238095238
3.6884999999994834,0.9846666666666667,0.9998095238095238
3.688999999999483,0.9846666666666667,0.9998095238095238
3.6894999999994837,0.9846666666666667,0.9998095238095238
3.6899999999994835,0.9846666666666667,0.9998095238095238
3.690499999999483,0.9846666666666667,0.9998095238095238
3.690999999999484,0.9846666666666667,0.9998095238095238
3.6914999999994835,0.9846666666666667,0.9998095238095238
3.6919999999994833,0.9846666666666667,0.9998095238095238
3.692499999999483,0.9846666666666667,0.9998095238095238
3.6929999999994827,0.9846666666666667,0.9998095238095238
3.6934999999994833,0.9846666666666667,0.9998095238095238
3.693999999999483,0.9846666666666667,0.9998095238095238
3.6944999999994828,0.9846666666666667,0.9998095238095238
3.6949999999994834,0.9846666666666667,0.9998095238095238
3.695499999999483,0.9846666666666667,0.9998095238095238
3.695999999999483,0.9846666666666667,0.9998095238095238
3.6964999999994825,0.9846666666666667,0.9998095238095238
3.6969999999994823,0.9846666666666667,0.9998095238095238
3.697499999999483,0.9846666666666667,0.9998095238095238
3.6979999999994826,0.9846666666666667,0.9998095238095238
3.6984999999994823,0.9846666666666667,0.9998095238095238
3.698999999999483,0.9846666666666667,0.9998095238095238
3.6994999999994826,0.9846666666666667,0.9998095238095238
3.6999999999994824,0.9846666666666667,0.9998095238095238
3.700499999999482,0.9846666666666667,0.9998095238095238
3.700999999999482,0.9846666666666667,0.9998095238095238
3.7014999999994824,0.9846666666666667,0.9998095238095238
3.701999999999482,0.9846666666666667,0.9998095238095238
3.702499999999482,0.9846666666666667,0.9998095238095238
3.7029999999994825,0.9846666666666667,0.9998095238095238
3.703499999999482,0.9846666666666667,0.9998095238095238
3.703999999999482,0.9846666666666667,0.9998095238095238
3.7044999999994817,0.9846666666666667,0.9998095238095238
3.7049999999994814,0.9846666666666667,0.9998095238095238
3.705499999999482,0.9846666666666667,0.9998095238095238
3.7059999999994817,0.9846666666666667,0.9998095238095238
3.7064999999994814,0.9846666666666667,0.9998095238095238
3.706999999999482,0.9846666666666667,0.9998095238095238
3.7074999999994818,0.9846666666666667,0.9998095238095238
3.7079999999994815,0.9846666666666667,0.9998095238095238
3.708499999999481,0.9846666666666667,0.9998095238095238
3.708999999999481,0.9846666666666667,0.9998095238095238
3.7094999999994815,0.9846666666666667,0.9998095238095238
3.7099999999994813,0.9846666666666667,0.9998095238095238
3.710499999999481,0.9846666666666667,0.9998095238095238
3.7109999999994816,0.9846666666666667,0.9998095238095238
3.7114999999994813,0.9846666666666667,0.9998095238095238
3.711999999999481,0.9846666666666667,0.9998095238095238
3.7124999999994808,0.9846666666666667,0.9998095238095238
3.7129999999994805,0.9846666666666667,0.9998095238095238
3.713499999999481,0.9846666666666667,0.9998095238095238
3.713999999999481,0.9846666666666667,0.9998095238095238
3.7144999999994806,0.9846666666666667,0.9998095238095238
3.714999999999481,0.9846666666666667,0.9998095238095238
3.715499999999481,0.9846666666666667,0.9998095238095238
3.7159999999994806,0.9846666666666667,0.9998095238095238
3.7164999999994803,0.9846666666666667,0.9998095238095238
3.71699999999948,0.9846666666666667,0.9998095238095238
3.7174999999994807,0.9846666666666667,0.9998095238095238
3.7179999999994804,0.9846666666666667,0.9998095238095238
3.71849999999948,0.9846666666666667,0.9998095238095238
3.7189999999994807,0.9846666666666667,0.9998095238095238
3.7194999999994804,0.9846666666666667,0.9998095238095238
3.71999999999948,0.9846666666666667,0.9998095238095238
3.72049999999948,0.9846666666666667,0.9998095238095238
3.7209999999994796,0.9846666666666667,0.9998095238095238
3.7214999999994802,0.9846666666666667,0.9998095238095238
3.72199999999948,0.9846666666666667,0.9998095238095238
3.7224999999994797,0.9846666666666667,0.9998095238095238
3.7229999999994803,0.9846666666666667,0.9998095238095238
3.72349999999948,0.9846666666666667,0.9998095238095238
3.7239999999994797,0.9846666666666667,0.9998095238095238
3.7244999999994794,0.9846666666666667,0.9998095238095238
3.724999999999479,0.9846666666666667,0.9998095238095238
3.72549999999948,0.9846666666666667,0.9998095238095238
3.7259999999994795,0.9846666666666667,0.9998095238095238
3.7264999999994792,0.9846666666666667,0.9998095238095238
3.72699999999948,0.9846666666666667,0.9998095238095238
3.7274999999994796,0.9846666666666667,0.9998095238095238
3.7279999999994793,0.9846666666666667,0.9998095238095238
3.728499999999479,0.9846666666666667,0.9998095238095238
3.7289999999994787,0.9846666666666667,0.9998095238095238
3.7294999999994793,0.9846666666666667,0.9998095238095238
3.729999999999479,0.9846666666666667,0.9998095238095238
3.730499999999479,0.9846666666666667,0.9998095238095238
3.7309999999994794,0.9846666666666667,0.9998095238095238
3.731499999999479,0.9846666666666667,0.9998095238095238
3.731999999999479,0.9846666666666667,0.9998095238095238
3.7324999999994786,0.9846666666666667,0.9998095238095238
3.7329999999994783,0.9846666666666667,0.9998095238095238
3.733499999999479,0.9846666666666667,0.9998095238095238
3.7339999999994786,0.9846666666666667,0.9998095238095238
3.7344999999994783,0.9846666666666667,0.9998095238095238
3.734999999999479,0.9846666666666667,0.9998095238095238
3.7354999999994787,0.9846666666666667,0.9998095238095238
3.7359999999994784,0.9846666666666667,0.9998095238095238
3.736499999999478,0.9846666666666667,0.9998095238095238
3.736999999999478,0.9846666666666667,0.9998095238095238
3.7374999999994785,0.9846666666666667,0.9998095238095238
3.737999999999478,0.9846666666666667,0.9998095238095238
3.738499999999478,0.9846666666666667,0.9998095238095238
3.7389999999994785,0.9846666666666667,0.9998095238095238
3.7394999999994782,0.9846666666666667,0.9998095238095238
3.739999999999478,0.9846666666666667,0.9998095238095238
3.7404999999994777,0.9846666666666667,0.9998095238095238
3.7409999999994774,0.9846666666666667,0.9998095238095238
3.741499999999478,0.9846666666666667,0.9998095238095238
3.7419999999994777,0.9846666666666667,0.9998095238095238
3.7424999999994775,0.9846666666666667,0.9998095238095238
3.742999999999478,0.9846666666666667,0.9998095238095238
3.743499999999478,0.9846666666666667,0.9998095238095238
3.7439999999994775,0.9846666666666667,0.9998095238095238
3.7444999999994772,0.9846666666666667,0.9998095238095238
3.744999999999477,0.9846666666666667,0.9998095238095238
3.7454999999994776,0.9846666666666667,0.9998095238095238
3.7459999999994773,0.9846666666666667,0.9998095238095238
3.746499999999477,0.9846666666666667,0.9998095238095238
3.7469999999994776,0.9846666666666667,0.9998095238095238
3.7474999999994774,0.9846666666666667,0.9998095238095238
3.747999999999477,0.9846666666666667,0.9998095238095238
3.748499999999477,0.9846666666666667,0.9998095238095238
3.7489999999994765,0.9846666666666667,0.9998095238095238
3.749499999999477,0.9846666666666667,0.9998095238095238
3.749999999999477,0.9846666666666667,0.9998095238095238
3.7504999999994766,0.9846666666666667,0.9998095238095238
3.750999999999477,0.9846666666666667,0.9998095238095238
3.751499999999477,0.9846666666666667,0.9998095238095238
3.7519999999994766,0.9846666666666667,0.9998095238095238
3.7524999999994764,0.9846666666666667,0.9998095238095238
3.752999999999476,0.9846666666666667,0.9998095238095238
3.7534999999994767,0.9846666666666667,0.9998095238095238
3.7539999999994764,0.9846666666666667,0.9998095238095238
3.754499999999476,0.9846666666666667,0.9998095238095238
3.7549999999994768,0.9846666666666667,0.9998095238095238
3.7554999999994765,0.9846666666666667,0.9998095238095238
3.755999999999476,0.9846666666666667,0.9998095238095238
3.756499999999476,0.9846666666666667,0.9998095238095238
3.7569999999994756,0.9846666666666667,0.9998095238095238
3.7574999999994763,0.9846666666666667,0.9998095238095238
3.757999999999476,0.9846666666666667,0.9998095238095238
3.7584999999994757,0.9846666666666667,0.9998095238095238
3.7589999999994763,0.9846666666666667,0.9998095238095238
3.759499999999476,0.9846666666666667,0.9998095238095238
3.7599999999994758,0.9846666666666667,0.9998095238095238
3.7604999999994755,0.9846666666666667,0.9998095238095238
3.760999999999475,0.9846666666666667,0.9998095238095238
3.761499999999476,0.9846666666666667,0.9998095238095238
3.7619999999994755,0.9846666666666667,0.9998095238095238
3.7624999999994753,0.9846666666666667,0.9998095238095238
3.762999999999476,0.9846666666666667,0.9998095238095238
3.7634999999994756,0.9846666666666667,0.9998095238095238
3.7639999999994753,0.9846666666666667,0.9998095238095238
3.764499999999475,0.9846666666666667,0.9998095238095238
3.7649999999994748,0.9846666666666667,0.9998095238095238
3.7654999999994754,0.9846666666666667,0.9998095238095238
3.765999999999475,0.9846666666666667,0.9998095238095238
3.766499999999475,0.9846666666666667,0.9998095238095238
3.7669999999994754,0.9846666666666667,0.9998095238095238
3.767499999999475,0.9846666666666667,0.9998095238095238
3.767999999999475,0.9846666666666667,0.9998095238095238
3.7684999999994746,0.9846666666666667,0.9998095238095238
3.7689999999994743,0.9846666666666667,0.9998095238095238
3.769499999999475,0.9846666666666667,0.9998095238095238
3.7699999999994747,0.9846666666666667,0.9998095238095238
3.7704999999994744,0.9846666666666667,0.9998095238095238
3.770999999999475,0.9846666666666667,0.9998095238095238
3.7714999999994747,0.9846666666666667,0.9998095238095238
3.7719999999994744,0.9846666666666667,0.9998095238095238
3.772499999999474,0.9846666666666667,0.9998095238095238
3.772999999999474,0.9846666666666667,0.9998095238095238
3.7734999999994745,0.9846666666666667,0.9998095238095238
3.773999999999474,0.9846666666666667,0.9998095238095238
3.774499999999474,0.9846666666666667,0.9998095238095238
3.7749999999994746,0.9846666666666667,0.9998095238095238
3.7754999999994743,0.9846666666666667,0.9998095238095238
3.775999999999474,0.9846666666666667,0.9998095238095238
3.7764999999994737,0.9846666666666667,0.9998095238095238
3.7769999999994734,0.9846666666666667,0.9998095238095238
3.777499999999474,0.9846666666666667,0.9998095238095238
3.777999999999474,0.9846666666666667,0.9998095238095238
3.7784999999994735,0.9846666666666667,0.9998095238095238
3.778999999999474,0.9846666666666667,0.9998095238095238
3.779499999999474,0.9846666666666667,0.9998095238095238
3.7799999999994736,0.9846666666666667,0.9998095238095238
3.7804999999994733,0.9846666666666667,0.9998095238095238
3.780999999999473,0.9846666666666667,0.9998095238095238
3.7814999999994736,0.9846666666666667,0.9998095238095238
3.7819999999994733,0.9846666666666667,0.9998095238095238
3.782499999999473,0.9846666666666667,0.9998095238095238
3.7829999999994737,0.9846666666666667,0.9998095238095238
3.7834999999994734,0.9846666666666667,0.9998095238095238
3.783999999999473,0.9846666666666667,0.9998095238095238
3.784499999999473,0.9846666666666667,0.9998095238095238
3.7849999999994726,0.9846666666666667,0.9998095238095238
3.785499999999473,0.9846666666666667,0.9998095238095238
3.785999999999473,0.9846666666666667,0.9998095238095238
3.7864999999994726,0.9846666666666667,0.9998095238095238
3.7869999999994732,0.9846666666666667,0.9998095238095238
3.787499999999473,0.9846666666666667,0.9998095238095238
3.7879999999994727,0.9846666666666667,0.9998095238095238
3.7884999999994724,0.9846666666666667,0.9998095238095238
3.788999999999472,0.9846666666666667,0.9998095238095238
3.7894999999994727,0.9846666666666667,0.9998095238095238
3.7899999999994725,0.9846666666666667,0.9998095238095238
3.790499999999472,0.9846666666666667,0.9998095238095238
3.790999999999473,0.9846666666666667,0.9998095238095238
3.7914999999994725,0.9846666666666667,0.9998095238095238
3.7919999999994722,0.9846666666666667,0.9998095238095238
3.792499999999472,0.9846666666666667,0.9998095238095238
3.7929999999994717,0.9846666666666667,0.9998095238095238
3.7934999999994723,0.9846666666666667,0.9998095238095238
3.793999999999472,0.9846666666666667,0.9998095238095238
3.7944999999994717,0.9846666666666667,0.9998095238095238
3.7949999999994724,0.9846666666666667,0.9998095238095238
3.795499999999472,0.9846666666666667,0.9998095238095238
3.795999999999472,0.9846666666666667,0.9998095238095238
3.7964999999994715,0.9846666666666667,0.9998095238095238
3.7969999999994712,0.9846666666666667,0.9998095238095238
3.797499999999472,0.9846666666666667,0.9998095238095238
3.7979999999994716,0.9846666666666667,0.9998095238095238
3.7984999999994713,0.9846666666666667,0.9998095238095238
3.798999999999472,0.9846666666666667,0.9998095238095238
3.7994999999994716,0.9846666666666667,0.9998095238095238
3.7999999999994714,0.9846666666666667,0.9998095238095238
3.800499999999471,0.9846666666666667,0.9998095238095238
3.800999999999471,0.9846666666666667,0.9998095238095238
3.8014999999994714,0.9846666666666667,0.9998095238095238
3.801999999999471,0.9846666666666667,0.9998095238095238
3.802499999999471,0.9846666666666667,0.9998095238095238
3.8029999999994715,0.9846666666666667,0.9998095238095238
3.803499999999471,0.9846666666666667,0.9998095238095238
3.803999999999471,0.9846666666666667,0.9998095238095238
3.8044999999994706,0.9846666666666667,0.9998095238095238
3.8049999999994704,0.9846666666666667,0.9998095238095238
3.805499999999471,0.9846666666666667,0.9998095238095238
3.8059999999994707,0.9846666666666667,0.9998095238095238
3.8064999999994704,0.9846666666666667,0.9998095238095238
3.806999999999471,0.9846666666666667,0.9998095238095238
3.8074999999994708,0.9846666666666667,0.9998095238095238
3.8079999999994705,0.9846666666666667,0.9998095238095238
3.80849999999947,0.9846666666666667,0.9998095238095238
3.80899999999947,0.9846666666666667,0.9998095238095238
3.8094999999994705,0.9846666666666667,0.9998095238095238
3.8099999999994703,0.9846666666666667,0.9998095238095238
3.81049999999947,0.9846666666666667,0.9998095238095238
3.8109999999994706,0.9846666666666667,0.9998095238095238
3.8114999999994703,0.9846666666666667,0.9998095238095238
3.81199999999947,0.9846666666666667,0.9998095238095238
3.8124999999994698,0.9846666666666667,0.9998095238095238
3.8129999999994695,0.9846666666666667,0.9998095238095238
3.81349999999947,0.9846666666666667,0.9998095238095238
3.81399999999947,0.9846666666666667,0.9998095238095238
3.8144999999994695,0.9846666666666667,0.9998095238095238
3.81499999999947,0.9846666666666667,0.9998095238095238
3.81549999999947,0.9846666666666667,0.9998095238095238
3.8159999999994696,0.9846666666666667,0.9998095238095238
3.8164999999994693,0.9846666666666667,0.9998095238095238
3.816999999999469,0.9846666666666667,0.9998095238095238
3.8174999999994697,0.9846666666666667,0.9998095238095238
3.8179999999994694,0.9846666666666667,0.9998095238095238
3.818499999999469,0.9846666666666667,0.9998095238095238
3.8189999999994697,0.9846666666666667,0.9998095238095238
3.8194999999994694,0.9846666666666667,0.9998095238095238
3.819999999999469,0.9846666666666667,0.9998095238095238
3.820499999999469,0.9846666666666667,0.9998095238095238
3.8209999999994686,0.9846666666666667,0.9998095238095238
3.821499999999469,0.9846666666666667,0.9998095238095238
3.821999999999469,0.9846666666666667,0.9998095238095238
3.8224999999994687,0.9846666666666667,0.9998095238095238
3.8229999999994693,0.9846666666666667,0.9998095238095238
3.823499999999469,0.9846666666666667,0.9998095238095238
3.8239999999994687,0.9846666666666667,0.9998095238095238
3.8244999999994684,0.9846666666666667,0.9998095238095238
3.824999999999468,0.9846666666666667,0.9998095238095238
3.8254999999994688,0.9846666666666667,0.9998095238095238
3.8259999999994685,0.9846666666666667,0.9998095238095238
3.826499999999468,0.9846666666666667,0.9998095238095238
3.826999999999469,0.9846666666666667,0.9998095238095238
3.8274999999994685,0.9846666666666667,0.9998095238095238
3.8279999999994683,0.9846666666666667,0.9998095238095238
3.828499999999468,0.9846666666666667,0.9998095238095238
3.8289999999994677,0.9846666666666667,0.9998095238095238
3.8294999999994683,0.9846666666666667,0.9998095238095238
3.829999999999468,0.9846666666666667,0.9998095238095238
3.8304999999994678,0.9846666666666667,0.9998095238095238
3.8309999999994684,0.9846666666666667,0.9998095238095238
3.831499999999468,0.9846666666666667,0.9998095238095238
3.831999999999468,0.9846666666666667,0.9998095238095238
3.8324999999994676,0.9846666666666667,0.9998095238095238
3.8329999999994673,0.9846666666666667,0.9998095238095238
3.833499999999468,0.9846666666666667,0.9998095238095238
3.8339999999994676,0.9846666666666667,0.9998095238095238
3.8344999999994673,0.9846666666666667,0.9998095238095238
3.834999999999468,0.9846666666666667,0.9998095238095238
3.8354999999994677,0.9846666666666667,0.9998095238095238
3.8359999999994674,0.9846666666666667,0.9998095238095238
3.836499999999467,0.9846666666666667,0.9998095238095238
3.836999999999467,0.9846666666666667,0.9998095238095238
3.8374999999994674,0.9846666666666667,0.9998095238095238
3.837999999999467,0.9846666666666667,0.9998095238095238
3.838499999999467,0.9846666666666667,0.9998095238095238
3.8389999999994675,0.9846666666666667,0.9998095238095238
3.8394999999994672,0.9846666666666667,0.9998095238095238
3.839999999999467,0.9846666666666667,0.9998095238095238
3.8404999999994667,0.9846666666666667,0.9998095238095238
3.8409999999994664,0.9846666666666667,0.9998095238095238
3.841499999999467,0.9846666666666667,0.9998095238095238
3.8419999999994667,0.9846666666666667,0.9998095238095238
3.8424999999994665,0.9846666666666667,0.9998095238095238
3.842999999999467,0.9846666666666667,0.9998095238095238
3.843499999999467,0.9846666666666667,0.9998095238095238
3.8439999999994665,0.9846666666666667,0.9998095238095238
3.8444999999994662,0.9846666666666667,0.9998095238095238
3.844999999999466,0.9846666666666667,0.9998095238095238
3.8454999999994666,0.9846666666666667,0.9998095238095238
3.8459999999994663,0.9846666666666667,0.9998095238095238
3.846499999999466,0.9846666666666667,0.9998095238095238
3.8469999999994666,0.9846666666666667,0.9998095238095238
3.8474999999994663,0.9846666666666667,0.9998095238095238
3.847999999999466,0.9846666666666667,0.9998095238095238
3.848499999999466,0.9846666666666667,0.9998095238095238
3.8489999999994655,0.9846666666666667,0.9998095238095238
3.849499999999466,0.9846666666666667,0.9998095238095238
3.849999999999466,0.9846666666666667,0.9998095238095238
3.8504999999994656,0.9846666666666667,0.9998095238095238
3.850999999999466,0.9846666666666667,0.9998095238095238
3.851499999999466,0.9846666666666667,0.9998095238095238
3.8519999999994656,0.9846666666666667,0.9998095238095238
3.8524999999994654,0.9846666666666667,0.9998095238095238
3.852999999999465,0.9846666666666667,0.9998095238095238
3.8534999999994657,0.9846666666666667,0.9998095238095238
3.8539999999994654,0.9846666666666667,0.9998095238095238
3.854499999999465,0.9846666666666667,0.9998095238095238
3.8549999999994657,0.9846666666666667,0.9998095238095238
3.8554999999994655,0.9846666666666667,0.9998095238095238
3.855999999999465,0.9846666666666667,0.9998095238095238
3.856499999999465,0.9846666666666667,0.9998095238095238
3.8569999999994646,0.9846666666666667,0.9998095238095238
3.8574999999994652,0.9846666666666667,0.9998095238095238
3.857999999999465,0.9846666666666667,0.9998095238095238
3.8584999999994647,0.9846666666666667,0.9998095238095238
3.8589999999994653,0.9846666666666667,0.9998095238095238
3.859499999999465,0.9846666666666667,0.9998095238095238
3.8599999999994647,0.9846666666666667,0.9998095238095238
3.8604999999994645,0.9846666666666667,0.9998095238095238
3.860999999999464,0.9846666666666667,0.9998095238095238
3.861499999999465,0.9846666666666667,0.9998095238095238
3.8619999999994645,0.9846666666666667,0.9998095238095238
3.8624999999994643,0.9846666666666667,0.9998095238095238
3.862999999999465,0.9846666666666667,0.9998095238095238
3.8634999999994646,0.9846666666666667,0.9998095238095238
3.8639999999994643,0.9846666666666667,0.9998095238095238
3.864499999999464,0.9846666666666667,0.9998095238095238
3.8649999999994638,0.9846666666666667,0.9998095238095238
3.8654999999994644,0.9846666666666667,0.9998095238095238
3.865999999999464,0.9846666666666667,0.9998095238095238
3.866499999999464,0.9846666666666667,0.9998095238095238
3.8669999999994644,0.9846666666666667,0.9998095238095238
3.867499999999464,0.9846666666666667,0.9998095238095238
3.867999999999464,0.9846666666666667,0.9998095238095238
3.8684999999994636,0.9846666666666667,0.9998095238095238
3.8689999999994633,0.9846666666666667,0.9998095238095238
3.869499999999464,0.9846666666666667,0.9998095238095238
3.8699999999994636,0.9846666666666667,0.9998095238095238
3.8704999999994634,0.9846666666666667,0.9998095238095238
3.870999999999464,0.9846666666666667,0.9998095238095238
3.8714999999994637,0.9846666666666667,0.9998095238095238
3.8719999999994634,0.9846666666666667,0.9998095238095238
3.872499999999463,0.9846666666666667,0.9998095238095238
3.872999999999463,0.9846666666666667,0.9998095238095238
3.8734999999994635,0.9846666666666667,0.9998095238095238
3.873999999999463,0.9846666666666667,0.9998095238095238
3.874499999999463,0.9846666666666667,0.9998095238095238
3.8749999999994635,0.9846666666666667,0.9998095238095238
3.8754999999994633,0.9846666666666667,0.9998095238095238
3.875999999999463,0.9846666666666667,0.9998095238095238
3.8764999999994627,0.9846666666666667,0.9998095238095238
3.8769999999994624,0.9846666666666667,0.9998095238095238
3.877499999999463,0.9846666666666667,0.9998095238095238
3.8779999999994628,0.9846666666666667,0.9998095238095238
3.8784999999994625,0.9846666666666667,0.9998095238095238
3.878999999999463,0.9846666666666667,0.9998095238095238
3.879499999999463,0.9846666666666667,0.9998095238095238
3.8799999999994625,0.9846666666666667,0.9998095238095238
3.8804999999994623,0.9846666666666667,0.9998095238095238
3.880999999999462,0.9846666666666667,0.9998095238095238
3.8814999999994626,0.9846666666666667,0.9998095238095238
3.8819999999994623,0.9846666666666667,0.9998095238095238
3.882499999999462,0.9846666666666667,0.9998095238095238
3.8829999999994627,0.9846666666666667,0.9998095238095238
3.8834999999994624,0.9846666666666667,0.9998095238095238
3.883999999999462,0.9846666666666667,0.9998095238095238
3.884499999999462,0.9846666666666667,0.9998095238095238
3.8849999999994616,0.9846666666666667,0.9998095238095238
3.885499999999462,0.9846666666666667,0.9998095238095238
3.885999999999462,0.9846666666666667,0.9998095238095238
3.8864999999994616,0.9846666666666667,0.9998095238095238
3.886999999999462,0.9846666666666667,0.9998095238095238
3.887499999999462,0.9846666666666667,0.9998095238095238
3.8879999999994617,0.9846666666666667,0.9998095238095238
3.8884999999994614,0.9846666666666667,0.9998095238095238
3.888999999999461,0.9846666666666667,0.9998095238095238
3.8894999999994617,0.9846666666666667,0.9998095238095238
3.8899999999994614,0.9846666666666667,0.9998095238095238
3.890499999999461,0.9846666666666667,0.9998095238095238
3.890999999999462,0.9846666666666667,0.9998095238095238
3.8914999999994615,0.9846666666666667,0.9998095238095238
3.8919999999994612,0.9846666666666667,0.9998095238095238
3.892499999999461,0.9846666666666667,0.9998095238095238
3.8929999999994607,0.9846666666666667,0.9998095238095238
3.8934999999994613,0.9846666666666667,0.9998095238095238
3.893999999999461,0.9846666666666667,0.9998095238095238
3.8944999999994607,0.9846666666666667,0.9998095238095238
3.8949999999994613,0.9846666666666667,0.9998095238095238
3.895499999999461,0.9846666666666667,0.9998095238095238
3.895999999999461,0.9846666666666667,0.9998095238095238
3.8964999999994605,0.9846666666666667,0.9998095238095238
3.8969999999994602,0.9846666666666667,0.9998095238095238
3.897499999999461,0.9846666666666667,0.9998095238095238
3.8979999999994606,0.9846666666666667,0.9998095238095238
3.8984999999994603,0.9846666666666667,0.9998095238095238
3.898999999999461,0.9846666666666667,0.9998095238095238
3.8994999999994606,0.9846666666666667,0.9998095238095238
3.8999999999994603,0.9846666666666667,0.9998095238095238
3.90049999999946,0.9846666666666667,0.9998095238095238
3.90099999999946,0.9846666666666667,0.9998095238095238
3.9014999999994604,0.9846666666666667,0.9998095238095238
3.90199999999946,0.9846666666666667,0.9998095238095238
3.90249999999946,0.9846666666666667,0.9998095238095238
3.9029999999994605,0.9846666666666667,0.9998095238095238
3.90349999999946,0.9846666666666667,0.9998095238095238
3.90399999999946,0.9846666666666667,0.9998095238095238
3.9044999999994596,0.9846666666666667,0.9998095238095238
3.9049999999994593,0.9846666666666667,0.9998095238095238
3.90549999999946,0.9846666666666667,0.9998095238095238
3.9059999999994597,0.9846666666666667,0.9998095238095238
3.9064999999994594,0.9846666666666667,0.9998095238095238
3.90699999999946,0.9846666666666667,0.9998095238095238
3.9074999999994597,0.9846666666666667,0.9998095238095238
3.9079999999994595,0.9846666666666667,0.9998095238095238
3.908499999999459,0.9846666666666667,0.9998095238095238
3.908999999999459,0.9846666666666667,0.9998095238095238
3.9094999999994595,0.9846666666666667,0.9998095238095238
3.9099999999994592,0.9846666666666667,0.9998095238095238
3.910499999999459,0.9846666666666667,0.9998095238095238
3.9109999999994596,0.9846666666666667,0.9998095238095238
3.9114999999994593,0.9846666666666667,0.9998095238095238
3.911999999999459,0.9846666666666667,0.9998095238095238
3.9124999999994587,0.9846666666666667,0.9998095238095238
3.9129999999994585,0.9846666666666667,0.9998095238095238
3.913499999999459,0.9846666666666667,0.9998095238095238
3.913999999999459,0.9846666666666667,0.9998095238095238
3.9144999999994585,0.9846666666666667,0.9998095238095238
3.914999999999459,0.9846666666666667,0.9998095238095238
3.915499999999459,0.9846666666666667,0.9998095238095238
3.9159999999994586,0.9846666666666667,0.9998095238095238
3.9164999999994583,0.9846666666666667,0.9998095238095238
3.916999999999458,0.9846666666666667,0.9998095238095238
3.9174999999994586,0.9846666666666667,0.9998095238095238
3.9179999999994584,0.9846666666666667,0.9998095238095238
3.918499999999458,0.9846666666666667,0.9998095238095238
3.9189999999994587,0.9846666666666667,0.9998095238095238
3.9194999999994584,0.9846666666666667,0.9998095238095238
3.919999999999458,0.9846666666666667,0.9998095238095238
3.920499999999458,0.9846666666666667,0.9998095238095238
3.9209999999994576,0.9846666666666667,0.9998095238095238
3.921499999999458,0.9846666666666667,0.9998095238095238
3.921999999999458,0.9846666666666667,0.9998095238095238
3.9224999999994576,0.9846666666666667,0.9998095238095238
3.9229999999994583,0.9846666666666667,0.9998095238095238
3.923499999999458,0.9846666666666667,0.9998095238095238
3.9239999999994577,0.9846666666666667,0.9998095238095238
3.9244999999994574,0.9846666666666667,0.9998095238095238
3.924999999999457,0.9846666666666667,0.9998095238095238
3.9254999999994578,0.9846666666666667,0.9998095238095238
3.9259999999994575,0.9846666666666667,0.9998095238095238
3.926499999999457,0.9846666666666667,0.9998095238095238
3.926999999999458,0.9846666666666667,0.9998095238095238
3.9274999999994575,0.9846666666666667,0.9998095238095238
3.9279999999994573,0.9846666666666667,0.9998095238095238
3.928499999999457,0.9846666666666667,0.9998095238095238
3.9289999999994567,0.9846666666666667,0.9998095238095238
3.9294999999994573,0.9846666666666667,0.9998095238095238
3.929999999999457,0.9846666666666667,0.9998095238095238
3.9304999999994568,0.9846666666666667,0.9998095238095238
3.9309999999994574,0.9846666666666667,0.9998095238095238
3.931499999999457,0.9846666666666667,0.9998095238095238
3.931999999999457,0.9846666666666667,0.9998095238095238
3.9324999999994565,0.9846666666666667,0.9998095238095238
3.9329999999994563,0.9846666666666667,0.9998095238095238
3.933499999999457,0.9846666666666667,0.9998095238095238
3.9339999999994566,0.9846666666666667,0.9998095238095238
3.9344999999994563,0.9846666666666667,0.9998095238095238
3.934999999999457,0.9846666666666667,0.9998095238095238
3.9354999999994567,0.9846666666666667,0.9998095238095238
3.9359999999994564,0.9846666666666667,0.9998095238095238
3.936499999999456,0.9846666666666667,0.9998095238095238
3.936999999999456,0.9846666666666667,0.9998095238095238
3.9374999999994564,0.9846666666666667,0.9998095238095238
3.937999999999456,0.9846666666666667,0.9998095238095238
3.938499999999456,0.9846666666666667,0.9998095238095238
3.9389999999994565,0.9846666666666667,0.9998095238095238
3.939499999999456,0.9846666666666667,0.9998095238095238
3.939999999999456,0.9846666666666667,0.9998095238095238
3.9404999999994557,0.9846666666666667,0.9998095238095238
3.9409999999994554,0.9846666666666667,0.9998095238095238
3.941499999999456,0.9846666666666667,0.9998095238095238
3.9419999999994557,0.9846666666666667,0.9998095238095238
3.9424999999994554,0.9846666666666667,0.9998095238095238
3.942999999999456,0.9846666666666667,0.9998095238095238
3.9434999999994558,0.9846666666666667,0.9998095238095238
3.9439999999994555,0.9846666666666667,0.9998095238095238
3.944499999999455,0.9846666666666667,0.9998095238095238
3.944999999999455,0.9846666666666667,0.9998095238095238
3.9454999999994556,0.9846666666666667,0.9998095238095238
3.9459999999994553,0.9846666666666667,0.9998095238095238
3.946499999999455,0.9846666666666667,0.9998095238095238
3.9469999999994556,0.9846666666666667,0.9998095238095238
3.9474999999994553,0.9846666666666667,0.9998095238095238
3.947999999999455,0.9846666666666667,0.9998095238095238
3.948499999999455,0.9846666666666667,0.9998095238095238
3.9489999999994545,0.9846666666666667,0.9998095238095238
3.949499999999455,0.9846666666666667,0.9998095238095238
3.949999999999455,0.9846666666666667,0.9998095238095238
3.9504999999994546,0.9846666666666667,0.9998095238095238
3.950999999999455,0.9846666666666667,0.9998095238095238
3.951499999999455,0.9846666666666667,0.9998095238095238
3.9519999999994546,0.9846666666666667,0.9998095238095238
3.9524999999994543,0.9846666666666667,0.9998095238095238
3.952999999999454,0.9846666666666667,0.9998095238095238
3.9534999999994547,0.9846666666666667,0.9998095238095238
3.9539999999994544,0.9846666666666667,0.9998095238095238
3.954499999999454,0.9846666666666667,0.9998095238095238
3.9549999999994547,0.9846666666666667,0.9998095238095238
3.9554999999994545,0.9846666666666667,0.9998095238095238
3.955999999999454,0.9846666666666667,0.9998095238095238
3.956499999999454,0.9846666666666667,0.9998095238095238
3.9569999999994536,0.9846666666666667,0.9998095238095238
3.9574999999994542,0.9846666666666667,0.9998095238095238
3.957999999999454,0.9846666666666667,0.9998095238095238
3.9584999999994537,0.9846666666666667,0.9998095238095238
3.9589999999994543,0.9846666666666667,0.9998095238095238
3.959499999999454,0.9846666666666667,0.9998095238095238
3.9599999999994537,0.9846666666666667,0.9998095238095238
3.9604999999994535,0.9846666666666667,0.9998095238095238
3.960999999999453,0.9846666666666667,0.9998095238095238
3.961499999999454,0.9846666666666667,0.9998095238095238
3.9619999999994535,0.9846666666666667,0.9998095238095238
3.9624999999994532,0.9846666666666667,0.9998095238095238
3.962999999999454,0.9846666666666667,0.9998095238095238
3.9634999999994536,0.9846666666666667,0.9998095238095238
3.9639999999994533,0.9846666666666667,0.9998095238095238
3.964499999999453,0.9846666666666667,0.9998095238095238
3.9649999999994527,0.9846666666666667,0.9998095238095238
3.9654999999994534,0.9846666666666667,0.9998095238095238
3.965999999999453,0.9846666666666667,0.9998095238095238
3.966499999999453,0.9846666666666667,0.9998095238095238
3.9669999999994534,0.9846666666666667,0.9998095238095238
3.967499999999453,0.9846666666666667,0.9998095238095238
3.967999999999453,0.9846666666666667,0.9998095238095238
3.9684999999994526,0.9846666666666667,0.9998095238095238
3.9689999999994523,0.9846666666666667,0.9998095238095238
3.969499999999453,0.9846666666666667,0.9998095238095238
3.9699999999994526,0.9846666666666667,0.9998095238095238
3.9704999999994524,0.9846666666666667,0.9998095238095238
3.970999999999453,0.9846666666666667,0.9998095238095238
3.9714999999994527,0.9846666666666667,0.9998095238095238
3.9719999999994524,0.9846666666666667,0.9998095238095238
3.972499999999452,0.9846666666666667,0.9998095238095238
3.972999999999452,0.9846666666666667,0.9998095238095238
3.9734999999994525,0.9846666666666667,0.9998095238095238
3.973999999999452,0.9846666666666667,0.9998095238095238
3.974499999999452,0.9846666666666667,0.9998095238095238
3.9749999999994525,0.9846666666666667,0.9998095238095238
3.9754999999994522,0.9846666666666667,0.9998095238095238
3.975999999999452,0.9846666666666667,0.9998095238095238
3.9764999999994517,0.9846666666666667,0.9998095238095238
3.9769999999994514,0.9846666666666667,0.9998095238095238
3.977499999999452,0.9846666666666667,0.9998095238095238
3.9779999999994518,0.9846666666666667,0.9998095238095238
3.9784999999994515,0.9846666666666667,0.9998095238095238
3.978999999999452,0.9846666666666667,0.9998095238095238
3.979499999999452,0.9846666666666667,0.9998095238095238
3.9799999999994515,0.9846666666666667,0.9998095238095238
3.9804999999994513,0.9846666666666667,0.9998095238095238
3.980999999999451,0.9846666666666667,0.9998095238095238
3.9814999999994516,0.9846666666666667,0.9998095238095238
3.9819999999994513,0.9846666666666667,0.9998095238095238
3.982499999999451,0.9846666666666667,0.9998095238095238
3.9829999999994516,0.9846666666666667,0.9998095238095238
3.9834999999994514,0.9846666666666667,0.9998095238095238
3.983999999999451,0.9846666666666667,0.9998095238095238
3.984499999999451,0.9846666666666667,0.9998095238095238
3.9849999999994505,0.9846666666666667,0.9998095238095238
3.985499999999451,0.9846666666666667,0.9998095238095238
3.985999999999451,0.9846666666666667,0.9998095238095238
3.9864999999994506,0.9846666666666667,0.9998095238095238
3.986999999999451,0.9846666666666667,0.9998095238095238
3.987499999999451,0.9846666666666667,0.9998095238095238
3.9879999999994507,0.9846666666666667,0.9998095238095238
3.9884999999994504,0.9846666666666667,0.9998095238095238
3.98899999999945,0.9846666666666667,0.9998095238095238
3.9894999999994507,0.9846666666666667,0.9998095238095238
3.9899999999994504,0.9846666666666667,0.9998095238095238
3.99049999999945,0.9846666666666667,0.9998095238095238
3.9909999999994508,0.9846666666666667,0.9998095238095238
3.9914999999994505,0.9846666666666667,0.9998095238095238
3.99199999999945,0.9846666666666667,0.9998095238095238
3.99249999999945,0.9846666666666667,0.9998095238095238
3.9929999999994497,0.9846666666666667,0.9998095238095238
3.9934999999994503,0.9846666666666667,0.9998095238095238
3.99399999999945,0.9846666666666667,0.9998095238095238
3.9944999999994497,0.9846666666666667,0.9998095238095238
3.9949999999994503,0.9846666666666667,0.9998095238095238
3.99549999999945,0.9846666666666667,0.9998095238095238
3.9959999999994498,0.9846666666666667,0.9998095238095238
3.9964999999994495,0.9846666666666667,0.9998095238095238
3.996999999999449,0.9846666666666667,0.9998095238095238
3.99749999999945,0.9846666666666667,0.9998095238095238
3.9979999999994495,0.9846666666666667,0.9998095238095238
3.9984999999994493,0.9846666666666667,0.9998095238095238
3.99899999999945,0.9846666666666667,0.9998095238095238
3.9994999999994496,0.9846666666666667,0.9998095238095238
3.9999999999994493,0.9846666666666667,0.9998095238095238
4.000499999999449,0.9846666666666667,0.9998095238095238
4.000999999999449,0.9846666666666667,0.9998095238095238
4.001499999999449,0.9846666666666667,0.9998095238095238
4.001999999999449,0.9846666666666667,0.9998095238095238
4.002499999999449,0.9846666666666667,0.9998095238095238
4.002999999999449,0.9846666666666667,0.9998095238095238
4.003499999999449,0.9846666666666667,0.9998095238095238
4.003999999999449,0.9846666666666667,0.9998095238095238
4.004499999999449,0.9846666666666667,0.9998095238095238
4.004999999999448,0.9846666666666667,0.9998095238095238
4.005499999999449,0.9846666666666667,0.9998095238095238
4.005999999999449,0.9846666666666667,0.9998095238095238
4.006499999999448,0.9846666666666667,0.9998095238095238
4.006999999999449,0.9846666666666667,0.9998095238095238
4.007499999999449,0.9846666666666667,0.9998095238095238
4.0079999999994484,0.9846666666666667,0.9998095238095238
4.008499999999448,0.9846666666666667,0.9998095238095238
4.008999999999448,0.9846666666666667,0.9998095238095238
4.0094999999994485,0.9846666666666667,0.9998095238095238
4.009999999999448,0.9846666666666667,0.9998095238095238
4.010499999999448,0.9846666666666667,0.9998095238095238
4.010999999999449,0.9846666666666667,0.9998095238095238
4.011499999999448,0.9846666666666667,0.9998095238095238
4.011999999999448,0.9846666666666667,0.9998095238095238
4.012499999999448,0.9846666666666667,0.9998095238095238
4.0129999999994475,0.9846666666666667,0.9998095238095238
4.013499999999448,0.9846666666666667,0.9998095238095238
4.013999999999448,0.9846666666666667,0.9998095238095238
4.0144999999994475,0.9846666666666667,0.9998095238095238
4.014999999999448,0.9846666666666667,0.9998095238095238
4.015499999999448,0.9846666666666667,0.9998095238095238
4.015999999999448,0.9846666666666667,0.9998095238095238
4.016499999999447,0.9846666666666667,0.9998095238095238
4.016999999999447,0.9846666666666667,0.9998095238095238
4.017499999999448,0.9846666666666667,0.9998095238095238
4.017999999999447,0.9846666666666667,0.9998095238095238
4.018499999999447,0.9846666666666667,0.9998095238095238
4.018999999999448,0.9846666666666667,0.9998095238095238
4.019499999999447,0.9846666666666667,0.9998095238095238
4.019999999999447,0.9846666666666667,0.9998095238095238
4.020499999999447,0.9846666666666667,0.9998095238095238
4.020999999999447,0.9846666666666667,0.9998095238095238
4.021499999999447,0.9846666666666667,0.9998095238095238
4.021999999999447,0.9846666666666667,0.9998095238095238
4.022499999999447,0.9846666666666667,0.9998095238095238
4.022999999999447,0.9846666666666667,0.9998095238095238
4.023499999999447,0.9846666666666667,0.9998095238095238
4.023999999999447,0.9846666666666667,0.9998095238095238
4.024499999999446,0.9846666666666667,0.9998095238095238
4.024999999999446,0.9846666666666667,0.9998095238095238
4.025499999999447,0.9846666666666667,0.9998095238095238
4.0259999999994465,0.9846666666666667,0.9998095238095238
4.026499999999446,0.9846666666666667,0.9998095238095238
4.026999999999447,0.9846666666666667,0.9998095238095238
4.0274999999994465,0.9846666666666667,0.9998095238095238
4.027999999999446,0.9846666666666667,0.9998095238095238
4.028499999999446,0.9846666666666667,0.9998095238095238
4.028999999999446,0.9846666666666667,0.9998095238095238
4.029499999999446,0.9846666666666667,0.9998095238095238
4.029999999999446,0.9846666666666667,0.9998095238095238
4.030499999999446,0.9846666666666667,0.9998095238095238
4.030999999999446,0.9846666666666667,0.9998095238095238
4.031499999999446,0.9846666666666667,0.9998095238095238
4.031999999999446,0.9846666666666667,0.9998095238095238
4.0324999999994455,0.9846666666666667,0.9998095238095238
4.032999999999445,0.9846666666666667,0.9998095238095238
4.033499999999446,0.9846666666666667,0.9998095238095238
4.033999999999446,0.9846666666666667,0.9998095238095238
4.034499999999445,0.9846666666666667,0.9998095238095238
4.034999999999446,0.9846666666666667,0.9998095238095238
4.035499999999446,0.9846666666666667,0.9998095238095238
4.035999999999445,0.9846666666666667,0.9998095238095238
4.036499999999445,0.9846666666666667,0.9998095238095238
4.036999999999445,0.9846666666666667,0.9998095238095238
4.037499999999445,0.9846666666666667,0.9998095238095238
4.037999999999445,0.9846666666666667,0.9998095238095238
4.038499999999445,0.9846666666666667,0.9998095238095238
4.0389999999994455,0.9846666666666667,0.9998095238095238
4.039499999999445,0.9846666666666667,0.9998095238095238
4.039999999999445,0.9846666666666667,0.9998095238095238
4.040499999999445,0.9846666666666667,0.9998095238095238
4.040999999999444,0.9846666666666667,0.9998095238095238
4.041499999999445,0.9846666666666667,0.9998095238095238
4.041999999999445,0.9846666666666667,0.9998095238095238
4.042499999999444,0.9846666666666667,0.9998095238095238
4.042999999999445,0.9846666666666667,0.9998095238095238
4.043499999999445,0.9846666666666667,0.9998095238095238
4.0439999999994445,0.9846666666666667,0.9998095238095238
4.044499999999444,0.9846666666666667,0.9998095238095238
4.044999999999444,0.9846666666666667,0.9998095238095238
4.0454999999994445,0.9846666666666667,0.9998095238095238
4.045999999999444,0.9846666666666667,0.9998095238095238
4.046499999999444,0.9846666666666667,0.9998095238095238
4.046999999999445,0.9846666666666667,0.9998095238095238
4.047499999999444,0.9846666666666667,0.9998095238095238
4.047999999999444,0.9846666666666667,0.9998095238095238
4.048499999999444,0.9846666666666667,0.9998095238095238
4.0489999999994435,0.9846666666666667,0.9998095238095238
4.049499999999444,0.9846666666666667,0.9998095238095238
4.049999999999444,0.9846666666666667,0.9998095238095238
4.0504999999994435,0.9846666666666667,0.9998095238095238
4.050999999999444,0.9846666666666667,0.9998095238095238
4.051499999999444,0.9846666666666667,0.9998095238095238
4.051999999999444,0.9846666666666667,0.9998095238095238
4.052499999999443,0.9846666666666667,0.9998095238095238
4.052999999999443,0.9846666666666667,0.9998095238095238
4.053499999999444,0.9846666666666667,0.9998095238095238
4.053999999999443,0.9846666666666667,0.9998095238095238
4.054499999999443,0.9846666666666667,0.9998095238095238
4.054999999999444,0.9846666666666667,0.9998095238095238
4.055499999999443,0.9846666666666667,0.9998095238095238
4.055999999999443,0.9846666666666667,0.9998095238095238
4.056499999999443,0.9846666666666667,0.9998095238095238
4.056999999999443,0.9846666666666667,0.9998095238095238
4.057499999999443,0.9846666666666667,0.9998095238095238
4.057999999999443,0.9846666666666667,0.9998095238095238
4.058499999999443,0.9846666666666667,0.9998095238095238
4.058999999999443,0.9846666666666667,0.9998095238095238
4.059499999999443,0.9846666666666667,0.9998095238095238
4.059999999999443,0.9846666666666667,0.9998095238095238
4.0604999999994424,0.9846666666666667,0.9998095238095238
4.060999999999442,0.9846666666666667,0.9998095238095238
4.061499999999443,0.9846666666666667,0.9998095238095238
4.0619999999994425,0.9846666666666667,0.9998095238095238
4.062499999999442,0.9846666666666667,0.9998095238095238
4.062999999999443,0.9846666666666667,0.9998095238095238
4.063499999999443,0.9846666666666667,0.9998095238095238
4.063999999999442,0.9846666666666667,0.9998095238095238
4.064499999999442,0.9846666666666667,0.9998095238095238
4.064999999999442,0.9846666666666667,0.9998095238095238
4.065499999999442,0.9846666666666667,0.9998095238095238
4.065999999999442,0.9846666666666667,0.9998095238095238
4.066499999999442,0.9846666666666667,0.9998095238095238
4.066999999999442,0.9846666666666667,0.9998095238095238
4.067499999999442,0.9846666666666667,0.9998095238095238
4.067999999999442,0.9846666666666667,0.9998095238095238
4.068499999999442,0.9846666666666667,0.9998095238095238
4.068999999999441,0.9846666666666667,0.9998095238095238
4.069499999999442,0.9846666666666667,0.9998095238095238
4.069999999999442,0.9846666666666667,0.9998095238095238
4.070499999999441,0.9846666666666667,0.9998095238095238
4.070999999999442,0.9846666666666667,0.9998095238095238
4.071499999999442,0.9846666666666667,0.9998095238095238
4.071999999999441,0.9846666666666667,0.9998095238095238
4.072499999999441,0.9846666666666667,0.9998095238095238
4.072999999999441,0.9846666666666667,0.9998095238095238
4.0734999999994415,0.9846666666666667,0.9998095238095238
4.073999999999441,0.9846666666666667,0.9998095238095238
4.074499999999441,0.9846666666666667,0.9998095238095238
4.0749999999994415,0.9846666666666667,0.9998095238095238
4.075499999999441,0.9846666666666667,0.9998095238095238
4.075999999999441,0.9846666666666667,0.9998095238095238
4.076499999999441,0.9846666666666667,0.9998095238095238
4.07699999999944,0.9846666666666667,0.9998095238095238
4.077499999999441,0.9846666666666667,0.9998095238095238
4.077999999999441,0.9846666666666667,0.9998095238095238
4.0784999999994405,0.9846666666666667,0.9998095238095238
4.078999999999441,0.9846666666666667,0.9998095238095238
4.079499999999441,0.9846666666666667,0.9998095238095238
4.0799999999994405,0.9846666666666667,0.9998095238095238
4.08049999999944,0.9846666666666667,0.9998095238095238
4.08099999999944,0.9846666666666667,0.9998095238095238
4.081499999999441,0.9846666666666667,0.9998095238095238
4.08199999999944,0.9846666666666667,0.9998095238095238
4.08249999999944,0.9846666666666667,0.9998095238095238
4.082999999999441,0.9846666666666667,0.9998095238095238
4.08349999999944,0.9846666666666667,0.9998095238095238
4.08399999999944,0.9846666666666667,0.9998095238095238
4.08449999999944,0.9846666666666667,0.9998095238095238
4.0849999999994395,0.9846666666666667,0.9998095238095238
4.08549999999944,0.9846666666666667,0.9998095238095238
4.08599999999944,0.9846666666666667,0.9998095238095238
4.08649999999944,0.9846666666666667,0.9998095238095238
4.08699999999944,0.9846666666666667,0.9998095238095238
4.08749999999944,0.9846666666666667,0.9998095238095238
4.08799999999944,0.9846666666666667,0.9998095238095238
4.088499999999439,0.9846666666666667,0.9998095238095238
4.088999999999439,0.9846666666666667,0.9998095238095238
4.08949999999944,0.9846666666666667,0.9998095238095238
4.089999999999439,0.9846666666666667,0.9998095238095238
4.090499999999439,0.9846666666666667,0.9998095238095238
4.09099999999944,0.9846666666666667,0.9998095238095238
4.0914999999994395,0.9846666666666667,0.9998095238095238
4.091999999999439,0.9846666666666667,0.9998095238095238
4.092499999999439,0.9846666666666667,0.9998095238095238
4.092999999999439,0.9846666666666667,0.9998095238095238
4.093499999999439,0.9846666666666667,0.9998095238095238
4.093999999999439,0.9846666666666667,0.9998095238095238
4.094499999999439,0.9846666666666667,0.9998095238095238
4.094999999999439,0.9846666666666667,0.9998095238095238
4.095499999999439,0.9846666666666667,0.9998095238095238
4.095999999999439,0.9846666666666667,0.9998095238095238
4.0964999999994385,0.9846666666666667,0.9998095238095238
4.096999999999438,0.9846666666666667,0.9998095238095238
4.097499999999439,0.9846666666666667,0.9998095238095238
4.0979999999994385,0.9846666666666667,0.9998095238095238
4.098499999999438,0.9846666666666667,0.9998095238095238
4.098999999999439,0.9846666666666667,0.9998095238095238
4.099499999999439,0.9846666666666667,0.9998095238095238
4.099999999999438,0.9846666666666667,0.9998095238095238
4.100499999999438,0.9846666666666667,0.9998095238095238
4.100999999999438,0.9846666666666667,0.9998095238095238
4.101499999999438,0.9846666666666667,0.9998095238095238
4.101999999999438,0.9846666666666667,0.9998095238095238
4.102499999999438,0.9846666666666667,0.9998095238095238
4.102999999999438,0.9846666666666667,0.9998095238095238
4.103499999999438,0.9846666666666667,0.9998095238095238
4.103999999999438,0.9846666666666667,0.9998095238095238
4.104499999999438,0.9846666666666667,0.9998095238095238
4.104999999999437,0.9846666666666667,0.9998095238095238
4.105499999999438,0.9846666666666667,0.9998095238095238
4.105999999999438,0.9846666666666667,0.9998095238095238
4.106499999999437,0.9846666666666667,0.9998095238095238
4.106999999999438,0.9846666666666667,0.9998095238095238
4.107499999999438,0.9846666666666667,0.9998095238095238
4.107999999999437,0.9846666666666667,0.9998095238095238
4.108499999999437,0.9846666666666667,0.9998095238095238
4.108999999999437,0.9846666666666667,0.9998095238095238
4.1094999999994375,0.9846666666666667,0.9998095238095238
4.109999999999437,0.9846666666666667,0.9998095238095238
4.110499999999437,0.9846666666666667,0.9998095238095238
4.1109999999994375,0.9846666666666667,0.9998095238095238
4.111499999999437,0.9846666666666667,0.9998095238095238
4.111999999999437,0.9846666666666667,0.9998095238095238
4.112499999999437,0.9846666666666667,0.9998095238095238
4.112999999999436,0.9846666666666667,0.9998095238095238
4.113499999999437,0.9846666666666667,0.9998095238095238
4.113999999999437,0.9846666666666667,0.9998095238095238
4.1144999999994365,0.9846666666666667,0.9998095238095238
4.114999999999437,0.9846666666666667,0.9998095238095238
4.115499999999437,0.9846666666666667,0.9998095238095238
4.1159999999994366,0.9846666666666667,0.9998095238095238
4.116499999999436,0.9846666666666667,0.9998095238095238
4.116999999999436,0.9846666666666667,0.9998095238095238
4.117499999999437,0.9846666666666667,0.9998095238095238
4.117999999999436,0.9846666666666667,0.9998095238095238
4.118499999999436,0.9846666666666667,0.9998095238095238
4.118999999999437,0.9846666666666667,0.9998095238095238
4.119499999999436,0.9846666666666667,0.9998095238095238
4.119999999999436,0.9846666666666667,0.9998095238095238
4.120499999999436,0.9846666666666667,0.9998095238095238
4.120999999999436,0.9846666666666667,0.9998095238095238
4.121499999999436,0.9846666666666667,0.9998095238095238
4.121999999999436,0.9846666666666667,0.9998095238095238
4.122499999999436,0.9846666666666667,0.9998095238095238
4.122999999999436,0.9846666666666667,0.9998095238095238
4.123499999999436,0.9846666666666667,0.9998095238095238
4.123999999999436,0.9846666666666667,0.9998095238095238
4.124499999999435,0.9846666666666667,0.9998095238095238
4.124999999999435,0.9846666666666667,0.9998095238095238
4.125499999999436,0.9846666666666667,0.9998095238095238
4.1259999999994355,0.9846666666666667,0.9998095238095238
4.126499999999435,0.9846666666666667,0.9998095238095238
4.126999999999436,0.9846666666666667,0.9998095238095238
4.1274999999994355,0.9846666666666667,0.9998095238095238
4.127999999999435,0.9846666666666667,0.9998095238095238
4.128499999999435,0.9846666666666667,0.9998095238095238
4.128999999999435,0.9846666666666667,0.9998095238095238
4.129499999999435,0.9846666666666667,0.9998095238095238
4.129999999999435,0.9846666666666667,0.9998095238095238
4.130499999999435,0.9846666666666667,0.9998095238095238
4.130999999999435,0.9846666666666667,0.9998095238095238
4.131499999999435,0.9846666666666667,0.9998095238095238
4.131999999999435,0.9846666666666667,0.9998095238095238
4.1324999999994345,0.9846666666666667,0.9998095238095238
4.132999999999434,0.9846666666666667,0.9998095238095238
4.133499999999435,0.9846666666666667,0.9998095238095238
4.133999999999435,0.9846666666666667,0.9998095238095238
4.134499999999434,0.9846666666666667,0.9998095238095238
4.134999999999435,0.9846666666666667,0.9998095238095238
4.135499999999435,0.9846666666666667,0.9998095238095238
4.135999999999434,0.9846666666666667,0.9998095238095238
4.136499999999434,0.9846666666666667,0.9998095238095238
4.136999999999434,0.9846666666666667,0.9998095238095238
4.137499999999434,0.9846666666666667,0.9998095238095238
4.137999999999434,0.9846666666666667,0.9998095238095238
4.138499999999434,0.9846666666666667,0.9998095238095238
4.1389999999994345,0.9846666666666667,0.9998095238095238
4.139499999999434,0.9846666666666667,0.9998095238095238
4.139999999999434,0.9846666666666667,0.9998095238095238
4.140499999999434,0.9846666666666667,0.9998095238095238
4.140999999999433,0.9846666666666667,0.9998095238095238
4.141499999999434,0.9846666666666667,0.9998095238095238
4.141999999999434,0.9846666666666667,0.9998095238095238
4.142499999999433,0.9846666666666667,0.9998095238095238
4.142999999999434,0.9846666666666667,0.9998095238095238
4.143499999999434,0.9846666666666667,0.9998095238095238
4.1439999999994335,0.9846666666666667,0.9998095238095238
4.144499999999433,0.9846666666666667,0.9998095238095238
4.144999999999433,0.9846666666666667,0.9998095238095238
4.1454999999994335,0.9846666666666667,0.9998095238095238
4.145999999999433,0.9846666666666667,0.9998095238095238
4.146499999999433,0.9846666666666667,0.9998095238095238
4.146999999999434,0.9846666666666667,0.9998095238095238
4.147499999999433,0.9846666666666667,0.9998095238095238
4.147999999999433,0.9846666666666667,0.9998095238095238
4.148499999999433,0.9846666666666667,0.9998095238095238
4.1489999999994325,0.9846666666666667,0.9998095238095238
4.149499999999433,0.9846666666666667,0.9998095238095238
4.149999999999433,0.9846666666666667,0.9998095238095238
4.1504999999994325,0.9846666666666667,0.9998095238095238
4.150999999999433,0.9846666666666667,0.9998095238095238
4.151499999999433,0.9846666666666667,0.9998095238095238
4.151999999999433,0.9846666666666667,0.9998095238095238
4.152499999999432,0.9846666666666667,0.9998095238095238
4.152999999999432,0.9846666666666667,0.9998095238095238
4.153499999999433,0.9846666666666667,0.9998095238095238
4.153999999999432,0.9846666666666667,0.9998095238095238
4.154499999999432,0.9846666666666667,0.9998095238095238
4.154999999999433,0.9846666666666667,0.9998095238095238
4.155499999999432,0.9846666666666667,0.9998095238095238
4.155999999999432,0.9846666666666667,0.9998095238095238
4.156499999999432,0.9846666666666667,0.9998095238095238
4.156999999999432,0.9846666666666667,0.9998095238095238
4.157499999999432,0.9846666666666667,0.9998095238095238
4.157999999999432,0.9846666666666667,0.9998095238095238
4.158499999999432,0.9846666666666667,0.9998095238095238
4.158999999999432,0.9846666666666667,0.9998095238095238
4.159499999999432,0.9846666666666667,0.9998095238095238
4.159999999999432,0.9846666666666667,0.9998095238095238
4.160499999999431,0.9846666666666667,0.9998095238095238
4.160999999999431,0.9846666666666667,0.9998095238095238
4.161499999999432,0.9846666666666667,0.9998095238095238
4.1619999999994315,0.9846666666666667,0.9998095238095238
4.162499999999431,0.9846666666666667,0.9998095238095238
4.162999999999432,0.9846666666666667,0.9998095238095238
4.1634999999994315,0.9846666666666667,0.9998095238095238
4.163999999999431,0.9846666666666667,0.9998095238095238
4.164499999999431,0.9846666666666667,0.9998095238095238
4.164999999999431,0.9846666666666667,0.9998095238095238
4.165499999999431,0.9846666666666667,0.9998095238095238
4.165999999999431,0.9846666666666667,0.9998095238095238
4.166499999999431,0.9846666666666667,0.9998095238095238
4.166999999999431,0.9846666666666667,0.9998095238095238
4.167499999999431,0.9846666666666667,0.9998095238095238
4.167999999999431,0.9846666666666667,0.9998095238095238
4.1684999999994305,0.9846666666666667,0.9998095238095238
4.16899999999943,0.9846666666666667,0.9998095238095238
4.169499999999431,0.9846666666666667,0.9998095238095238
4.169999999999431,0.9846666666666667,0.9998095238095238
4.17049999999943,0.9846666666666667,0.9998095238095238
4.170999999999431,0.9846666666666667,0.9998095238095238
4.171499999999431,0.9846666666666667,0.9998095238095238
4.17199999999943,0.9846666666666667,0.9998095238095238
4.17249999999943,0.9846666666666667,0.9998095238095238
4.17299999999943,0.9846666666666667,0.9998095238095238
4.17349999999943,0.9846666666666667,0.9998095238095238
4.17399999999943,0.9846666666666667,0.9998095238095238
4.17449999999943,0.9846666666666667,0.9998095238095238
4.1749999999994305,0.9846666666666667,0.9998095238095238
4.17549999999943,0.9846666666666667,0.9998095238095238
4.17599999999943,0.9846666666666667,0.9998095238095238
4.17649999999943,0.9846666666666667,0.9998095238095238
4.176999999999429,0.9846666666666667,0.9998095238095238
4.17749999999943,0.9846666666666667,0.9998095238095238
4.17799999999943,0.9846666666666667,0.9998095238095238
4.1784999999994294,0.9846666666666667,0.9998095238095238
4.17899999999943,0.9846666666666667,0.9998095238095238
4.17949999999943,0.9846666666666667,0.9998095238095238
4.1799999999994295,0.9846666666666667,0.9998095238095238
4.180499999999429,0.9846666666666667,0.9998095238095238
4.180999999999429,0.9846666666666667,0.9998095238095238
4.18149999999943,0.9846666666666667,0.9998095238095238
4.181999999999429,0.9846666666666667,0.9998095238095238
4.182499999999429,0.9846666666666667,0.9998095238095238
4.18299999999943,0.9846666666666667,0.9998095238095238
4.183499999999429,0.9846666666666667,0.9998095238095238
4.183999999999429,0.9846666666666667,0.9998095238095238
4.184499999999429,0.9846666666666667,0.9998095238095238
4.1849999999994285,0.9846666666666667,0.9998095238095238
4.185499999999429,0.9846666666666667,0.9998095238095238
4.185999999999429,0.9846666666666667,0.9998095238095238
4.186499999999429,0.9846666666666667,0.9998095238095238
4.186999999999429,0.9846666666666667,0.9998095238095238
4.187499999999429,0.9846666666666667,0.9998095238095238
4.187999999999429,0.9846666666666667,0.9998095238095238
4.188499999999428,0.9846666666666667,0.9998095238095238
4.188999999999428,0.9846666666666667,0.9998095238095238
4.189499999999429,0.9846666666666667,0.9998095238095238
4.189999999999428,0.9846666666666667,0.9998095238095238
4.190499999999428,0.9846666666666667,0.9998095238095238
4.190999999999429,0.9846666666666667,0.9998095238095238
4.1914999999994285,0.9846666666666667,0.9998095238095238
4.191999999999428,0.9846666666666667,0.9998095238095238
4.192499999999428,0.9846666666666667,0.9998095238095238
4.192999999999428,0.9846666666666667,0.9998095238095238
4.193499999999428,0.9846666666666667,0.9998095238095238
4.193999999999428,0.9846666666666667,0.9998095238095238
4.194499999999428,0.9846666666666667,0.9998095238095238
4.194999999999428,0.9846666666666667,0.9998095238095238
4.195499999999428,0.9846666666666667,0.9998095238095238
4.195999999999428,0.9846666666666667,0.9998095238095238
4.1964999999994275,0.9846666666666667,0.9998095238095238
4.196999999999427,0.9846666666666667,0.9998095238095238
4.197499999999428,0.9846666666666667,0.9998095238095238
4.1979999999994275,0.9846666666666667,0.9998095238095238
4.198499999999427,0.9846666666666667,0.9998095238095238
4.198999999999428,0.9846666666666667,0.9998095238095238
4.199499999999428,0.9846666666666667,0.9998095238095238
4.199999999999427,0.9846666666666667,0.9998095238095238
4.200499999999427,0.9846666666666667,0.9998095238095238
4.200999999999427,0.9846666666666667,0.9998095238095238
4.201499999999427,0.9846666666666667,0.9998095238095238
4.201999999999427,0.9846666666666667,0.9998095238095238
4.202499999999427,0.9846666666666667,0.9998095238095238
4.202999999999427,0.9846666666666667,0.9998095238095238
4.203499999999427,0.9846666666666667,0.9998095238095238
4.203999999999427,0.9846666666666667,0.9998095238095238
4.204499999999427,0.9846666666666667,0.9998095238095238
4.204999999999426,0.9846666666666667,0.9998095238095238
4.205499999999427,0.9846666666666667,0.9998095238095238
4.205999999999427,0.9846666666666667,0.9998095238095238
4.206499999999426,0.9846666666666667,0.9998095238095238
4.206999999999427,0.9846666666666667,0.9998095238095238
4.207499999999427,0.9846666666666667,0.9998095238095238
4.207999999999426,0.9846666666666667,0.9998095238095238
4.208499999999426,0.9846666666666667,0.9998095238095238
4.208999999999426,0.9846666666666667,0.9998095238095238
4.2094999999994265,0.9846666666666667,0.9998095238095238
4.209999999999426,0.9846666666666667,0.9998095238095238
4.210499999999426,0.9846666666666667,0.9998095238095238
4.2109999999994265,0.9846666666666667,0.9998095238095238
4.211499999999426,0.9846666666666667,0.9998095238095238
4.211999999999426,0.9846666666666667,0.9998095238095238
4.212499999999426,0.9846666666666667,0.9998095238095238
4.212999999999425,0.9846666666666667,0.9998095238095238
4.213499999999426,0.9846666666666667,0.9998095238095238
4.213999999999426,0.9846666666666667,0.9998095238095238
4.2144999999994255,0.9846666666666667,0.9998095238095238
4.214999999999426,0.9846666666666667,0.9998095238095238
4.215499999999426,0.9846666666666667,0.9998095238095238
4.2159999999994255,0.9846666666666667,0.9998095238095238
4.216499999999425,0.9846666666666667,0.9998095238095238
4.216999999999425,0.9846666666666667,0.9998095238095238
4.217499999999426,0.9846666666666667,0.9998095238095238
4.217999999999425,0.9846666666666667,0.9998095238095238
4.218499999999425,0.9846666666666667,0.9998095238095238
4.218999999999426,0.9846666666666667,0.9998095238095238
4.219499999999425,0.9846666666666667,0.9998095238095238
4.219999999999425,0.9846666666666667,0.9998095238095238
4.220499999999425,0.9846666666666667,0.9998095238095238
4.2209999999994245,0.9846666666666667,0.9998095238095238
4.221499999999425,0.9846666666666667,0.9998095238095238
4.221999999999425,0.9846666666666667,0.9998095238095238
4.222499999999425,0.9846666666666667,0.9998095238095238
4.222999999999425,0.9846666666666667,0.9998095238095238
4.223499999999425,0.9846666666666667,0.9998095238095238
4.223999999999425,0.9846666666666667,0.9998095238095238
4.224499999999424,0.9846666666666667,0.9998095238095238
4.224999999999424,0.9846666666666667,0.9998095238095238
4.225499999999425,0.9846666666666667,0.9998095238095238
4.225999999999424,0.9846666666666667,0.9998095238095238
4.226499999999424,0.9846666666666667,0.9998095238095238
4.226999999999425,0.9846666666666667,0.9998095238095238
4.2274999999994245,0.9846666666666667,0.9998095238095238
4.227999999999424,0.9846666666666667,0.9998095238095238
4.228499999999424,0.9846666666666667,0.9998095238095238
4.228999999999424,0.9846666666666667,0.9998095238095238
4.229499999999424,0.9846666666666667,0.9998095238095238
4.229999999999424,0.9846666666666667,0.9998095238095238
4.230499999999424,0.9846666666666667,0.9998095238095238
4.230999999999424,0.9846666666666667,0.9998095238095238
4.231499999999424,0.9846666666666667,0.9998095238095238
4.231999999999424,0.9846666666666667,0.9998095238095238
4.2324999999994235,0.9846666666666667,0.9998095238095238
4.232999999999423,0.9846666666666667,0.9998095238095238
4.233499999999424,0.9846666666666667,0.9998095238095238
4.233999999999424,0.9846666666666667,0.9998095238095238
4.234499999999423,0.9846666666666667,0.9998095238095238
4.234999999999424,0.9846666666666667,0.9998095238095238
4.235499999999424,0.9846666666666667,0.9998095238095238
4.235999999999423,0.9846666666666667,0.9998095238095238
4.236499999999423,0.9846666666666667,0.9998095238095238
4.236999999999423,0.9846666666666667,0.9998095238095238
4.237499999999423,0.9846666666666667,0.9998095238095238
4.237999999999423,0.9846666666666667,0.9998095238095238
4.238499999999423,0.9846666666666667,0.9998095238095238
4.2389999999994235,0.9846666666666667,0.9998095238095238
4.239499999999423,0.9846666666666667,0.9998095238095238
4.239999999999423,0.9846666666666667,0.9998095238095238
4.240499999999423,0.9846666666666667,0.9998095238095238
4.240999999999422,0.9846666666666667,0.9998095238095238
4.241499999999423,0.9846666666666667,0.9998095238095238
4.241999999999423,0.9846666666666667,0.9998095238095238
4.242499999999422,0.9846666666666667,0.9998095238095238
4.242999999999423,0.9846666666666667,0.9998095238095238
4.243499999999423,0.9846666666666667,0.9998095238095238
4.2439999999994225,0.9846666666666667,0.9998095238095238
4.244499999999422,0.9846666666666667,0.9998095238095238
4.244999999999422,0.9846666666666667,0.9998095238095238
4.2454999999994225,0.9846666666666667,0.9998095238095238
4.245999999999422,0.9846666666666667,0.9998095238095238
4.246499999999422,0.9846666666666667,0.9998095238095238
4.246999999999423,0.9846666666666667,0.9998095238095238
4.247499999999422,0.9846666666666667,0.9998095238095238
4.247999999999422,0.9846666666666667,0.9998095238095238
4.248499999999422,0.9846666666666667,0.9998095238095238
4.2489999999994215,0.9846666666666667,0.9998095238095238
4.249499999999422,0.9846666666666667,0.9998095238095238
4.249999999999422,0.9846666666666667,0.9998095238095238
4.2504999999994215,0.9846666666666667,0.9998095238095238
4.250999999999422,0.9846666666666667,0.9998095238095238
4.251499999999422,0.9846666666666667,0.9998095238095238
4.251999999999422,0.9846666666666667,0.9998095238095238
4.252499999999421,0.9846666666666667,0.9998095238095238
4.252999999999421,0.9846666666666667,0.9998095238095238
4.253499999999422,0.9846666666666667,0.9998095238095238
4.253999999999421,0.9846666666666667,0.9998095238095238
4.254499999999421,0.9846666666666667,0.9998095238095238
4.254999999999422,0.9846666666666667,0.9998095238095238
4.255499999999421,0.9846666666666667,0.9998095238095238
4.255999999999421,0.9846666666666667,0.9998095238095238
4.256499999999421,0.9846666666666667,0.9998095238095238
4.256999999999421,0.9846666666666667,0.9998095238095238
4.257499999999421,0.9846666666666667,0.9998095238095238
4.257999999999421,0.9846666666666667,0.9998095238095238
4.258499999999421,0.9846666666666667,0.9998095238095238
4.258999999999421,0.9846666666666667,0.9998095238095238
4.259499999999421,0.9846666666666667,0.9998095238095238
4.259999999999421,0.9846666666666667,0.9998095238095238
4.26049999999942,0.9846666666666667,0.9998095238095238
4.26099999999942,0.9846666666666667,0.9998095238095238
4.261499999999421,0.9846666666666667,0.9998095238095238
4.2619999999994205,0.9846666666666667,0.9998095238095238
4.26249999999942,0.9846666666666667,0.9998095238095238
4.262999999999421,0.9846666666666667,0.9998095238095238
4.2634999999994205,0.9846666666666667,0.9998095238095238
4.26399999999942,0.9846666666666667,0.9998095238095238
4.26449999999942,0.9846666666666667,0.9998095238095238
4.26499999999942,0.9846666666666667,0.9998095238095238
4.26549999999942,0.9846666666666667,0.9998095238095238
4.26599999999942,0.9846666666666667,0.9998095238095238
4.26649999999942,0.9846666666666667,0.9998095238095238
4.26699999999942,0.9846666666666667,0.9998095238095238
4.26749999999942,0.9846666666666667,0.9998095238095238
4.26799999999942,0.9846666666666667,0.9998095238095238
4.2684999999994195,0.9846666666666667,0.9998095238095238
4.268999999999419,0.9846666666666667,0.9998095238095238
4.26949999999942,0.9846666666666667,0.9998095238095238
4.26999999999942,0.9846666666666667,0.9998095238095238
4.270499999999419,0.9846666666666667,0.9998095238095238
4.27099999999942,0.9846666666666667,0.9998095238095238
4.27149999999942,0.9846666666666667,0.9998095238095238
4.271999999999419,0.9846666666666667,0.9998095238095238
4.272499999999419,0.9846666666666667,0.9998095238095238
4.272999999999419,0.9846666666666667,0.9998095238095238
4.273499999999419,0.9846666666666667,0.9998095238095238
4.273999999999419,0.9846666666666667,0.9998095238095238
4.274499999999419,0.9846666666666667,0.9998095238095238
4.2749999999994195,0.9846666666666667,0.9998095238095238
4.275499999999419,0.9846666666666667,0.9998095238095238
4.275999999999419,0.9846666666666667,0.9998095238095238
4.276499999999419,0.9846666666666667,0.9998095238095238
4.276999999999418,0.9846666666666667,0.9998095238095238
4.277499999999419,0.9846666666666667,0.9998095238095238
4.277999999999419,0.9846666666666667,0.9998095238095238
4.278499999999418,0.9846666666666667,0.9998095238095238
4.278999999999419,0.9846666666666667,0.9998095238095238
4.279499999999419,0.9846666666666667,0.9998095238095238
4.2799999999994185,0.9846666666666667,0.9998095238095238
4.280499999999418,0.9846666666666667,0.9998095238095238
4.280999999999418,0.9846666666666667,0.9998095238095238
4.2814999999994185,0.9846666666666667,0.9998095238095238
4.281999999999418,0.9846666666666667,0.9998095238095238
4.282499999999418,0.9846666666666667,0.9998095238095238
4.282999999999419,0.9846666666666667,0.9998095238095238
4.283499999999418,0.9846666666666667,0.9998095238095238
4.283999999999418,0.9846666666666667,0.9998095238095238
4.284499999999418,0.9846666666666667,0.9998095238095238
4.2849999999994175,0.9846666666666667,0.9998095238095238
4.285499999999418,0.9846666666666667,0.9998095238095238
4.285999999999418,0.9846666666666667,0.9998095238095238
4.2864999999994176,0.9846666666666667,0.9998095238095238
4.286999999999418,0.9846666666666667,0.9998095238095238
4.287499999999418,0.9846666666666667,0.9998095238095238
4.287999999999418,0.9846666666666667,0.9998095238095238
4.288499999999417,0.9846666666666667,0.9998095238095238
4.288999999999417,0.9846666666666667,0.9998095238095238
4.289499999999418,0.9846666666666667,0.9998095238095238
4.289999999999417,0.9846666666666667,0.9998095238095238
4.290499999999417,0.9846666666666667,0.9998095238095238
4.290999999999418,0.9846666666666667,0.9998095238095238
4.2914999999994174,0.9846666666666667,0.9998095238095238
4.291999999999417,0.9846666666666667,0.9998095238095238
4.292499999999417,0.9846666666666667,0.9998095238095238
4.292999999999417,0.9846666666666667,0.9998095238095238
4.293499999999417,0.9846666666666667,0.9998095238095238
4.293999999999417,0.9846666666666667,0.9998095238095238
4.294499999999417,0.9846666666666667,0.9998095238095238
4.294999999999417,0.9846666666666667,0.9998095238095238
4.295499999999417,0.9846666666666667,0.9998095238095238
4.295999999999417,0.9846666666666667,0.9998095238095238
4.2964999999994165,0.9846666666666667,0.9998095238095238
4.296999999999416,0.9846666666666667,0.9998095238095238
4.297499999999417,0.9846666666666667,0.9998095238095238
4.2979999999994165,0.9846666666666667,0.9998095238095238
4.298499999999416,0.9846666666666667,0.9998095238095238
4.298999999999417,0.9846666666666667,0.9998095238095238
4.299499999999417,0.9846666666666667,0.9998095238095238
4.299999999999416,0.9846666666666667,0.9998095238095238
4.300499999999416,0.9846666666666667,0.9998095238095238
4.300999999999416,0.9846666666666667,0.9998095238095238
4.301499999999416,0.9846666666666667,0.9998095238095238
4.301999999999416,0.9846666666666667,0.9998095238095238
4.302499999999416,0.9846666666666667,0.9998095238095238
4.302999999999416,0.9846666666666667,0.9998095238095238
4.303499999999416,0.9846666666666667,0.9998095238095238
4.303999999999416,0.9846666666666667,0.9998095238095238
4.304499999999416,0.9846666666666667,0.9998095238095238
4.304999999999415,0.9846666666666667,0.9998095238095238
4.305499999999416,0.9846666666666667,0.9998095238095238
4.305999999999416,0.9846666666666667,0.9998095238095238
4.306499999999415,0.9846666666666667,0.9998095238095238
4.306999999999416,0.9846666666666667,0.9998095238095238
4.307499999999416,0.9846666666666667,0.9998095238095238
4.307999999999415,0.9846666666666667,0.9998095238095238
4.308499999999415,0.9846666666666667,0.9998095238095238
4.308999999999415,0.9846666666666667,0.9998095238095238
4.3094999999994155,0.9846666666666667,0.9998095238095238
4.309999999999415,0.9846666666666667,0.9998095238095238
4.310499999999415,0.9846666666666667,0.9998095238095238
4.3109999999994155,0.9846666666666667,0.9998095238095238
4.311499999999415,0.9846666666666667,0.9998095238095238
4.311999999999415,0.9846666666666667,0.9998095238095238
4.312499999999415,0.9846666666666667,0.9998095238095238
4.312999999999414,0.9846666666666667,0.9998095238095238
4.313499999999415,0.9846666666666667,0.9998095238095238
4.313999999999415,0.9846666666666667,0.9998095238095238
4.3144999999994145,0.9846666666666667,0.9998095238095238
4.314999999999415,0.9846666666666667,0.9998095238095238
4.315499999999415,0.9846666666666667,0.9998095238095238
4.3159999999994145,0.9846666666666667,0.9998095238095238
4.316499999999414,0.9846666666666667,0.9998095238095238
4.316999999999414,0.9846666666666667,0.9998095238095238
4.317499999999415,0.9846666666666667,0.9998095238095238
4.317999999999414,0.9846666666666667,0.9998095238095238
4.318499999999414,0.9846666666666667,0.9998095238095238
4.318999999999415,0.9846666666666667,0.9998095238095238
4.319499999999414,0.9846666666666667,0.9998095238095238
4.319999999999414,0.9846666666666667,0.9998095238095238
4.320499999999414,0.9846666666666667,0.9998095238095238
4.3209999999994135,0.9846666666666667,0.9998095238095238
4.321499999999414,0.9846666666666667,0.9998095238095238
4.321999999999414,0.9846666666666667,0.9998095238095238
4.322499999999414,0.9846666666666667,0.9998095238095238
4.322999999999414,0.9846666666666667,0.9998095238095238
4.323499999999414,0.9846666666666667,0.9998095238095238
4.323999999999414,0.9846666666666667,0.9998095238095238
4.324499999999413,0.9846666666666667,0.9998095238095238
4.324999999999413,0.9846666666666667,0.9998095238095238
4.325499999999414,0.9846666666666667,0.9998095238095238
4.325999999999413,0.9846666666666667,0.9998095238095238
4.326499999999413,0.9846666666666667,0.9998095238095238
4.326999999999414,0.9846666666666667,0.9998095238095238
4.3274999999994135,0.9846666666666667,0.9998095238095238
4.327999999999413,0.9846666666666667,0.9998095238095238
4.328499999999413,0.9846666666666667,0.9998095238095238
4.328999999999413,0.9846666666666667,0.9998095238095238
4.329499999999413,0.9846666666666667,0.9998095238095238
4.329999999999413,0.9846666666666667,0.9998095238095238
4.330499999999413,0.9846666666666667,0.9998095238095238
4.330999999999413,0.9846666666666667,0.9998095238095238
4.331499999999413,0.9846666666666667,0.9998095238095238
4.331999999999413,0.9846666666666667,0.9998095238095238
4.3324999999994125,0.9846666666666667,0.9998095238095238
4.332999999999412,0.9846666666666667,0.9998095238095238
4.333499999999413,0.9846666666666667,0.9998095238095238
4.3339999999994125,0.9846666666666667,0.9998095238095238
4.334499999999412,0.9846666666666667,0.9998095238095238
4.334999999999413,0.9846666666666667,0.9998095238095238
4.335499999999413,0.9846666666666667,0.9998095238095238
4.335999999999412,0.9846666666666667,0.9998095238095238
4.336499999999412,0.9846666666666667,0.9998095238095238
4.336999999999412,0.9846666666666667,0.9998095238095238
4.337499999999412,0.9846666666666667,0.9998095238095238
4.337999999999412,0.9846666666666667,0.9998095238095238
4.338499999999412,0.9846666666666667,0.9998095238095238
4.338999999999412,0.9846666666666667,0.9998095238095238
4.339499999999412,0.9846666666666667,0.9998095238095238
4.339999999999412,0.9846666666666667,0.9998095238095238
4.340499999999412,0.9846666666666667,0.9998095238095238
4.340999999999411,0.9846666666666667,0.9998095238095238
4.341499999999412,0.9846666666666667,0.9998095238095238
4.341999999999412,0.9846666666666667,0.9998095238095238
4.342499999999411,0.9846666666666667,0.9998095238095238
4.342999999999412,0.9846666666666667,0.9998095238095238
4.343499999999412,0.9846666666666667,0.9998095238095238
4.343999999999411,0.9846666666666667,0.9998095238095238
4.344499999999411,0.9846666666666667,0.9998095238095238
4.344999999999411,0.9846666666666667,0.9998095238095238
4.3454999999994115,0.9846666666666667,0.9998095238095238
4.345999999999411,0.9846666666666667,0.9998095238095238
4.346499999999411,0.9846666666666667,0.9998095238095238
4.346999999999412,0.9846666666666667,0.9998095238095238
4.347499999999411,0.9846666666666667,0.9998095238095238
4.347999999999411,0.9846666666666667,0.9998095238095238
4.348499999999411,0.9846666666666667,0.9998095238095238
4.3489999999994104,0.9846666666666667,0.9998095238095238
4.349499999999411,0.9846666666666667,0.9998095238095238
4.349999999999411,0.9846666666666667,0.9998095238095238
4.3504999999994105,0.9846666666666667,0.9998095238095238
4.350999999999411,0.9846666666666667,0.9998095238095238
4.351499999999411,0.9846666666666667,0.9998095238095238
4.351999999999411,0.9846666666666667,0.9998095238095238
4.35249999999941,0.9846666666666667,0.9998095238095238
4.35299999999941,0.9846666666666667,0.9998095238095238
4.353499999999411,0.9846666666666667,0.9998095238095238
4.35399999999941,0.9846666666666667,0.9998095238095238
4.35449999999941,0.9846666666666667,0.9998095238095238
4.354999999999411,0.9846666666666667,0.9998095238095238
4.35549999999941,0.9846666666666667,0.9998095238095238
4.35599999999941,0.9846666666666667,0.9998095238095238
4.35649999999941,0.9846666666666667,0.9998095238095238
4.35699999999941,0.9846666666666667,0.9998095238095238
4.35749999999941,0.9846666666666667,0.9998095238095238
4.35799999999941,0.9846666666666667,0.9998095238095238
4.35849999999941,0.9846666666666667,0.9998095238095238
4.35899999999941,0.9846666666666667,0.9998095238095238
4.35949999999941,0.9846666666666667,0.9998095238095238
4.35999999999941,0.9846666666666667,0.9998095238095238
4.360499999999409,0.9846666666666667,0.9998095238095238
4.360999999999409,0.9846666666666667,0.9998095238095238
4.36149999999941,0.9846666666666667,0.9998095238095238
4.3619999999994095,0.9846666666666667,0.9998095238095238
4.362499999999409,0.9846666666666667,0.9998095238095238
4.36299999999941,0.9846666666666667,0.9998095238095238
4.3634999999994095,0.9846666666666667,0.9998095238095238
4.363999999999409,0.9846666666666667,0.9998095238095238
4.364499999999409,0.9846666666666667,0.9998095238095238
4.364999999999409,0.9846666666666667,0.9998095238095238
4.365499999999409,0.9846666666666667,0.9998095238095238
4.365999999999409,0.9846666666666667,0.9998095238095238
4.366499999999409,0.9846666666666667,0.9998095238095238
4.366999999999409,0.9846666666666667,0.9998095238095238
4.367499999999409,0.9846666666666667,0.9998095238095238
4.367999999999409,0.9846666666666667,0.9998095238095238
4.3684999999994085,0.9846666666666667,0.9998095238095238
4.368999999999408,0.9846666666666667,0.9998095238095238
4.369499999999409,0.9846666666666667,0.9998095238095238
4.369999999999409,0.9846666666666667,0.9998095238095238
4.370499999999408,0.9846666666666667,0.9998095238095238
4.370999999999409,0.9846666666666667,0.9998095238095238
4.371499999999409,0.9846666666666667,0.9998095238095238
4.371999999999408,0.9846666666666667,0.9998095238095238
4.372499999999408,0.9846666666666667,0.9998095238095238
4.372999999999408,0.9846666666666667,0.9998095238095238
4.373499999999408,0.9846666666666667,0.9998095238095238
4.373999999999408,0.9846666666666667,0.9998095238095238
4.374499999999408,0.9846666666666667,0.9998095238095238
4.3749999999994085,0.9846666666666667,0.9998095238095238
4.375499999999408,0.9846666666666667,0.9998095238095238
4.375999999999408,0.9846666666666667,0.9998095238095238
4.376499999999408,0.9846666666666667,0.9998095238095238
4.376999999999407,0.9846666666666667,0.9998095238095238
4.377499999999408,0.9846666666666667,0.9998095238095238
4.377999999999408,0.9846666666666667,0.9998095238095238
4.378499999999407,0.9846666666666667,0.9998095238095238
4.378999999999408,0.9846666666666667,0.9998095238095238
4.379499999999408,0.9846666666666667,0.9998095238095238
4.3799999999994075,0.9846666666666667,0.9998095238095238
4.380499999999407,0.9846666666666667,0.9998095238095238
4.380999999999407,0.9846666666666667,0.9998095238095238
4.3814999999994075,0.9846666666666667,0.9998095238095238
4.381999999999407,0.9846666666666667,0.9998095238095238
4.382499999999407,0.9846666666666667,0.9998095238095238
4.382999999999408,0.9846666666666667,0.9998095238095238
4.383499999999407,0.9846666666666667,0.9998095238095238
4.383999999999407,0.9846666666666667,0.9998095238095238
4.384499999999407,0.9846666666666667,0.9998095238095238
4.3849999999994065,0.9846666666666667,0.9998095238095238
4.385499999999407,0.9846666666666667,0.9998095238095238
4.385999999999407,0.9846666666666667,0.9998095238095238
4.3864999999994065,0.9846666666666667,0.9998095238095238
4.386999999999407,0.9846666666666667,0.9998095238095238
4.387499999999407,0.9846666666666667,0.9998095238095238
4.387999999999407,0.9846666666666667,0.9998095238095238
4.388499999999406,0.9846666666666667,0.9998095238095238
4.388999999999406,0.9846666666666667,0.9998095238095238
4.389499999999407,0.9846666666666667,0.9998095238095238
4.389999999999406,0.9846666666666667,0.9998095238095238
4.390499999999406,0.9846666666666667,0.9998095238095238
4.390999999999407,0.9846666666666667,0.9998095238095238
4.391499999999406,0.9846666666666667,0.9998095238095238
4.391999999999406,0.9846666666666667,0.9998095238095238
4.392499999999406,0.9846666666666667,0.9998095238095238
4.392999999999406,0.9846666666666667,0.9998095238095238
4.393499999999406,0.9846666666666667,0.9998095238095238
4.393999999999406,0.9846666666666667,0.9998095238095238
4.394499999999406,0.9846666666666667,0.9998095238095238
4.394999999999406,0.9846666666666667,0.9998095238095238
4.395499999999406,0.9846666666666667,0.9998095238095238
4.395999999999406,0.9846666666666667,0.9998095238095238
4.396499999999405,0.9846666666666667,0.9998095238095238
4.396999999999405,0.9846666666666667,0.9998095238095238
4.397499999999406,0.9846666666666667,0.9998095238095238
4.3979999999994055,0.9846666666666667,0.9998095238095238
4.398499999999405,0.9846666666666667,0.9998095238095238
4.398999999999406,0.9846666666666667,0.9998095238095238
4.3994999999994056,0.9846666666666667,0.9998095238095238
4.399999999999405,0.9846666666666667,0.9998095238095238
4.400499999999405,0.9846666666666667,0.9998095238095238
4.400999999999405,0.9846666666666667,0.9998095238095238
4.401499999999405,0.9846666666666667,0.9998095238095238
4.401999999999405,0.9846666666666667,0.9998095238095238
4.402499999999405,0.9846666666666667,0.9998095238095238
4.402999999999405,0.9846666666666667,0.9998095238095238
4.403499999999405,0.9846666666666667,0.9998095238095238
4.403999999999405,0.9846666666666667,0.9998095238095238
4.404499999999405,0.9846666666666667,0.9998095238095238
4.404999999999404,0.9846666666666667,0.9998095238095238
4.405499999999405,0.9846666666666667,0.9998095238095238
4.405999999999405,0.9846666666666667,0.9998095238095238
4.406499999999404,0.9846666666666667,0.9998095238095238
4.406999999999405,0.9846666666666667,0.9998095238095238
4.407499999999405,0.9846666666666667,0.9998095238095238
4.407999999999404,0.9846666666666667,0.9998095238095238
4.408499999999404,0.9846666666666667,0.9998095238095238
4.408999999999404,0.9846666666666667,0.9998095238095238
4.4094999999994045,0.9846666666666667,0.9998095238095238
4.409999999999404,0.9846666666666667,0.9998095238095238
4.410499999999404,0.9846666666666667,0.9998095238095238
4.4109999999994045,0.9846666666666667,0.9998095238095238
4.411499999999404,0.9846666666666667,0.9998095238095238
4.411999999999404,0.9846666666666667,0.9998095238095238
4.412499999999404,0.9846666666666667,0.9998095238095238
4.412999999999403,0.9846666666666667,0.9998095238095238
4.413499999999404,0.9846666666666667,0.9998095238095238
4.413999999999404,0.9846666666666667,0.9998095238095238
4.4144999999994035,0.9846666666666667,0.9998095238095238
4.414999999999404,0.9846666666666667,0.9998095238095238
4.415499999999404,0.9846666666666667,0.9998095238095238
4.4159999999994035,0.9846666666666667,0.9998095238095238
4.416499999999403,0.9846666666666667,0.9998095238095238
4.416999999999403,0.9846666666666667,0.9998095238095238
4.417499999999404,0.9846666666666667,0.9998095238095238
4.417999999999403,0.9846666666666667,0.9998095238095238
4.418499999999403,0.9846666666666667,0.9998095238095238
4.418999999999404,0.9846666666666667,0.9998095238095238
4.419499999999403,0.9846666666666667,0.9998095238095238
4.419999999999403,0.9846666666666667,0.9998095238095238
4.420499999999403,0.9846666666666667,0.9998095238095238
4.4209999999994025,0.9846666666666667,0.9998095238095238
4.421499999999403,0.9846666666666667,0.9998095238095238
4.421999999999403,0.9846666666666667,0.9998095238095238
4.422499999999403,0.9846666666666667,0.9998095238095238
4.422999999999403,0.9846666666666667,0.9998095238095238
4.423499999999403,0.9846666666666667,0.9998095238095238
4.423999999999403,0.9846666666666667,0.9998095238095238
4.424499999999402,0.9846666666666667,0.9998095238095238
4.424999999999402,0.9846666666666667,0.9998095238095238
4.425499999999403,0.9846666666666667,0.9998095238095238
4.425999999999402,0.9846666666666667,0.9998095238095238
4.426499999999402,0.9846666666666667,0.9998095238095238
4.426999999999403,0.9846666666666667,0.9998095238095238
4.4274999999994025,0.9846666666666667,0.9998095238095238
4.427999999999402,0.9846666666666667,0.9998095238095238
4.428499999999402,0.9846666666666667,0.9998095238095238
4.428999999999402,0.9846666666666667,0.9998095238095238
4.429499999999402,0.9846666666666667,0.9998095238095238
4.429999999999402,0.9846666666666667,0.9998095238095238
4.430499999999402,0.9846666666666667,0.9998095238095238
4.430999999999402,0.9846666666666667,0.9998095238095238
4.431499999999402,0.9846666666666667,0.9998095238095238
4.431999999999402,0.9846666666666667,0.9998095238095238
4.4324999999994015,0.9846666666666667,0.9998095238095238
4.432999999999401,0.9846666666666667,0.9998095238095238
4.433499999999402,0.9846666666666667,0.9998095238095238
4.4339999999994015,0.9846666666666667,0.9998095238095238
4.434499999999401,0.9846666666666667,0.9998095238095238
4.434999999999402,0.9846666666666667,0.9998095238095238
4.435499999999402,0.9846666666666667,0.9998095238095238
4.435999999999401,0.9846666666666667,0.9998095238095238
4.436499999999401,0.9846666666666667,0.9998095238095238
4.436999999999401,0.9846666666666667,0.9998095238095238
4.437499999999401,0.9846666666666667,0.9998095238095238
4.437999999999401,0.9846666666666667,0.9998095238095238
4.438499999999401,0.9846666666666667,0.9998095238095238
4.438999999999401,0.9846666666666667,0.9998095238095238
4.439499999999401,0.9846666666666667,0.9998095238095238
4.439999999999401,0.9846666666666667,0.9998095238095238
4.440499999999401,0.9846666666666667,0.9998095238095238
4.4409999999994,0.9846666666666667,0.9998095238095238
4.441499999999401,0.9846666666666667,0.9998095238095238
4.441999999999401,0.9846666666666667,0.9998095238095238
4.4424999999994,0.9846666666666667,0.9998095238095238
4.442999999999401,0.9846666666666667,0.9998095238095238
4.443499999999401,0.9846666666666667,0.9998095238095238
4.4439999999994,0.9846666666666667,0.9998095238095238
4.4444999999994,0.9846666666666667,0.9998095238095238
4.4449999999994,0.9846666666666667,0.9998095238095238
4.4454999999994005,0.9846666666666667,0.9998095238095238
4.4459999999994,0.9846666666666667,0.9998095238095238
4.4464999999994,0.9846666666666667,0.9998095238095238
4.4469999999994005,0.9846666666666667,0.9998095238095238
4.4474999999994,0.9846666666666667,0.9998095238095238
4.4479999999994,0.9846666666666667,0.9998095238095238
4.4484999999994,0.9846666666666667,0.9998095238095238
4.448999999999399,0.9846666666666667,0.9998095238095238
4.4494999999994,0.9846666666666667,0.9998095238095238
4.4499999999994,0.9846666666666667,0.9998095238095238
4.4504999999993995,0.9846666666666667,0.9998095238095238
4.4509999999994,0.9846666666666667,0.9998095238095238
4.4514999999994,0.9846666666666667,0.9998095238095238
4.4519999999993995,0.9846666666666667,0.9998095238095238
4.452499999999399,0.9846666666666667,0.9998095238095238
4.452999999999399,0.9846666666666667,0.9998095238095238
4.4534999999994,0.9846666666666667,0.9998095238095238
4.453999999999399,0.9846666666666667,0.9998095238095238
4.454499999999399,0.9846666666666667,0.9998095238095238
4.4549999999994,0.9846666666666667,0.9998095238095238
4.455499999999399,0.9846666666666667,0.9998095238095238
4.455999999999399,0.9846666666666667,0.9998095238095238
4.456499999999399,0.9846666666666667,0.9998095238095238
4.4569999999993986,0.9846666666666667,0.9998095238095238
4.457499999999399,0.9846666666666667,0.9998095238095238
4.457999999999399,0.9846666666666667,0.9998095238095238
4.458499999999399,0.9846666666666667,0.9998095238095238
4.458999999999399,0.9846666666666667,0.9998095238095238
4.459499999999399,0.9846666666666667,0.9998095238095238
4.459999999999399,0.9846666666666667,0.9998095238095238
4.460499999999398,0.9846666666666667,0.9998095238095238
4.460999999999398,0.9846666666666667,0.9998095238095238
4.461499999999399,0.9846666666666667,0.9998095238095238
4.4619999999993984,0.9846666666666667,0.9998095238095238
4.462499999999398,0.9846666666666667,0.9998095238095238
4.462999999999399,0.9846666666666667,0.9998095238095238
4.4634999999993985,0.9846666666666667,0.9998095238095238
4.463999999999398,0.9846666666666667,0.9998095238095238
4.464499999999398,0.9846666666666667,0.9998095238095238
4.464999999999398,0.9846666666666667,0.9998095238095238
4.465499999999398,0.9846666666666667,0.9998095238095238
4.465999999999398,0.9846666666666667,0.9998095238095238
4.466499999999398,0.9846666666666667,0.9998095238095238
4.466999999999398,0.9846666666666667,0.9998095238095238
4.467499999999398,0.9846666666666667,0.9998095238095238
4.467999999999398,0.9846666666666667,0.9998095238095238
4.4684999999993975,0.9846666666666667,0.9998095238095238
4.468999999999397,0.9846666666666667,0.9998095238095238
4.469499999999398,0.9846666666666667,0.9998095238095238
4.469999999999398,0.9846666666666667,0.9998095238095238
4.470499999999397,0.9846666666666667,0.9998095238095238
4.470999999999398,0.9846666666666667,0.9998095238095238
4.471499999999398,0.9846666666666667,0.9998095238095238
4.471999999999397,0.9846666666666667,0.9998095238095238
4.472499999999397,0.9846666666666667,0.9998095238095238
4.472999999999397,0.9846666666666667,0.9998095238095238
4.473499999999397,0.9846666666666667,0.9998095238095238
4.473999999999397,0.9846666666666667,0.9998095238095238
4.474499999999397,0.9846666666666667,0.9998095238095238
4.4749999999993975,0.9846666666666667,0.9998095238095238
4.475499999999397,0.9846666666666667,0.9998095238095238
4.475999999999397,0.9846666666666667,0.9998095238095238
4.476499999999397,0.9846666666666667,0.9998095238095238
4.476999999999396,0.9846666666666667,0.9998095238095238
4.477499999999397,0.9846666666666667,0.9998095238095238
4.477999999999397,0.9846666666666667,0.9998095238095238
4.478499999999396,0.9846666666666667,0.9998095238095238
4.478999999999397,0.9846666666666667,0.9998095238095238
4.479499999999397,0.9846666666666667,0.9998095238095238
4.4799999999993965,0.9846666666666667,0.9998095238095238
4.480499999999396,0.9846666666666667,0.9998095238095238
4.480999999999396,0.9846666666666667,0.9998095238095238
4.4814999999993965,0.9846666666666667,0.9998095238095238
4.481999999999396,0.9846666666666667,0.9998095238095238
4.482499999999396,0.9846666666666667,0.9998095238095238
4.482999999999397,0.9846666666666667,0.9998095238095238
4.483499999999396,0.9845714285714285,0.9998095238095238
4.483999999999396,0.9845714285714285,0.9998095238095238
4.484499999999396,0.9845714285714285,0.9998095238095238
4.4849999999993955,0.9845714285714285,0.9998095238095238
4.485499999999396,0.9845714285714285,0.9998095238095238
4.485999999999396,0.9845714285714285,0.9998095238095238
4.4864999999993955,0.9845714285714285,0.9998095238095238
4.486999999999396,0.9845714285714285,0.9998095238095238
4.487499999999396,0.9845714285714285,0.9998095238095238
4.487999999999396,0.9845714285714285,0.9998095238095238
4.488499999999395,0.9845714285714285,0.9998095238095238
4.488999999999395,0.9845714285714285,0.9998095238095238
4.489499999999396,0.9845714285714285,0.9998095238095238
4.489999999999395,0.9845714285714285,0.9998095238095238
4.490499999999395,0.9845714285714285,0.9998095238095238
4.490999999999396,0.9845714285714285,0.9998095238095238
4.491499999999395,0.9845714285714285,0.9998095238095238
4.491999999999395,0.9845714285714285,0.9998095238095238
4.492499999999395,0.9845714285714285,0.9998095238095238
4.492999999999395,0.9845714285714285,0.9998095238095238
4.493499999999395,0.9845714285714285,0.9998095238095238
4.493999999999395,0.9845714285714285,0.9998095238095238
4.494499999999395,0.9845714285714285,0.9998095238095238
4.494999999999395,0.9845714285714285,0.9998095238095238
4.495499999999395,0.9845714285714285,0.9998095238095238
4.495999999999395,0.9845714285714285,0.9998095238095238
4.496499999999394,0.9845714285714285,0.9998095238095238
4.496999999999394,0.9845714285714285,0.9998095238095238
4.497499999999395,0.9845714285714285,0.9998095238095238
4.4979999999993945,0.9845714285714285,0.9998095238095238
4.498499999999394,0.9845714285714285,0.9998095238095238
4.498999999999395,0.9845714285714285,0.9998095238095238
4.4994999999993945,0.9845714285714285,0.9998095238095238
4.499999999999394,0.9845714285714285,0.9998095238095238
4.500499999999394,0.9845714285714285,0.9998095238095238
4.500999999999394,0.9845714285714285,0.9998095238095238
4.501499999999394,0.9845714285714285,0.9998095238095238
4.501999999999394,0.9845714285714285,0.9998095238095238
4.502499999999394,0.9845714285714285,0.9998095238095238
4.502999999999394,0.9845714285714285,0.9998095238095238
4.503499999999394,0.9845714285714285,0.9998095238095238
4.503999999999394,0.9845714285714285,0.9998095238095238
4.5044999999993935,0.9845714285714285,0.9998095238095238
4.504999999999393,0.9845714285714285,0.9998095238095238
4.505499999999394,0.9845714285714285,0.9998095238095238
4.505999999999394,0.9845714285714285,0.9998095238095238
4.506499999999393,0.9845714285714285,0.9998095238095238
4.506999999999394,0.9845714285714285,0.9998095238095238
4.507499999999394,0.9845714285714285,0.9998095238095238
4.507999999999393,0.9845714285714285,0.9998095238095238
4.508499999999393,0.9845714285714285,0.9998095238095238
4.508999999999393,0.9845714285714285,0.9998095238095238
4.509499999999393,0.9845714285714285,0.9998095238095238
4.509999999999393,0.9845714285714285,0.9998095238095238
4.510499999999393,0.9845714285714285,0.9998095238095238
4.5109999999993935,0.9845714285714285,0.9998095238095238
4.511499999999393,0.9845714285714285,0.9998095238095238
4.511999999999393,0.9845714285714285,0.9998095238095238
4.512499999999393,0.9845714285714285,0.9998095238095238
4.512999999999392,0.9845714285714285,0.9998095238095238
4.513499999999393,0.9845714285714285,0.9998095238095238
4.513999999999393,0.9845714285714285,0.9998095238095238
4.514499999999392,0.9845714285714285,0.9998095238095238
4.514999999999393,0.9845714285714285,0.9998095238095238
4.515499999999393,0.9845714285714285,0.9998095238095238
4.5159999999993925,0.9845714285714285,0.9998095238095238
4.516499999999392,0.9845714285714285,0.9998095238095238
4.516999999999392,0.9845714285714285,0.9998095238095238
4.517499999999393,0.9845714285714285,0.9998095238095238
4.517999999999392,0.9845714285714285,0.9998095238095238
4.518499999999392,0.9845714285714285,0.9998095238095238
4.518999999999393,0.9845714285714285,0.9998095238095238
4.519499999999392,0.9845714285714285,0.9998095238095238
4.519999999999392,0.9845714285714285,0.9998095238095238
4.520499999999392,0.9845714285714285,0.9998095238095238
4.5209999999993915,0.9845714285714285,0.9998095238095238
4.521499999999392,0.9845714285714285,0.9998095238095238
4.521999999999392,0.9845714285714285,0.9998095238095238
4.522499999999392,0.9845714285714285,0.9998095238095238
4.522999999999392,0.9845714285714285,0.9998095238095238
4.523499999999392,0.9845714285714285,0.9998095238095238
4.523999999999392,0.9845714285714285,0.9998095238095238
4.524499999999391,0.9845714285714285,0.9998095238095238
4.524999999999391,0.9845714285714285,0.9998095238095238
4.525499999999392,0.9845714285714285,0.9998095238095238
4.525999999999391,0.9845714285714285,0.9998095238095238
4.526499999999391,0.9845714285714285,0.9998095238095238
4.526999999999392,0.9845714285714285,0.9998095238095238
4.5274999999993915,0.9845714285714285,0.9998095238095238
4.527999999999391,0.9845714285714285,0.9998095238095238
4.528499999999391,0.9845714285714285,0.9998095238095238
4.528999999999391,0.9845714285714285,0.9998095238095238
4.529499999999391,0.9845714285714285,0.9998095238095238
4.529999999999391,0.9845714285714285,0.9998095238095238
4.530499999999391,0.9845714285714285,0.9998095238095238
4.530999999999391,0.9845714285714285,0.9998095238095238
4.531499999999391,0.9845714285714285,0.9998095238095238
4.531999999999391,0.9845714285714285,0.9998095238095238
4.5324999999993905,0.9845714285714285,0.9998095238095238
4.53299999999939,0.9845714285714285,0.9998095238095238
4.533499999999391,0.9845714285714285,0.9998095238095238
4.5339999999993905,0.9845714285714285,0.9998095238095238
4.53449999999939,0.9845714285714285,0.9998095238095238
4.534999999999391,0.9845714285714285,0.9998095238095238
4.535499999999391,0.9845714285714285,0.9998095238095238
4.53599999999939,0.9845714285714285,0.9998095238095238
4.53649999999939,0.9845714285714285,0.9998095238095238
4.53699999999939,0.9845714285714285,0.9998095238095238
4.53749999999939,0.9845714285714285,0.9998095238095238
4.53799999999939,0.9845714285714285,0.9998095238095238
4.53849999999939,0.9845714285714285,0.9998095238095238
4.53899999999939,0.9845714285714285,0.9998095238095238
4.53949999999939,0.9845714285714285,0.9998095238095238
4.53999999999939,0.9845714285714285,0.9998095238095238
4.54049999999939,0.9845714285714285,0.9998095238095238
4.540999999999389,0.9845714285714285,0.9998095238095238
4.54149999999939,0.9845714285714285,0.9998095238095238
4.54199999999939,0.9845714285714285,0.9998095238095238
4.542499999999389,0.9845714285714285,0.9998095238095238
4.54299999999939,0.9845714285714285,0.9998095238095238
4.54349999999939,0.9845714285714285,0.9998095238095238
4.543999999999389,0.9845714285714285,0.9998095238095238
4.544499999999389,0.9845714285714285,0.9998095238095238
4.544999999999389,0.9845714285714285,0.9998095238095238
4.5454999999993895,0.9845714285714285,0.9998095238095238
4.545999999999389,0.9845714285714285,0.9998095238095238
4.546499999999389,0.9845714285714285,0.9998095238095238
4.5469999999993895,0.9845714285714285,0.9998095238095238
4.547499999999389,0.9845714285714285,0.9998095238095238
4.547999999999389,0.9845714285714285,0.9998095238095238
4.548499999999389,0.9845714285714285,0.9998095238095238
4.548999999999388,0.9845714285714285,0.9998095238095238
4.549499999999389,0.9845714285714285,0.9998095238095238
4.549999999999389,0.9845714285714285,0.9998095238095238
4.5504999999993885,0.9845714285714285,0.9998095238095238
4.550999999999389,0.9845714285714285,0.9998095238095238
4.551499999999389,0.9845714285714285,0.9998095238095238
4.5519999999993885,0.9845714285714285,0.9998095238095238
4.552499999999388,0.9845714285714285,0.9998095238095238
4.552999999999388,0.9845714285714285,0.9998095238095238
4.553499999999389,0.9845714285714285,0.9998095238095238
4.553999999999388,0.9845714285714285,0.9998095238095238
4.554499999999388,0.9845714285714285,0.9998095238095238
4.554999999999389,0.9845714285714285,0.9998095238095238
4.555499999999388,0.9845714285714285,0.9998095238095238
4.555999999999388,0.9845714285714285,0.9998095238095238
4.556499999999388,0.9845714285714285,0.9998095238095238
4.5569999999993875,0.9845714285714285,0.9998095238095238
4.557499999999388,0.9845714285714285,0.9998095238095238
4.557999999999388,0.9845714285714285,0.9998095238095238
4.558499999999388,0.9845714285714285,0.9998095238095238
4.558999999999388,0.9845714285714285,0.9998095238095238
4.559499999999388,0.9845714285714285,0.9998095238095238
4.559999999999388,0.9845714285714285,0.9998095238095238
4.560499999999387,0.9845714285714285,0.9998095238095238
4.560999999999387,0.9845714285714285,0.9998095238095238
4.561499999999388,0.9845714285714285,0.9998095238095238
4.561999999999387,0.9845714285714285,0.9998095238095238
4.562499999999387,0.9845714285714285,0.9998095238095238
4.562999999999388,0.9845714285714285,0.9998095238095238
4.5634999999993875,0.9845714285714285,0.9998095238095238
4.563999999999387,0.9845714285714285,0.9998095238095238
4.564499999999387,0.9845714285714285,0.9998095238095238
4.564999999999387,0.9845714285714285,0.9998095238095238
4.565499999999387,0.9845714285714285,0.9998095238095238
4.565999999999387,0.9845714285714285,0.9998095238095238
4.566499999999387,0.9845714285714285,0.9998095238095238
4.566999999999387,0.9845714285714285,0.9998095238095238
4.567499999999387,0.9845714285714285,0.9998095238095238
4.567999999999387,0.9845714285714285,0.9998095238095238
4.5684999999993865,0.9845714285714285,0.9998095238095238
4.568999999999386,0.9845714285714285,0.9998095238095238
4.569499999999387,0.9845714285714285,0.9998095238095238
4.5699999999993866,0.9845714285714285,0.9998095238095238
4.570499999999386,0.9845714285714285,0.9998095238095238
4.570999999999387,0.9845714285714285,0.9998095238095238
4.571499999999387,0.9845714285714285,0.9998095238095238
4.571999999999386,0.9845714285714285,0.9998095238095238
4.572499999999386,0.9845714285714285,0.9998095238095238
4.572999999999386,0.9845714285714285,0.9998095238095238
4.573499999999386,0.9845714285714285,0.9998095238095238
4.573999999999386,0.9845714285714285,0.9998095238095238
4.574499999999386,0.9845714285714285,0.9998095238095238
4.5749999999993864,0.9845714285714285,0.9998095238095238
4.575499999999386,0.9845714285714285,0.9998095238095238
4.575999999999386,0.9845714285714285,0.9998095238095238
4.576499999999386,0.9845714285714285,0.9998095238095238
4.576999999999385,0.9845714285714285,0.9998095238095238
4.577499999999386,0.9845714285714285,0.9998095238095238
4.577999999999386,0.9845714285714285,0.9998095238095238
4.578499999999385,0.9845714285714285,0.9998095238095238
4.578999999999386,0.9845714285714285,0.9998095238095238
4.579499999999386,0.9845714285714285,0.9998095238095238
4.5799999999993855,0.9845714285714285,0.9998095238095238
4.580499999999385,0.9845714285714285,0.9998095238095238
4.580999999999385,0.9845714285714285,0.9998095238095238
4.5814999999993855,0.9845714285714285,0.9998095238095238
4.581999999999385,0.9845714285714285,0.9998095238095238
4.582499999999385,0.9845714285714285,0.9998095238095238
4.582999999999386,0.9845714285714285,0.9998095238095238
4.583499999999385,0.9845714285714285,0.9998095238095238
4.583999999999385,0.9845714285714285,0.9998095238095238
4.584499999999385,0.9845714285714285,0.9998095238095238
4.5849999999993845,0.9845714285714285,0.9998095238095238
4.585499999999385,0.9845714285714285,0.9998095238095238
4.585999999999385,0.9845714285714285,0.9998095238095238
4.5864999999993845,0.9845714285714285,0.9998095238095238
4.586999999999385,0.9845714285714285,0.9998095238095238
4.587499999999385,0.9845714285714285,0.9998095238095238
4.587999999999385,0.9845714285714285,0.9998095238095238
4.588499999999384,0.9845714285714285,0.9998095238095238
4.588999999999384,0.9845714285714285,0.9998095238095238
4.589499999999385,0.9845714285714285,0.9998095238095238
4.589999999999384,0.9845714285714285,0.9998095238095238
4.590499999999384,0.9845714285714285,0.9998095238095238
4.590999999999385,0.9845714285714285,0.9998095238095238
4.591499999999384,0.9845714285714285,0.9998095238095238
4.591999999999384,0.9845714285714285,0.9998095238095238
4.592499999999384,0.9845714285714285,0.9998095238095238
4.592999999999384,0.9845714285714285,0.9998095238095238
4.593499999999384,0.9845714285714285,0.9998095238095238
4.593999999999384,0.9845714285714285,0.9998095238095238
4.594499999999384,0.9845714285714285,0.9998095238095238
4.594999999999384,0.9845714285714285,0.9998095238095238
4.595499999999384,0.9845714285714285,0.9998095238095238
4.595999999999384,0.9845714285714285,0.9998095238095238
4.596499999999383,0.9845714285714285,0.9998095238095238
4.596999999999383,0.9845714285714285,0.9998095238095238
4.597499999999384,0.9845714285714285,0.9998095238095238
4.5979999999993835,0.9845714285714285,0.9998095238095238
4.598499999999383,0.9845714285714285,0.9998095238095238
4.598999999999384,0.9845714285714285,0.9998095238095238
4.5994999999993835,0.9845714285714285,0.9998095238095238
4.599999999999383,0.9845714285714285,0.9998095238095238
4.600499999999383,0.9845714285714285,0.9998095238095238
4.600999999999383,0.9845714285714285,0.9998095238095238
4.601499999999383,0.9845714285714285,0.9998095238095238
4.601999999999383,0.9845714285714285,0.9998095238095238
4.602499999999383,0.9845714285714285,0.9998095238095238
4.602999999999383,0.9845714285714285,0.9998095238095238
4.603499999999383,0.9845714285714285,0.9998095238095238
4.603999999999383,0.9845714285714285,0.9998095238095238
4.6044999999993825,0.9845714285714285,0.9998095238095238
4.604999999999382,0.9845714285714285,0.9998095238095238
4.605499999999383,0.9845714285714285,0.9998095238095238
4.605999999999383,0.9845714285714285,0.9998095238095238
4.606499999999382,0.9845714285714285,0.9998095238095238
4.606999999999383,0.9845714285714285,0.9998095238095238
4.607499999999383,0.9845714285714285,0.9998095238095238
4.607999999999382,0.9845714285714285,0.9998095238095238
4.608499999999382,0.9845714285714285,0.9998095238095238
4.608999999999382,0.9845714285714285,0.9998095238095238
4.609499999999382,0.9845714285714285,0.9998095238095238
4.609999999999382,0.9845714285714285,0.9998095238095238
4.610499999999382,0.9845714285714285,0.9998095238095238
4.6109999999993825,0.9845714285714285,0.9998095238095238
4.611499999999382,0.9845714285714285,0.9998095238095238
4.611999999999382,0.9845714285714285,0.9998095238095238
4.612499999999382,0.9845714285714285,0.9998095238095238
4.612999999999381,0.9845714285714285,0.9998095238095238
4.613499999999382,0.9845714285714285,0.9998095238095238
4.613999999999382,0.9845714285714285,0.9998095238095238
4.614499999999381,0.9845714285714285,0.9998095238095238
4.614999999999382,0.9845714285714285,0.9998095238095238
4.615499999999382,0.9845714285714285,0.9998095238095238
4.6159999999993815,0.9845714285714285,0.9998095238095238
4.616499999999381,0.9845714285714285,0.9998095238095238
4.616999999999381,0.9845714285714285,0.9998095238095238
4.6174999999993815,0.9845714285714285,0.9998095238095238
4.617999999999381,0.9845714285714285,0.9998095238095238
4.618499999999381,0.9845714285714285,0.9998095238095238
4.618999999999382,0.9845714285714285,0.9998095238095238
4.619499999999381,0.9845714285714285,0.9998095238095238
4.619999999999381,0.9845714285714285,0.9998095238095238
4.620499999999381,0.9845714285714285,0.9998095238095238
4.6209999999993805,0.9845714285714285,0.9998095238095238
4.621499999999381,0.9845714285714285,0.9998095238095238
4.621999999999381,0.9845714285714285,0.9998095238095238
4.6224999999993805,0.9845714285714285,0.9998095238095238
4.622999999999381,0.9845714285714285,0.9998095238095238
4.623499999999381,0.9845714285714285,0.9998095238095238
4.623999999999381,0.9845714285714285,0.9998095238095238
4.62449999999938,0.9845714285714285,0.9998095238095238
4.62499999999938,0.9845714285714285,0.9998095238095238
4.625499999999381,0.9845714285714285,0.9998095238095238
4.62599999999938,0.9845714285714285,0.9998095238095238
4.62649999999938,0.9845714285714285,0.9998095238095238
4.626999999999381,0.9845714285714285,0.9998095238095238
4.62749999999938,0.9845714285714285,0.9998095238095238
4.62799999999938,0.9845714285714285,0.9998095238095238
4.62849999999938,0.9845714285714285,0.9998095238095238
4.62899999999938,0.9845714285714285,0.9998095238095238
4.62949999999938,0.9845714285714285,0.9998095238095238
4.62999999999938,0.9845714285714285,0.9998095238095238
4.63049999999938,0.9845714285714285,0.9998095238095238
4.63099999999938,0.9845714285714285,0.9998095238095238
4.63149999999938,0.9845714285714285,0.9998095238095238
4.63199999999938,0.9845714285714285,0.9998095238095238
4.6324999999993794,0.9845714285714285,0.9998095238095238
4.632999999999379,0.9845714285714285,0.9998095238095238
4.63349999999938,0.9845714285714285,0.9998095238095238
4.6339999999993795,0.9845714285714285,0.9998095238095238
4.634499999999379,0.9845714285714285,0.9998095238095238
4.63499999999938,0.9845714285714285,0.9998095238095238
4.63549999999938,0.9845714285714285,0.9998095238095238
4.635999999999379,0.9845714285714285,0.9998095238095238
4.636499999999379,0.9845714285714285,0.9998095238095238
4.636999999999379,0.9845714285714285,0.9998095238095238
4.637499999999379,0.9845714285714285,0.9998095238095238
4.637999999999379,0.9845714285714285,0.9998095238095238
4.638499999999379,0.9845714285714285,0.9998095238095238
4.638999999999379,0.9845714285714285,0.9998095238095238
4.639499999999379,0.9845714285714285,0.9998095238095238
4.639999999999379,0.9845714285714285,0.9998095238095238
4.640499999999379,0.9845714285714285,0.9998095238095238
4.640999999999378,0.9845714285714285,0.9998095238095238
4.641499999999379,0.9845714285714285,0.9998095238095238
4.641999999999379,0.9845714285714285,0.9998095238095238
4.642499999999378,0.9845714285714285,0.9998095238095238
4.642999999999379,0.9845714285714285,0.9998095238095238
4.643499999999379,0.9845714285714285,0.9998095238095238
4.643999999999378,0.9845714285714285,0.9998095238095238
4.644499999999378,0.9845714285714285,0.9998095238095238
4.644999999999378,0.9845714285714285,0.9998095238095238
4.6454999999993785,0.9845714285714285,0.9998095238095238
4.645999999999378,0.9845714285714285,0.9998095238095238
4.646499999999378,0.9845714285714285,0.9998095238095238
4.6469999999993785,0.9845714285714285,0.9998095238095238
4.647499999999378,0.9845714285714285,0.9998095238095238
4.647999999999378,0.9844761904761905,0.9998095238095238
4.648499999999378,0.9844761904761905,0.9998095238095238
4.648999999999377,0.9844761904761905,0.9998095238095238
4.649499999999378,0.9844761904761905,0.9998095238095238
4.649999999999378,0.9844761904761905,0.9998095238095238
4.6504999999993775,0.9844761904761905,0.9998095238095238
4.650999999999378,0.9844761904761905,0.9998095238095238
4.651499999999378,0.9844761904761905,0.9998095238095238
4.6519999999993775,0.9844761904761905,0.9998095238095238
4.652499999999377,0.9844761904761905,0.9998095238095238
4.652999999999377,0.9844761904761905,0.9998095238095238
4.653499999999378,0.9844761904761905,0.9998095238095238
4.653999999999377,0.9844761904761905,0.9998095238095238
4.654499999999377,0.9844761904761905,0.9998095238095238
4.654999999999378,0.9844761904761905,0.9998095238095238
4.655499999999377,0.9844761904761905,0.9998095238095238
4.655999999999377,0.9844761904761905,0.9998095238095238
4.656499999999377,0.9844761904761905,0.9998095238095238
4.6569999999993765,0.9844761904761905,0.9998095238095238
4.657499999999377,0.9844761904761905,0.9998095238095238
4.657999999999377,0.9844761904761905,0.9998095238095238
4.658499999999377,0.9844761904761905,0.9998095238095238
4.658999999999377,0.9844761904761905,0.9998095238095238
4.659499999999377,0.9844761904761905,0.9998095238095238
4.659999999999377,0.9844761904761905,0.9998095238095238
4.660499999999376,0.9844761904761905,0.9998095238095238
4.660999999999376,0.9844761904761905,0.9998095238095238
4.661499999999377,0.9844761904761905,0.9998095238095238
4.661999999999376,0.9844761904761905,0.9998095238095238
4.662499999999376,0.9844761904761905,0.9998095238095238
4.662999999999377,0.9844761904761905,0.9998095238095238
4.6634999999993765,0.9844761904761905,0.9998095238095238
4.663999999999376,0.9844761904761905,0.9998095238095238
4.664499999999376,0.9844761904761905,0.9998095238095238
4.664999999999376,0.9844761904761905,0.9998095238095238
4.665499999999376,0.9844761904761905,0.9998095238095238
4.665999999999376,0.9844761904761905,0.9998095238095238
4.666499999999376,0.9844761904761905,0.9998095238095238
4.666999999999376,0.9844761904761905,0.9998095238095238
4.667499999999376,0.9844761904761905,0.9998095238095238
4.667999999999376,0.9844761904761905,0.9998095238095238
4.6684999999993755,0.9844761904761905,0.9998095238095238
4.668999999999375,0.9844761904761905,0.9998095238095238
4.669499999999376,0.9844761904761905,0.9998095238095238
4.6699999999993755,0.9844761904761905,0.9998095238095238
4.670499999999375,0.9844761904761905,0.9998095238095238
4.670999999999376,0.9844761904761905,0.9998095238095238
4.671499999999376,0.9844761904761905,0.9998095238095238
4.671999999999375,0.9844761904761905,0.9998095238095238
4.672499999999375,0.9844761904761905,0.9998095238095238
4.672999999999375,0.9844761904761905,0.9998095238095238
4.673499999999375,0.9844761904761905,0.9998095238095238
4.673999999999375,0.9844761904761905,0.9998095238095238
4.674499999999375,0.9844761904761905,0.9998095238095238
4.674999999999375,0.9844761904761905,0.9998095238095238
4.675499999999375,0.9844761904761905,0.9998095238095238
4.675999999999375,0.9844761904761905,0.9998095238095238
4.676499999999375,0.9844761904761905,0.9998095238095238
4.676999999999374,0.9844761904761905,0.9998095238095238
4.677499999999375,0.9844761904761905,0.9998095238095238
4.677999999999375,0.9844761904761905,0.9998095238095238
4.678499999999374,0.9844761904761905,0.9998095238095238
4.678999999999375,0.9844761904761905,0.9998095238095238
4.679499999999375,0.9844761904761905,0.9998095238095238
4.679999999999374,0.9844761904761905,0.9998095238095238
4.680499999999374,0.9844761904761905,0.9998095238095238
4.680999999999374,0.9844761904761905,0.9998095238095238
4.6814999999993745,0.9844761904761905,0.9998095238095238
4.681999999999374,0.9844761904761905,0.9998095238095238
4.682499999999374,0.9844761904761905,0.9998095238095238
4.6829999999993746,0.9844761904761905,0.9998095238095238
4.683499999999374,0.9844761904761905,0.9998095238095238
4.683999999999374,0.9844761904761905,0.9998095238095238
4.684499999999374,0.9844761904761905,0.9998095238095238
4.684999999999373,0.9844761904761905,0.9998095238095238
4.685499999999374,0.9844761904761905,0.9998095238095238
4.685999999999374,0.9844761904761905,0.9998095238095238
4.6864999999993735,0.9844761904761905,0.9998095238095238
4.686999999999374,0.9844761904761905,0.9998095238095238
4.687499999999374,0.9844761904761905,0.9998095238095238
4.687999999999374,0.9844761904761905,0.9998095238095238
4.688499999999373,0.9844761904761905,0.9998095238095238
4.688999999999373,0.9844761904761905,0.9998095238095238
4.689499999999374,0.9844761904761905,0.9998095238095238
4.689999999999373,0.9844761904761905,0.9998095238095238
4.690499999999373,0.9844761904761905,0.9998095238095238
4.690999999999374,0.9844761904761905,0.9998095238095238
4.691499999999373,0.9844761904761905,0.9998095238095238
4.691999999999373,0.9844761904761905,0.9998095238095238
4.692499999999373,0.9844761904761905,0.9998095238095238
4.692999999999373,0.9844761904761905,0.9998095238095238
4.693499999999373,0.9844761904761905,0.9998095238095238
4.693999999999373,0.9844761904761905,0.9998095238095238
4.694499999999373,0.9844761904761905,0.9998095238095238
4.694999999999373,0.9844761904761905,0.9998095238095238
4.695499999999373,0.9844761904761905,0.9998095238095238
4.695999999999373,0.9844761904761905,0.9998095238095238
4.696499999999372,0.9844761904761905,0.9998095238095238
4.696999999999372,0.9844761904761905,0.9998095238095238
4.697499999999373,0.9844761904761905,0.9998095238095238
4.6979999999993725,0.9844761904761905,0.9998095238095238
4.698499999999372,0.9844761904761905,0.9998095238095238
4.698999999999373,0.9844761904761905,0.9998095238095238
4.6994999999993725,0.9844761904761905,0.9998095238095238
4.699999999999372,0.9844761904761905,0.9998095238095238
4.700499999999372,0.9844761904761905,0.9998095238095238
4.700999999999372,0.9844761904761905,0.9998095238095238
4.701499999999372,0.9844761904761905,0.9998095238095238
4.701999999999372,0.9844761904761905,0.9998095238095238
4.702499999999372,0.9844761904761905,0.9998095238095238
4.702999999999372,0.9844761904761905,0.9998095238095238
4.703499999999372,0.9844761904761905,0.9998095238095238
4.703999999999372,0.9844761904761905,0.9998095238095238
4.7044999999993715,0.9844761904761905,0.9998095238095238
4.704999999999371,0.9844761904761905,0.9998095238095238
4.705499999999372,0.9844761904761905,0.9998095238095238
4.705999999999372,0.9844761904761905,0.9998095238095238
4.706499999999371,0.9844761904761905,0.9998095238095238
4.706999999999372,0.9844761904761905,0.9998095238095238
4.707499999999372,0.9844761904761905,0.9998095238095238
4.707999999999371,0.9844761904761905,0.9998095238095238
4.708499999999371,0.9844761904761905,0.9998095238095238
4.708999999999371,0.9844761904761905,0.9998095238095238
4.709499999999371,0.9844761904761905,0.9998095238095238
4.709999999999371,0.9844761904761905,0.9998095238095238
4.710499999999371,0.9844761904761905,0.9998095238095238
4.7109999999993715,0.9844761904761905,0.9998095238095238
4.711499999999371,0.9844761904761905,0.9998095238095238
4.711999999999371,0.9844761904761905,0.9998095238095238
4.712499999999371,0.9844761904761905,0.9998095238095238
4.71299999999937,0.9844761904761905,0.9998095238095238
4.713499999999371,0.9844761904761905,0.9998095238095238
4.713999999999371,0.9844761904761905,0.9998095238095238
4.71449999999937,0.9844761904761905,0.9998095238095238
4.714999999999371,0.9844761904761905,0.9998095238095238
4.715499999999371,0.9844761904761905,0.9998095238095238
4.7159999999993705,0.9844761904761905,0.9998095238095238
4.71649999999937,0.9844761904761905,0.9998095238095238
4.71699999999937,0.9844761904761905,0.9998095238095238
4.7174999999993705,0.9844761904761905,0.9998095238095238
4.71799999999937,0.9844761904761905,0.9998095238095238
4.71849999999937,0.9844761904761905,0.9998095238095238
4.718999999999371,0.9844761904761905,0.9998095238095238
4.71949999999937,0.9844761904761905,0.9998095238095238
4.71999999999937,0.9844761904761905,0.9998095238095238
4.72049999999937,0.9844761904761905,0.9998095238095238
4.7209999999993695,0.9844761904761905,0.9998095238095238
4.72149999999937,0.9844761904761905,0.9998095238095238
4.72199999999937,0.9844761904761905,0.9998095238095238
4.7224999999993695,0.9844761904761905,0.9998095238095238
4.72299999999937,0.9844761904761905,0.9998095238095238
4.72349999999937,0.9844761904761905,0.9998095238095238
4.72399999999937,0.9844761904761905,0.9998095238095238
4.724499999999369,0.9844761904761905,0.9998095238095238
4.724999999999369,0.9844761904761905,0.9998095238095238
4.72549999999937,0.9844761904761905,0.9998095238095238
4.725999999999369,0.9844761904761905,0.9998095238095238
4.726499999999369,0.9844761904761905,0.9998095238095238
4.72699999999937,0.9844761904761905,0.9998095238095238
4.727499999999369,0.9844761904761905,0.9998095238095238
4.727999999999369,0.9844761904761905,0.9998095238095238
4.728499999999369,0.9844761904761905,0.9998095238095238
4.728999999999369,0.9844761904761905,0.9998095238095238
4.729499999999369,0.9844761904761905,0.9998095238095238
4.729999999999369,0.9844761904761905,0.9998095238095238
4.730499999999369,0.9844761904761905,0.9998095238095238
4.730999999999369,0.9844761904761905,0.9998095238095238
4.731499999999369,0.9844761904761905,0.9998095238095238
4.731999999999369,0.9844761904761905,0.9998095238095238
4.732499999999368,0.9844761904761905,0.9998095238095238
4.732999999999368,0.9844761904761905,0.9998095238095238
4.733499999999369,0.9844761904761905,0.9998095238095238
4.7339999999993685,0.9844761904761905,0.9998095238095238
4.734499999999368,0.9844761904761905,0.9998095238095238
4.734999999999369,0.9844761904761905,0.9998095238095238
4.7354999999993685,0.9844761904761905,0.9998095238095238
4.735999999999368,0.9844761904761905,0.9998095238095238
4.736499999999368,0.9844761904761905,0.9998095238095238
4.736999999999368,0.9844761904761905,0.9998095238095238
4.737499999999368,0.9844761904761905,0.9998095238095238
4.737999999999368,0.9844761904761905,0.9998095238095238
4.738499999999368,0.9844761904761905,0.9998095238095238
4.738999999999368,0.9844761904761905,0.9998095238095238
4.739499999999368,0.9844761904761905,0.9998095238095238
4.739999999999368,0.9844761904761905,0.9998095238095238
4.7404999999993676,0.9844761904761905,0.9998095238095238
4.740999999999367,0.9844761904761905,0.9998095238095238
4.741499999999368,0.9844761904761905,0.9998095238095238
4.741999999999368,0.9844761904761905,0.9998095238095238
4.742499999999367,0.9844761904761905,0.9998095238095238
4.742999999999368,0.9844761904761905,0.9998095238095238
4.743499999999368,0.9844761904761905,0.9998095238095238
4.743999999999367,0.9844761904761905,0.9998095238095238
4.744499999999367,0.9844761904761905,0.9998095238095238
4.744999999999367,0.9844761904761905,0.9998095238095238
4.7454999999993674,0.9844761904761905,0.9998095238095238
4.745999999999367,0.9844761904761905,0.9998095238095238
4.746499999999367,0.9844761904761905,0.9998095238095238
4.7469999999993675,0.9844761904761905,0.9998095238095238
4.747499999999367,0.9844761904761905,0.9998095238095238
4.747999999999367,0.9844761904761905,0.9998095238095238
4.748499999999367,0.9844761904761905,0.9998095238095238
4.748999999999366,0.9844761904761905,0.9998095238095238
4.749499999999367,0.9844761904761905,0.9998095238095238
4.749999999999367,0.9844761904761905,0.9998095238095238
4.7504999999993665,0.9844761904761905,0.9998095238095238
4.750999999999367,0.9844761904761905,0.9998095238095238
4.751499999999367,0.9844761904761905,0.9998095238095238
4.7519999999993665,0.9844761904761905,0.9998095238095238
4.752499999999366,0.9844761904761905,0.9998095238095238
4.752999999999366,0.9844761904761905,0.9998095238095238
4.753499999999367,0.9844761904761905,0.9998095238095238
4.753999999999366,0.9844761904761905,0.9998095238095238
4.754499999999366,0.9844761904761905,0.9998095238095238
4.754999999999367,0.9844761904761905,0.9998095238095238
4.755499999999366,0.9844761904761905,0.9998095238095238
4.755999999999366,0.9844761904761905,0.9998095238095238
4.756499999999366,0.9844761904761905,0.9998095238095238
4.7569999999993655,0.9844761904761905,0.9998095238095238
4.757499999999366,0.9844761904761905,0.9998095238095238
4.757999999999366,0.9844761904761905,0.9998095238095238
4.758499999999366,0.9844761904761905,0.9998095238095238
4.758999999999366,0.9844761904761905,0.9998095238095238
4.759499999999366,0.9844761904761905,0.9998095238095238
4.759999999999366,0.9844761904761905,0.9998095238095238
4.760499999999365,0.9844761904761905,0.9998095238095238
4.760999999999365,0.9844761904761905,0.9998095238095238
4.761499999999366,0.9844761904761905,0.9998095238095238
4.761999999999365,0.9844761904761905,0.9998095238095238
4.762499999999365,0.9844761904761905,0.9998095238095238
4.762999999999366,0.9844761904761905,0.9998095238095238
4.7634999999993655,0.9844761904761905,0.9998095238095238
4.763999999999365,0.9844761904761905,0.9998095238095238
4.764499999999365,0.9844761904761905,0.9998095238095238
4.764999999999365,0.9844761904761905,0.9998095238095238
4.765499999999365,0.9844761904761905,0.9998095238095238
4.765999999999365,0.9844761904761905,0.9998095238095238
4.766499999999365,0.9844761904761905,0.9998095238095238
4.766999999999365,0.9844761904761905,0.9998095238095238
4.767499999999365,0.9844761904761905,0.9998095238095238
4.767999999999365,0.9844761904761905,0.9998095238095238
4.7684999999993645,0.9844761904761905,0.9998095238095238
4.768999999999364,0.9844761904761905,0.9998095238095238
4.769499999999365,0.9844761904761905,0.9998095238095238
4.7699999999993645,0.9843809523809524,0.9998095238095238
4.770499999999364,0.9843809523809524,0.9998095238095238
4.770999999999365,0.9843809523809524,0.9998095238095238
4.771499999999365,0.9843809523809524,0.9998095238095238
4.771999999999364,0.9843809523809524,0.9998095238095238
4.772499999999364,0.9843809523809524,0.9998095238095238
4.772999999999364,0.9843809523809524,0.9998095238095238
4.773499999999364,0.9843809523809524,0.9998095238095238
4.773999999999364,0.9843809523809524,0.9998095238095238
4.774499999999364,0.9843809523809524,0.9998095238095238
4.774999999999364,0.9843809523809524,0.9998095238095238
4.775499999999364,0.9843809523809524,0.9998095238095238
4.775999999999364,0.9843809523809524,0.9998095238095238
4.776499999999364,0.9843809523809524,0.9998095238095238
4.776999999999363,0.9843809523809524,0.9998095238095238
4.777499999999364,0.9843809523809524,0.9998095238095238
4.777999999999364,0.9843809523809524,0.9998095238095238
4.778499999999363,0.9843809523809524,0.9998095238095238
4.778999999999364,0.9843809523809524,0.9998095238095238
4.779499999999364,0.9843809523809524,0.9998095238095238
4.779999999999363,0.9843809523809524,0.9998095238095238
4.780499999999363,0.9843809523809524,0.9998095238095238
4.780999999999363,0.9843809523809524,0.9998095238095238
4.7814999999993635,0.9843809523809524,0.9998095238095238
4.781999999999363,0.9843809523809524,0.9998095238095238
4.782499999999363,0.9843809523809524,0.9998095238095238
4.7829999999993635,0.9843809523809524,0.9998095238095238
4.783499999999363,0.9843809523809524,0.9998095238095238
4.783999999999363,0.9843809523809524,0.9998095238095238
4.784499999999363,0.9843809523809524,0.9998095238095238
4.784999999999362,0.9843809523809524,0.9998095238095238
4.785499999999363,0.9843809523809524,0.9998095238095238
4.785999999999363,0.9843809523809524,0.9998095238095238
4.7864999999993625,0.9843809523809524,0.9998095238095238
4.786999999999363,0.9843809523809524,0.9998095238095238
4.787499999999363,0.9843809523809524,0.9998095238095238
4.7879999999993625,0.9843809523809524,0.9998095238095238
4.788499999999362,0.9843809523809524,0.9998095238095238
4.788999999999362,0.9843809523809524,0.9998095238095238
4.789499999999363,0.9842857142857143,0.9998095238095238
4.789999999999362,0.9842857142857143,0.9998095238095238
4.790499999999362,0.9842857142857143,0.9998095238095238
4.790999999999363,0.9842857142857143,0.9998095238095238
4.791499999999362,0.9842857142857143,0.9998095238095238
4.791999999999362,0.9842857142857143,0.9998095238095238
4.792499999999362,0.9842857142857143,0.9998095238095238
4.7929999999993615,0.9842857142857143,0.9998095238095238
4.793499999999362,0.9842857142857143,0.9998095238095238
4.793999999999362,0.9842857142857143,0.9998095238095238
4.794499999999362,0.9842857142857143,0.9998095238095238
4.794999999999362,0.9842857142857143,0.9998095238095238
4.795499999999362,0.9842857142857143,0.9998095238095238
4.795999999999362,0.9842857142857143,0.9998095238095238
4.796499999999361,0.9842857142857143,0.9998095238095238
4.796999999999361,0.9842857142857143,0.9998095238095238
4.797499999999362,0.9842857142857143,0.9998095238095238
4.797999999999361,0.9842857142857143,0.9998095238095238
4.798499999999361,0.9842857142857143,0.9998095238095238
4.798999999999362,0.9842857142857143,0.9998095238095238
4.7994999999993615,0.9842857142857143,0.9998095238095238
4.799999999999361,0.9842857142857143,0.9998095238095238
4.800499999999361,0.9842857142857143,0.9998095238095238
4.800999999999361,0.9842857142857143,0.9998095238095238
4.801499999999361,0.9842857142857143,0.9998095238095238
4.801999999999361,0.9842857142857143,0.9998095238095238
4.802499999999361,0.9842857142857143,0.9998095238095238
4.802999999999361,0.9842857142857143,0.9998095238095238
4.803499999999361,0.9842857142857143,0.9998095238095238
4.803999999999361,0.9842857142857143,0.9998095238095238
4.8044999999993605,0.9842857142857143,0.9998095238095238
4.80499999999936,0.9842857142857143,0.9998095238095238
4.805499999999361,0.9842857142857143,0.9998095238095238
4.805999999999361,0.9842857142857143,0.9998095238095238
4.80649999999936,0.9842857142857143,0.9998095238095238
4.806999999999361,0.9842857142857143,0.9998095238095238
4.807499999999361,0.9842857142857143,0.9998095238095238
4.80799999999936,0.9842857142857143,0.9998095238095238
4.80849999999936,0.9842857142857143,0.9998095238095238
4.80899999999936,0.9842857142857143,0.9998095238095238
4.80949999999936,0.9842857142857143,0.9998095238095238
4.80999999999936,0.9842857142857143,0.9998095238095238
4.81049999999936,0.9842857142857143,0.9998095238095238
4.8109999999993605,0.9842857142857143,0.9998095238095238
4.81149999999936,0.9842857142857143,0.9998095238095238
4.81199999999936,0.9842857142857143,0.9998095238095238
4.81249999999936,0.9842857142857143,0.9998095238095238
4.812999999999359,0.9842857142857143,0.9998095238095238
4.81349999999936,0.9842857142857143,0.9998095238095238
4.81399999999936,0.9842857142857143,0.9998095238095238
4.814499999999359,0.9842857142857143,0.9998095238095238
4.81499999999936,0.9842857142857143,0.9998095238095238
4.81549999999936,0.9842857142857143,0.9998095238095238
4.8159999999993595,0.9841904761904762,0.9998095238095238
4.816499999999359,0.9841904761904762,0.9998095238095238
4.816999999999359,0.9841904761904762,0.9998095238095238
4.8174999999993595,0.9841904761904762,0.9998095238095238
4.817999999999359,0.9841904761904762,0.9998095238095238
4.818499999999359,0.9841904761904762,0.9998095238095238
4.81899999999936,0.9841904761904762,0.9998095238095238
4.819499999999359,0.9841904761904762,0.9998095238095238
4.819999999999359,0.9841904761904762,0.9998095238095238
4.820499999999359,0.9841904761904762,0.9998095238095238
4.8209999999993585,0.9841904761904762,0.9998095238095238
4.821499999999359,0.9841904761904762,0.9998095238095238
4.821999999999359,0.9841904761904762,0.9998095238095238
4.8224999999993585,0.9841904761904762,0.9998095238095238
4.822999999999359,0.9841904761904762,0.9998095238095238
4.823499999999359,0.9841904761904762,0.9998095238095238
4.823999999999359,0.9841904761904762,0.9998095238095238
4.824499999999358,0.9841904761904762,0.9998095238095238
4.824999999999358,0.9841904761904762,0.9998095238095238
4.825499999999359,0.9841904761904762,0.9998095238095238
4.825999999999358,0.9841904761904762,0.9998095238095238
4.826499999999358,0.9841904761904762,0.9998095238095238
4.826999999999359,0.9841904761904762,0.9998095238095238
4.827499999999358,0.9841904761904762,0.9998095238095238
4.827999999999358,0.9841904761904762,0.9998095238095238
4.828499999999358,0.9841904761904762,0.9998095238095238
4.828999999999358,0.9841904761904762,0.9998095238095238
4.829499999999358,0.9841904761904762,0.9998095238095238
4.829999999999358,0.9841904761904762,0.9998095238095238
4.830499999999358,0.9841904761904762,0.9998095238095238
4.830999999999358,0.9841904761904762,0.9998095238095238
4.831499999999358,0.9841904761904762,0.9998095238095238
4.831999999999358,0.9841904761904762,0.9998095238095238
4.832499999999357,0.9841904761904762,0.9998095238095238
4.832999999999357,0.9841904761904762,0.9998095238095238
4.833499999999358,0.9841904761904762,0.9998095238095238
4.8339999999993575,0.9841904761904762,0.9998095238095238
4.834499999999357,0.9841904761904762,0.9998095238095238
4.834999999999358,0.9841904761904762,0.9998095238095238
4.8354999999993575,0.9841904761904762,0.9998095238095238
4.835999999999357,0.9841904761904762,0.9998095238095238
4.836499999999357,0.9841904761904762,0.9998095238095238
4.836999999999357,0.9841904761904762,0.9998095238095238
4.837499999999357,0.9841904761904762,0.9998095238095238
4.837999999999357,0.9841904761904762,0.9998095238095238
4.838499999999357,0.9841904761904762,0.9998095238095238
4.838999999999357,0.9841904761904762,0.9998095238095238
4.839499999999357,0.9841904761904762,0.9998095238095238
4.839999999999357,0.9841904761904762,0.9998095238095238
4.8404999999993565,0.9841904761904762,0.9998095238095238
4.840999999999356,0.9841904761904762,0.9998095238095238
4.841499999999357,0.9841904761904762,0.9998095238095238
4.841999999999357,0.9841904761904762,0.9998095238095238
4.842499999999356,0.9841904761904762,0.9998095238095238
4.842999999999357,0.9841904761904762,0.9998095238095238
4.843499999999357,0.9841904761904762,0.9998095238095238
4.843999999999356,0.9841904761904762,0.9998095238095238
4.844499999999356,0.9841904761904762,0.9998095238095238
4.844999999999356,0.9841904761904762,0.9998095238095238
4.845499999999356,0.9841904761904762,0.9998095238095238
4.845999999999356,0.9841904761904762,0.9998095238095238
4.846499999999356,0.9841904761904762,0.9998095238095238
4.8469999999993565,0.9841904761904762,0.9998095238095238
4.847499999999356,0.9841904761904762,0.9998095238095238
4.847999999999356,0.9841904761904762,0.9998095238095238
4.848499999999356,0.9841904761904762,0.9998095238095238
4.848999999999355,0.9841904761904762,0.9998095238095238
4.849499999999356,0.9841904761904762,0.9998095238095238
4.849999999999356,0.9841904761904762,0.9998095238095238
4.850499999999355,0.9841904761904762,0.9998095238095238
4.850999999999356,0.9841904761904762,0.9998095238095238
4.851499999999356,0.9841904761904762,0.9998095238095238
4.8519999999993555,0.9841904761904762,0.9998095238095238
4.852499999999355,0.9841904761904762,0.9998095238095238
4.852999999999355,0.9841904761904762,0.9998095238095238
4.8534999999993556,0.9841904761904762,0.9998095238095238
4.853999999999355,0.9841904761904762,0.9998095238095238
4.854499999999355,0.9841904761904762,0.9998095238095238
4.854999999999356,0.9841904761904762,0.9998095238095238
4.855499999999355,0.9841904761904762,0.9998095238095238
4.855999999999355,0.9841904761904762,0.9998095238095238
4.856499999999355,0.9841904761904762,0.9998095238095238
4.8569999999993545,0.9840952380952381,0.9998095238095238
4.857499999999355,0.9840952380952381,0.9998095238095238
4.857999999999355,0.984,0.9998095238095238
4.858499999999355,0.984,0.9998095238095238
4.858999999999355,0.984,0.9998095238095238
4.859499999999355,0.984,0.9998095238095238
4.859999999999355,0.984,0.9998095238095238
4.860499999999354,0.984,0.9998095238095238
4.860999999999354,0.984,0.9998095238095238
4.861499999999355,0.984,0.9998095238095238
4.861999999999354,0.984,0.9998095238095238
4.862499999999354,0.984,0.9998095238095238
4.862999999999355,0.984,0.9998095238095238
4.8634999999993545,0.984,0.9998095238095238
4.863999999999354,0.983904761904762,0.9998095238095238
4.864499999999354,0.983904761904762,0.9998095238095238
4.864999999999354,0.983904761904762,0.9998095238095238
4.865499999999354,0.983904761904762,0.9998095238095238
4.865999999999354,0.983904761904762,0.9998095238095238
4.866499999999354,0.983904761904762,0.9998095238095238
4.866999999999354,0.983904761904762,0.9998095238095238
4.867499999999354,0.983904761904762,0.9998095238095238
4.867999999999354,0.983904761904762,0.9998095238095238
4.8684999999993535,0.983904761904762,0.9998095238095238
4.868999999999353,0.983904761904762,0.9998095238095238
4.869499999999354,0.983904761904762,0.9998095238095238
4.8699999999993535,0.983904761904762,0.9998095238095238
4.870499999999353,0.983904761904762,0.9998095238095238
4.870999999999354,0.983904761904762,0.9998095238095238
4.871499999999354,0.983904761904762,0.9998095238095238
4.871999999999353,0.983904761904762,0.9998095238095238
4.872499999999353,0.983904761904762,0.9998095238095238
4.872999999999353,0.983904761904762,0.9998095238095238
4.873499999999353,0.983904761904762,0.9998095238095238
4.873999999999353,0.983904761904762,0.9998095238095238
4.874499999999353,0.983904761904762,0.9998095238095238
4.874999999999353,0.983904761904762,0.9998095238095238
4.875499999999353,0.983904761904762,0.9998095238095238
4.875999999999353,0.983904761904762,0.9998095238095238
4.876499999999353,0.983904761904762,0.9998095238095238
4.876999999999352,0.983904761904762,0.9998095238095238
4.877499999999353,0.983904761904762,0.9998095238095238
4.877999999999353,0.983904761904762,0.9998095238095238
4.878499999999352,0.983904761904762,0.9998095238095238
4.878999999999353,0.983904761904762,0.9998095238095238
4.879499999999353,0.983904761904762,0.9998095238095238
4.879999999999352,0.983904761904762,0.9998095238095238
4.880499999999352,0.983904761904762,0.9998095238095238
4.880999999999352,0.983904761904762,0.9998095238095238
4.8814999999993525,0.983904761904762,0.9998095238095238
4.881999999999352,0.983904761904762,0.9998095238095238
4.882499999999352,0.983904761904762,0.9998095238095238
4.8829999999993525,0.983904761904762,0.9998095238095238
4.883499999999352,0.983904761904762,0.9998095238095238
4.883999999999352,0.983904761904762,0.9998095238095238
4.884499999999352,0.983904761904762,0.9998095238095238
4.884999999999351,0.983904761904762,0.9998095238095238
4.885499999999352,0.983904761904762,0.9998095238095238
4.885999999999352,0.983904761904762,0.9998095238095238
4.8864999999993515,0.983904761904762,0.9998095238095238
4.886999999999352,0.983904761904762,0.9998095238095238
4.887499999999352,0.983904761904762,0.9998095238095238
4.8879999999993515,0.983904761904762,0.9998095238095238
4.888499999999351,0.983904761904762,0.9998095238095238
4.888999999999351,0.983904761904762,0.9998095238095238
4.889499999999352,0.983904761904762,0.9998095238095238
4.889999999999351,0.983904761904762,0.9998095238095238
4.890499999999351,0.983904761904762,0.9998095238095238
4.890999999999352,0.983904761904762,0.9998095238095238
4.891499999999351,0.983904761904762,0.9998095238095238
4.891999999999351,0.983904761904762,0.9998095238095238
4.892499999999351,0.983904761904762,0.9998095238095238
4.8929999999993505,0.983904761904762,0.9998095238095238
4.893499999999351,0.983904761904762,0.9998095238095238
4.893999999999351,0.983904761904762,0.9998095238095238
4.894499999999351,0.983904761904762,0.9998095238095238
4.894999999999351,0.983904761904762,0.9998095238095238
4.895499999999351,0.983904761904762,0.9998095238095238
4.895999999999351,0.983904761904762,0.9998095238095238
4.89649999999935,0.983904761904762,0.9998095238095238
4.89699999999935,0.983904761904762,0.9998095238095238
4.897499999999351,0.983904761904762,0.9998095238095238
4.89799999999935,0.983904761904762,0.9998095238095238
4.89849999999935,0.983904761904762,0.9998095238095238
4.898999999999351,0.983904761904762,0.9998095238095238
4.8994999999993505,0.983904761904762,0.9998095238095238
4.89999999999935,0.983904761904762,0.9998095238095238
4.90049999999935,0.983904761904762,0.9998095238095238
4.90099999999935,0.983904761904762,0.9998095238095238
4.90149999999935,0.983904761904762,0.9998095238095238
4.90199999999935,0.983904761904762,0.9998095238095238
4.90249999999935,0.983904761904762,0.9998095238095238
4.90299999999935,0.983904761904762,0.9998095238095238
4.90349999999935,0.983904761904762,0.9998095238095238
4.90399999999935,0.983904761904762,0.9998095238095238
4.9044999999993495,0.9838095238095238,0.9998095238095238
4.904999999999349,0.9838095238095238,0.9998095238095238
4.90549999999935,0.9838095238095238,0.9998095238095238
4.9059999999993495,0.9838095238095238,0.9998095238095238
4.906499999999349,0.9838095238095238,0.9998095238095238
4.90699999999935,0.9838095238095238,0.9998095238095238
4.90749999999935,0.9838095238095238,0.9998095238095238
4.907999999999349,0.9838095238095238,0.9998095238095238
4.908499999999349,0.9838095238095238,0.9998095238095238
4.908999999999349,0.9838095238095238,0.9998095238095238
4.909499999999349,0.9838095238095238,0.9998095238095238
4.909999999999349,0.9838095238095238,0.9998095238095238
4.910499999999349,0.9838095238095238,0.9998095238095238
4.910999999999349,0.9838095238095238,0.9998095238095238
4.911499999999349,0.9838095238095238,0.9998095238095238
4.911999999999349,0.9838095238095238,0.9998095238095238
4.912499999999349,0.9838095238095238,0.9998095238095238
4.912999999999348,0.9838095238095238,0.9998095238095238
4.913499999999349,0.9838095238095238,0.9998095238095238
4.913999999999349,0.9838095238095238,0.9998095238095238
4.914499999999348,0.9838095238095238,0.9998095238095238
4.914999999999349,0.9838095238095238,0.9998095238095238
4.915499999999349,0.9838095238095238,0.9998095238095238
4.9159999999993484,0.9838095238095238,0.9998095238095238
4.916499999999348,0.9838095238095238,0.9998095238095238
4.916999999999348,0.9838095238095238,0.9998095238095238
4.9174999999993485,0.9838095238095238,0.9998095238095238
4.917999999999348,0.9838095238095238,0.9998095238095238
4.918499999999348,0.9838095238095238,0.9998095238095238
4.918999999999349,0.9838095238095238,0.9998095238095238
4.919499999999348,0.9838095238095238,0.9998095238095238
4.919999999999348,0.9838095238095238,0.9998095238095238
4.920499999999348,0.9838095238095238,0.9998095238095238
4.9209999999993475,0.9838095238095238,0.9998095238095238
4.921499999999348,0.9838095238095238,0.9998095238095238
4.921999999999348,0.9838095238095238,0.9998095238095238
4.9224999999993475,0.9838095238095238,0.9998095238095238
4.922999999999348,0.9838095238095238,0.9998095238095238
4.923499999999348,0.9838095238095238,0.9998095238095238
4.923999999999348,0.9838095238095238,0.9998095238095238
4.924499999999347,0.9838095238095238,0.9998095238095238
4.924999999999347,0.9838095238095238,0.9998095238095238
4.925499999999348,0.9838095238095238,0.9998095238095238
4.925999999999347,0.9838095238095238,0.9998095238095238
4.926499999999347,0.9838095238095238,0.9998095238095238
4.926999999999348,0.9838095238095238,0.9998095238095238
4.927499999999347,0.9838095238095238,0.9998095238095238
4.927999999999347,0.9837142857142858,0.9998095238095238
4.928499999999347,0.9837142857142858,0.9998095238095238
4.928999999999347,0.9837142857142858,0.9998095238095238
4.929499999999347,0.9837142857142858,0.9998095238095238
4.929999999999347,0.9837142857142858,0.9998095238095238
4.930499999999347,0.9837142857142858,0.9998095238095238
4.930999999999347,0.9837142857142858,0.9998095238095238
4.931499999999347,0.9837142857142858,0.9998095238095238
4.931999999999347,0.9837142857142858,0.9998095238095238
4.932499999999346,0.9837142857142858,0.9998095238095238
4.932999999999346,0.9837142857142858,0.9998095238095238
4.933499999999347,0.9837142857142858,0.9998095238095238
4.9339999999993465,0.9837142857142858,0.9998095238095238
4.934499999999346,0.9837142857142858,0.9998095238095238
4.934999999999347,0.9837142857142858,0.9998095238095238
4.9354999999993465,0.9837142857142858,0.9998095238095238
4.935999999999346,0.9837142857142858,0.9998095238095238
4.936499999999346,0.9837142857142858,0.9998095238095238
4.936999999999346,0.9837142857142858,0.9998095238095238
4.937499999999346,0.9837142857142858,0.9998095238095238
4.937999999999346,0.9837142857142858,0.9998095238095238
4.938499999999346,0.9837142857142858,0.9998095238095238
4.938999999999346,0.9837142857142858,0.9998095238095238
4.939499999999346,0.9837142857142858,0.9998095238095238
4.939999999999346,0.9837142857142858,0.9998095238095238
4.9404999999993455,0.9837142857142858,0.9998095238095238
4.940999999999345,0.9837142857142858,0.9998095238095238
4.941499999999346,0.9837142857142858,0.9998095238095238
4.941999999999346,0.9837142857142858,0.9998095238095238
4.942499999999345,0.9837142857142858,0.9998095238095238
4.942999999999346,0.9837142857142858,0.9998095238095238
4.943499999999346,0.9837142857142858,0.9998095238095238
4.943999999999345,0.9837142857142858,0.9998095238095238
4.944499999999345,0.9837142857142858,0.9998095238095238
4.944999999999345,0.9837142857142858,0.9998095238095238
4.945499999999345,0.9837142857142858,0.9998095238095238
4.945999999999345,0.9837142857142858,0.9998095238095238
4.946499999999345,0.9837142857142858,0.9998095238095238
4.9469999999993455,0.9837142857142858,0.9998095238095238
4.947499999999345,0.9837142857142858,0.9998095238095238
4.947999999999345,0.9837142857142858,0.9998095238095238
4.948499999999345,0.9837142857142858,0.9998095238095238
4.948999999999344,0.9837142857142858,0.9998095238095238
4.949499999999345,0.9837142857142858,0.9998095238095238
4.949999999999345,0.9837142857142858,0.9998095238095238
4.950499999999344,0.9837142857142858,0.9998095238095238
4.950999999999345,0.9837142857142858,0.9998095238095238
4.951499999999345,0.9837142857142858,0.9998095238095238
4.9519999999993445,0.9837142857142858,0.9998095238095238
4.952499999999344,0.9837142857142858,0.9998095238095238
4.952999999999344,0.9837142857142858,0.9998095238095238
4.9534999999993445,0.9837142857142858,0.9998095238095238
4.953999999999344,0.9836190476190476,0.9998095238095238
4.954499999999344,0.9836190476190476,0.9998095238095238
4.954999999999345,0.9836190476190476,0.9998095238095238
4.955499999999344,0.9836190476190476,0.9998095238095238
4.955999999999344,0.9836190476190476,0.9998095238095238
4.956499999999344,0.9836190476190476,0.9998095238095238
4.9569999999993435,0.9836190476190476,0.9998095238095238
4.957499999999344,0.9836190476190476,0.9998095238095238
4.957999999999344,0.9836190476190476,0.9998095238095238
4.9584999999993435,0.9836190476190476,0.9998095238095238
4.958999999999344,0.9836190476190476,0.9998095238095238
4.959499999999344,0.9836190476190476,0.9998095238095238
4.959999999999344,0.9836190476190476,0.9998095238095238
4.960499999999343,0.9836190476190476,0.9998095238095238
4.960999999999343,0.9836190476190476,0.9998095238095238
4.961499999999344,0.9836190476190476,0.9998095238095238
4.961999999999343,0.9836190476190476,0.9998095238095238
4.962499999999343,0.9836190476190476,0.9998095238095238
4.962999999999344,0.9836190476190476,0.9998095238095238
4.963499999999343,0.9836190476190476,0.9998095238095238
4.963999999999343,0.9836190476190476,0.9998095238095238
4.964499999999343,0.9836190476190476,0.9998095238095238
4.964999999999343,0.9836190476190476,0.9998095238095238
4.965499999999343,0.9836190476190476,0.9998095238095238
4.965999999999343,0.9836190476190476,0.9998095238095238
4.966499999999343,0.9836190476190476,0.9998095238095238
4.966999999999343,0.9836190476190476,0.9998095238095238
4.967499999999343,0.9836190476190476,0.9998095238095238
4.967999999999343,0.9836190476190476,0.9998095238095238
4.968499999999342,0.9836190476190476,0.9998095238095238
4.968999999999342,0.9836190476190476,0.9998095238095238
4.969499999999343,0.9835238095238096,0.9998095238095238
4.9699999999993425,0.9835238095238096,0.9998095238095238
4.970499999999342,0.9835238095238096,0.9998095238095238
4.970999999999343,0.9835238095238096,0.9998095238095238
4.971499999999343,0.9835238095238096,0.9998095238095238
4.971999999999342,0.9834285714285714,0.9998095238095238
4.972499999999342,0.9834285714285714,0.9998095238095238
4.972999999999342,0.9834285714285714,0.9998095238095238
4.973499999999342,0.9834285714285714,0.9998095238095238
4.973999999999342,0.9834285714285714,0.9998095238095238
4.974499999999342,0.9834285714285714,0.9998095238095238
4.974999999999342,0.9834285714285714,0.9998095238095238
4.975499999999342,0.9834285714285714,0.9998095238095238
4.975999999999342,0.9834285714285714,0.9998095238095238
4.976499999999342,0.9834285714285714,0.9998095238095238
4.976999999999341,0.9834285714285714,0.9998095238095238
4.977499999999342,0.9834285714285714,0.9998095238095238
4.977999999999342,0.9834285714285714,0.9998095238095238
4.978499999999341,0.9834285714285714,0.9998095238095238
4.978999999999342,0.9834285714285714,0.9998095238095238
4.979499999999342,0.9834285714285714,0.9998095238095238
4.979999999999341,0.9834285714285714,0.9998095238095238
4.980499999999341,0.9833333333333333,0.9998095238095238
4.980999999999341,0.9833333333333333,0.9998095238095238
4.9814999999993415,0.9833333333333333,0.9998095238095238
4.981999999999341,0.9833333333333333,0.9998095238095238
4.982499999999341,0.9833333333333333,0.9998095238095238
4.9829999999993415,0.9833333333333333,0.9998095238095238
4.983499999999341,0.9833333333333333,0.9998095238095238
4.983999999999341,0.9833333333333333,0.9998095238095238
4.984499999999341,0.9833333333333333,0.9998095238095238
4.98499999999934,0.9833333333333333,0.9998095238095238
4.985499999999341,0.9833333333333333,0.9998095238095238
4.985999999999341,0.9833333333333333,0.9998095238095238
4.9864999999993405,0.9832380952380952,0.9998095238095238
4.986999999999341,0.9832380952380952,0.9998095238095238
4.987499999999341,0.9832380952380952,0.9998095238095238
4.9879999999993405,0.9832380952380952,0.9998095238095238
4.98849999999934,0.9832380952380952,0.9998095238095238
4.98899999999934,0.9832380952380952,0.9998095238095238
4.989499999999341,0.9832380952380952,0.9998095238095238
4.98999999999934,0.9832380952380952,0.9998095238095238
4.99049999999934,0.9832380952380952,0.9998095238095238
4.990999999999341,0.9832380952380952,0.9998095238095238
4.99149999999934,0.9832380952380952,0.9998095238095238
4.99199999999934,0.9832380952380952,0.9998095238095238
4.99249999999934,0.9832380952380952,0.9998095238095238
4.9929999999993395,0.9832380952380952,0.9998095238095238
4.99349999999934,0.9832380952380952,0.9998095238095238
4.99399999999934,0.9832380952380952,0.9998095238095238
4.99449999999934,0.9832380952380952,0.9998095238095238
4.99499999999934,0.9832380952380952,0.9998095238095238
4.99549999999934,0.9832380952380952,0.9998095238095238
4.99599999999934,0.9832380952380952,0.9998095238095238
4.996499999999339,0.9832380952380952,0.9998095238095238
4.996999999999339,0.9832380952380952,0.9998095238095238
4.99749999999934,0.9832380952380952,0.9998095238095238
4.997999999999339,0.9832380952380952,0.9998095238095238
4.998499999999339,0.9832380952380952,0.9998095238095238
4.99899999999934,0.9832380952380952,0.9998095238095238
4.9994999999993395,0.9832380952380952,0.9998095238095238
4.999999999999339,0.9832380952380952,0.9998095238095238
5.000499999999339,0.9832380952380952,0.9998095238095238
5.000999999999339,0.9832380952380952,0.9998095238095238
5.001499999999339,0.9832380952380952,0.9998095238095238
5.001999999999339,0.9832380952380952,0.9998095238095238
5.002499999999339,0.9832380952380952,0.9998095238095238
5.002999999999339,0.9832380952380952,0.9998095238095238
5.003499999999339,0.9832380952380952,0.9998095238095238
5.003999999999339,0.9832380952380952,0.9998095238095238
5.0044999999993385,0.9832380952380952,0.9998095238095238
5.004999999999338,0.9832380952380952,0.9998095238095238
5.005499999999339,0.9832380952380952,0.9998095238095238
5.0059999999993385,0.9832380952380952,0.9998095238095238
5.006499999999338,0.9832380952380952,0.9998095238095238
5.006999999999339,0.9832380952380952,0.9998095238095238
5.007499999999339,0.9832380952380952,0.9998095238095238
5.007999999999338,0.9832380952380952,0.9998095238095238
5.008499999999338,0.9832380952380952,0.9998095238095238
5.008999999999338,0.9832380952380952,0.9998095238095238
5.009499999999338,0.9832380952380952,0.9998095238095238
5.009999999999338,0.9832380952380952,0.9998095238095238
5.010499999999338,0.9832380952380952,0.9998095238095238
5.010999999999338,0.9832380952380952,0.9998095238095238
5.011499999999338,0.9832380952380952,0.9998095238095238
5.011999999999338,0.9832380952380952,0.9998095238095238
5.012499999999338,0.9832380952380952,0.9998095238095238
5.012999999999337,0.9832380952380952,0.9998095238095238
5.013499999999338,0.9832380952380952,0.9998095238095238
5.013999999999338,0.9832380952380952,0.9998095238095238
5.014499999999337,0.9832380952380952,0.9998095238095238
5.014999999999338,0.9832380952380952,0.9998095238095238
5.015499999999338,0.9832380952380952,0.9998095238095238
5.015999999999337,0.9832380952380952,0.9998095238095238
5.016499999999337,0.9832380952380952,0.9998095238095238
5.016999999999337,0.9832380952380952,0.9998095238095238
5.0174999999993375,0.9832380952380952,0.9998095238095238
5.017999999999337,0.9832380952380952,0.9998095238095238
5.018499999999337,0.9832380952380952,0.9998095238095238
5.0189999999993375,0.9832380952380952,0.9998095238095238
5.019499999999337,0.9832380952380952,0.9998095238095238
5.019999999999337,0.9832380952380952,0.9998095238095238
5.020499999999337,0.9832380952380952,0.9998095238095238
5.020999999999336,0.9832380952380952,0.9998095238095238
5.021499999999337,0.9832380952380952,0.9998095238095238
5.021999999999337,0.9832380952380952,0.9998095238095238
5.0224999999993365,0.9832380952380952,0.9998095238095238
5.022999999999337,0.9832380952380952,0.9998095238095238
5.023499999999337,0.9832380952380952,0.9998095238095238
5.0239999999993366,0.9832380952380952,0.9998095238095238
5.024499999999336,0.9832380952380952,0.9998095238095238
5.024999999999336,0.9832380952380952,0.9998095238095238
5.025499999999337,0.9832380952380952,0.9998095238095238
5.025999999999336,0.9832380952380952,0.9998095238095238
5.026499999999336,0.9832380952380952,0.9998095238095238
5.026999999999337,0.9832380952380952,0.9998095238095238
5.027499999999336,0.9832380952380952,0.9998095238095238
5.027999999999336,0.9832380952380952,0.9998095238095238
5.028499999999336,0.9832380952380952,0.9998095238095238
5.028999999999336,0.9832380952380952,0.9998095238095238
5.029499999999336,0.9831428571428571,0.9998095238095238
5.029999999999336,0.9831428571428571,0.9998095238095238
5.030499999999336,0.9831428571428571,0.9998095238095238
5.030999999999336,0.9831428571428571,0.9998095238095238
5.031499999999336,0.9831428571428571,0.9998095238095238
5.031999999999336,0.9831428571428571,0.9998095238095238
5.032499999999335,0.9831428571428571,0.9998095238095238
5.032999999999335,0.9831428571428571,0.9998095238095238
5.033499999999336,0.9831428571428571,0.9998095238095238
5.0339999999993355,0.9831428571428571,0.9998095238095238
5.034499999999335,0.9831428571428571,0.9998095238095238
5.034999999999336,0.9831428571428571,0.9998095238095238
5.0354999999993355,0.9831428571428571,0.9998095238095238
5.035999999999335,0.9831428571428571,0.9998095238095238
5.036499999999335,0.9831428571428571,0.9998095238095238
5.036999999999335,0.9831428571428571,0.9998095238095238
5.037499999999335,0.9831428571428571,0.9998095238095238
5.037999999999335,0.9831428571428571,0.9998095238095238
5.038499999999335,0.9831428571428571,0.9998095238095238
5.038999999999335,0.9831428571428571,0.9998095238095238
5.039499999999335,0.9831428571428571,0.9998095238095238
5.039999999999335,0.9831428571428571,0.9998095238095238
5.0404999999993345,0.9831428571428571,0.9998095238095238
5.040999999999334,0.9831428571428571,0.9998095238095238
5.041499999999335,0.9831428571428571,0.9998095238095238
5.041999999999335,0.9831428571428571,0.9998095238095238
5.042499999999334,0.9831428571428571,0.9998095238095238
5.042999999999335,0.9831428571428571,0.9998095238095238
5.043499999999335,0.9831428571428571,0.9998095238095238
5.043999999999334,0.9831428571428571,0.9998095238095238
5.044499999999334,0.9831428571428571,0.9998095238095238
5.044999999999334,0.9831428571428571,0.9998095238095238
5.045499999999334,0.9831428571428571,0.9998095238095238
5.045999999999334,0.9831428571428571,0.9998095238095238
5.046499999999334,0.9831428571428571,0.9998095238095238
5.0469999999993345,0.9830476190476191,0.9998095238095238
5.047499999999334,0.9830476190476191,0.9998095238095238
5.047999999999334,0.9830476190476191,0.9998095238095238
5.048499999999334,0.9830476190476191,0.9998095238095238
5.048999999999333,0.9830476190476191,0.9998095238095238
5.049499999999334,0.9830476190476191,0.9998095238095238
5.049999999999334,0.9830476190476191,0.9998095238095238
5.050499999999333,0.9829523809523809,0.9998095238095238
5.050999999999334,0.9829523809523809,0.9998095238095238
5.051499999999334,0.9829523809523809,0.9998095238095238
5.0519999999993335,0.9829523809523809,0.9998095238095238
5.052499999999333,0.9829523809523809,0.9998095238095238
5.052999999999333,0.9829523809523809,0.9998095238095238
5.0534999999993335,0.9829523809523809,0.9998095238095238
5.053999999999333,0.9829523809523809,0.9998095238095238
5.054499999999333,0.9829523809523809,0.9998095238095238
5.054999999999334,0.9829523809523809,0.9998095238095238
5.055499999999333,0.9829523809523809,0.9998095238095238
5.055999999999333,0.9829523809523809,0.9998095238095238
5.056499999999333,0.9829523809523809,0.9998095238095238
5.0569999999993325,0.9829523809523809,0.9998095238095238
5.057499999999333,0.9829523809523809,0.9998095238095238
5.057999999999333,0.9829523809523809,0.9998095238095238
5.0584999999993325,0.9829523809523809,0.9998095238095238
5.058999999999333,0.9829523809523809,0.9998095238095238
5.059499999999333,0.9829523809523809,0.9998095238095238
5.059999999999333,0.9829523809523809,0.9998095238095238
5.060499999999332,0.9829523809523809,0.9998095238095238
5.060999999999332,0.9829523809523809,0.9998095238095238
5.061499999999333,0.9829523809523809,0.9998095238095238
5.061999999999332,0.9829523809523809,0.9998095238095238
5.062499999999332,0.9829523809523809,0.9998095238095238
5.062999999999333,0.9829523809523809,0.9998095238095238
5.063499999999332,0.9829523809523809,0.9998095238095238
5.063999999999332,0.9829523809523809,0.9998095238095238
5.064499999999332,0.9829523809523809,0.9998095238095238
5.064999999999332,0.9829523809523809,0.9998095238095238
5.065499999999332,0.9829523809523809,0.9998095238095238
5.065999999999332,0.9829523809523809,0.9998095238095238
5.066499999999332,0.9829523809523809,0.9998095238095238
5.066999999999332,0.9829523809523809,0.9998095238095238
5.067499999999332,0.9829523809523809,0.9998095238095238
5.067999999999332,0.9829523809523809,0.9998095238095238
5.068499999999331,0.9829523809523809,0.9998095238095238
5.068999999999331,0.9829523809523809,0.9998095238095238
5.069499999999332,0.9829523809523809,0.9998095238095238
5.0699999999993315,0.9829523809523809,0.9998095238095238
5.070499999999331,0.9829523809523809,0.9998095238095238
5.070999999999332,0.9829523809523809,0.9998095238095238
5.0714999999993315,0.9829523809523809,0.9998095238095238
5.071999999999331,0.9829523809523809,0.9998095238095238
5.072499999999331,0.9829523809523809,0.9998095238095238
5.072999999999331,0.9829523809523809,0.9998095238095238
5.073499999999331,0.9829523809523809,0.9998095238095238
5.073999999999331,0.9829523809523809,0.9998095238095238
5.074499999999331,0.9828571428571429,0.9998095238095238
5.074999999999331,0.9828571428571429,0.9998095238095238
5.075499999999331,0.9828571428571429,0.9998095238095238
5.075999999999331,0.9828571428571429,0.9998095238095238
5.0764999999993305,0.9828571428571429,0.9998095238095238
5.07699999999933,0.9828571428571429,0.9998095238095238
5.077499999999331,0.9828571428571429,0.9998095238095238
5.077999999999331,0.9828571428571429,0.9998095238095238
5.07849999999933,0.9828571428571429,0.9998095238095238
5.078999999999331,0.9828571428571429,0.9998095238095238
5.079499999999331,0.9828571428571429,0.9997142857142857
5.07999999999933,0.9828571428571429,0.9997142857142857
5.08049999999933,0.9828571428571429,0.9997142857142857
5.08099999999933,0.9828571428571429,0.9997142857142857
5.08149999999933,0.9828571428571429,0.9997142857142857
5.08199999999933,0.9828571428571429,0.9997142857142857
5.08249999999933,0.9828571428571429,0.9997142857142857
5.0829999999993305,0.9827619047619047,0.9997142857142857
5.08349999999933,0.9827619047619047,0.9997142857142857
5.08399999999933,0.9827619047619047,0.9997142857142857
5.08449999999933,0.9827619047619047,0.9997142857142857
5.084999999999329,0.9826666666666667,0.9997142857142857
5.08549999999933,0.9826666666666667,0.9997142857142857
5.08599999999933,0.9826666666666667,0.9997142857142857
5.0864999999993294,0.9826666666666667,0.9997142857142857
5.08699999999933,0.9826666666666667,0.9997142857142857
5.08749999999933,0.9826666666666667,0.9997142857142857
5.0879999999993295,0.9826666666666667,0.9997142857142857
5.088499999999329,0.9826666666666667,0.9997142857142857
5.088999999999329,0.9825714285714285,0.9997142857142857
5.08949999999933,0.9825714285714285,0.9997142857142857
5.089999999999329,0.9825714285714285,0.9997142857142857
5.090499999999329,0.9825714285714285,0.9997142857142857
5.09099999999933,0.9825714285714285,0.9997142857142857
5.091499999999329,0.9825714285714285,0.9997142857142857
5.091999999999329,0.9825714285714285,0.9997142857142857
5.092499999999329,0.9825714285714285,0.9997142857142857
5.0929999999993285,0.9825714285714285,0.9997142857142857
5.093499999999329,0.9825714285714285,0.9997142857142857
5.093999999999329,0.9825714285714285,0.9997142857142857
5.094499999999329,0.9825714285714285,0.9997142857142857
5.094999999999329,0.9825714285714285,0.9997142857142857
5.095499999999329,0.9825714285714285,0.9997142857142857
5.095999999999329,0.9825714285714285,0.9997142857142857
5.096499999999328,0.9825714285714285,0.9997142857142857
5.096999999999328,0.9825714285714285,0.9997142857142857
5.097499999999329,0.9825714285714285,0.9997142857142857
5.097999999999328,0.9825714285714285,0.9997142857142857
5.098499999999328,0.9825714285714285,0.9997142857142857
5.098999999999329,0.9825714285714285,0.9997142857142857
5.0994999999993285,0.9825714285714285,0.9997142857142857
5.099999999999328,0.9825714285714285,0.9997142857142857
5.100499999999328,0.9825714285714285,0.9997142857142857
5.100999999999328,0.9825714285714285,0.9997142857142857
5.101499999999328,0.9824761904761905,0.9997142857142857
5.101999999999328,0.9824761904761905,0.9997142857142857
5.102499999999328,0.9824761904761905,0.9997142857142857
5.102999999999328,0.9824761904761905,0.9997142857142857
5.103499999999328,0.9824761904761905,0.9997142857142857
5.103999999999328,0.9824761904761905,0.9997142857142857
5.1044999999993275,0.9824761904761905,0.9997142857142857
5.104999999999327,0.9824761904761905,0.9997142857142857
5.105499999999328,0.9824761904761905,0.9997142857142857
5.1059999999993275,0.9824761904761905,0.9997142857142857
5.106499999999327,0.9824761904761905,0.9997142857142857
5.106999999999328,0.9823809523809524,0.9997142857142857
5.107499999999328,0.9823809523809524,0.9997142857142857
5.107999999999327,0.9823809523809524,0.9997142857142857
5.108499999999327,0.9823809523809524,0.9997142857142857
5.108999999999327,0.9823809523809524,0.9997142857142857
5.109499999999327,0.9823809523809524,0.9997142857142857
5.109999999999327,0.9823809523809524,0.9997142857142857
5.110499999999327,0.9823809523809524,0.9997142857142857
5.110999999999327,0.9823809523809524,0.9997142857142857
5.111499999999327,0.9823809523809524,0.9997142857142857
5.111999999999327,0.9823809523809524,0.9997142857142857
5.112499999999327,0.9821904761904762,0.9997142857142857
5.112999999999326,0.9821904761904762,0.9997142857142857
5.113499999999327,0.9821904761904762,0.9997142857142857
5.113999999999327,0.9821904761904762,0.9997142857142857
5.114499999999326,0.9821904761904762,0.9997142857142857
5.114999999999327,0.9821904761904762,0.9997142857142857
5.115499999999327,0.9821904761904762,0.9997142857142857
5.115999999999326,0.9821904761904762,0.9997142857142857
5.116499999999326,0.9821904761904762,0.9997142857142857
5.116999999999326,0.9821904761904762,0.9997142857142857
5.1174999999993265,0.9821904761904762,0.9997142857142857
5.117999999999326,0.9821904761904762,0.9997142857142857
5.118499999999326,0.9821904761904762,0.9997142857142857
5.1189999999993265,0.9821904761904762,0.9997142857142857
5.119499999999326,0.9821904761904762,0.9997142857142857
5.119999999999326,0.9820952380952381,0.9997142857142857
5.120499999999326,0.9820952380952381,0.9997142857142857
5.120999999999325,0.9820952380952381,0.9997142857142857
5.121499999999326,0.9820952380952381,0.9997142857142857
5.121999999999326,0.9820952380952381,0.9997142857142857
5.1224999999993255,0.9820952380952381,0.9997142857142857
5.122999999999326,0.9820952380952381,0.9997142857142857
5.123499999999326,0.9820952380952381,0.9997142857142857
5.1239999999993255,0.9820952380952381,0.9997142857142857
5.124499999999325,0.9820952380952381,0.9997142857142857
5.124999999999325,0.9820952380952381,0.9997142857142857
5.125499999999326,0.9820952380952381,0.9997142857142857
5.125999999999325,0.9820952380952381,0.9997142857142857
5.126499999999325,0.9820952380952381,0.9997142857142857
5.126999999999326,0.9820952380952381,0.9997142857142857
5.127499999999325,0.9820952380952381,0.9997142857142857
5.127999999999325,0.982,0.9997142857142857
5.128499999999325,0.982,0.9997142857142857
5.1289999999993245,0.982,0.9997142857142857
5.129499999999325,0.981904761904762,0.9997142857142857
5.129999999999325,0.981904761904762,0.9997142857142857
5.130499999999325,0.981904761904762,0.9997142857142857
5.130999999999325,0.981904761904762,0.9997142857142857
5.131499999999325,0.981904761904762,0.9997142857142857
5.131999999999325,0.981904761904762,0.9997142857142857
5.132499999999324,0.981904761904762,0.9997142857142857
5.132999999999324,0.981904761904762,0.9996190476190476
5.133499999999325,0.981904761904762,0.9996190476190476
5.133999999999324,0.981904761904762,0.9996190476190476
5.134499999999324,0.981904761904762,0.9996190476190476
5.134999999999325,0.981904761904762,0.9996190476190476
5.1354999999993245,0.9818095238095238,0.9996190476190476
5.135999999999324,0.9818095238095238,0.9996190476190476
5.136499999999324,0.9818095238095238,0.9996190476190476
5.136999999999324,0.9818095238095238,0.9996190476190476
5.137499999999324,0.9818095238095238,0.9996190476190476
5.137999999999324,0.9818095238095238,0.9996190476190476
5.138499999999324,0.9818095238095238,0.9996190476190476
5.138999999999324,0.9818095238095238,0.9996190476190476
5.139499999999324,0.9818095238095238,0.9996190476190476
5.139999999999324,0.9818095238095238,0.9996190476190476
5.1404999999993235,0.9818095238095238,0.9996190476190476
5.140999999999323,0.9818095238095238,0.9996190476190476
5.141499999999324,0.9818095238095238,0.9996190476190476
5.141999999999324,0.9818095238095238,0.9996190476190476
5.142499999999323,0.9818095238095238,0.9996190476190476
5.142999999999324,0.9818095238095238,0.9996190476190476
5.143499999999324,0.9818095238095238,0.9996190476190476
5.143999999999323,0.9818095238095238,0.9996190476190476
5.144499999999323,0.9818095238095238,0.9996190476190476
5.144999999999323,0.9818095238095238,0.9996190476190476
5.145499999999323,0.9818095238095238,0.9996190476190476
5.145999999999323,0.9818095238095238,0.9996190476190476
5.146499999999323,0.9818095238095238,0.9996190476190476
5.1469999999993234,0.9818095238095238,0.9996190476190476
5.147499999999323,0.9818095238095238,0.9996190476190476
5.147999999999323,0.9818095238095238,0.9996190476190476
5.148499999999323,0.9817142857142858,0.9996190476190476
5.148999999999322,0.9817142857142858,0.9996190476190476
5.149499999999323,0.9817142857142858,0.9996190476190476
5.149999999999323,0.9817142857142858,0.9996190476190476
5.150499999999322,0.9817142857142858,0.9996190476190476
5.150999999999323,0.9817142857142858,0.9996190476190476
5.151499999999323,0.9817142857142858,0.9996190476190476
5.1519999999993225,0.9817142857142858,0.9996190476190476
5.152499999999322,0.9817142857142858,0.9996190476190476
5.152999999999322,0.9817142857142858,0.9996190476190476
5.1534999999993225,0.9817142857142858,0.9996190476190476
5.153999999999322,0.9817142857142858,0.9996190476190476
5.154499999999322,0.9817142857142858,0.9996190476190476
5.154999999999323,0.9817142857142858,0.9996190476190476
5.155499999999322,0.9817142857142858,0.9996190476190476
5.155999999999322,0.9817142857142858,0.9996190476190476
5.156499999999322,0.9817142857142858,0.9996190476190476
5.1569999999993215,0.9817142857142858,0.9996190476190476
5.157499999999322,0.9817142857142858,0.9996190476190476
5.157999999999322,0.9817142857142858,0.9996190476190476
5.1584999999993215,0.9817142857142858,0.9996190476190476
5.158999999999322,0.9817142857142858,0.9996190476190476
5.159499999999322,0.9817142857142858,0.9996190476190476
5.159999999999322,0.9817142857142858,0.9996190476190476
5.160499999999321,0.9817142857142858,0.9996190476190476
5.160999999999321,0.9817142857142858,0.9996190476190476
5.161499999999322,0.9817142857142858,0.9996190476190476
5.161999999999321,0.9817142857142858,0.9996190476190476
5.162499999999321,0.9817142857142858,0.9996190476190476
5.162999999999322,0.9817142857142858,0.9996190476190476
5.163499999999321,0.9817142857142858,0.9996190476190476
5.163999999999321,0.9817142857142858,0.9996190476190476
5.164499999999321,0.9817142857142858,0.9996190476190476
5.164999999999321,0.9817142857142858,0.9996190476190476
5.165499999999321,0.9817142857142858,0.9996190476190476
5.165999999999321,0.9817142857142858,0.9996190476190476
5.166499999999321,0.9816190476190476,0.9996190476190476
5.166999999999321,0.9816190476190476,0.9996190476190476
5.167499999999321,0.9816190476190476,0.9996190476190476
5.167999999999321,0.9815238095238096,0.9996190476190476
5.16849999999932,0.9815238095238096,0.9996190476190476
5.16899999999932,0.9815238095238096,0.9996190476190476
5.169499999999321,0.9815238095238096,0.9996190476190476
5.1699999999993205,0.9814285714285714,0.9996190476190476
5.17049999999932,0.9814285714285714,0.9996190476190476
5.170999999999321,0.9814285714285714,0.9996190476190476
5.1714999999993205,0.9814285714285714,0.9996190476190476
5.17199999999932,0.9814285714285714,0.9996190476190476
5.17249999999932,0.9814285714285714,0.9996190476190476
5.17299999999932,0.9814285714285714,0.9996190476190476
5.17349999999932,0.9814285714285714,0.9996190476190476
5.17399999999932,0.9814285714285714,0.9996190476190476
5.17449999999932,0.9814285714285714,0.9996190476190476
5.17499999999932,0.9814285714285714,0.9996190476190476
5.17549999999932,0.9814285714285714,0.9995238095238095
5.17599999999932,0.9813333333333333,0.9995238095238095
5.1764999999993195,0.9813333333333333,0.9995238095238095
5.176999999999319,0.9813333333333333,0.9995238095238095
5.17749999999932,0.9813333333333333,0.9995238095238095
5.17799999999932,0.9813333333333333,0.9995238095238095
5.178499999999319,0.9813333333333333,0.9995238095238095
5.17899999999932,0.9813333333333333,0.9995238095238095
5.17949999999932,0.9813333333333333,0.9995238095238095
5.179999999999319,0.9813333333333333,0.9995238095238095
5.180499999999319,0.9813333333333333,0.9995238095238095
5.180999999999319,0.9813333333333333,0.9995238095238095
5.181499999999319,0.9813333333333333,0.9995238095238095
5.181999999999319,0.9813333333333333,0.9995238095238095
5.182499999999319,0.9813333333333333,0.9995238095238095
5.1829999999993195,0.9813333333333333,0.9995238095238095
5.183499999999319,0.9813333333333333,0.9995238095238095
5.183999999999319,0.9813333333333333,0.9995238095238095
5.184499999999319,0.9813333333333333,0.9995238095238095
5.184999999999318,0.9813333333333333,0.9995238095238095
5.185499999999319,0.9813333333333333,0.9995238095238095
5.185999999999319,0.9813333333333333,0.9995238095238095
5.186499999999318,0.9813333333333333,0.9995238095238095
5.186999999999319,0.9813333333333333,0.9995238095238095
5.187499999999319,0.9813333333333333,0.9995238095238095
5.1879999999993185,0.9813333333333333,0.9995238095238095
5.188499999999318,0.9813333333333333,0.9995238095238095
5.188999999999318,0.9813333333333333,0.9995238095238095
5.1894999999993185,0.9813333333333333,0.9995238095238095
5.189999999999318,0.9813333333333333,0.9995238095238095
5.190499999999318,0.9813333333333333,0.9995238095238095
5.190999999999319,0.9813333333333333,0.9995238095238095
5.191499999999318,0.9813333333333333,0.9995238095238095
5.191999999999318,0.9813333333333333,0.9995238095238095
5.192499999999318,0.9813333333333333,0.9995238095238095
5.1929999999993175,0.9813333333333333,0.9995238095238095
5.193499999999318,0.9813333333333333,0.9995238095238095
5.193999999999318,0.9812380952380952,0.9995238095238095
5.1944999999993176,0.9812380952380952,0.9995238095238095
5.194999999999318,0.9812380952380952,0.9995238095238095
5.195499999999318,0.9812380952380952,0.9995238095238095
5.195999999999318,0.9812380952380952,0.9995238095238095
5.196499999999317,0.9812380952380952,0.9995238095238095
5.196999999999317,0.9812380952380952,0.9995238095238095
5.197499999999318,0.9812380952380952,0.9995238095238095
5.197999999999317,0.9812380952380952,0.9995238095238095
5.198499999999317,0.9812380952380952,0.9995238095238095
5.198999999999318,0.9812380952380952,0.9995238095238095
5.1994999999993174,0.9812380952380952,0.9995238095238095
5.199999999999317,0.9812380952380952,0.9995238095238095
5.200499999999317,0.9812380952380952,0.9995238095238095
5.200999999999317,0.9811428571428571,0.9995238095238095
5.201499999999317,0.9811428571428571,0.9995238095238095
5.201999999999317,0.9811428571428571,0.9995238095238095
5.202499999999317,0.9811428571428571,0.9995238095238095
5.202999999999317,0.9811428571428571,0.9995238095238095
5.203499999999317,0.9811428571428571,0.9995238095238095
5.203999999999317,0.9811428571428571,0.9995238095238095
5.2044999999993165,0.9811428571428571,0.9995238095238095
5.204999999999316,0.9811428571428571,0.9995238095238095
5.205499999999317,0.9811428571428571,0.9995238095238095
5.2059999999993165,0.9811428571428571,0.9995238095238095
5.206499999999316,0.9810476190476191,0.9995238095238095
5.206999999999317,0.9810476190476191,0.9995238095238095
5.207499999999317,0.9810476190476191,0.9995238095238095
5.207999999999316,0.9810476190476191,0.9995238095238095
5.208499999999316,0.9810476190476191,0.9995238095238095
5.208999999999316,0.9810476190476191,0.9995238095238095
5.209499999999316,0.9810476190476191,0.9995238095238095
5.209999999999316,0.9810476190476191,0.9995238095238095
5.210499999999316,0.9810476190476191,0.9995238095238095
5.210999999999316,0.9810476190476191,0.9995238095238095
5.211499999999316,0.9810476190476191,0.9995238095238095
5.211999999999316,0.9810476190476191,0.9995238095238095
5.212499999999316,0.9810476190476191,0.9995238095238095
5.212999999999315,0.9810476190476191,0.9995238095238095
5.213499999999316,0.9810476190476191,0.9995238095238095
5.213999999999316,0.9810476190476191,0.9995238095238095
5.214499999999315,0.9810476190476191,0.9995238095238095
5.214999999999316,0.9808571428571429,0.9995238095238095
5.215499999999316,0.9808571428571429,0.9995238095238095
5.215999999999315,0.9808571428571429,0.9995238095238095
5.216499999999315,0.9808571428571429,0.9995238095238095
5.216999999999315,0.9808571428571429,0.9995238095238095
5.2174999999993155,0.9808571428571429,0.9995238095238095
5.217999999999315,0.9807619047619047,0.9995238095238095
5.218499999999315,0.9807619047619047,0.9995238095238095
5.2189999999993155,0.9807619047619047,0.9995238095238095
5.219499999999315,0.9807619047619047,0.9995238095238095
5.219999999999315,0.9807619047619047,0.9995238095238095
5.220499999999315,0.9807619047619047,0.9995238095238095
5.220999999999314,0.9807619047619047,0.9995238095238095
5.221499999999315,0.9807619047619047,0.9995238095238095
5.221999999999315,0.9807619047619047,0.9995238095238095
5.2224999999993145,0.9807619047619047,0.9995238095238095
5.222999999999315,0.9807619047619047,0.9994285714285714
5.223499999999315,0.9807619047619047,0.9994285714285714
5.2239999999993145,0.9807619047619047,0.9994285714285714
5.224499999999314,0.9807619047619047,0.9994285714285714
5.224999999999314,0.9807619047619047,0.9994285714285714
5.225499999999315,0.9807619047619047,0.9994285714285714
5.225999999999314,0.9807619047619047,0.9994285714285714
5.226499999999314,0.9807619047619047,0.9994285714285714
5.226999999999315,0.9806666666666667,0.9994285714285714
5.227499999999314,0.9806666666666667,0.9994285714285714
5.227999999999314,0.9806666666666667,0.9994285714285714
5.228499999999314,0.9806666666666667,0.9994285714285714
5.2289999999993135,0.9806666666666667,0.9994285714285714
5.229499999999314,0.9806666666666667,0.9994285714285714
5.229999999999314,0.9806666666666667,0.9994285714285714
5.230499999999314,0.9806666666666667,0.9994285714285714
5.230999999999314,0.9806666666666667,0.9994285714285714
5.231499999999314,0.9805714285714285,0.9994285714285714
5.231999999999314,0.9805714285714285,0.9994285714285714
5.232499999999313,0.9804761904761905,0.9994285714285714
5.232999999999313,0.9804761904761905,0.9993333333333333
5.233499999999314,0.9804761904761905,0.9993333333333333
5.233999999999313,0.9804761904761905,0.9993333333333333
5.234499999999313,0.9804761904761905,0.9993333333333333
5.234999999999314,0.9804761904761905,0.9993333333333333
5.2354999999993135,0.9804761904761905,0.9993333333333333
5.235999999999313,0.9804761904761905,0.9993333333333333
5.236499999999313,0.9804761904761905,0.9993333333333333
5.236999999999313,0.9804761904761905,0.9993333333333333
5.237499999999313,0.9804761904761905,0.9993333333333333
5.237999999999313,0.9803809523809524,0.9993333333333333
5.238499999999313,0.9803809523809524,0.9993333333333333
5.238999999999313,0.9802857142857143,0.9993333333333333
5.239499999999313,0.9802857142857143,0.9993333333333333
5.239999999999313,0.9802857142857143,0.9993333333333333
5.2404999999993125,0.9802857142857143,0.9993333333333333
5.240999999999312,0.9802857142857143,0.9993333333333333
5.241499999999313,0.9802857142857143,0.9993333333333333
5.2419999999993125,0.9801904761904762,0.9993333333333333
5.242499999999312,0.9801904761904762,0.9993333333333333
5.242999999999313,0.9801904761904762,0.9993333333333333
5.243499999999313,0.98,0.9993333333333333
5.243999999999312,0.98,0.9993333333333333
5.244499999999312,0.98,0.9993333333333333
5.244999999999312,0.98,0.9993333333333333
5.245499999999312,0.98,0.9993333333333333
5.245999999999312,0.979904761904762,0.9993333333333333
5.246499999999312,0.979904761904762,0.9993333333333333
5.246999999999312,0.979904761904762,0.9993333333333333
5.247499999999312,0.9798095238095238,0.9993333333333333
5.247999999999312,0.9798095238095238,0.9993333333333333
5.248499999999312,0.9798095238095238,0.9993333333333333
5.248999999999311,0.9798095238095238,0.9993333333333333
5.249499999999312,0.9798095238095238,0.9993333333333333
5.249999999999312,0.9798095238095238,0.9993333333333333
5.250499999999311,0.9798095238095238,0.9993333333333333
5.250999999999312,0.9798095238095238,0.9993333333333333
5.251499999999312,0.9798095238095238,0.9993333333333333
5.251999999999311,0.9798095238095238,0.9993333333333333
5.252499999999311,0.9798095238095238,0.9993333333333333
5.252999999999311,0.9798095238095238,0.9993333333333333
5.2534999999993115,0.9797142857142858,0.9993333333333333
5.253999999999311,0.9797142857142858,0.9993333333333333
5.254499999999311,0.9797142857142858,0.9993333333333333
5.2549999999993116,0.9797142857142858,0.9993333333333333
5.255499999999311,0.9797142857142858,0.9993333333333333
5.255999999999311,0.9797142857142858,0.9993333333333333
5.256499999999311,0.9797142857142858,0.9993333333333333
5.2569999999993104,0.9797142857142858,0.9993333333333333
5.257499999999311,0.9797142857142858,0.9993333333333333
5.257999999999311,0.9797142857142858,0.9993333333333333
5.2584999999993105,0.9797142857142858,0.9993333333333333
5.258999999999311,0.9797142857142858,0.9993333333333333
5.259499999999311,0.9797142857142858,0.9993333333333333
5.259999999999311,0.9797142857142858,0.9993333333333333
5.26049999999931,0.9797142857142858,0.9993333333333333
5.26099999999931,0.9797142857142858,0.9993333333333333
5.261499999999311,0.9797142857142858,0.9993333333333333
5.26199999999931,0.9797142857142858,0.9993333333333333
5.26249999999931,0.9797142857142858,0.9993333333333333
5.262999999999311,0.9796190476190476,0.9993333333333333
5.26349999999931,0.9796190476190476,0.9993333333333333
5.26399999999931,0.9794285714285714,0.9993333333333333
5.26449999999931,0.9794285714285714,0.9993333333333333
5.26499999999931,0.9794285714285714,0.9993333333333333
5.26549999999931,0.9794285714285714,0.9993333333333333
5.26599999999931,0.9794285714285714,0.9993333333333333
5.26649999999931,0.9793333333333333,0.9993333333333333
5.26699999999931,0.9793333333333333,0.9993333333333333
5.26749999999931,0.9793333333333333,0.9993333333333333
5.26799999999931,0.9793333333333333,0.9993333333333333
5.268499999999309,0.9793333333333333,0.9993333333333333
5.268999999999309,0.9793333333333333,0.9993333333333333
5.26949999999931,0.9793333333333333,0.9993333333333333
5.2699999999993095,0.9792380952380952,0.9993333333333333
5.270499999999309,0.9791428571428571,0.9993333333333333
5.27099999999931,0.9791428571428571,0.9993333333333333
5.2714999999993095,0.9791428571428571,0.9993333333333333
5.271999999999309,0.979047619047619,0.9993333333333333
5.272499999999309,0.979047619047619,0.9993333333333333
5.272999999999309,0.979047619047619,0.9993333333333333
5.273499999999309,0.979047619047619,0.9993333333333333
5.273999999999309,0.979047619047619,0.9993333333333333
5.274499999999309,0.979047619047619,0.9993333333333333
5.274999999999309,0.979047619047619,0.9993333333333333
5.275499999999309,0.979047619047619,0.9993333333333333
5.275999999999309,0.979047619047619,0.9993333333333333
5.2764999999993085,0.979047619047619,0.9993333333333333
5.276999999999308,0.979047619047619,0.9993333333333333
5.277499999999309,0.979047619047619,0.9993333333333333
5.277999999999309,0.979047619047619,0.9993333333333333
5.278499999999308,0.979047619047619,0.9993333333333333
5.278999999999309,0.979047619047619,0.9993333333333333
5.279499999999309,0.979047619047619,0.9993333333333333
5.279999999999308,0.9789523809523809,0.9993333333333333
5.280499999999308,0.9789523809523809,0.9993333333333333
5.280999999999308,0.9789523809523809,0.9993333333333333
5.281499999999308,0.9789523809523809,0.9993333333333333
5.281999999999308,0.9789523809523809,0.9993333333333333
5.282499999999308,0.9789523809523809,0.9993333333333333
5.2829999999993085,0.9789523809523809,0.9993333333333333
5.283499999999308,0.9789523809523809,0.9993333333333333
5.283999999999308,0.9789523809523809,0.9993333333333333
5.284499999999308,0.9789523809523809,0.9993333333333333
5.284999999999307,0.9789523809523809,0.9993333333333333
5.285499999999308,0.9789523809523809,0.9993333333333333
5.285999999999308,0.9788571428571429,0.9993333333333333
5.286499999999307,0.9788571428571429,0.9993333333333333
5.286999999999308,0.9788571428571429,0.9993333333333333
5.287499999999308,0.9788571428571429,0.9993333333333333
5.2879999999993075,0.9788571428571429,0.9993333333333333
5.288499999999307,0.9788571428571429,0.9993333333333333
5.288999999999307,0.9788571428571429,0.9993333333333333
5.2894999999993075,0.9788571428571429,0.9993333333333333
5.289999999999307,0.9787619047619047,0.9993333333333333
5.290499999999307,0.9787619047619047,0.9993333333333333
5.290999999999308,0.9787619047619047,0.9993333333333333
5.291499999999307,0.9787619047619047,0.9993333333333333
5.291999999999307,0.9787619047619047,0.9993333333333333
5.292499999999307,0.9786666666666667,0.9993333333333333
5.2929999999993065,0.9786666666666667,0.9993333333333333
5.293499999999307,0.9786666666666667,0.9993333333333333
5.293999999999307,0.9786666666666667,0.9993333333333333
5.2944999999993065,0.9786666666666667,0.9993333333333333
5.294999999999307,0.9786666666666667,0.9993333333333333
5.295499999999307,0.9785714285714285,0.9993333333333333
5.295999999999307,0.9785714285714285,0.9993333333333333
5.296499999999306,0.9785714285714285,0.9993333333333333
5.296999999999306,0.9785714285714285,0.9993333333333333
5.297499999999307,0.9784761904761905,0.9993333333333333
5.297999999999306,0.9784761904761905,0.9993333333333333
5.298499999999306,0.9784761904761905,0.9993333333333333
5.298999999999307,0.9784761904761905,0.9993333333333333
5.299499999999306,0.9784761904761905,0.9993333333333333
5.299999999999306,0.9783809523809524,0.9993333333333333
5.300499999999306,0.9783809523809524,0.9993333333333333
5.300999999999306,0.9783809523809524,0.9993333333333333
5.301499999999306,0.9783809523809524,0.9993333333333333
5.301999999999306,0.9782857142857143,0.9993333333333333
5.302499999999306,0.9782857142857143,0.9993333333333333
5.302999999999306,0.9782857142857143,0.9993333333333333
5.303499999999306,0.9782857142857143,0.9993333333333333
5.303999999999306,0.9782857142857143,0.9993333333333333
5.304499999999305,0.9782857142857143,0.9993333333333333
5.304999999999305,0.9782857142857143,0.9993333333333333
5.305499999999306,0.9781904761904762,0.9993333333333333
5.3059999999993055,0.9781904761904762,0.9993333333333333
5.306499999999305,0.9781904761904762,0.9993333333333333
5.306999999999306,0.9781904761904762,0.9993333333333333
5.3074999999993056,0.9781904761904762,0.9993333333333333
5.307999999999305,0.9781904761904762,0.9993333333333333
5.308499999999305,0.9781904761904762,0.9993333333333333
5.308999999999305,0.9780952380952381,0.9993333333333333
5.309499999999305,0.9780952380952381,0.9993333333333333
5.309999999999305,0.9780952380952381,0.9993333333333333
5.310499999999305,0.9780952380952381,0.9993333333333333
5.310999999999305,0.9780952380952381,0.9993333333333333
5.311499999999305,0.9780952380952381,0.9993333333333333
5.311999999999305,0.978,0.9993333333333333
5.312499999999305,0.978,0.9993333333333333
5.312999999999304,0.978,0.9993333333333333
5.313499999999305,0.978,0.9993333333333333
5.313999999999305,0.978,0.9993333333333333
5.314499999999304,0.978,0.9993333333333333
5.314999999999305,0.978,0.9993333333333333
5.315499999999305,0.9779047619047619,0.9993333333333333
5.315999999999304,0.9779047619047619,0.9993333333333333
5.316499999999304,0.9778095238095238,0.9993333333333333
5.316999999999304,0.9778095238095238,0.9993333333333333
5.3174999999993044,0.9778095238095238,0.9993333333333333
5.317999999999304,0.9778095238095238,0.9993333333333333
5.318499999999304,0.9778095238095238,0.9993333333333333
5.3189999999993045,0.9778095238095238,0.9993333333333333
5.319499999999304,0.9778095238095238,0.9993333333333333
5.319999999999304,0.9778095238095238,0.9993333333333333
5.320499999999304,0.9778095238095238,0.9993333333333333
5.320999999999303,0.9778095238095238,0.9993333333333333
5.321499999999304,0.9776190476190476,0.9993333333333333
5.321999999999304,0.9776190476190476,0.9993333333333333
5.3224999999993035,0.9775238095238096,0.9993333333333333
5.322999999999304,0.9775238095238096,0.9993333333333333
5.323499999999304,0.9775238095238096,0.9993333333333333
5.3239999999993035,0.9774285714285714,0.9993333333333333
5.324499999999303,0.9774285714285714,0.9993333333333333
5.324999999999303,0.9773333333333334,0.9993333333333333
5.325499999999304,0.9773333333333334,0.9993333333333333
5.325999999999303,0.9773333333333334,0.9993333333333333
5.326499999999303,0.9773333333333334,0.9993333333333333
5.326999999999304,0.9773333333333334,0.9993333333333333
5.327499999999303,0.9773333333333334,0.9993333333333333
5.327999999999303,0.9772380952380952,0.9993333333333333
5.328499999999303,0.9772380952380952,0.9993333333333333
5.3289999999993025,0.9772380952380952,0.9993333333333333
5.329499999999303,0.9772380952380952,0.9993333333333333
5.329999999999303,0.9772380952380952,0.9993333333333333
5.330499999999303,0.9772380952380952,0.9993333333333333
5.330999999999303,0.9772380952380952,0.9993333333333333
5.331499999999303,0.9772380952380952,0.9993333333333333
5.331999999999303,0.9772380952380952,0.9993333333333333
5.332499999999302,0.9772380952380952,0.9993333333333333
5.332999999999302,0.9772380952380952,0.9993333333333333
5.333499999999303,0.9772380952380952,0.9993333333333333
5.333999999999302,0.9772380952380952,0.9993333333333333
5.334499999999302,0.9771428571428571,0.9993333333333333
5.334999999999303,0.9771428571428571,0.9993333333333333
5.3354999999993025,0.9771428571428571,0.9993333333333333
5.335999999999302,0.977047619047619,0.9993333333333333
5.336499999999302,0.977047619047619,0.9993333333333333
5.336999999999302,0.977047619047619,0.9993333333333333
5.337499999999302,0.9769523809523809,0.9993333333333333
5.337999999999302,0.9769523809523809,0.9993333333333333
5.338499999999302,0.9769523809523809,0.9993333333333333
5.338999999999302,0.9769523809523809,0.9993333333333333
5.339499999999302,0.9769523809523809,0.9993333333333333
5.339999999999302,0.9769523809523809,0.9993333333333333
5.3404999999993015,0.9769523809523809,0.9993333333333333
5.340999999999301,0.9769523809523809,0.9993333333333333
5.341499999999302,0.9769523809523809,0.9993333333333333
5.3419999999993015,0.9769523809523809,0.9993333333333333
5.342499999999301,0.9769523809523809,0.9993333333333333
5.342999999999302,0.9769523809523809,0.9993333333333333
5.343499999999302,0.9768571428571429,0.9993333333333333
5.343999999999301,0.9768571428571429,0.9993333333333333
5.344499999999301,0.9768571428571429,0.9993333333333333
5.344999999999301,0.9768571428571429,0.9993333333333333
5.345499999999301,0.9767619047619047,0.9993333333333333
5.345999999999301,0.9767619047619047,0.9993333333333333
5.346499999999301,0.9767619047619047,0.9993333333333333
5.346999999999301,0.9767619047619047,0.9993333333333333
5.347499999999301,0.9766666666666667,0.9993333333333333
5.347999999999301,0.9766666666666667,0.9993333333333333
5.348499999999301,0.9766666666666667,0.9993333333333333
5.3489999999993,0.9765714285714285,0.9993333333333333
5.349499999999301,0.9764761904761905,0.9993333333333333
5.349999999999301,0.9763809523809523,0.9993333333333333
5.3504999999993,0.9763809523809523,0.9993333333333333
5.350999999999301,0.9762857142857143,0.9993333333333333
5.351499999999301,0.9762857142857143,0.9993333333333333
5.3519999999993,0.9762857142857143,0.9993333333333333
5.3524999999993,0.9761904761904762,0.9993333333333333
5.3529999999993,0.9761904761904762,0.9993333333333333
5.3534999999993005,0.9760952380952381,0.9993333333333333
5.3539999999993,0.9760952380952381,0.9993333333333333
5.3544999999993,0.976,0.9993333333333333
5.3549999999993005,0.976,0.9993333333333333
5.3554999999993,0.976,0.9993333333333333
5.3559999999993,0.976,0.9993333333333333
5.3564999999993,0.976,0.9993333333333333
5.356999999999299,0.976,0.9993333333333333
5.3574999999993,0.976,0.9993333333333333
5.3579999999993,0.976,0.9993333333333333
5.3584999999992995,0.976,0.9993333333333333
5.3589999999993,0.976,0.9993333333333333
5.3594999999993,0.976,0.9993333333333333
5.3599999999992995,0.976,0.9993333333333333
5.360499999999299,0.9759047619047619,0.9993333333333333
5.360999999999299,0.9757142857142858,0.9993333333333333
5.3614999999993,0.9757142857142858,0.9993333333333333
5.361999999999299,0.9757142857142858,0.9993333333333333
5.362499999999299,0.9757142857142858,0.9993333333333333
5.3629999999993,0.9757142857142858,0.9993333333333333
5.363499999999299,0.9756190476190476,0.9993333333333333
5.363999999999299,0.9756190476190476,0.9993333333333333
5.364499999999299,0.9756190476190476,0.9993333333333333
5.3649999999992986,0.9756190476190476,0.9993333333333333
5.365499999999299,0.9756190476190476,0.9993333333333333
5.365999999999299,0.9755238095238096,0.9993333333333333
5.366499999999299,0.9755238095238096,0.9993333333333333
5.366999999999299,0.9754285714285714,0.9993333333333333
5.367499999999299,0.9754285714285714,0.9993333333333333
5.367999999999299,0.9753333333333334,0.9993333333333333
5.368499999999298,0.9753333333333334,0.9993333333333333
5.368999999999298,0.9753333333333334,0.9993333333333333
5.369499999999299,0.9753333333333334,0.9993333333333333
5.3699999999992984,0.9753333333333334,0.9993333333333333
5.370499999999298,0.9753333333333334,0.9993333333333333
5.370999999999299,0.9753333333333334,0.9993333333333333
5.3714999999992985,0.9753333333333334,0.9993333333333333
5.371999999999298,0.9752380952380952,0.9993333333333333
5.372499999999298,0.9752380952380952,0.9993333333333333
5.372999999999298,0.9752380952380952,0.9993333333333333
5.373499999999298,0.9752380952380952,0.9993333333333333
5.373999999999298,0.9752380952380952,0.9993333333333333
5.374499999999298,0.9752380952380952,0.9993333333333333
5.374999999999298,0.9752380952380952,0.9993333333333333
5.375499999999298,0.9751428571428571,0.9993333333333333
5.375999999999298,0.9751428571428571,0.9993333333333333
5.3764999999992975,0.9751428571428571,0.9993333333333333
5.376999999999297,0.975047619047619,0.9993333333333333
5.377499999999298,0.975047619047619,0.9993333333333333
5.377999999999298,0.9749523809523809,0.9993333333333333
5.378499999999297,0.9749523809523809,0.9993333333333333
5.378999999999298,0.9749523809523809,0.9993333333333333
5.379499999999298,0.9749523809523809,0.9993333333333333
5.379999999999297,0.9749523809523809,0.9993333333333333
5.380499999999297,0.9749523809523809,0.9993333333333333
5.380999999999297,0.9749523809523809,0.9993333333333333
5.381499999999297,0.9748571428571429,0.9993333333333333
5.381999999999297,0.9748571428571429,0.9993333333333333
5.382499999999297,0.9748571428571429,0.9993333333333333
5.3829999999992975,0.9748571428571429,0.9993333333333333
5.383499999999297,0.9748571428571429,0.9993333333333333
5.383999999999297,0.9748571428571429,0.9993333333333333
5.384499999999297,0.9748571428571429,0.9993333333333333
5.384999999999296,0.9747619047619047,0.9993333333333333
5.385499999999297,0.9747619047619047,0.9993333333333333
5.385999999999297,0.9747619047619047,0.9993333333333333
5.386499999999296,0.9747619047619047,0.9993333333333333
5.386999999999297,0.9747619047619047,0.9993333333333333
5.387499999999297,0.9747619047619047,0.9993333333333333
5.3879999999992965,0.9747619047619047,0.9993333333333333
5.388499999999296,0.9747619047619047,0.9993333333333333
5.388999999999296,0.9746666666666667,0.9993333333333333
5.3894999999992965,0.9746666666666667,0.9993333333333333
5.389999999999296,0.9745714285714285,0.9993333333333333
5.390499999999296,0.9745714285714285,0.9993333333333333
5.390999999999297,0.9745714285714285,0.9993333333333333
5.391499999999296,0.9744761904761905,0.9993333333333333
5.391999999999296,0.9744761904761905,0.9993333333333333
5.392499999999296,0.9744761904761905,0.9993333333333333
5.3929999999992955,0.9744761904761905,0.9993333333333333
5.393499999999296,0.9744761904761905,0.9993333333333333
5.393999999999296,0.9744761904761905,0.9993333333333333
5.3944999999992955,0.9742857142857143,0.9993333333333333
5.394999999999296,0.9742857142857143,0.9993333333333333
5.395499999999296,0.9742857142857143,0.9993333333333333
5.395999999999296,0.9742857142857143,0.9993333333333333
5.396499999999295,0.9741904761904762,0.9993333333333333
5.396999999999295,0.9741904761904762,0.9993333333333333
5.397499999999296,0.9741904761904762,0.9993333333333333
5.397999999999295,0.9741904761904762,0.9993333333333333
5.398499999999295,0.9741904761904762,0.9993333333333333
5.398999999999296,0.9741904761904762,0.9993333333333333
5.399499999999295,0.9741904761904762,0.9993333333333333
5.399999999999295,0.9741904761904762,0.9993333333333333
5.400499999999295,0.974,0.9993333333333333
5.400999999999295,0.9738095238095238,0.9993333333333333
5.401499999999295,0.9738095238095238,0.9993333333333333
5.401999999999295,0.9738095238095238,0.9993333333333333
5.402499999999295,0.9738095238095238,0.9993333333333333
5.402999999999295,0.9738095238095238,0.9993333333333333
5.403499999999295,0.9738095238095238,0.9993333333333333
5.403999999999295,0.9738095238095238,0.9993333333333333
5.404499999999294,0.9736190476190476,0.9993333333333333
5.404999999999294,0.9736190476190476,0.9993333333333333
5.405499999999295,0.9736190476190476,0.9993333333333333
5.4059999999992945,0.9736190476190476,0.9993333333333333
5.406499999999294,0.9736190476190476,0.9993333333333333
5.406999999999295,0.9735238095238096,0.9993333333333333
5.4074999999992945,0.9735238095238096,0.9993333333333333
5.407999999999294,0.9735238095238096,0.9993333333333333
5.408499999999294,0.9734285714285714,0.9993333333333333
5.408999999999294,0.9734285714285714,0.9993333333333333
5.409499999999294,0.9734285714285714,0.9993333333333333
5.409999999999294,0.9734285714285714,0.9993333333333333
5.410499999999294,0.9734285714285714,0.9993333333333333
5.410999999999294,0.9734285714285714,0.9993333333333333
5.411499999999294,0.9734285714285714,0.9992380952380953
5.411999999999294,0.9734285714285714,0.9992380952380953
5.4124999999992935,0.9734285714285714,0.9992380952380953
5.412999999999293,0.9733333333333334,0.9992380952380953
5.413499999999294,0.9733333333333334,0.9992380952380953
5.413999999999294,0.9733333333333334,0.9992380952380953
5.414499999999293,0.9731428571428572,0.9992380952380953
5.414999999999294,0.973047619047619,0.9992380952380953
5.415499999999294,0.9729523809523809,0.9992380952380953
5.415999999999293,0.9729523809523809,0.9992380952380953
5.416499999999293,0.9729523809523809,0.9992380952380953
5.416999999999293,0.9729523809523809,0.9992380952380953
5.417499999999293,0.9728571428571429,0.9992380952380953
5.417999999999293,0.9727619047619047,0.9992380952380953
5.418499999999293,0.9725714285714285,0.9992380952380953
5.4189999999992935,0.9724761904761905,0.9992380952380953
5.419499999999293,0.9724761904761905,0.9992380952380953
5.419999999999293,0.9724761904761905,0.9992380952380953
5.420499999999293,0.9723809523809523,0.9992380952380953
5.420999999999292,0.9723809523809523,0.9992380952380953
5.421499999999293,0.9723809523809523,0.9992380952380953
5.421999999999293,0.9723809523809523,0.9992380952380953
5.422499999999292,0.9723809523809523,0.9992380952380953
5.422999999999293,0.9723809523809523,0.9992380952380953
5.423499999999293,0.9723809523809523,0.9992380952380953
5.4239999999992925,0.9723809523809523,0.9992380952380953
5.424499999999292,0.9723809523809523,0.9992380952380953
5.424999999999292,0.9723809523809523,0.9992380952380953
5.4254999999992926,0.9723809523809523,0.9992380952380953
5.425999999999292,0.9722857142857143,0.9992380952380953
5.426499999999292,0.9721904761904762,0.9992380952380953
5.426999999999293,0.9721904761904762,0.9992380952380953
5.427499999999292,0.9720952380952381,0.9992380952380953
5.427999999999292,0.9720952380952381,0.9992380952380953
5.428499999999292,0.9720952380952381,0.9992380952380953
5.4289999999992915,0.9720952380952381,0.9992380952380953
5.429499999999292,0.9720952380952381,0.9992380952380953
5.429999999999292,0.9720952380952381,0.9992380952380953
5.430499999999292,0.9720952380952381,0.9992380952380953
5.430999999999292,0.9720952380952381,0.9992380952380953
5.431499999999292,0.9720952380952381,0.9992380952380953
5.431999999999292,0.9720952380952381,0.9992380952380953
5.432499999999291,0.9720952380952381,0.9992380952380953
5.432999999999291,0.9720952380952381,0.9992380952380953
5.433499999999292,0.972,0.9992380952380953
5.433999999999291,0.972,0.9992380952380953
5.434499999999291,0.9719047619047619,0.9992380952380953
5.434999999999292,0.9719047619047619,0.9992380952380953
5.4354999999992915,0.9719047619047619,0.9992380952380953
5.435999999999291,0.9718095238095238,0.9992380952380953
5.436499999999291,0.9718095238095238,0.9992380952380953
5.436999999999291,0.9718095238095238,0.9992380952380953
5.437499999999291,0.9718095238095238,0.9992380952380953
5.437999999999291,0.9718095238095238,0.9992380952380953
5.438499999999291,0.9718095238095238,0.9992380952380953
5.438999999999291,0.9717142857142858,0.9992380952380953
5.439499999999291,0.9716190476190476,0.9992380952380953
5.439999999999291,0.9716190476190476,0.9992380952380953
5.4404999999992905,0.9716190476190476,0.9992380952380953
5.44099999999929,0.9715238095238096,0.9992380952380953
5.441499999999291,0.9715238095238096,0.9992380952380953
5.4419999999992905,0.9715238095238096,0.9992380952380953
5.44249999999929,0.9715238095238096,0.9992380952380953
5.442999999999291,0.9715238095238096,0.9992380952380953
5.443499999999291,0.9715238095238096,0.9992380952380953
5.44399999999929,0.9715238095238096,0.9992380952380953
5.44449999999929,0.9715238095238096,0.9992380952380953
5.44499999999929,0.9715238095238096,0.9992380952380953
5.44549999999929,0.9714285714285714,0.9992380952380953
5.44599999999929,0.9714285714285714,0.9992380952380953
5.44649999999929,0.9714285714285714,0.9992380952380953
5.44699999999929,0.9714285714285714,0.9992380952380953
5.44749999999929,0.9713333333333334,0.9992380952380953
5.44799999999929,0.9712380952380952,0.9992380952380953
5.44849999999929,0.9712380952380952,0.9992380952380953
5.448999999999289,0.9711428571428572,0.9992380952380953
5.44949999999929,0.9711428571428572,0.9992380952380953
5.44999999999929,0.9711428571428572,0.9992380952380953
5.450499999999289,0.9711428571428572,0.9992380952380953
5.45099999999929,0.9711428571428572,0.9992380952380953
5.45149999999929,0.9711428571428572,0.9992380952380953
5.451999999999289,0.971047619047619,0.9992380952380953
5.452499999999289,0.971047619047619,0.9992380952380953
5.452999999999289,0.9709523809523809,0.9992380952380953
5.4534999999992895,0.9708571428571429,0.9992380952380953
5.453999999999289,0.9707619047619047,0.9992380952380953
5.454499999999289,0.9707619047619047,0.9992380952380953
5.4549999999992895,0.9705714285714285,0.9992380952380953
5.455499999999289,0.9705714285714285,0.9992380952380953
5.455999999999289,0.9704761904761905,0.9992380952380953
5.456499999999289,0.9703809523809523,0.9992380952380953
5.456999999999288,0.9702857142857143,0.9992380952380953
5.457499999999289,0.9701904761904762,0.9992380952380953
5.457999999999289,0.9701904761904762,0.9991428571428571
5.4584999999992885,0.9701904761904762,0.9991428571428571
5.458999999999289,0.9701904761904762,0.9991428571428571
5.459499999999289,0.9701904761904762,0.9991428571428571
5.4599999999992885,0.9701904761904762,0.9991428571428571
5.460499999999288,0.9701904761904762,0.9991428571428571
5.460999999999288,0.9701904761904762,0.9991428571428571
5.461499999999289,0.9700952380952381,0.9991428571428571
5.461999999999288,0.9700952380952381,0.9991428571428571
5.462499999999288,0.97,0.9991428571428571
5.462999999999289,0.97,0.9991428571428571
5.463499999999288,0.9699047619047619,0.9991428571428571
5.463999999999288,0.9698095238095238,0.9991428571428571
5.464499999999288,0.9697142857142858,0.9991428571428571
5.4649999999992875,0.9696190476190476,0.9991428571428571
5.465499999999288,0.9695238095238096,0.9991428571428571
5.465999999999288,0.9695238095238096,0.9991428571428571
5.466499999999288,0.9695238095238096,0.9991428571428571
5.466999999999288,0.9695238095238096,0.9991428571428571
5.467499999999288,0.9695238095238096,0.9991428571428571
5.467999999999288,0.9695238095238096,0.9991428571428571
5.468499999999287,0.9694285714285714,0.9991428571428571
5.468999999999287,0.9693333333333334,0.9991428571428571
5.469499999999288,0.9693333333333334,0.9991428571428571
5.469999999999287,0.9691428571428572,0.9991428571428571
5.470499999999287,0.9691428571428572,0.9991428571428571
5.470999999999288,0.9691428571428572,0.9991428571428571
5.4714999999992875,0.969047619047619,0.9991428571428571
5.471999999999287,0.969047619047619,0.9991428571428571
5.472499999999287,0.969047619047619,0.9991428571428571
5.472999999999287,0.969047619047619,0.9991428571428571
5.473499999999287,0.9689523809523809,0.9991428571428571
5.473999999999287,0.9689523809523809,0.9991428571428571
5.474499999999287,0.9689523809523809,0.9991428571428571
5.474999999999287,0.9689523809523809,0.9991428571428571
5.475499999999287,0.9689523809523809,0.9991428571428571
5.475999999999287,0.9689523809523809,0.9991428571428571
5.4764999999992865,0.9688571428571429,0.9991428571428571
5.476999999999286,0.9688571428571429,0.9991428571428571
5.477499999999287,0.9688571428571429,0.9991428571428571
5.4779999999992866,0.9688571428571429,0.9991428571428571
5.478499999999286,0.9688571428571429,0.9991428571428571
5.478999999999287,0.9688571428571429,0.9991428571428571
5.479499999999287,0.9687619047619047,0.9991428571428571
5.479999999999286,0.9686666666666667,0.9991428571428571
5.480499999999286,0.9685714285714285,0.9991428571428571
5.480999999999286,0.9685714285714285,0.9991428571428571
5.481499999999286,0.9684761904761905,0.9991428571428571
5.481999999999286,0.9684761904761905,0.9991428571428571
5.482499999999286,0.9684761904761905,0.9991428571428571
5.4829999999992864,0.9683809523809523,0.9990476190476191
5.483499999999286,0.9683809523809523,0.9990476190476191
5.483999999999286,0.9681904761904762,0.9990476190476191
5.484499999999286,0.9681904761904762,0.9990476190476191
5.484999999999285,0.9681904761904762,0.9990476190476191
5.485499999999286,0.9681904761904762,0.9990476190476191
5.485999999999286,0.9681904761904762,0.9990476190476191
5.486499999999285,0.9681904761904762,0.9990476190476191
5.486999999999286,0.9680952380952381,0.9990476190476191
5.487499999999286,0.9680952380952381,0.9990476190476191
5.4879999999992854,0.968,0.9990476190476191
5.488499999999285,0.968,0.9990476190476191
5.488999999999285,0.968,0.9990476190476191
5.4894999999992855,0.968,0.9990476190476191
5.489999999999285,0.968,0.9990476190476191
5.490499999999285,0.9678095238095238,0.9990476190476191
5.490999999999286,0.9677142857142857,0.9990476190476191
5.491499999999285,0.9677142857142857,0.9990476190476191
5.491999999999285,0.9677142857142857,0.9990476190476191
5.492499999999285,0.9677142857142857,0.9990476190476191
5.4929999999992845,0.9677142857142857,0.9990476190476191
5.493499999999285,0.9677142857142857,0.9990476190476191
5.493999999999285,0.9676190476190476,0.9990476190476191
5.4944999999992845,0.9676190476190476,0.9990476190476191
5.494999999999285,0.9676190476190476,0.9990476190476191
5.495499999999285,0.9676190476190476,0.9990476190476191
5.495999999999285,0.9676190476190476,0.9990476190476191
5.496499999999284,0.9675238095238096,0.9990476190476191
5.496999999999284,0.9675238095238096,0.9990476190476191
5.497499999999285,0.9674285714285714,0.9990476190476191
5.497999999999284,0.9674285714285714,0.9990476190476191
5.498499999999284,0.9674285714285714,0.9990476190476191
5.498999999999285,0.9674285714285714,0.9990476190476191
5.499499999999284,0.9674285714285714,0.9990476190476191
5.499999999999284,0.9672380952380952,0.9990476190476191
5.500499999999284,0.967047619047619,0.9990476190476191
5.500999999999284,0.9668571428571429,0.9990476190476191
5.501499999999284,0.9664761904761905,0.9990476190476191
5.501999999999284,0.9662857142857143,0.9990476190476191
5.502499999999284,0.9662857142857143,0.9990476190476191
5.502999999999284,0.9660952380952381,0.9989523809523809
5.503499999999284,0.966,0.9989523809523809
5.503999999999284,0.9657142857142857,0.9989523809523809
5.504499999999283,0.9656190476190476,0.9989523809523809
5.504999999999283,0.9653333333333334,0.9989523809523809
5.505499999999284,0.9651428571428572,0.9988571428571429
5.5059999999992835,0.964952380952381,0.9988571428571429
5.506499999999283,0.9646666666666667,0.9988571428571429
5.506999999999284,0.9646666666666667,0.9988571428571429
5.5074999999992835,0.9646666666666667,0.9988571428571429
5.507999999999283,0.9643809523809523,0.9988571428571429
5.508499999999283,0.9642857142857143,0.9988571428571429
5.508999999999283,0.964,0.9988571428571429
5.509499999999283,0.9633333333333334,0.9988571428571429
5.509999999999283,0.9628571428571429,0.9987619047619047
5.510499999999283,0.9626666666666667,0.9987619047619047
5.510999999999283,0.9623809523809523,0.9987619047619047
5.511499999999283,0.9620952380952381,0.9986666666666667
5.511999999999283,0.9618095238095238,0.9986666666666667
5.5124999999992825,0.9615238095238096,0.9986666666666667
5.512999999999282,0.9611428571428572,0.9985714285714286
5.513499999999283,0.9608571428571429,0.9984761904761905
5.513999999999283,0.9605714285714285,0.9984761904761905
5.514499999999282,0.9603809523809523,0.9984761904761905
5.514999999999283,0.9600952380952381,0.9983809523809524
5.515499999999283,0.9598095238095238,0.9983809523809524
5.515999999999282,0.9595238095238096,0.9983809523809524
5.516499999999282,0.9592380952380952,0.9983809523809524
5.516999999999282,0.9591428571428572,0.9983809523809524
5.517499999999282,0.9588571428571429,0.9983809523809524
5.517999999999282,0.9588571428571429,0.9983809523809524
5.518499999999282,0.9583809523809523,0.9983809523809524
5.5189999999992825,0.9578095238095238,0.9983809523809524
5.519499999999282,0.9572380952380952,0.9983809523809524
5.519999999999282,0.957047619047619,0.9983809523809524
5.520499999999282,0.9567619047619048,0.9983809523809524
5.520999999999281,0.9563809523809523,0.9983809523809524
5.521499999999282,0.9562857142857143,0.9983809523809524
5.521999999999282,0.956,0.9983809523809524
5.522499999999281,0.9554285714285714,0.9982857142857143
5.522999999999282,0.9552380952380952,0.9982857142857143
5.523499999999282,0.955047619047619,0.9982857142857143
5.5239999999992815,0.9547619047619048,0.9982857142857143
5.524499999999281,0.9546666666666667,0.9982857142857143
5.524999999999281,0.9541904761904761,0.9982857142857143
5.5254999999992815,0.9537142857142857,0.9982857142857143
5.525999999999281,0.9534285714285714,0.9982857142857143
5.526499999999281,0.9532380952380952,0.9982857142857143
5.526999999999282,0.953047619047619,0.9982857142857143
5.527499999999281,0.9526666666666667,0.9982857142857143
5.527999999999281,0.9522857142857143,0.9982857142857143
5.528499999999281,0.9521904761904761,0.9982857142857143
5.5289999999992805,0.952,0.9981904761904762
5.529499999999281,0.9518095238095238,0.9981904761904762
5.529999999999281,0.9515238095238095,0.9981904761904762
5.5304999999992805,0.9513333333333334,0.9981904761904762
5.530999999999281,0.9512380952380952,0.9981904761904762
5.531499999999281,0.951047619047619,0.9981904761904762
5.531999999999281,0.9506666666666667,0.9981904761904762
5.53249999999928,0.9506666666666667,0.9981904761904762
5.53299999999928,0.9501904761904761,0.9981904761904762
5.533499999999281,0.9500952380952381,0.9981904761904762
5.53399999999928,0.9497142857142857,0.9981904761904762
5.53449999999928,0.9495238095238095,0.9981904761904762
5.534999999999281,0.9494285714285714,0.9981904761904762
5.53549999999928,0.9494285714285714,0.9981904761904762
5.53599999999928,0.9491428571428572,0.9981904761904762
5.53649999999928,0.9486666666666667,0.9981904761904762
5.53699999999928,0.9480952380952381,0.9981904761904762
5.53749999999928,0.9477142857142857,0.9981904761904762
5.53799999999928,0.9475238095238095,0.9981904761904762
5.53849999999928,0.947047619047619,0.9981904761904762
5.53899999999928,0.9462857142857143,0.9980952380952381
5.53949999999928,0.9458095238095238,0.9980952380952381
5.53999999999928,0.9456190476190476,0.9980952380952381
5.5404999999992794,0.9451428571428572,0.9980952380952381
5.540999999999279,0.9448571428571428,0.9980952380952381
5.54149999999928,0.9444761904761905,0.9980952380952381
5.5419999999992795,0.9438095238095238,0.9980952380952381
5.542499999999279,0.9433333333333334,0.9980952380952381
5.54299999999928,0.943047619047619,0.998
5.54349999999928,0.9424761904761905,0.998
5.543999999999279,0.9417142857142857,0.998
5.544499999999279,0.9415238095238095,0.998
5.544999999999279,0.9411428571428572,0.998
5.545499999999279,0.9407619047619048,0.998
5.545999999999279,0.9397142857142857,0.9979047619047619
5.546499999999279,0.9396190476190476,0.9979047619047619
5.546999999999279,0.9394285714285714,0.9979047619047619
5.547499999999279,0.9393333333333334,0.9979047619047619
5.547999999999279,0.938952380952381,0.9979047619047619
5.548499999999279,0.9387619047619048,0.9979047619047619
5.548999999999278,0.9381904761904762,0.9979047619047619
5.549499999999279,0.9379047619047619,0.9979047619047619
5.549999999999279,0.9372380952380952,0.9979047619047619
5.550499999999278,0.9367619047619048,0.9979047619047619
5.550999999999279,0.9362857142857143,0.9979047619047619
5.551499999999279,0.9359047619047619,0.9979047619047619
5.551999999999278,0.9351428571428572,0.9977142857142857
5.552499999999278,0.934952380952381,0.9976190476190476
5.552999999999278,0.9342857142857143,0.9976190476190476
5.5534999999992785,0.9339047619047619,0.9976190476190476
5.553999999999278,0.9336190476190476,0.9976190476190476
5.554499999999278,0.9332380952380952,0.9976190476190476
5.5549999999992785,0.9326666666666666,0.9976190476190476
5.555499999999278,0.9320952380952381,0.9976190476190476
5.555999999999278,0.932,0.9976190476190476
5.556499999999278,0.9317142857142857,0.9976190476190476
5.556999999999277,0.9311428571428572,0.9976190476190476
5.557499999999278,0.9307619047619048,0.9976190476190476
5.557999999999278,0.9300952380952381,0.9976190476190476
5.5584999999992775,0.9296190476190476,0.9976190476190476
5.558999999999278,0.9288571428571428,0.9976190476190476
5.559499999999278,0.9283809523809524,0.9976190476190476
5.5599999999992775,0.9281904761904762,0.9975238095238095
5.560499999999277,0.9277142857142857,0.9974285714285714
5.560999999999277,0.9271428571428572,0.9974285714285714
5.561499999999278,0.9267619047619048,0.9974285714285714
5.561999999999277,0.9262857142857143,0.9974285714285714
5.562499999999277,0.9257142857142857,0.9974285714285714
5.562999999999278,0.924952380952381,0.9974285714285714
5.563499999999277,0.9248571428571428,0.9974285714285714
5.563999999999277,0.9247619047619048,0.9974285714285714
5.564499999999277,0.9244761904761905,0.9974285714285714
5.5649999999992765,0.9241904761904762,0.9974285714285714
5.565499999999277,0.9231428571428572,0.9974285714285714
5.565999999999277,0.9222857142857143,0.9974285714285714
5.566499999999277,0.9219047619047619,0.9974285714285714
5.566999999999277,0.9213333333333333,0.9973333333333333
5.567499999999277,0.9206666666666666,0.9972380952380953
5.567999999999277,0.9204761904761904,0.9972380952380953
5.568499999999276,0.9199047619047619,0.9971428571428571
5.568999999999276,0.9198095238095239,0.9970476190476191
5.569499999999277,0.9194285714285715,0.9969523809523809
5.569999999999276,0.9191428571428572,0.9969523809523809
5.570499999999276,0.9188571428571428,0.9968571428571429
5.570999999999277,0.9186666666666666,0.9968571428571429
5.5714999999992765,0.9179047619047619,0.9968571428571429
5.571999999999276,0.9174285714285715,0.9968571428571429
5.572499999999276,0.9167619047619048,0.9968571428571429
5.572999999999276,0.9164761904761904,0.9967619047619047
5.573499999999276,0.9159047619047619,0.9967619047619047
5.573999999999276,0.9155238095238095,0.9967619047619047
5.574499999999276,0.915047619047619,0.9967619047619047
5.574999999999276,0.9142857142857143,0.9967619047619047
5.575499999999276,0.9135238095238095,0.9967619047619047
5.575999999999276,0.912952380952381,0.9967619047619047
5.5764999999992755,0.9125714285714286,0.9967619047619047
5.576999999999275,0.9118095238095238,0.9967619047619047
5.577499999999276,0.9113333333333333,0.9967619047619047
5.5779999999992755,0.9105714285714286,0.9967619047619047
5.578499999999275,0.9101904761904762,0.9967619047619047
5.578999999999276,0.9093333333333333,0.9967619047619047
5.579499999999276,0.909047619047619,0.9966666666666667
5.579999999999275,0.9087619047619048,0.9966666666666667
5.580499999999275,0.9082857142857143,0.9966666666666667
5.580999999999275,0.908,0.9966666666666667
5.581499999999275,0.9070476190476191,0.9966666666666667
5.581999999999275,0.9068571428571428,0.9966666666666667
5.582499999999275,0.9065714285714286,0.9966666666666667
5.582999999999275,0.9060952380952381,0.9966666666666667
5.583499999999275,0.9054285714285715,0.9965714285714286
5.583999999999275,0.904952380952381,0.9964761904761905
5.584499999999275,0.9041904761904762,0.9964761904761905
5.584999999999274,0.9033333333333333,0.9964761904761905
5.585499999999275,0.9031428571428571,0.9963809523809524
5.585999999999275,0.9025714285714286,0.9962857142857143
5.586499999999274,0.9022857142857142,0.9962857142857143
5.586999999999275,0.9017142857142857,0.9962857142857143
5.587499999999275,0.900952380952381,0.9962857142857143
5.587999999999274,0.9004761904761904,0.9961904761904762
5.588499999999274,0.8998095238095238,0.9961904761904762
5.588999999999274,0.8994285714285715,0.9961904761904762
5.5894999999992745,0.8985714285714286,0.9961904761904762
5.589999999999274,0.8979047619047619,0.9961904761904762
5.590499999999274,0.8971428571428571,0.9960952380952381
5.5909999999992746,0.8965714285714286,0.9960952380952381
5.591499999999274,0.8961904761904762,0.9960952380952381
5.591999999999274,0.8957142857142857,0.9960952380952381
5.592499999999274,0.8952380952380953,0.996
5.592999999999273,0.8947619047619048,0.996
5.593499999999274,0.8941904761904762,0.995904761904762
5.593999999999274,0.8937142857142857,0.995904761904762
5.5944999999992735,0.8928571428571429,0.995904761904762
5.594999999999274,0.8922857142857142,0.995904761904762
5.595499999999274,0.892095238095238,0.995904761904762
5.5959999999992736,0.8919047619047619,0.9958095238095238
5.596499999999273,0.8910476190476191,0.9958095238095238
5.596999999999273,0.8905714285714286,0.9957142857142857
5.597499999999274,0.8899047619047619,0.9956190476190476
5.597999999999273,0.8894285714285715,0.9956190476190476
5.598499999999273,0.8886666666666667,0.9956190476190476
5.598999999999274,0.8881904761904762,0.9955238095238095
5.599499999999273,0.8877142857142857,0.9955238095238095
5.599999999999273,0.8871428571428571,0.9955238095238095
5.600499999999273,0.8866666666666667,0.9955238095238095
5.600999999999273,0.8857142857142857,0.9954285714285714
5.601499999999273,0.8853333333333333,0.9954285714285714
5.601999999999273,0.8849523809523809,0.9954285714285714
5.602499999999273,0.8842857142857142,0.9954285714285714
5.602999999999273,0.884,0.9954285714285714
5.603499999999273,0.8833333333333333,0.9952380952380953
5.603999999999273,0.8830476190476191,0.9952380952380953
5.604499999999272,0.8824761904761905,0.9952380952380953
5.604999999999272,0.8814285714285715,0.9951428571428571
5.605499999999273,0.8803809523809524,0.9951428571428571
5.6059999999992725,0.8795238095238095,0.9951428571428571
5.606499999999272,0.8790476190476191,0.9951428571428571
5.606999999999273,0.8788571428571429,0.9951428571428571
5.6074999999992725,0.8787619047619047,0.9951428571428571
5.607999999999272,0.878095238095238,0.9950476190476191
5.608499999999272,0.8773333333333333,0.9950476190476191
5.608999999999272,0.8765714285714286,0.9950476190476191
5.609499999999272,0.8758095238095238,0.9950476190476191
5.609999999999272,0.8757142857142857,0.9950476190476191
5.610499999999272,0.8749523809523809,0.9948571428571429
5.610999999999272,0.8743809523809524,0.9947619047619047
5.611499999999272,0.8731428571428571,0.9947619047619047
5.611999999999272,0.8724761904761905,0.9947619047619047
5.6124999999992715,0.872,0.9947619047619047
5.612999999999271,0.8708571428571429,0.9947619047619047
5.613499999999272,0.869904761904762,0.9946666666666667
5.613999999999272,0.8687619047619047,0.9945714285714286
5.614499999999271,0.8680952380952381,0.9944761904761905
5.614999999999272,0.8675238095238095,0.9944761904761905
5.615499999999272,0.8665714285714285,0.9944761904761905
5.615999999999271,0.8661904761904762,0.9943809523809524
5.616499999999271,0.8654285714285714,0.9943809523809524
5.616999999999271,0.8648571428571429,0.9943809523809524
5.617499999999271,0.8642857142857143,0.9943809523809524
5.617999999999271,0.8631428571428571,0.9942857142857143
5.618499999999271,0.8621904761904762,0.9941904761904762
5.6189999999992715,0.861904761904762,0.9940952380952381
5.619499999999271,0.8607619047619047,0.994
5.619999999999271,0.859904761904762,0.994
5.620499999999271,0.8591428571428571,0.994
5.62099999999927,0.8583809523809524,0.994
5.621499999999271,0.8581904761904762,0.994
5.621999999999271,0.8572380952380952,0.993904761904762
5.62249999999927,0.8561904761904762,0.993904761904762
5.622999999999271,0.8550476190476191,0.993904761904762
5.623499999999271,0.8544761904761905,0.993904761904762
5.6239999999992705,0.8542857142857143,0.9938095238095238
5.62449999999927,0.8538095238095238,0.9938095238095238
5.62499999999927,0.8533333333333334,0.9937142857142857
5.6254999999992705,0.853047619047619,0.9937142857142857
5.62599999999927,0.852,0.9937142857142857
5.62649999999927,0.8512380952380952,0.9937142857142857
5.626999999999271,0.8511428571428571,0.9936190476190476
5.62749999999927,0.8508571428571429,0.9936190476190476
5.62799999999927,0.8497142857142858,0.9935238095238095
5.62849999999927,0.849047619047619,0.9935238095238095
5.6289999999992695,0.8485714285714285,0.9934285714285714
5.62949999999927,0.848,0.9934285714285714
5.62999999999927,0.8476190476190476,0.9934285714285714
5.6304999999992695,0.8469523809523809,0.9934285714285714
5.63099999999927,0.8462857142857143,0.9934285714285714
5.63149999999927,0.8455238095238096,0.9933333333333333
5.63199999999927,0.8447619047619047,0.9932380952380953
5.632499999999269,0.8443809523809523,0.9932380952380953
5.632999999999269,0.8440952380952381,0.9931428571428571
5.63349999999927,0.8434285714285714,0.9930476190476191
5.633999999999269,0.843047619047619,0.9928571428571429
5.634499999999269,0.8424761904761905,0.9928571428571429
5.63499999999927,0.8420952380952381,0.9928571428571429
5.635499999999269,0.8414285714285714,0.9927619047619047
5.635999999999269,0.8408571428571429,0.9927619047619047
5.636499999999269,0.8402857142857143,0.9926666666666667
5.636999999999269,0.8395238095238096,0.9926666666666667
5.637499999999269,0.8388571428571429,0.9926666666666667
5.637999999999269,0.838,0.9926666666666667
5.638499999999269,0.8373333333333334,0.9925714285714285
5.638999999999269,0.8366666666666667,0.9925714285714285
5.639499999999269,0.8364761904761905,0.9925714285714285
5.639999999999269,0.836,0.9925714285714285
5.640499999999268,0.8355238095238096,0.9925714285714285
5.640999999999268,0.835047619047619,0.9925714285714285
5.641499999999269,0.8342857142857143,0.9924761904761905
5.6419999999992685,0.8333333333333334,0.9922857142857143
5.642499999999268,0.8321904761904761,0.9921904761904762
5.642999999999269,0.8316190476190476,0.9921904761904762
5.6434999999992685,0.8314285714285714,0.9921904761904762
5.643999999999268,0.8307619047619048,0.9921904761904762
5.644499999999268,0.8299047619047619,0.9921904761904762
5.644999999999268,0.8294285714285714,0.9920952380952381
5.645499999999268,0.8286666666666667,0.9920952380952381
5.645999999999268,0.8276190476190476,0.992
5.646499999999268,0.8268571428571428,0.992
5.646999999999268,0.8260952380952381,0.9918095238095238
5.647499999999268,0.8255238095238095,0.9917142857142857
5.647999999999268,0.8247619047619048,0.9917142857142857
5.6484999999992676,0.8236190476190476,0.9917142857142857
5.648999999999267,0.8227619047619048,0.9917142857142857
5.649499999999268,0.8223809523809524,0.9916190476190476
5.649999999999268,0.8219047619047619,0.9916190476190476
5.650499999999267,0.8208571428571428,0.9915238095238095
5.650999999999268,0.8200952380952381,0.9915238095238095
5.651499999999268,0.8194285714285714,0.9915238095238095
5.651999999999267,0.8188571428571428,0.9915238095238095
5.652499999999267,0.8179047619047619,0.9915238095238095
5.652999999999267,0.8171428571428572,0.9915238095238095
5.6534999999992674,0.8163809523809524,0.9914285714285714
5.653999999999267,0.8151428571428572,0.9913333333333333
5.654499999999267,0.8148571428571428,0.9912380952380953
5.6549999999992675,0.8141904761904762,0.9912380952380953
5.655499999999267,0.8134285714285714,0.9912380952380953
5.655999999999267,0.8126666666666666,0.9912380952380953
5.656499999999267,0.8122857142857143,0.9910476190476191
5.656999999999266,0.8115238095238095,0.9910476190476191
5.657499999999267,0.8108571428571428,0.9910476190476191
5.657999999999267,0.8100952380952381,0.9909523809523809
5.6584999999992664,0.8096190476190476,0.9909523809523809
5.658999999999267,0.809047619047619,0.9908571428571429
5.659499999999267,0.808,0.9908571428571429
5.6599999999992665,0.8066666666666666,0.9908571428571429
5.660499999999266,0.8055238095238095,0.9908571428571429
5.660999999999266,0.8045714285714286,0.9908571428571429
5.661499999999267,0.8036190476190476,0.9908571428571429
5.661999999999266,0.8026666666666666,0.9908571428571429
5.662499999999266,0.8015238095238095,0.9908571428571429
5.662999999999267,0.801047619047619,0.9907619047619047
5.663499999999266,0.800952380952381,0.9907619047619047
5.663999999999266,0.7995238095238095,0.9906666666666667
5.664499999999266,0.7986666666666666,0.9906666666666667
5.6649999999992655,0.7979047619047619,0.9906666666666667
5.665499999999266,0.7961904761904762,0.9906666666666667
5.665999999999266,0.7954285714285714,0.9905714285714285
5.666499999999266,0.7948571428571428,0.9905714285714285
5.666999999999266,0.7945714285714286,0.9904761904761905
5.667499999999266,0.7934285714285715,0.9903809523809524
5.667999999999266,0.7926666666666666,0.9903809523809524
5.668499999999265,0.7922857142857143,0.9903809523809524
5.668999999999265,0.7914285714285715,0.9903809523809524
5.669499999999266,0.790952380952381,0.9902857142857143
5.669999999999265,0.7901904761904762,0.9902857142857143
5.670499999999265,0.7887619047619048,0.9901904761904762
5.670999999999266,0.7875238095238095,0.9901904761904762
5.6714999999992655,0.7865714285714286,0.9901904761904762
5.671999999999265,0.7856190476190477,0.9901904761904762
5.672499999999265,0.7848571428571428,0.9901904761904762
5.672999999999265,0.7842857142857143,0.99
5.673499999999265,0.7839047619047619,0.989904761904762
5.673999999999265,0.7831428571428571,0.989904761904762
5.674499999999265,0.7827619047619048,0.989904761904762
5.674999999999265,0.7816190476190477,0.989904761904762
5.675499999999265,0.7804761904761904,0.9898095238095238
5.675999999999265,0.7797142857142857,0.9898095238095238
5.6764999999992645,0.7790476190476191,0.9898095238095238
5.676999999999264,0.7782857142857142,0.9898095238095238
5.677499999999265,0.7774285714285715,0.9898095238095238
5.6779999999992645,0.7763809523809524,0.9898095238095238
5.678499999999264,0.7752380952380953,0.9896190476190476
5.678999999999265,0.7740952380952381,0.9895238095238095
5.679499999999265,0.7727619047619048,0.9895238095238095
5.679999999999264,0.7716190476190476,0.9894285714285714
5.680499999999264,0.7704761904761904,0.9894285714285714
5.680999999999264,0.7697142857142857,0.9892380952380952
5.681499999999264,0.7687619047619048,0.9892380952380952
5.681999999999264,0.7677142857142857,0.9890476190476191
5.682499999999264,0.7666666666666667,0.9889523809523809
5.682999999999264,0.766095238095238,0.9889523809523809
5.683499999999264,0.7652380952380953,0.9888571428571429
5.683999999999264,0.7642857142857142,0.9887619047619047
5.684499999999264,0.7632380952380953,0.9886666666666667
5.684999999999263,0.7623809523809524,0.9884761904761905
5.685499999999264,0.762,0.9884761904761905
5.685999999999264,0.7612380952380953,0.9883809523809524
5.686499999999263,0.7602857142857142,0.9882857142857143
5.686999999999264,0.7593333333333333,0.9881904761904762
5.687499999999264,0.7582857142857143,0.9880952380952381
5.687999999999263,0.7567619047619047,0.988
5.688499999999263,0.7555238095238095,0.988
5.688999999999263,0.7545714285714286,0.988
5.6894999999992635,0.754,0.988
5.689999999999263,0.7536190476190476,0.988
5.690499999999263,0.7525714285714286,0.988
5.6909999999992635,0.7518095238095238,0.988
5.691499999999263,0.7514285714285714,0.988
5.691999999999263,0.7504761904761905,0.9878095238095238
5.692499999999263,0.7497142857142857,0.9877142857142858
5.692999999999262,0.7486666666666667,0.9875238095238095
5.693499999999263,0.7483809523809524,0.9875238095238095
5.693999999999263,0.7478095238095238,0.9872380952380952
5.6944999999992625,0.7470476190476191,0.9872380952380952
5.694999999999263,0.7460952380952381,0.9871428571428571
5.695499999999263,0.7451428571428571,0.9868571428571429
5.6959999999992625,0.7442857142857143,0.9868571428571429
5.696499999999262,0.7434285714285714,0.9867619047619047
5.696999999999262,0.7429523809523809,0.9864761904761905
5.697499999999263,0.741904761904762,0.9863809523809524
5.697999999999262,0.7408571428571429,0.9863809523809524
5.698499999999262,0.7400952380952381,0.9862857142857143
5.698999999999263,0.7394285714285714,0.9862857142857143
5.699499999999262,0.7390476190476191,0.9862857142857143
5.699999999999262,0.7381904761904762,0.9862857142857143
5.700499999999262,0.7373333333333333,0.9862857142857143
5.7009999999992615,0.7363809523809524,0.9862857142857143
5.701499999999262,0.7358095238095238,0.9862857142857143
5.701999999999262,0.7347619047619047,0.9862857142857143
5.702499999999262,0.7344761904761905,0.9862857142857143
5.702999999999262,0.7334285714285714,0.9862857142857143
5.703499999999262,0.732,0.9862857142857143
5.703999999999262,0.7304761904761905,0.9861904761904762
5.704499999999261,0.7298095238095238,0.9860952380952381
5.704999999999261,0.7292380952380952,0.9860952380952381
5.705499999999262,0.7283809523809524,0.9860952380952381
5.705999999999261,0.7276190476190476,0.9860952380952381
5.706499999999261,0.7268571428571429,0.985904761904762
5.706999999999262,0.7263809523809523,0.985904761904762
5.7074999999992615,0.7249523809523809,0.9858095238095238
5.707999999999261,0.7243809523809523,0.9856190476190476
5.708499999999261,0.7232380952380952,0.9856190476190476
5.708999999999261,0.7218095238095238,0.9855238095238095
5.709499999999261,0.7208571428571429,0.9855238095238095
5.709999999999261,0.7199047619047619,0.9855238095238095
5.710499999999261,0.7188571428571429,0.9855238095238095
5.710999999999261,0.7179047619047619,0.9855238095238095
5.711499999999261,0.7174285714285714,0.9853333333333333
5.711999999999261,0.7167619047619047,0.9853333333333333
5.7124999999992605,0.7158095238095238,0.9853333333333333
5.71299999999926,0.7142857142857143,0.9852380952380952
5.713499999999261,0.7133333333333334,0.9852380952380952
5.713999999999261,0.7127619047619047,0.9851428571428571
5.71449999999926,0.7119047619047619,0.9851428571428571
5.714999999999261,0.7108571428571429,0.9851428571428571
5.715499999999261,0.7098095238095238,0.9850476190476191
5.71599999999926,0.709047619047619,0.9849523809523809
5.71649999999926,0.7077142857142857,0.9849523809523809
5.71699999999926,0.7067619047619048,0.9846666666666667
5.71749999999926,0.7061904761904761,0.9845714285714285
5.71799999999926,0.7051428571428572,0.9844761904761905
5.71849999999926,0.7044761904761905,0.9844761904761905
5.7189999999992605,0.7033333333333334,0.9843809523809524
5.71949999999926,0.7020952380952381,0.9842857142857143
5.71999999999926,0.7015238095238095,0.9841904761904762
5.72049999999926,0.7011428571428572,0.9841904761904762
5.720999999999259,0.7000952380952381,0.9841904761904762
5.72149999999926,0.6994285714285714,0.9840952380952381
5.72199999999926,0.699047619047619,0.9840952380952381
5.722499999999259,0.6980952380952381,0.9840952380952381
5.72299999999926,0.697047619047619,0.984
5.72349999999926,0.6962857142857143,0.983904761904762
5.7239999999992595,0.6957142857142857,0.9838095238095238
5.724499999999259,0.694952380952381,0.9838095238095238
5.724999999999259,0.6943809523809524,0.9837142857142858
5.7254999999992595,0.6933333333333334,0.9837142857142858
5.725999999999259,0.692952380952381,0.9837142857142858
5.726499999999259,0.6921904761904762,0.9837142857142858
5.72699999999926,0.6916190476190476,0.9837142857142858
5.727499999999259,0.6906666666666667,0.9837142857142858
5.727999999999259,0.6895238095238095,0.9837142857142858
5.728499999999259,0.6880952380952381,0.9837142857142858
5.7289999999992585,0.6867619047619048,0.9837142857142858
5.729499999999259,0.6860952380952381,0.9837142857142858
5.729999999999259,0.6846666666666666,0.9837142857142858
5.7304999999992585,0.6838095238095238,0.9837142857142858
5.730999999999259,0.6826666666666666,0.9837142857142858
5.731499999999259,0.6817142857142857,0.9837142857142858
5.731999999999259,0.6798095238095239,0.9837142857142858
5.732499999999258,0.678952380952381,0.9837142857142858
5.732999999999258,0.6782857142857143,0.9834285714285714
5.733499999999259,0.6776190476190476,0.9834285714285714
5.733999999999258,0.6765714285714286,0.9833333333333333
5.734499999999258,0.6755238095238095,0.9833333333333333
5.734999999999259,0.6741904761904762,0.9833333333333333
5.735499999999258,0.6734285714285714,0.9833333333333333
5.735999999999258,0.6722857142857143,0.9832380952380952
5.736499999999258,0.6713333333333333,0.9832380952380952
5.736999999999258,0.6701904761904762,0.9832380952380952
5.737499999999258,0.6692380952380952,0.9832380952380952
5.737999999999258,0.6685714285714286,0.9832380952380952
5.738499999999258,0.6677142857142857,0.9830476190476191
5.738999999999258,0.6664761904761904,0.9829523809523809
5.739499999999258,0.6654285714285715,0.9828571428571429
5.739999999999258,0.664,0.9827619047619047
5.740499999999257,0.663047619047619,0.9826666666666667
5.740999999999257,0.662,0.9825714285714285
5.741499999999258,0.6608571428571428,0.9824761904761905
5.7419999999992575,0.6603809523809524,0.9823809523809524
5.742499999999257,0.6592380952380953,0.9821904761904762
5.742999999999258,0.6584761904761904,0.9820952380952381
5.7434999999992575,0.6576190476190477,0.982
5.743999999999257,0.6563809523809524,0.9817142857142858
5.744499999999257,0.6550476190476191,0.9817142857142858
5.744999999999257,0.6535238095238095,0.9816190476190476
5.745499999999257,0.6522857142857142,0.9815238095238096
5.745999999999257,0.6515238095238095,0.9815238095238096
5.746499999999257,0.6503809523809524,0.9815238095238096
5.746999999999257,0.6492380952380953,0.9815238095238096
5.747499999999257,0.6480952380952381,0.9815238095238096
5.747999999999257,0.6470476190476191,0.9814285714285714
5.7484999999992565,0.6466666666666666,0.9814285714285714
5.748999999999256,0.6460952380952381,0.9813333333333333
5.749499999999257,0.6450476190476191,0.9812380952380952
5.749999999999257,0.644,0.9812380952380952
5.750499999999256,0.6424761904761904,0.9812380952380952
5.750999999999257,0.6417142857142857,0.9811428571428571
5.751499999999257,0.6403809523809524,0.9811428571428571
5.751999999999256,0.6392380952380953,0.9810476190476191
5.752499999999256,0.638095238095238,0.9809523809523809
5.752999999999256,0.6376190476190476,0.9807619047619047
5.753499999999256,0.6365714285714286,0.9806666666666667
5.753999999999256,0.6354285714285715,0.9805714285714285
5.754499999999256,0.6339047619047619,0.9803809523809524
5.7549999999992565,0.6335238095238095,0.98
5.755499999999256,0.6328571428571429,0.98
5.755999999999256,0.6316190476190476,0.98
5.756499999999256,0.6307619047619047,0.979904761904762
5.756999999999255,0.6298095238095238,0.979904761904762
5.757499999999256,0.6286666666666667,0.9798095238095238
5.757999999999256,0.6283809523809524,0.9798095238095238
5.758499999999255,0.6277142857142857,0.9798095238095238
5.758999999999256,0.6268571428571429,0.9798095238095238
5.759499999999256,0.6260952380952381,0.9797142857142858
5.7599999999992555,0.6250476190476191,0.9796190476190476
5.760499999999255,0.6242857142857143,0.9796190476190476
5.760999999999255,0.6237142857142857,0.9795238095238096
5.7614999999992556,0.6227619047619047,0.9794285714285714
5.761999999999255,0.6215238095238095,0.9794285714285714
5.762499999999255,0.6206666666666667,0.9793333333333333
5.762999999999256,0.6196190476190476,0.9793333333333333
5.763499999999255,0.6182857142857143,0.9792380952380952
5.763999999999255,0.6169523809523809,0.9791428571428571
5.764499999999255,0.6157142857142858,0.9789523809523809
5.7649999999992545,0.6148571428571429,0.9789523809523809
5.765499999999255,0.6136190476190476,0.9789523809523809
5.765999999999255,0.6127619047619047,0.9789523809523809
5.7664999999992546,0.6113333333333333,0.9788571428571429
5.766999999999255,0.6103809523809524,0.9788571428571429
5.767499999999255,0.6094285714285714,0.9785714285714285
5.767999999999255,0.6081904761904762,0.9785714285714285
5.768499999999254,0.6075238095238096,0.9784761904761905
5.768999999999254,0.6064761904761905,0.9784761904761905
5.769499999999255,0.6056190476190476,0.9783809523809524
5.769999999999254,0.6051428571428571,0.978
5.770499999999254,0.6039047619047619,0.9779047619047619
5.770999999999255,0.6025714285714285,0.9778095238095238
5.7714999999992544,0.6014285714285714,0.9777142857142858
5.771999999999254,0.6005714285714285,0.9776190476190476
5.772499999999254,0.5994285714285714,0.9775238095238096
5.772999999999254,0.5983809523809523,0.9774285714285714
5.773499999999254,0.5975238095238096,0.9772380952380952
5.773999999999254,0.5964761904761905,0.9771428571428571
5.774499999999254,0.5955238095238096,0.977047619047619
5.774999999999254,0.594,0.977047619047619
5.775499999999254,0.5926666666666667,0.977047619047619
5.775999999999254,0.5921904761904762,0.9768571428571429
5.7764999999992535,0.5907619047619047,0.9767619047619047
5.776999999999253,0.5897142857142857,0.9767619047619047
5.777499999999254,0.5885714285714285,0.9767619047619047
5.7779999999992535,0.5879047619047619,0.9767619047619047
5.778499999999253,0.5875238095238096,0.9766666666666667
5.778999999999254,0.5866666666666667,0.9766666666666667
5.779499999999254,0.5860952380952381,0.9766666666666667
5.779999999999253,0.5845714285714285,0.9764761904761905
5.780499999999253,0.5834285714285714,0.9764761904761905
5.780999999999253,0.5816190476190476,0.9763809523809523
5.781499999999253,0.5808571428571428,0.9762857142857143
5.781999999999253,0.5797142857142857,0.9761904761904762
5.782499999999253,0.5786666666666667,0.9761904761904762
5.782999999999253,0.5775238095238096,0.9761904761904762
5.783499999999253,0.5762857142857143,0.9761904761904762
5.783999999999253,0.5754285714285714,0.976
5.784499999999253,0.5738095238095238,0.976
5.784999999999252,0.5733333333333334,0.976
5.785499999999253,0.5723809523809524,0.9758095238095238
5.785999999999253,0.5716190476190476,0.9758095238095238
5.786499999999252,0.5704761904761905,0.9758095238095238
5.786999999999253,0.5695238095238095,0.9756190476190476
5.787499999999253,0.5684761904761905,0.9756190476190476
5.787999999999252,0.5673333333333334,0.9754285714285714
5.788499999999252,0.5661904761904762,0.9754285714285714
5.788999999999252,0.5651428571428572,0.9752380952380952
5.7894999999992525,0.5644761904761905,0.9751428571428571
5.789999999999252,0.5628571428571428,0.9751428571428571
5.790499999999252,0.5616190476190476,0.9749523809523809
5.7909999999992525,0.561047619047619,0.9749523809523809
5.791499999999252,0.5605714285714286,0.9748571428571429
5.791999999999252,0.5598095238095238,0.9748571428571429
5.792499999999252,0.5585714285714286,0.9748571428571429
5.792999999999251,0.5580952380952381,0.9748571428571429
5.793499999999252,0.5568571428571428,0.9747619047619047
5.793999999999252,0.556,0.9747619047619047
5.7944999999992515,0.555047619047619,0.9747619047619047
5.794999999999252,0.5541904761904762,0.9745714285714285
5.795499999999252,0.552952380952381,0.9745714285714285
5.7959999999992515,0.552,0.9745714285714285
5.796499999999251,0.5512380952380952,0.9743809523809523
5.796999999999251,0.5508571428571428,0.9740952380952381
5.797499999999252,0.5501904761904762,0.974
5.797999999999251,0.5493333333333333,0.9739047619047619
5.798499999999251,0.5486666666666666,0.9739047619047619
5.798999999999252,0.5472380952380952,0.9739047619047619
5.799499999999251,0.5459047619047619,0.9739047619047619
5.799999999999251,0.5452380952380952,0.9736190476190476
5.800499999999251,0.5445714285714286,0.9736190476190476
5.8009999999992505,0.5434285714285715,0.9734285714285714
5.801499999999251,0.5423809523809524,0.9733333333333334
5.801999999999251,0.5412380952380952,0.9733333333333334
5.802499999999251,0.5402857142857143,0.973047619047619
5.802999999999251,0.5393333333333333,0.9729523809523809
5.803499999999251,0.5383809523809524,0.9729523809523809
5.803999999999251,0.5371428571428571,0.9728571428571429
5.80449999999925,0.536,0.9727619047619047
5.80499999999925,0.535047619047619,0.9726666666666667
5.805499999999251,0.5344761904761904,0.9726666666666667
5.80599999999925,0.5332380952380953,0.9724761904761905
5.80649999999925,0.5325714285714286,0.9722857142857143
5.806999999999251,0.5315238095238095,0.9722857142857143
5.8074999999992505,0.5310476190476191,0.9722857142857143
5.80799999999925,0.5299047619047619,0.9722857142857143
5.80849999999925,0.528952380952381,0.9722857142857143
5.80899999999925,0.5280952380952381,0.9720952380952381
5.80949999999925,0.5274285714285715,0.9720952380952381
5.80999999999925,0.5265714285714286,0.9720952380952381
5.81049999999925,0.5257142857142857,0.9719047619047619
5.81099999999925,0.5252380952380953,0.9718095238095238
5.81149999999925,0.5242857142857142,0.9718095238095238
5.81199999999925,0.5236190476190477,0.9718095238095238
5.8124999999992495,0.5226666666666666,0.9718095238095238
5.812999999999249,0.5218095238095238,0.9718095238095238
5.81349999999925,0.5208571428571429,0.9718095238095238
5.8139999999992495,0.52,0.9718095238095238
5.814499999999249,0.5190476190476191,0.9716190476190476
5.81499999999925,0.5178095238095238,0.9714285714285714
5.81549999999925,0.5166666666666667,0.9713333333333334
5.815999999999249,0.5151428571428571,0.9713333333333334
5.816499999999249,0.514,0.9712380952380952
5.816999999999249,0.5130476190476191,0.9712380952380952
5.817499999999249,0.5119047619047619,0.9712380952380952
5.817999999999249,0.5109523809523809,0.971047619047619
5.818499999999249,0.5099047619047619,0.9708571428571429
5.818999999999249,0.5094285714285715,0.9708571428571429
5.819499999999249,0.5087619047619047,0.9708571428571429
5.819999999999249,0.5083809523809524,0.9706666666666667
5.820499999999249,0.5075238095238095,0.9706666666666667
5.820999999999248,0.5068571428571429,0.9706666666666667
5.821499999999249,0.5061904761904762,0.9706666666666667
5.821999999999249,0.5051428571428571,0.9705714285714285
5.822499999999248,0.504,0.9705714285714285
5.822999999999249,0.5034285714285714,0.9703809523809523
5.823499999999249,0.5029523809523809,0.9701904761904762
5.8239999999992484,0.5022857142857143,0.97
5.824499999999248,0.5015238095238095,0.97
5.824999999999248,0.5005714285714286,0.9698095238095238
5.8254999999992485,0.49961904761904763,0.9697142857142858
5.825999999999248,0.49838095238095237,0.9694285714285714
5.826499999999248,0.49723809523809526,0.9694285714285714
5.826999999999249,0.49638095238095237,0.9694285714285714
5.827499999999248,0.49514285714285716,0.9694285714285714
5.827999999999248,0.49466666666666664,0.9694285714285714
5.828499999999248,0.49352380952380953,0.9694285714285714
5.8289999999992474,0.49238095238095236,0.9692380952380952
5.829499999999248,0.490952380952381,0.9692380952380952
5.829999999999248,0.4897142857142857,0.969047619047619
5.8304999999992475,0.48933333333333334,0.969047619047619
5.830999999999248,0.4877142857142857,0.9688571428571429
5.831499999999248,0.4865714285714286,0.9687619047619047
5.831999999999248,0.48542857142857143,0.9686666666666667
5.832499999999247,0.48495238095238097,0.9686666666666667
5.832999999999247,0.48447619047619045,0.9686666666666667
5.833499999999248,0.4835238095238095,0.9684761904761905
5.833999999999247,0.4825714285714286,0.9683809523809523
5.834499999999247,0.48142857142857143,0.9682857142857143
5.834999999999248,0.4805714285714286,0.9682857142857143
5.835499999999247,0.4797142857142857,0.9682857142857143
5.835999999999247,0.4785714285714286,0.9682857142857143
5.836499999999247,0.4778095238095238,0.9681904761904762
5.836999999999247,0.47704761904761905,0.9681904761904762
5.837499999999247,0.4766666666666667,0.9681904761904762
5.837999999999247,0.4758095238095238,0.9680952380952381
5.838499999999247,0.4747619047619048,0.9679047619047619
5.838999999999247,0.47333333333333333,0.9678095238095238
5.839499999999247,0.472,0.9675238095238096
5.839999999999247,0.4715238095238095,0.9673333333333334
5.840499999999246,0.47085714285714286,0.9673333333333334
5.840999999999246,0.4701904761904762,0.9672380952380952
5.841499999999247,0.46904761904761905,0.9672380952380952
5.8419999999992465,0.4680952380952381,0.9671428571428572
5.842499999999246,0.46685714285714286,0.967047619047619
5.842999999999247,0.4658095238095238,0.967047619047619
5.8434999999992465,0.4653333333333333,0.966952380952381
5.843999999999246,0.4641904761904762,0.966952380952381
5.844499999999246,0.4635238095238095,0.966952380952381
5.844999999999246,0.46266666666666667,0.966952380952381
5.845499999999246,0.4617142857142857,0.966952380952381
5.845999999999246,0.46104761904761904,0.966952380952381
5.846499999999246,0.4605714285714286,0.966952380952381
5.846999999999246,0.4600952380952381,0.966952380952381
5.847499999999246,0.45914285714285713,0.966952380952381
5.847999999999246,0.4583809523809524,0.9668571428571429
5.8484999999992455,0.45771428571428574,0.9668571428571429
5.848999999999245,0.45695238095238094,0.9668571428571429
5.849499999999246,0.4561904761904762,0.9667619047619047
5.849999999999246,0.4551428571428571,0.9666666666666667
5.850499999999245,0.4544761904761905,0.9666666666666667
5.850999999999246,0.4540952380952381,0.9662857142857143
5.851499999999246,0.45361904761904764,0.9661904761904762
5.851999999999245,0.45295238095238094,0.9660952380952381
5.852499999999245,0.452,0.966
5.852999999999245,0.4511428571428571,0.9659047619047619
5.853499999999245,0.4504761904761905,0.9659047619047619
5.853999999999245,0.4492380952380952,0.9657142857142857
5.854499999999245,0.4483809523809524,0.9657142857142857
5.8549999999992455,0.4479047619047619,0.9657142857142857
5.855499999999245,0.44695238095238093,0.9657142857142857
5.855999999999245,0.44666666666666666,0.9657142857142857
5.856499999999245,0.4463809523809524,0.9657142857142857
5.856999999999244,0.4459047619047619,0.9655238095238096
5.857499999999245,0.44485714285714284,0.9653333333333334
5.857999999999245,0.444,0.9652380952380952
5.858499999999244,0.4431428571428571,0.9652380952380952
5.858999999999245,0.4420952380952381,0.9652380952380952
5.859499999999245,0.44076190476190474,0.965047619047619
5.8599999999992445,0.4397142857142857,0.965047619047619
5.860499999999244,0.43876190476190474,0.9648571428571429
5.860999999999244,0.43847619047619046,0.9644761904761905
5.8614999999992445,0.4378095238095238,0.9642857142857143
5.861999999999244,0.43714285714285717,0.9642857142857143
5.862499999999244,0.43638095238095237,0.9642857142857143
5.862999999999245,0.43552380952380954,0.9642857142857143
5.863499999999244,0.43466666666666665,0.9641904761904762
5.863999999999244,0.4339047619047619,0.9641904761904762
5.864499999999244,0.43304761904761907,0.964
5.8649999999992435,0.4322857142857143,0.9639047619047619
5.865499999999244,0.4319047619047619,0.9637142857142857
5.865999999999244,0.430952380952381,0.9637142857142857
5.8664999999992435,0.4299047619047619,0.9636190476190476
5.866999999999244,0.42857142857142855,0.9636190476190476
5.867499999999244,0.42733333333333334,0.9636190476190476
5.867999999999244,0.42657142857142855,0.9635238095238096
5.868499999999243,0.4256190476190476,0.9634285714285714
5.868999999999243,0.42504761904761906,0.9631428571428572
5.869499999999244,0.42428571428571427,0.9631428571428572
5.869999999999243,0.4237142857142857,0.9631428571428572
5.870499999999243,0.42323809523809525,0.9631428571428572
5.870999999999244,0.4220952380952381,0.9631428571428572
5.871499999999243,0.42142857142857143,0.9631428571428572
5.871999999999243,0.4204761904761905,0.9631428571428572
5.872499999999243,0.4198095238095238,0.9631428571428572
5.872999999999243,0.41904761904761906,0.9631428571428572
5.873499999999243,0.41819047619047617,0.963047619047619
5.873999999999243,0.41685714285714287,0.963047619047619
5.874499999999243,0.416,0.963047619047619
5.874999999999243,0.41523809523809524,0.962952380952381
5.875499999999243,0.414,0.9628571428571429
5.875999999999243,0.41323809523809524,0.9625714285714285
5.876499999999242,0.4126666666666667,0.9625714285714285
5.876999999999242,0.412,0.9625714285714285
5.877499999999243,0.4116190476190476,0.9624761904761905
5.8779999999992425,0.41114285714285714,0.9623809523809523
5.878499999999242,0.4104761904761905,0.9621904761904762
5.878999999999243,0.4095238095238095,0.962
5.8794999999992426,0.40895238095238096,0.9619047619047619
5.879999999999242,0.4082857142857143,0.9618095238095238
5.880499999999242,0.4073333333333333,0.9615238095238096
5.880999999999242,0.4058095238095238,0.9615238095238096
5.881499999999242,0.4054285714285714,0.9615238095238096
5.881999999999242,0.4046666666666667,0.9615238095238096
5.882499999999242,0.4036190476190476,0.9614285714285714
5.882999999999242,0.40295238095238095,0.9614285714285714
5.883499999999242,0.4022857142857143,0.9613333333333334
5.883999999999242,0.40104761904761904,0.9612380952380952
5.884499999999242,0.4000952380952381,0.9611428571428572
5.884999999999241,0.39904761904761904,0.961047619047619
5.885499999999242,0.3982857142857143,0.960952380952381
5.885999999999242,0.39780952380952384,0.9608571428571429
5.886499999999241,0.39676190476190476,0.9607619047619048
5.886999999999242,0.39580952380952383,0.9606666666666667
5.887499999999242,0.3955238095238095,0.9606666666666667
5.887999999999241,0.3945714285714286,0.9606666666666667
5.888499999999241,0.39361904761904765,0.9605714285714285
5.888999999999241,0.3934285714285714,0.9603809523809523
5.8894999999992415,0.39285714285714285,0.9602857142857143
5.889999999999241,0.3921904761904762,0.9600952380952381
5.890499999999241,0.3913333333333333,0.9600952380952381
5.8909999999992415,0.39076190476190475,0.9600952380952381
5.891499999999241,0.3901904761904762,0.9600952380952381
5.891999999999241,0.3893333333333333,0.96
5.892499999999241,0.3880952380952381,0.96
5.89299999999924,0.38666666666666666,0.96
5.893499999999241,0.3859047619047619,0.9598095238095238
5.893999999999241,0.38533333333333336,0.9598095238095238
5.8944999999992405,0.3840952380952381,0.9595238095238096
5.894999999999241,0.38333333333333336,0.9593333333333334
5.895499999999241,0.3820952380952381,0.9592380952380952
5.8959999999992405,0.381047619047619,0.958952380952381
5.89649999999924,0.3801904761904762,0.9588571428571429
5.89699999999924,0.37914285714285717,0.9587619047619048
5.897499999999241,0.3780952380952381,0.9587619047619048
5.89799999999924,0.37752380952380954,0.9585714285714285
5.89849999999924,0.37676190476190474,0.9585714285714285
5.898999999999241,0.3760952380952381,0.9585714285714285
5.89949999999924,0.37561904761904763,0.9582857142857143
5.89999999999924,0.3749523809523809,0.9580952380952381
5.90049999999924,0.37447619047619046,0.9579047619047619
5.9009999999992395,0.37323809523809526,0.9577142857142857
5.90149999999924,0.37257142857142855,0.9574285714285714
5.90199999999924,0.3719047619047619,0.9571428571428572
5.90249999999924,0.37142857142857144,0.956952380952381
5.90299999999924,0.37104761904761907,0.956952380952381
5.90349999999924,0.3702857142857143,0.956952380952381
5.90399999999924,0.36942857142857144,0.9568571428571429
5.904499999999239,0.36847619047619046,0.9567619047619048
5.904999999999239,0.3678095238095238,0.9566666666666667
5.90549999999924,0.36742857142857144,0.9565714285714285
5.905999999999239,0.3661904761904762,0.9565714285714285
5.906499999999239,0.36514285714285716,0.9563809523809523
5.90699999999924,0.36428571428571427,0.9563809523809523
5.9074999999992395,0.3636190476190476,0.9563809523809523
5.907999999999239,0.36295238095238097,0.9563809523809523
5.908499999999239,0.3621904761904762,0.9563809523809523
5.908999999999239,0.3615238095238095,0.9561904761904761
5.909499999999239,0.3607619047619048,0.9560952380952381
5.909999999999239,0.35942857142857143,0.9560952380952381
5.910499999999239,0.35838095238095236,0.9559047619047619
5.910999999999239,0.3576190476190476,0.9558095238095238
5.911499999999239,0.3568571428571429,0.9558095238095238
5.911999999999239,0.3559047619047619,0.9558095238095238
5.9124999999992385,0.35523809523809524,0.9557142857142857
5.912999999999238,0.3547619047619048,0.9556190476190476
5.913499999999239,0.3535238095238095,0.9555238095238096
5.9139999999992385,0.3526666666666667,0.9555238095238096
5.914499999999238,0.3523809523809524,0.9554285714285714
5.914999999999239,0.3516190476190476,0.9553333333333334
5.915499999999239,0.3506666666666667,0.9553333333333334
5.915999999999238,0.35,0.9552380952380952
5.916499999999238,0.34885714285714287,0.955047619047619
5.916999999999238,0.34809523809523807,0.9547619047619048
5.917499999999238,0.3474285714285714,0.9545714285714286
5.917999999999238,0.3462857142857143,0.9544761904761905
5.918499999999238,0.3456190476190476,0.9544761904761905
5.918999999999238,0.3442857142857143,0.9544761904761905
5.919499999999238,0.3437142857142857,0.9542857142857143
5.919999999999238,0.34276190476190477,0.9542857142857143
5.920499999999238,0.3423809523809524,0.9542857142857143
5.920999999999237,0.3415238095238095,0.9540952380952381
5.921499999999238,0.34085714285714286,0.954
5.921999999999238,0.3401904761904762,0.9538095238095238
5.922499999999237,0.3397142857142857,0.9537142857142857
5.922999999999238,0.33876190476190476,0.9537142857142857
5.923499999999238,0.3381904761904762,0.9536190476190476
5.923999999999237,0.3373333333333333,0.9534285714285714
5.924499999999237,0.3364761904761905,0.9533333333333334
5.924999999999237,0.3353333333333333,0.9531428571428572
5.9254999999992375,0.33476190476190476,0.953047619047619
5.925999999999237,0.3340952380952381,0.9527619047619048
5.926499999999237,0.3332380952380952,0.9527619047619048
5.9269999999992375,0.3323809523809524,0.9525714285714286
5.927499999999237,0.3315238095238095,0.9523809523809523
5.927999999999237,0.3311428571428571,0.9523809523809523
5.928499999999237,0.3300952380952381,0.9521904761904761
5.928999999999236,0.32961904761904764,0.9520952380952381
5.929499999999237,0.32876190476190476,0.952
5.929999999999237,0.3274285714285714,0.9517142857142857
5.9304999999992365,0.3261904761904762,0.9515238095238095
5.930999999999237,0.32542857142857146,0.9514285714285714
5.931499999999237,0.32485714285714284,0.9512380952380952
5.9319999999992366,0.3240952380952381,0.951047619047619
5.932499999999236,0.3233333333333333,0.951047619047619
5.932999999999236,0.32304761904761903,0.951047619047619
5.933499999999237,0.32247619047619047,0.9508571428571428
5.933999999999236,0.32152380952380955,0.9506666666666667
5.934499999999236,0.321047619047619,0.9506666666666667
5.934999999999237,0.3201904761904762,0.9505714285714286
5.935499999999236,0.31942857142857145,0.9504761904761905
5.935999999999236,0.319047619047619,0.9504761904761905
5.936499999999236,0.3182857142857143,0.9504761904761905
5.9369999999992356,0.31733333333333336,0.9503809523809523
5.937499999999236,0.31647619047619047,0.9502857142857143
5.937999999999236,0.3157142857142857,0.9502857142857143
5.938499999999236,0.315047619047619,0.9502857142857143
5.938999999999236,0.314,0.9502857142857143
5.939499999999236,0.31314285714285717,0.9501904761904761
5.939999999999236,0.31257142857142856,0.9500952380952381
5.940499999999235,0.31161904761904763,0.9500952380952381
5.940999999999235,0.31114285714285717,0.95
5.941499999999236,0.3102857142857143,0.9498095238095238
5.9419999999992354,0.30933333333333335,0.9498095238095238
5.942499999999235,0.30914285714285716,0.9496190476190476
5.942999999999236,0.3082857142857143,0.9495238095238095
5.9434999999992355,0.3079047619047619,0.9493333333333334
5.943999999999235,0.30714285714285716,0.9493333333333334
5.944499999999235,0.30666666666666664,0.9491428571428572
5.944999999999235,0.3059047619047619,0.949047619047619
5.945499999999235,0.30542857142857144,0.949047619047619
5.945999999999235,0.3047619047619048,0.948952380952381
5.946499999999235,0.304,0.9488571428571428
5.946999999999235,0.30352380952380953,0.9488571428571428
5.947499999999235,0.30257142857142855,0.9488571428571428
5.947999999999235,0.3019047619047619,0.9488571428571428
5.9484999999992345,0.30123809523809525,0.9488571428571428
5.948999999999234,0.3008571428571429,0.9484761904761905
5.949499999999235,0.30038095238095236,0.9482857142857143
5.949999999999235,0.2995238095238095,0.9481904761904761
5.950499999999234,0.29895238095238097,0.9481904761904761
5.950999999999235,0.2980952380952381,0.9480952380952381
5.951499999999235,0.29723809523809525,0.9480952380952381
5.951999999999234,0.29638095238095236,0.9477142857142857
5.952499999999234,0.29504761904761906,0.9476190476190476
5.952999999999234,0.29428571428571426,0.9476190476190476
5.953499999999234,0.29295238095238096,0.9475238095238095
5.953999999999234,0.292,0.9473333333333334
5.954499999999234,0.29104761904761905,0.9473333333333334
5.9549999999992345,0.29028571428571426,0.9471428571428572
5.955499999999234,0.2900952380952381,0.947047619047619
5.955999999999234,0.28933333333333333,0.9468571428571428
5.956499999999234,0.2887619047619048,0.9468571428571428
5.956999999999233,0.288,0.9468571428571428
5.957499999999234,0.2874285714285714,0.9467619047619048
5.957999999999234,0.28695238095238096,0.9467619047619048
5.958499999999233,0.2863809523809524,0.9467619047619048
5.958999999999234,0.2858095238095238,0.9466666666666667
5.959499999999234,0.28495238095238096,0.9466666666666667
5.9599999999992335,0.2843809523809524,0.9465714285714286
5.960499999999233,0.2834285714285714,0.9465714285714286
5.960999999999233,0.28295238095238096,0.9464761904761905
5.9614999999992335,0.282,0.9463809523809524
5.961999999999233,0.2814285714285714,0.9462857142857143
5.962499999999233,0.28104761904761905,0.9461904761904761
5.962999999999234,0.2803809523809524,0.946
5.963499999999233,0.2795238095238095,0.9457142857142857
5.963999999999233,0.27904761904761904,0.9454285714285714
5.964499999999233,0.2782857142857143,0.9454285714285714
5.9649999999992325,0.2777142857142857,0.9453333333333334
5.965499999999233,0.27676190476190476,0.9453333333333334
5.965999999999233,0.2758095238095238,0.9452380952380952
5.9664999999992325,0.27495238095238095,0.9452380952380952
5.966999999999233,0.2745714285714286,0.9452380952380952
5.967499999999233,0.2740952380952381,0.9452380952380952
5.967999999999233,0.2732380952380952,0.944952380952381
5.968499999999232,0.2724761904761905,0.944952380952381
5.968999999999232,0.2721904761904762,0.9447619047619048
5.969499999999233,0.2713333333333333,0.9445714285714286
5.969999999999232,0.2704761904761905,0.9443809523809524
5.970499999999232,0.2692380952380952,0.9441904761904761
5.970999999999233,0.26885714285714285,0.9440952380952381
5.971499999999232,0.2682857142857143,0.9438095238095238
5.971999999999232,0.2674285714285714,0.9438095238095238
5.972499999999232,0.2671428571428571,0.9437142857142857
5.972999999999232,0.26657142857142857,0.9436190476190476
5.973499999999232,0.2659047619047619,0.9435238095238095
5.973999999999232,0.2651428571428571,0.9433333333333334
5.974499999999232,0.26476190476190475,0.9431428571428572
5.974999999999232,0.2638095238095238,0.942952380952381
5.975499999999232,0.2632380952380952,0.9427619047619048
5.975999999999232,0.26285714285714284,0.9426666666666667
5.976499999999231,0.2623809523809524,0.9426666666666667
5.976999999999231,0.26161904761904764,0.9425714285714286
5.977499999999232,0.26095238095238094,0.9425714285714286
5.9779999999992315,0.25952380952380955,0.9424761904761905
5.978499999999231,0.25866666666666666,0.9424761904761905
5.978999999999232,0.2580952380952381,0.9423809523809524
5.9794999999992315,0.25761904761904764,0.9423809523809524
5.979999999999231,0.25685714285714284,0.9421904761904762
5.980499999999231,0.25647619047619047,0.942
5.980999999999231,0.2560952380952381,0.9418095238095238
5.981499999999231,0.255047619047619,0.9417142857142857
5.981999999999231,0.25457142857142856,0.9417142857142857
5.982499999999231,0.2538095238095238,0.9417142857142857
5.982999999999231,0.25323809523809526,0.9415238095238095
5.983499999999231,0.25266666666666665,0.9414285714285714
5.983999999999231,0.2522857142857143,0.941047619047619
5.9844999999992305,0.2519047619047619,0.9408571428571428
5.98499999999923,0.25161904761904763,0.9407619047619048
5.985499999999231,0.2509523809523809,0.9407619047619048
5.985999999999231,0.25047619047619046,0.9406666666666667
5.98649999999923,0.25,0.9404761904761905
5.986999999999231,0.24942857142857142,0.9403809523809524
5.987499999999231,0.24866666666666667,0.9403809523809524
5.98799999999923,0.24838095238095237,0.9401904761904762
5.98849999999923,0.248,0.9401904761904762
5.98899999999923,0.24714285714285714,0.9399047619047619
5.98949999999923,0.24657142857142858,0.9396190476190476
5.98999999999923,0.2458095238095238,0.9395238095238095
5.99049999999923,0.24552380952380953,0.9395238095238095
5.9909999999992305,0.24476190476190476,0.9395238095238095
5.99149999999923,0.24457142857142858,0.9395238095238095
5.99199999999923,0.244,0.9395238095238095
5.99249999999923,0.24352380952380953,0.9395238095238095
5.992999999999229,0.24247619047619048,0.9392380952380952
5.99349999999923,0.2418095238095238,0.9392380952380952
5.99399999999923,0.24133333333333334,0.9392380952380952
5.9944999999992294,0.24076190476190476,0.9391428571428572
5.99499999999923,0.2401904761904762,0.9391428571428572
5.99549999999923,0.23952380952380953,0.938952380952381
5.9959999999992295,0.23904761904761904,0.938952380952381
5.996499999999229,0.2382857142857143,0.9387619047619048
5.996999999999229,0.23761904761904762,0.9387619047619048
5.99749999999923,0.23695238095238094,0.9385714285714286
5.997999999999229,0.23676190476190476,0.9383809523809524
5.998499999999229,0.2357142857142857,0.9383809523809524
5.99899999999923,0.23438095238095238,0.9382857142857143
5.999499999999229,0.23361904761904762,0.938
5.999999999999229,0.23342857142857143,0.9378095238095238
6.000499999999229,0.23295238095238094,0.9378095238095238
6.0009999999992285,0.232,0.9377142857142857
6.001499999999229,0.23142857142857143,0.9376190476190476
6.001999999999229,0.23076190476190475,0.9376190476190476
6.002499999999229,0.23057142857142857,0.9375238095238095
6.002999999999229,0.2298095238095238,0.9374285714285714
6.003499999999229,0.22904761904761906,0.9374285714285714
6.003999999999229,0.22857142857142856,0.9374285714285714
6.004499999999228,0.22780952380952382,0.9373333333333334
6.004999999999228,0.22752380952380952,0.9373333333333334
6.005499999999229,0.22685714285714287,0.9373333333333334
6.005999999999228,0.2261904761904762,0.9373333333333334
6.006499999999228,0.22523809523809524,0.9372380952380952
6.006999999999229,0.22466666666666665,0.9372380952380952
6.0074999999992285,0.2239047619047619,0.9371428571428572
6.007999999999228,0.22333333333333333,0.9371428571428572
6.008499999999228,0.22238095238095237,0.9368571428571428
6.008999999999228,0.222,0.9367619047619048
6.009499999999228,0.2215238095238095,0.9367619047619048
6.009999999999228,0.22095238095238096,0.9367619047619048
6.010499999999228,0.22028571428571428,0.9367619047619048
6.010999999999228,0.21971428571428572,0.9366666666666666
6.011499999999228,0.21942857142857142,0.9366666666666666
6.011999999999228,0.21885714285714286,0.9365714285714286
6.0124999999992275,0.21866666666666668,0.9363809523809524
6.012999999999227,0.2180952380952381,0.9361904761904762
6.013499999999228,0.21752380952380954,0.9360952380952381
6.0139999999992275,0.21695238095238095,0.936
6.014499999999227,0.21666666666666667,0.9359047619047619
6.014999999999228,0.216,0.9359047619047619
6.015499999999228,0.21561904761904763,0.9358095238095238
6.015999999999227,0.21533333333333332,0.9358095238095238
6.016499999999227,0.21457142857142858,0.9357142857142857
6.016999999999227,0.2143809523809524,0.9357142857142857
6.017499999999227,0.2140952380952381,0.9357142857142857
6.017999999999227,0.21361904761904763,0.9356190476190476
6.018499999999227,0.21333333333333335,0.9356190476190476
6.018999999999227,0.21266666666666667,0.9356190476190476
6.019499999999227,0.21219047619047618,0.9355238095238095
6.019999999999227,0.21161904761904762,0.9354285714285714
6.020499999999227,0.21142857142857144,0.9353333333333333
6.020999999999226,0.21104761904761904,0.9353333333333333
6.021499999999227,0.2103809523809524,0.9353333333333333
6.021999999999227,0.2099047619047619,0.9353333333333333
6.022499999999226,0.20961904761904762,0.935047619047619
6.022999999999227,0.20904761904761904,0.9348571428571428
6.023499999999227,0.2081904761904762,0.9348571428571428
6.023999999999226,0.20733333333333334,0.9347619047619048
6.024499999999226,0.20685714285714285,0.9345714285714286
6.024999999999226,0.2063809523809524,0.9342857142857143
6.0254999999992265,0.206,0.9342857142857143
6.025999999999226,0.20561904761904762,0.9342857142857143
6.026499999999226,0.20533333333333334,0.9342857142857143
6.0269999999992265,0.20485714285714285,0.9341904761904762
6.027499999999226,0.2040952380952381,0.9340952380952381
6.027999999999226,0.204,0.9339047619047619
6.028499999999226,0.2038095238095238,0.9338095238095238
6.028999999999225,0.20314285714285715,0.9338095238095238
6.029499999999226,0.20266666666666666,0.9336190476190476
6.029999999999226,0.2021904761904762,0.9335238095238095
6.0304999999992255,0.2017142857142857,0.9335238095238095
6.030999999999226,0.20133333333333334,0.9335238095238095
6.031499999999226,0.20095238095238097,0.9333333333333333
6.0319999999992255,0.20038095238095238,0.9332380952380952
6.032499999999225,0.2002857142857143,0.933047619047619
6.032999999999225,0.19952380952380952,0.933047619047619
6.033499999999226,0.19904761904761906,0.933047619047619
6.033999999999225,0.19876190476190475,0.9326666666666666
6.034499999999225,0.1978095238095238,0.9325714285714286
6.034999999999226,0.19704761904761905,0.9324761904761905
6.035499999999225,0.19685714285714287,0.9324761904761905
6.035999999999225,0.19676190476190475,0.9321904761904762
6.036499999999225,0.19628571428571429,0.932
6.0369999999992245,0.19542857142857142,0.932
6.037499999999225,0.19523809523809524,0.9319047619047619
6.037999999999225,0.19485714285714287,0.9318095238095238
6.038499999999225,0.19428571428571428,0.9318095238095238
6.038999999999225,0.19352380952380951,0.9316190476190476
6.039499999999225,0.19285714285714287,0.9316190476190476
6.039999999999225,0.19228571428571428,0.9316190476190476
6.040499999999224,0.1919047619047619,0.9316190476190476
6.040999999999224,0.19142857142857142,0.9312380952380952
6.041499999999225,0.19095238095238096,0.931047619047619
6.041999999999224,0.1901904761904762,0.9307619047619048
6.042499999999224,0.18971428571428572,0.9306666666666666
6.042999999999225,0.18923809523809523,0.9306666666666666
6.0434999999992245,0.18876190476190477,0.9306666666666666
6.043999999999224,0.1879047619047619,0.9304761904761905
6.044499999999224,0.18752380952380954,0.9303809523809524
6.044999999999224,0.18685714285714286,0.9303809523809524
6.045499999999224,0.18628571428571428,0.9301904761904762
6.045999999999224,0.1858095238095238,0.9301904761904762
6.046499999999224,0.18504761904761904,0.9300952380952381
6.046999999999224,0.1844761904761905,0.9299047619047619
6.047499999999224,0.1838095238095238,0.9298095238095239
6.047999999999224,0.18333333333333332,0.9297142857142857
6.0484999999992235,0.18285714285714286,0.9296190476190476
6.048999999999223,0.18228571428571427,0.9296190476190476
6.049499999999224,0.18161904761904762,0.9296190476190476
6.0499999999992236,0.18104761904761904,0.9296190476190476
6.050499999999223,0.18057142857142858,0.9294285714285714
6.050999999999224,0.1802857142857143,0.9293333333333333
6.051499999999224,0.17971428571428572,0.9292380952380952
6.051999999999223,0.17942857142857144,0.929047619047619
6.052499999999223,0.17885714285714285,0.928952380952381
6.052999999999223,0.17866666666666667,0.928952380952381
6.053499999999223,0.17819047619047618,0.9285714285714286
6.053999999999223,0.1778095238095238,0.9282857142857143
6.054499999999223,0.17685714285714285,0.9281904761904762
6.0549999999992234,0.17647619047619048,0.9281904761904762
6.055499999999223,0.176,0.9280952380952381
6.055999999999223,0.1757142857142857,0.928
6.056499999999223,0.17542857142857143,0.9279047619047619
6.056999999999222,0.17514285714285716,0.9279047619047619
6.057499999999223,0.17485714285714285,0.9276190476190476
6.057999999999223,0.17466666666666666,0.9275238095238095
6.058499999999222,0.1743809523809524,0.9275238095238095
6.058999999999223,0.1740952380952381,0.9275238095238095
6.059499999999223,0.1737142857142857,0.9274285714285714
6.0599999999992225,0.17342857142857143,0.9273333333333333
6.060499999999222,0.17276190476190476,0.9273333333333333
6.060999999999222,0.17276190476190476,0.9271428571428572
6.0614999999992225,0.1721904761904762,0.9271428571428572
6.061999999999222,0.172,0.927047619047619
6.062499999999222,0.17152380952380952,0.927047619047619
6.062999999999223,0.17104761904761906,0.927047619047619
6.063499999999222,0.17038095238095238,0.926952380952381
6.063999999999222,0.1700952380952381,0.9267619047619048
6.064499999999222,0.16933333333333334,0.9267619047619048
6.0649999999992215,0.16885714285714284,0.9266666666666666
6.065499999999222,0.16847619047619047,0.9265714285714286
6.065999999999222,0.1682857142857143,0.9263809523809524
6.0664999999992215,0.16752380952380952,0.9262857142857143
6.066999999999222,0.16704761904761906,0.9262857142857143
6.067499999999222,0.16704761904761906,0.9260952380952381
6.067999999999222,0.16676190476190475,0.926
6.068499999999221,0.1662857142857143,0.9259047619047619
6.068999999999221,0.16590476190476192,0.9257142857142857
6.069499999999222,0.16504761904761905,0.9257142857142857
6.069999999999221,0.1641904761904762,0.9254285714285714
6.070499999999221,0.1640952380952381,0.9253333333333333
6.070999999999222,0.1636190476190476,0.925047619047619
6.071499999999221,0.16333333333333333,0.924952380952381
6.071999999999221,0.16304761904761905,0.9247619047619048
6.072499999999221,0.16266666666666665,0.9246666666666666
6.072999999999221,0.16257142857142856,0.9246666666666666
6.073499999999221,0.1621904761904762,0.9244761904761905
6.073999999999221,0.1620952380952381,0.9241904761904762
6.074499999999221,0.1616190476190476,0.9240952380952381
6.074999999999221,0.16104761904761905,0.9240952380952381
6.075499999999221,0.16057142857142856,0.924
6.075999999999221,0.16,0.9239047619047619
6.07649999999922,0.15933333333333333,0.9237142857142857
6.07699999999922,0.15895238095238096,0.9236190476190477
6.077499999999221,0.15857142857142856,0.9235238095238095
6.0779999999992205,0.1581904761904762,0.9235238095238095
6.07849999999922,0.15771428571428572,0.9233333333333333
6.078999999999221,0.15761904761904763,0.9232380952380952
6.0794999999992205,0.15638095238095237,0.923047619047619
6.07999999999922,0.156,0.9227619047619048
6.08049999999922,0.15561904761904763,0.9226666666666666
6.08099999999922,0.15542857142857142,0.9224761904761904
6.08149999999922,0.15495238095238095,0.9222857142857143
6.08199999999922,0.154,0.9220952380952381
6.08249999999922,0.15352380952380953,0.9220952380952381
6.08299999999922,0.15314285714285714,0.9220952380952381
6.08349999999922,0.15266666666666667,0.922
6.08399999999922,0.1520952380952381,0.922
6.0844999999992195,0.15142857142857144,0.9219047619047619
6.084999999999219,0.15114285714285713,0.9217142857142857
6.08549999999922,0.15085714285714286,0.9216190476190477
6.08599999999922,0.15057142857142858,0.9216190476190477
6.086499999999219,0.1503809523809524,0.9216190476190477
6.08699999999922,0.15,0.9214285714285714
6.08749999999922,0.14971428571428572,0.9213333333333333
6.087999999999219,0.14904761904761904,0.9211428571428572
6.088499999999219,0.14876190476190476,0.9211428571428572
6.088999999999219,0.14876190476190476,0.9211428571428572
6.089499999999219,0.14857142857142858,0.9211428571428572
6.089999999999219,0.14819047619047618,0.921047619047619
6.090499999999219,0.1478095238095238,0.920952380952381
6.0909999999992195,0.14752380952380953,0.9206666666666666
6.091499999999219,0.14723809523809525,0.9205714285714286
6.091999999999219,0.14695238095238095,0.9205714285714286
6.092499999999219,0.14666666666666667,0.9205714285714286
6.092999999999218,0.1462857142857143,0.9204761904761904
6.093499999999219,0.146,0.9202857142857143
6.093999999999219,0.14561904761904762,0.9200952380952381
6.094499999999218,0.14523809523809525,0.92
6.094999999999219,0.14457142857142857,0.9199047619047619
6.095499999999219,0.14409523809523808,0.9198095238095239
6.0959999999992185,0.1438095238095238,0.9196190476190477
6.096499999999218,0.14304761904761903,0.9196190476190477
6.096999999999218,0.14276190476190476,0.9195238095238095
6.0974999999992185,0.1421904761904762,0.9193333333333333
6.097999999999218,0.142,0.9193333333333333
6.098499999999218,0.14161904761904762,0.9193333333333333
6.098999999999219,0.14114285714285715,0.9192380952380952
6.099499999999218,0.14076190476190475,0.9192380952380952
6.099999999999218,0.1399047619047619,0.919047619047619
6.100499999999218,0.13952380952380952,0.9188571428571428
6.1009999999992175,0.13904761904761906,0.9188571428571428
6.101499999999218,0.13876190476190475,0.9187619047619048
6.101999999999218,0.1382857142857143,0.9185714285714286
6.1024999999992176,0.1380952380952381,0.9185714285714286
6.102999999999218,0.138,0.9185714285714286
6.103499999999218,0.1378095238095238,0.9184761904761904
6.103999999999218,0.13733333333333334,0.9184761904761904
6.104499999999217,0.13695238095238096,0.9184761904761904
6.104999999999217,0.13685714285714284,0.9184761904761904
6.105499999999218,0.1361904761904762,0.9184761904761904
6.105999999999217,0.1357142857142857,0.9181904761904762
6.106499999999217,0.13495238095238096,0.9180952380952381
6.106999999999218,0.13476190476190475,0.918
6.107499999999217,0.13438095238095238,0.918
6.107999999999217,0.1340952380952381,0.9179047619047619
6.108499999999217,0.13390476190476192,0.9179047619047619
6.108999999999217,0.13333333333333333,0.9177142857142857
6.109499999999217,0.13314285714285715,0.9176190476190477
6.109999999999217,0.13276190476190478,0.9176190476190477
6.110499999999217,0.13257142857142856,0.9175238095238095
6.110999999999217,0.1321904761904762,0.9175238095238095
6.111499999999217,0.1317142857142857,0.9175238095238095
6.111999999999217,0.13104761904761905,0.9173333333333333
6.1124999999992164,0.13066666666666665,0.9173333333333333
6.112999999999216,0.13028571428571428,0.9173333333333333
6.113499999999217,0.1299047619047619,0.9171428571428571
6.1139999999992165,0.12942857142857142,0.916952380952381
6.114499999999216,0.12904761904761905,0.9168571428571428
6.114999999999217,0.12876190476190477,0.9168571428571428
6.115499999999217,0.12828571428571428,0.9166666666666666
6.115999999999216,0.1281904761904762,0.9165714285714286
6.116499999999216,0.1279047619047619,0.9163809523809524
6.116999999999216,0.12780952380952382,0.9161904761904762
6.117499999999216,0.12704761904761905,0.9161904761904762
6.117999999999216,0.12695238095238096,0.9161904761904762
6.118499999999216,0.12638095238095237,0.9161904761904762
6.118999999999216,0.1261904761904762,0.9159047619047619
6.119499999999216,0.1259047619047619,0.9158095238095239
6.119999999999216,0.12580952380952382,0.9158095238095239
6.120499999999216,0.12552380952380954,0.9157142857142857
6.120999999999215,0.12533333333333332,0.9155238095238095
6.121499999999216,0.12476190476190477,0.9152380952380952
6.121999999999216,0.124,0.9152380952380952
6.122499999999215,0.1239047619047619,0.9152380952380952
6.122999999999216,0.1239047619047619,0.9152380952380952
6.123499999999216,0.12371428571428572,0.9152380952380952
6.123999999999215,0.12314285714285714,0.915047619047619
6.124499999999215,0.12295238095238095,0.9148571428571428
6.124999999999215,0.12238095238095238,0.9145714285714286
6.1254999999992155,0.12180952380952381,0.9144761904761904
6.125999999999215,0.12133333333333333,0.9144761904761904
6.126499999999215,0.12095238095238095,0.9143809523809524
6.1269999999992155,0.12028571428571429,0.9143809523809524
6.127499999999215,0.12,0.9142857142857143
6.127999999999215,0.11980952380952381,0.9141904761904762
6.128499999999215,0.11971428571428572,0.9141904761904762
6.128999999999214,0.11942857142857143,0.9141904761904762
6.129499999999215,0.11914285714285715,0.9140952380952381
6.129999999999215,0.11847619047619047,0.914
6.1304999999992145,0.11780952380952381,0.9139047619047619
6.130999999999215,0.11742857142857142,0.9136190476190477
6.131499999999215,0.11723809523809524,0.9135238095238095
6.1319999999992145,0.11704761904761905,0.9135238095238095
6.132499999999214,0.11676190476190476,0.9133333333333333
6.132999999999214,0.11657142857142858,0.9131428571428571
6.133499999999215,0.11638095238095238,0.913047619047619
6.133999999999214,0.1159047619047619,0.913047619047619
6.134499999999214,0.11571428571428571,0.9127619047619048
6.134999999999215,0.11542857142857142,0.9126666666666666
6.135499999999214,0.11523809523809524,0.9123809523809524
6.135999999999214,0.11495238095238096,0.9120952380952381
6.136499999999214,0.11485714285714285,0.912
6.1369999999992135,0.11457142857142857,0.912
6.137499999999214,0.11428571428571428,0.9119047619047619
6.137999999999214,0.114,0.9118095238095238
6.138499999999214,0.11371428571428571,0.9117142857142857
6.138999999999214,0.11371428571428571,0.9116190476190477
6.139499999999214,0.11352380952380953,0.9116190476190477
6.139999999999214,0.11285714285714285,0.9116190476190477
6.140499999999213,0.11257142857142857,0.9116190476190477
6.140999999999213,0.11219047619047619,0.9113333333333333
6.141499999999214,0.11190476190476191,0.9111428571428571
6.141999999999213,0.11142857142857143,0.911047619047619
6.142499999999213,0.11123809523809523,0.910952380952381
6.142999999999214,0.11095238095238096,0.910952380952381
6.1434999999992135,0.11085714285714286,0.9108571428571428
6.143999999999213,0.11066666666666666,0.9108571428571428
6.144499999999213,0.11038095238095239,0.9108571428571428
6.144999999999213,0.11019047619047619,0.9104761904761904
6.145499999999213,0.1100952380952381,0.9104761904761904
6.145999999999213,0.10961904761904762,0.9102857142857143
6.146499999999213,0.10942857142857143,0.9102857142857143
6.146999999999213,0.10923809523809523,0.9101904761904762
6.147499999999213,0.10904761904761905,0.91
6.147999999999213,0.10866666666666666,0.9098095238095238
6.1484999999992125,0.10828571428571429,0.9098095238095238
6.148999999999212,0.108,0.9097142857142857
6.149499999999213,0.10771428571428572,0.9095238095238095
6.1499999999992125,0.10752380952380952,0.9095238095238095
6.150499999999212,0.10733333333333334,0.9094285714285715
6.150999999999213,0.10695238095238095,0.9093333333333333
6.151499999999213,0.10695238095238095,0.9092380952380953
6.151999999999212,0.10685714285714286,0.9091428571428571
6.152499999999212,0.10647619047619047,0.9091428571428571
6.152999999999212,0.10609523809523809,0.9088571428571428
6.153499999999212,0.10561904761904761,0.9088571428571428
6.153999999999212,0.10514285714285715,0.9086666666666666
6.154499999999212,0.10504761904761904,0.9084761904761904
6.154999999999212,0.10485714285714286,0.9082857142857143
6.155499999999212,0.10447619047619047,0.9080952380952381
6.155999999999212,0.1041904761904762,0.9079047619047619
6.156499999999212,0.10371428571428572,0.9078095238095238
6.156999999999211,0.10333333333333333,0.9078095238095238
6.157499999999212,0.10314285714285715,0.9078095238095238
6.157999999999212,0.10257142857142858,0.9078095238095238
6.158499999999211,0.10219047619047619,0.9077142857142857
6.158999999999212,0.1019047619047619,0.9077142857142857
6.159499999999212,0.10171428571428572,0.9076190476190477
6.159999999999211,0.10152380952380953,0.9074285714285715
6.160499999999211,0.10133333333333333,0.9073333333333333
6.160999999999211,0.10123809523809524,0.9073333333333333
6.1614999999992115,0.10085714285714285,0.906952380952381
6.161999999999211,0.10028571428571428,0.9068571428571428
6.162499999999211,0.09961904761904762,0.9065714285714286
6.1629999999992116,0.09942857142857142,0.9065714285714286
6.163499999999211,0.09933333333333333,0.9064761904761904
6.163999999999211,0.09904761904761905,0.9064761904761904
6.164499999999211,0.09838095238095237,0.9064761904761904
6.1649999999992104,0.09819047619047619,0.9063809523809524
6.165499999999211,0.09790476190476191,0.9061904761904762
6.165999999999211,0.09761904761904762,0.906
6.1664999999992105,0.09704761904761905,0.9059047619047619
6.166999999999211,0.09666666666666666,0.9058095238095238
6.167499999999211,0.09647619047619048,0.9058095238095238
6.167999999999211,0.0960952380952381,0.9057142857142857
6.16849999999921,0.0960952380952381,0.9055238095238095
6.16899999999921,0.0958095238095238,0.9053333333333333
6.169499999999211,0.09542857142857143,0.9053333333333333
6.16999999999921,0.09542857142857143,0.9051428571428571
6.17049999999921,0.09523809523809523,0.9051428571428571
6.170999999999211,0.09504761904761905,0.9051428571428571
6.17149999999921,0.09466666666666666,0.9051428571428571
6.17199999999921,0.09409523809523809,0.9051428571428571
6.17249999999921,0.09390476190476191,0.9051428571428571
6.17299999999921,0.09371428571428571,0.9050476190476191
6.17349999999921,0.09352380952380952,0.9050476190476191
6.17399999999921,0.09333333333333334,0.9047619047619048
6.17449999999921,0.09314285714285714,0.9047619047619048
6.17499999999921,0.09266666666666666,0.9045714285714286
6.17549999999921,0.09257142857142857,0.9042857142857142
6.17599999999921,0.09247619047619048,0.9041904761904762
6.176499999999209,0.09209523809523809,0.9041904761904762
6.176999999999209,0.092,0.9038095238095238
6.17749999999921,0.0919047619047619,0.9036190476190477
6.1779999999992095,0.0919047619047619,0.9035238095238095
6.178499999999209,0.09152380952380952,0.9033333333333333
6.17899999999921,0.09133333333333334,0.902952380952381
6.1794999999992095,0.09104761904761904,0.902952380952381
6.179999999999209,0.09085714285714286,0.9027619047619048
6.180499999999209,0.09057142857142857,0.9026666666666666
6.180999999999209,0.09047619047619047,0.9023809523809524
6.181499999999209,0.09038095238095238,0.9022857142857142
6.181999999999209,0.09,0.9021904761904762
6.182499999999209,0.08980952380952381,0.902
6.182999999999209,0.08952380952380952,0.902
6.183499999999209,0.08933333333333333,0.9019047619047619
6.183999999999209,0.08904761904761904,0.9018095238095238
6.1844999999992085,0.08876190476190476,0.9017142857142857
6.184999999999208,0.08847619047619047,0.9017142857142857
6.185499999999209,0.08828571428571429,0.9015238095238095
6.185999999999209,0.0881904761904762,0.9013333333333333
6.186499999999208,0.08771428571428572,0.9012380952380953
6.186999999999209,0.08761904761904762,0.9012380952380953
6.187499999999209,0.08742857142857142,0.9011428571428571
6.187999999999208,0.08733333333333333,0.9011428571428571
6.188499999999208,0.08723809523809524,0.9011428571428571
6.188999999999208,0.08695238095238095,0.9011428571428571
6.189499999999208,0.08676190476190476,0.9011428571428571
6.189999999999208,0.08657142857142858,0.9011428571428571
6.190499999999208,0.08619047619047619,0.9011428571428571
6.1909999999992085,0.0860952380952381,0.900952380952381
6.191499999999208,0.08580952380952381,0.900952380952381
6.191999999999208,0.08542857142857142,0.9008571428571429
6.192499999999208,0.08504761904761905,0.9008571428571429
6.192999999999207,0.08504761904761905,0.9007619047619048
6.193499999999208,0.08485714285714285,0.9007619047619048
6.193999999999208,0.08457142857142858,0.9006666666666666
6.194499999999207,0.08438095238095238,0.9003809523809524
6.194999999999208,0.084,0.9003809523809524
6.195499999999208,0.0839047619047619,0.9003809523809524
6.1959999999992075,0.0838095238095238,0.9002857142857142
6.196499999999207,0.08352380952380953,0.9002857142857142
6.196999999999207,0.08333333333333333,0.9002857142857142
6.1974999999992075,0.08323809523809524,0.9002857142857142
6.197999999999207,0.08276190476190476,0.9001904761904762
6.198499999999207,0.08238095238095237,0.9001904761904762
6.198999999999208,0.0820952380952381,0.9001904761904762
6.199499999999207,0.08190476190476191,0.9001904761904762
6.199999999999207,0.08161904761904762,0.8999047619047619
6.200499999999207,0.08142857142857143,0.8999047619047619
6.2009999999992065,0.08142857142857143,0.8999047619047619
6.201499999999207,0.08104761904761905,0.8999047619047619
6.201999999999207,0.08085714285714286,0.8998095238095238
6.2024999999992065,0.08057142857142857,0.8997142857142857
6.202999999999207,0.08028571428571428,0.8997142857142857
6.203499999999207,0.07990476190476191,0.8997142857142857
6.203999999999207,0.07971428571428571,0.8997142857142857
6.204499999999206,0.07923809523809523,0.8997142857142857
6.204999999999206,0.07895238095238095,0.8995238095238095
6.205499999999207,0.07895238095238095,0.8994285714285715
6.205999999999206,0.07857142857142857,0.8993333333333333
6.206499999999206,0.07857142857142857,0.8993333333333333
6.206999999999207,0.07847619047619048,0.8992380952380953
6.207499999999206,0.07828571428571429,0.8992380952380953
6.207999999999206,0.07828571428571429,0.8991428571428571
6.208499999999206,0.07809523809523809,0.8990476190476191
6.208999999999206,0.078,0.898952380952381
6.209499999999206,0.07771428571428571,0.8987619047619048
6.209999999999206,0.07752380952380952,0.8986666666666666
6.210499999999206,0.07742857142857143,0.8986666666666666
6.210999999999206,0.07742857142857143,0.8984761904761904
6.211499999999206,0.07733333333333334,0.8984761904761904
6.211999999999206,0.07704761904761905,0.8983809523809524
6.212499999999205,0.07685714285714286,0.8983809523809524
6.212999999999205,0.07647619047619048,0.8982857142857142
6.213499999999206,0.07638095238095238,0.8980952380952381
6.2139999999992055,0.07628571428571429,0.898
6.214499999999205,0.07628571428571429,0.8979047619047619
6.214999999999206,0.0761904761904762,0.8978095238095238
6.2154999999992055,0.076,0.8978095238095238
6.215999999999205,0.07552380952380952,0.8978095238095238
6.216499999999205,0.07552380952380952,0.8976190476190476
6.216999999999205,0.07523809523809524,0.8976190476190476
6.217499999999205,0.07504761904761904,0.8973333333333333
6.217999999999205,0.07495238095238095,0.8972380952380953
6.218499999999205,0.07476190476190477,0.8971428571428571
6.218999999999205,0.07457142857142857,0.8971428571428571
6.219499999999205,0.07438095238095238,0.8971428571428571
6.219999999999205,0.074,0.896952380952381
6.2204999999992046,0.07380952380952381,0.8968571428571429
6.220999999999204,0.07361904761904763,0.8968571428571429
6.221499999999205,0.07352380952380952,0.8968571428571429
6.221999999999205,0.07342857142857143,0.8967619047619048
6.222499999999204,0.07323809523809524,0.8966666666666666
6.222999999999205,0.07304761904761904,0.8966666666666666
6.223499999999205,0.07257142857142856,0.8965714285714286
6.223999999999204,0.07238095238095238,0.8964761904761904
6.224499999999204,0.07180952380952381,0.8964761904761904
6.224999999999204,0.07152380952380952,0.8962857142857142
6.2254999999992044,0.07142857142857142,0.896
6.225999999999204,0.07142857142857142,0.8958095238095238
6.226499999999204,0.07123809523809524,0.8958095238095238
6.2269999999992045,0.07123809523809524,0.8958095238095238
6.227499999999204,0.07114285714285715,0.8957142857142857
6.227999999999204,0.07095238095238095,0.8956190476190476
6.228499999999204,0.07085714285714285,0.8956190476190476
6.228999999999203,0.07057142857142858,0.8956190476190476
6.229499999999204,0.07019047619047619,0.8953333333333333
6.229999999999204,0.0700952380952381,0.8953333333333333
6.2304999999992035,0.06980952380952381,0.8953333333333333
6.230999999999204,0.06952380952380953,0.8953333333333333
6.231499999999204,0.06933333333333333,0.8952380952380953
6.2319999999992035,0.06876190476190476,0.8952380952380953
6.232499999999203,0.06866666666666667,0.8951428571428571
6.232999999999203,0.06857142857142857,0.8948571428571429
6.233499999999204,0.06838095238095238,0.8947619047619048
6.233999999999203,0.0678095238095238,0.8945714285714286
6.234499999999203,0.06771428571428571,0.8943809523809524
6.234999999999204,0.06752380952380953,0.8943809523809524
6.235499999999203,0.06752380952380953,0.8943809523809524
6.235999999999203,0.06733333333333333,0.8942857142857142
6.236499999999203,0.06695238095238096,0.894095238095238
6.2369999999992025,0.06685714285714285,0.894095238095238
6.237499999999203,0.06647619047619048,0.8939047619047619
6.237999999999203,0.06619047619047619,0.8939047619047619
6.238499999999203,0.066,0.8938095238095238
6.238999999999203,0.06590476190476191,0.8938095238095238
6.239499999999203,0.06571428571428571,0.8938095238095238
6.239999999999203,0.06561904761904762,0.8936190476190476
6.240499999999202,0.06523809523809523,0.8936190476190476
6.240999999999202,0.06504761904761905,0.8935238095238095
6.241499999999203,0.06485714285714286,0.8935238095238095
6.241999999999202,0.06476190476190476,0.8933333333333333
6.242499999999202,0.06466666666666666,0.8933333333333333
6.242999999999203,0.06428571428571428,0.8933333333333333
6.2434999999992025,0.0640952380952381,0.8933333333333333
6.243999999999202,0.06380952380952382,0.8933333333333333
6.244499999999202,0.06352380952380952,0.8932380952380953
6.244999999999202,0.06333333333333334,0.8931428571428571
6.245499999999202,0.06333333333333334,0.8930476190476191
6.245999999999202,0.06333333333333334,0.8929523809523809
6.246499999999202,0.06323809523809523,0.8929523809523809
6.246999999999202,0.06295238095238095,0.8928571428571429
6.247499999999202,0.06266666666666666,0.8926666666666667
6.247999999999202,0.06247619047619048,0.8926666666666667
6.2484999999992015,0.06209523809523809,0.8926666666666667
6.248999999999201,0.062,0.8925714285714286
6.249499999999202,0.06180952380952381,0.8924761904761904
6.2499999999992015,0.061714285714285715,0.8922857142857142
6.250499999999201,0.06152380952380952,0.8921904761904762
6.250999999999202,0.06142857142857143,0.8919047619047619
6.251499999999202,0.061142857142857145,0.8918095238095238
6.251999999999201,0.061047619047619045,0.8918095238095238
6.252499999999201,0.06066666666666667,0.8918095238095238
6.252999999999201,0.060571428571428575,0.8918095238095238
6.253499999999201,0.060476190476190475,0.8917142857142857
6.253999999999201,0.06038095238095238,0.8917142857142857
6.254499999999201,0.06038095238095238,0.8917142857142857
6.254999999999201,0.06028571428571428,0.8915238095238095
6.255499999999201,0.0600952380952381,0.8915238095238095
6.255999999999201,0.05971428571428571,0.8914285714285715
6.256499999999201,0.05971428571428571,0.8914285714285715
6.2569999999992,0.05971428571428571,0.8913333333333333
6.257499999999201,0.05971428571428571,0.8912380952380953
6.257999999999201,0.05942857142857143,0.8910476190476191
6.2584999999992,0.05914285714285714,0.8910476190476191
6.258999999999201,0.05904761904761905,0.8908571428571429
6.259499999999201,0.05885714285714286,0.8908571428571429
6.2599999999992,0.058666666666666666,0.8907619047619048
6.2604999999992,0.05828571428571429,0.8906666666666667
6.2609999999992,0.05780952380952381,0.8904761904761904
6.2614999999992005,0.057428571428571426,0.8904761904761904
6.2619999999992,0.05714285714285714,0.8903809523809524
6.2624999999992,0.05704761904761905,0.8903809523809524
6.2629999999992005,0.056952380952380956,0.8903809523809524
6.2634999999992,0.056666666666666664,0.8902857142857142
6.2639999999992,0.05657142857142857,0.890095238095238
6.2644999999992,0.056285714285714286,0.89
6.264999999999199,0.05580952380952381,0.89
6.2654999999992,0.055714285714285716,0.89
6.2659999999992,0.05561904761904762,0.8899047619047619
6.2664999999991995,0.055523809523809524,0.8898095238095238
6.2669999999992,0.055523809523809524,0.8896190476190476
6.2674999999992,0.05542857142857143,0.8896190476190476
6.2679999999991995,0.05533333333333333,0.8894285714285715
6.268499999999199,0.05523809523809524,0.8894285714285715
6.268999999999199,0.05504761904761905,0.8894285714285715
6.2694999999992,0.054857142857142854,0.8890476190476191
6.269999999999199,0.05476190476190476,0.8889523809523809
6.270499999999199,0.05466666666666667,0.8887619047619048
6.2709999999992,0.05457142857142857,0.8887619047619048
6.271499999999199,0.05457142857142857,0.8885714285714286
6.271999999999199,0.05457142857142857,0.8883809523809524
6.272499999999199,0.054380952380952384,0.8883809523809524
6.2729999999991986,0.054380952380952384,0.8883809523809524
6.273499999999199,0.05419047619047619,0.8881904761904762
6.273999999999199,0.05390476190476191,0.888095238095238
6.274499999999199,0.05380952380952381,0.888
6.274999999999199,0.053714285714285714,0.8879047619047619
6.275499999999199,0.05352380952380952,0.8879047619047619
6.275999999999199,0.05333333333333334,0.8878095238095238
6.276499999999198,0.05333333333333334,0.8878095238095238
6.276999999999198,0.053142857142857144,0.8877142857142857
6.277499999999199,0.053142857142857144,0.8877142857142857
6.277999999999198,0.05295238095238095,0.8877142857142857
6.278499999999198,0.05276190476190476,0.8876190476190476
6.278999999999199,0.052476190476190475,0.8876190476190476
6.2794999999991985,0.05238095238095238,0.8875238095238095
6.279999999999198,0.05219047619047619,0.8873333333333333
6.280499999999198,0.051904761904761905,0.8872380952380953
6.280999999999198,0.05180952380952381,0.8872380952380953
6.281499999999198,0.05171428571428571,0.8869523809523809
6.281999999999198,0.05161904761904762,0.8869523809523809
6.282499999999198,0.05142857142857143,0.8869523809523809
6.282999999999198,0.051333333333333335,0.8868571428571429
6.283499999999198,0.05114285714285714,0.8867619047619048
6.283999999999198,0.05085714285714286,0.8867619047619048
6.2844999999991975,0.050666666666666665,0.8867619047619048
6.284999999999197,0.05047619047619047,0.8866666666666667
6.285499999999198,0.05,0.8865714285714286
6.285999999999198,0.0499047619047619,0.8864761904761905
6.286499999999197,0.04980952380952381,0.8862857142857142
6.286999999999198,0.04980952380952381,0.8862857142857142
6.287499999999198,0.049523809523809526,0.8861904761904762
6.287999999999197,0.04933333333333333,0.8858095238095238
6.288499999999197,0.04933333333333333,0.8856190476190476
6.288999999999197,0.04933333333333333,0.8852380952380953
6.289499999999197,0.04923809523809524,0.8852380952380953
6.289999999999197,0.04904761904761905,0.8851428571428571
6.290499999999197,0.04904761904761905,0.8851428571428571
6.2909999999991975,0.048857142857142856,0.8850476190476191
6.291499999999197,0.048857142857142856,0.8850476190476191
6.291999999999197,0.048666666666666664,0.8849523809523809
6.292499999999197,0.04857142857142857,0.8849523809523809
6.292999999999196,0.04838095238095238,0.8846666666666667
6.293499999999197,0.048095238095238094,0.8846666666666667
6.293999999999197,0.048095238095238094,0.8846666666666667
6.294499999999196,0.048,0.8845714285714286
6.294999999999197,0.047714285714285716,0.8843809523809524
6.295499999999197,0.04733333333333333,0.8843809523809524
6.2959999999991965,0.047142857142857146,0.8842857142857142
6.296499999999196,0.047047619047619046,0.8841904761904762
6.296999999999196,0.046952380952380954,0.8839047619047619
6.2974999999991965,0.046952380952380954,0.8839047619047619
6.297999999999196,0.046476190476190476,0.8837142857142857
6.298499999999196,0.04609523809523809,0.8837142857142857
6.298999999999197,0.04561904761904762,0.8835238095238095
6.299499999999196,0.04552380952380952,0.8834285714285715
6.299999999999196,0.04542857142857143,0.8833333333333333
6.300499999999196,0.04533333333333334,0.8833333333333333
6.3009999999991955,0.04533333333333334,0.8832380952380953
6.301499999999196,0.045142857142857144,0.8832380952380953
6.301999999999196,0.04495238095238095,0.8831428571428571
6.3024999999991955,0.04485714285714286,0.8831428571428571
6.302999999999196,0.044571428571428574,0.8831428571428571
6.303499999999196,0.04438095238095238,0.8830476190476191
6.303999999999196,0.044,0.8828571428571429
6.304499999999195,0.044,0.8828571428571429
6.304999999999195,0.044,0.8826666666666667
6.305499999999196,0.043904761904761905,0.8825714285714286
6.305999999999195,0.043904761904761905,0.8825714285714286
6.306499999999195,0.04380952380952381,0.8823809523809524
6.306999999999196,0.04371428571428571,0.8821904761904762
6.307499999999195,0.04371428571428571,0.882
6.307999999999195,0.04352380952380953,0.882
6.308499999999195,0.043238095238095235,0.882
6.308999999999195,0.04314285714285714,0.882
6.309499999999195,0.04314285714285714,0.8819047619047619
6.309999999999195,0.04314285714285714,0.8819047619047619
6.310499999999195,0.04285714285714286,0.8817142857142857
6.310999999999195,0.04285714285714286,0.8816190476190476
6.311499999999195,0.04285714285714286,0.8812380952380953
6.311999999999195,0.04285714285714286,0.8810476190476191
6.312499999999194,0.042666666666666665,0.8808571428571429
6.312999999999194,0.042666666666666665,0.8808571428571429
6.313499999999195,0.04257142857142857,0.8807619047619047
6.3139999999991945,0.04219047619047619,0.8806666666666667
6.314499999999194,0.0419047619047619,0.8805714285714286
6.314999999999195,0.04180952380952381,0.8802857142857143
6.3154999999991945,0.04161904761904762,0.8801904761904762
6.315999999999194,0.04133333333333333,0.8801904761904762
6.316499999999194,0.04133333333333333,0.8801904761904762
6.316999999999194,0.04114285714285714,0.88
6.317499999999194,0.04114285714285714,0.8798095238095238
6.317999999999194,0.04114285714285714,0.8797142857142857
6.318499999999194,0.04104761904761905,0.8796190476190476
6.318999999999194,0.04104761904761905,0.8794285714285714
6.319499999999194,0.04104761904761905,0.8792380952380953
6.319999999999194,0.040952380952380955,0.8791428571428571
6.3204999999991935,0.04076190476190476,0.8790476190476191
6.320999999999193,0.04057142857142857,0.8789523809523809
6.321499999999194,0.040285714285714286,0.8786666666666667
6.321999999999194,0.040285714285714286,0.8782857142857143
6.322499999999193,0.040285714285714286,0.8782857142857143
6.322999999999194,0.04019047619047619,0.8782857142857143
6.323499999999194,0.04,0.878
6.323999999999193,0.04,0.8779047619047619
6.324499999999193,0.04,0.8776190476190476
6.324999999999193,0.03980952380952381,0.8776190476190476
6.325499999999193,0.03942857142857143,0.8776190476190476
6.325999999999193,0.03942857142857143,0.8775238095238095
6.326499999999193,0.03933333333333333,0.8775238095238095
6.3269999999991935,0.03933333333333333,0.8775238095238095
6.327499999999193,0.03923809523809524,0.8775238095238095
6.327999999999193,0.03923809523809524,0.8774285714285714
6.328499999999193,0.039047619047619046,0.8774285714285714
6.328999999999192,0.039047619047619046,0.8774285714285714
6.329499999999193,0.038952380952380954,0.8773333333333333
6.329999999999193,0.03876190476190476,0.8772380952380953
6.330499999999192,0.03876190476190476,0.8772380952380953
6.330999999999193,0.038476190476190476,0.8770476190476191
6.331499999999193,0.038380952380952384,0.8770476190476191
6.3319999999991925,0.0380952380952381,0.8770476190476191
6.332499999999192,0.037904761904761906,0.8768571428571429
6.332999999999192,0.03780952380952381,0.8767619047619047
6.3334999999991926,0.03761904761904762,0.8764761904761905
6.333999999999192,0.03752380952380952,0.8762857142857143
6.334499999999192,0.03742857142857143,0.8760952380952381
6.334999999999193,0.037333333333333336,0.8760952380952381
6.335499999999192,0.03723809523809524,0.8760952380952381
6.335999999999192,0.03723809523809524,0.8759047619047619
6.336499999999192,0.03695238095238095,0.8758095238095238
6.3369999999991915,0.03695238095238095,0.8757142857142857
6.337499999999192,0.03685714285714286,0.8756190476190476
6.337999999999192,0.03676190476190476,0.8756190476190476
6.338499999999192,0.03676190476190476,0.8756190476190476
6.338999999999192,0.03666666666666667,0.8756190476190476
6.339499999999192,0.036571428571428574,0.8755238095238095
6.339999999999192,0.036571428571428574,0.8753333333333333
6.340499999999191,0.036476190476190475,0.8753333333333333
6.340999999999191,0.03619047619047619,0.8752380952380953
6.341499999999192,0.0360952380952381,0.8750476190476191
6.341999999999191,0.03571428571428571,0.8749523809523809
6.342499999999191,0.03571428571428571,0.8747619047619047
6.342999999999192,0.03561904761904762,0.8746666666666667
6.3434999999991915,0.035333333333333335,0.8746666666666667
6.343999999999191,0.035238095238095235,0.8746666666666667
6.344499999999191,0.03514285714285714,0.8745714285714286
6.344999999999191,0.03514285714285714,0.8745714285714286
6.345499999999191,0.03495238095238095,0.8744761904761905
6.345999999999191,0.03495238095238095,0.8743809523809524
6.346499999999191,0.034761904761904765,0.8742857142857143
6.346999999999191,0.034761904761904765,0.8742857142857143
6.347499999999191,0.034666666666666665,0.8742857142857143
6.347999999999191,0.034666666666666665,0.8741904761904762
6.3484999999991905,0.03447619047619047,0.8741904761904762
6.34899999999919,0.03428571428571429,0.8741904761904762
6.349499999999191,0.03419047619047619,0.8740952380952381
6.3499999999991905,0.03419047619047619,0.874
6.35049999999919,0.034095238095238095,0.8739047619047619
6.350999999999191,0.0339047619047619,0.8739047619047619
6.351499999999191,0.0339047619047619,0.8737142857142857
6.35199999999919,0.0339047619047619,0.8735238095238095
6.35249999999919,0.0339047619047619,0.8733333333333333
6.35299999999919,0.03361904761904762,0.8732380952380953
6.35349999999919,0.033523809523809525,0.8732380952380953
6.35399999999919,0.033523809523809525,0.8732380952380953
6.35449999999919,0.03323809523809524,0.8731428571428571
6.35499999999919,0.03323809523809524,0.8730476190476191
6.35549999999919,0.03314285714285714,0.8730476190476191
6.35599999999919,0.03314285714285714,0.8728571428571429
6.35649999999919,0.03304761904761905,0.8725714285714286
6.356999999999189,0.032857142857142856,0.8722857142857143
6.35749999999919,0.03266666666666666,0.8721904761904762
6.35799999999919,0.03257142857142857,0.871904761904762
6.358499999999189,0.03257142857142857,0.8718095238095238
6.35899999999919,0.03247619047619048,0.8717142857142857
6.35949999999919,0.03247619047619048,0.8717142857142857
6.359999999999189,0.03247619047619048,0.8716190476190476
6.360499999999189,0.03247619047619048,0.8716190476190476
6.360999999999189,0.03238095238095238,0.8716190476190476
6.3614999999991895,0.03238095238095238,0.8715238095238095
6.361999999999189,0.032285714285714286,0.8715238095238095
6.362499999999189,0.032285714285714286,0.8714285714285714
6.3629999999991895,0.03219047619047619,0.8710476190476191
6.363499999999189,0.03209523809523809,0.8708571428571429
6.363999999999189,0.03209523809523809,0.8707619047619047
6.364499999999189,0.032,0.8704761904761905
6.364999999999188,0.032,0.8702857142857143
6.365499999999189,0.03180952380952381,0.8701904761904762
6.365999999999189,0.031619047619047616,0.8700952380952381
6.3664999999991885,0.03152380952380952,0.87
6.366999999999189,0.03133333333333333,0.869904761904762
6.367499999999189,0.03123809523809524,0.869904761904762
6.3679999999991885,0.03123809523809524,0.869904761904762
6.368499999999188,0.031142857142857142,0.869904761904762
6.368999999999188,0.031142857142857142,0.8697142857142857
6.369499999999189,0.031142857142857142,0.8696190476190476
6.369999999999188,0.031047619047619046,0.8695238095238095
6.370499999999188,0.031047619047619046,0.8693333333333333
6.370999999999189,0.030952380952380953,0.8691428571428571
6.371499999999188,0.030857142857142857,0.8690476190476191
6.371999999999188,0.030666666666666665,0.8690476190476191
6.372499999999188,0.030571428571428572,0.8689523809523809
6.3729999999991875,0.030285714285714287,0.8689523809523809
6.373499999999188,0.03019047619047619,0.8688571428571429
6.373999999999188,0.03,0.8687619047619047
6.374499999999188,0.029904761904761906,0.8686666666666667
6.374999999999188,0.029904761904761906,0.8686666666666667
6.375499999999188,0.029904761904761906,0.8683809523809524
6.375999999999188,0.029619047619047618,0.8680952380952381
6.376499999999187,0.029619047619047618,0.868
6.376999999999187,0.029523809523809525,0.867904761904762
6.377499999999188,0.02942857142857143,0.8677142857142857
6.377999999999187,0.029333333333333333,0.8676190476190476
6.378499999999187,0.029333333333333333,0.8676190476190476
6.378999999999188,0.029333333333333333,0.8675238095238095
6.3794999999991875,0.029238095238095237,0.8675238095238095
6.379999999999187,0.029142857142857144,0.8674285714285714
6.380499999999187,0.02895238095238095,0.8674285714285714
6.380999999999187,0.02895238095238095,0.8674285714285714
6.381499999999187,0.028857142857142856,0.8674285714285714
6.381999999999187,0.028761904761904763,0.8673333333333333
6.382499999999187,0.02857142857142857,0.8671428571428571
6.382999999999187,0.02819047619047619,0.8669523809523809
6.383499999999187,0.02819047619047619,0.8668571428571429
6.383999999999187,0.028095238095238097,0.8668571428571429
6.3844999999991865,0.028095238095238097,0.8668571428571429
6.384999999999186,0.028,0.8667619047619047
6.385499999999187,0.028,0.8666666666666667
6.3859999999991865,0.028,0.8666666666666667
6.386499999999186,0.027904761904761904,0.8663809523809524
6.386999999999187,0.027904761904761904,0.8663809523809524
6.387499999999187,0.027904761904761904,0.8662857142857143
6.387999999999186,0.027904761904761904,0.8662857142857143
6.388499999999186,0.027714285714285716,0.8662857142857143
6.388999999999186,0.02761904761904762,0.8662857142857143
6.389499999999186,0.027523809523809523,0.8661904761904762
6.389999999999186,0.027333333333333334,0.866
6.390499999999186,0.027333333333333334,0.8658095238095238
6.390999999999186,0.027142857142857142,0.8658095238095238
6.391499999999186,0.027047619047619046,0.8657142857142858
6.391999999999186,0.02676190476190476,0.8656190476190476
6.392499999999186,0.02676190476190476,0.8654285714285714
6.392999999999185,0.02676190476190476,0.8654285714285714
6.393499999999186,0.02666666666666667,0.8652380952380953
6.393999999999186,0.02666666666666667,0.8652380952380953
6.394499999999185,0.02666666666666667,0.8651428571428571
6.394999999999186,0.026285714285714287,0.8650476190476191
6.395499999999186,0.026285714285714287,0.8650476190476191
6.3959999999991854,0.026285714285714287,0.8648571428571429
6.396499999999185,0.026,0.8648571428571429
6.396999999999185,0.025904761904761906,0.8645714285714285
6.3974999999991855,0.025619047619047618,0.8644761904761905
6.397999999999185,0.025619047619047618,0.8643809523809524
6.398499999999185,0.025619047619047618,0.8642857142857143
6.398999999999186,0.02542857142857143,0.8642857142857143
6.399499999999185,0.02542857142857143,0.8641904761904762
6.399999999999185,0.025333333333333333,0.864
6.400499999999185,0.025333333333333333,0.863904761904762
6.4009999999991845,0.025333333333333333,0.863904761904762
6.401499999999185,0.025333333333333333,0.8638095238095238
6.401999999999185,0.025238095238095237,0.8635238095238095
6.4024999999991845,0.025238095238095237,0.8635238095238095
6.402999999999185,0.025047619047619048,0.8634285714285714
6.403499999999185,0.025047619047619048,0.8634285714285714
6.403999999999185,0.025047619047619048,0.8631428571428571
6.404499999999184,0.025047619047619048,0.8630476190476191
6.404999999999184,0.02495238095238095,0.8630476190476191
6.405499999999185,0.024857142857142855,0.8628571428571429
6.405999999999184,0.024857142857142855,0.8627619047619047
6.406499999999184,0.02457142857142857,0.8627619047619047
6.406999999999185,0.024476190476190478,0.8625714285714285
6.407499999999184,0.024476190476190478,0.8625714285714285
6.407999999999184,0.02438095238095238,0.8625714285714285
6.408499999999184,0.02438095238095238,0.8625714285714285
6.408999999999184,0.02438095238095238,0.8624761904761905
6.409499999999184,0.02419047619047619,0.8623809523809524
6.409999999999184,0.023904761904761904,0.8622857142857143
6.410499999999184,0.023904761904761904,0.8622857142857143
6.410999999999184,0.023904761904761904,0.8621904761904762
6.411499999999184,0.023904761904761904,0.862
6.411999999999184,0.023904761904761904,0.8618095238095238
6.412499999999183,0.023904761904761904,0.8617142857142858
6.412999999999183,0.023809523809523808,0.8617142857142858
6.413499999999184,0.023809523809523808,0.8616190476190476
6.4139999999991835,0.023809523809523808,0.8615238095238095
6.414499999999183,0.023809523809523808,0.8615238095238095
6.414999999999184,0.023523809523809523,0.8615238095238095
6.4154999999991835,0.023428571428571427,0.8614285714285714
6.415999999999183,0.023428571428571427,0.8613333333333333
6.416499999999183,0.023428571428571427,0.8612380952380952
6.416999999999183,0.023333333333333334,0.8610476190476191
6.417499999999183,0.023142857142857142,0.8610476190476191
6.417999999999183,0.023142857142857142,0.8609523809523809
6.418499999999183,0.023142857142857142,0.8607619047619047
6.418999999999183,0.023142857142857142,0.8606666666666667
6.419499999999183,0.023142857142857142,0.8604761904761905
6.419999999999183,0.022857142857142857,0.8603809523809524
6.4204999999991825,0.022857142857142857,0.8603809523809524
6.420999999999182,0.02276190476190476,0.8602857142857143
6.421499999999183,0.02266666666666667,0.8600952380952381
6.421999999999183,0.022571428571428572,0.86
6.422499999999182,0.022571428571428572,0.86
6.422999999999183,0.022571428571428572,0.8596190476190476
6.423499999999183,0.02238095238095238,0.8595238095238096
6.423999999999182,0.022285714285714287,0.8595238095238096
6.424499999999182,0.022285714285714287,0.8593333333333333
6.424999999999182,0.022285714285714287,0.8593333333333333
6.425499999999182,0.02219047619047619,0.8591428571428571
6.425999999999182,0.02219047619047619,0.8590476190476191
6.426499999999182,0.02219047619047619,0.8590476190476191
6.4269999999991825,0.02219047619047619,0.8590476190476191
6.427499999999182,0.02219047619047619,0.8589523809523809
6.427999999999182,0.02219047619047619,0.8589523809523809
6.428499999999182,0.022,0.8588571428571429
6.428999999999181,0.022,0.8586666666666667
6.429499999999182,0.022,0.8585714285714285
6.429999999999182,0.022,0.8585714285714285
6.430499999999181,0.022,0.8585714285714285
6.430999999999182,0.022,0.8581904761904762
6.431499999999182,0.021904761904761906,0.858
6.4319999999991815,0.02180952380952381,0.857904761904762
6.432499999999181,0.021714285714285714,0.8578095238095238
6.432999999999181,0.021619047619047618,0.8577142857142858
6.4334999999991815,0.021523809523809525,0.8576190476190476
6.433999999999181,0.021523809523809525,0.8576190476190476
6.434499999999181,0.021523809523809525,0.8576190476190476
6.434999999999182,0.021523809523809525,0.8576190476190476
6.435499999999181,0.021523809523809525,0.8576190476190476
6.435999999999181,0.021523809523809525,0.8575238095238096
6.436499999999181,0.021523809523809525,0.8575238095238096
6.4369999999991805,0.02142857142857143,0.8575238095238096
6.437499999999181,0.02142857142857143,0.8573333333333333
6.437999999999181,0.021333333333333333,0.8571428571428571
6.4384999999991805,0.021238095238095236,0.8570476190476191
6.438999999999181,0.021238095238095236,0.8570476190476191
6.439499999999181,0.021238095238095236,0.8569523809523809
6.439999999999181,0.021142857142857144,0.8568571428571429
6.44049999999918,0.021142857142857144,0.8568571428571429
6.44099999999918,0.02095238095238095,0.8567619047619047
6.441499999999181,0.02095238095238095,0.8566666666666667
6.44199999999918,0.02095238095238095,0.8566666666666667
6.44249999999918,0.02095238095238095,0.8566666666666667
6.442999999999181,0.02095238095238095,0.8565714285714285
6.44349999999918,0.02095238095238095,0.8564761904761905
6.44399999999918,0.02095238095238095,0.8564761904761905
6.44449999999918,0.02095238095238095,0.8563809523809524
6.44499999999918,0.02095238095238095,0.8560952380952381
6.44549999999918,0.02095238095238095,0.8560952380952381
6.44599999999918,0.02085714285714286,0.8560952380952381
6.44649999999918,0.02057142857142857,0.856
6.44699999999918,0.02019047619047619,0.855904761904762
6.44749999999918,0.020095238095238097,0.855904761904762
6.44799999999918,0.02,0.855904761904762
6.448499999999179,0.019809523809523808,0.8558095238095238
6.448999999999179,0.019809523809523808,0.8554285714285714
6.44949999999918,0.01961904761904762,0.8554285714285714
6.4499999999991795,0.019428571428571427,0.8554285714285714
6.450499999999179,0.019428571428571427,0.8553333333333333
6.45099999999918,0.019333333333333334,0.8553333333333333
6.45149999999918,0.019333333333333334,0.8552380952380952
6.451999999999179,0.019333333333333334,0.8550476190476191
6.452499999999179,0.019333333333333334,0.8549523809523809
6.452999999999179,0.019333333333333334,0.8547619047619047
6.453499999999179,0.01904761904761905,0.8545714285714285
6.453999999999179,0.018952380952380953,0.8543809523809524
6.454499999999179,0.018857142857142857,0.8541904761904762
6.454999999999179,0.018857142857142857,0.8540952380952381
6.455499999999179,0.018857142857142857,0.8540952380952381
6.455999999999179,0.018857142857142857,0.854
6.456499999999179,0.018857142857142857,0.8539047619047619
6.456999999999178,0.018857142857142857,0.8536190476190476
6.457499999999179,0.018666666666666668,0.8535238095238096
6.457999999999179,0.018666666666666668,0.8534285714285714
6.458499999999178,0.018666666666666668,0.8534285714285714
6.458999999999179,0.018666666666666668,0.8534285714285714
6.459499999999179,0.018666666666666668,0.8534285714285714
6.459999999999178,0.018571428571428572,0.8534285714285714
6.460499999999178,0.018571428571428572,0.8533333333333334
6.460999999999178,0.018476190476190476,0.853047619047619
6.4614999999991785,0.01838095238095238,0.8527619047619047
6.461999999999178,0.018285714285714287,0.8523809523809524
6.462499999999178,0.01819047619047619,0.8521904761904762
6.4629999999991785,0.01819047619047619,0.8520952380952381
6.463499999999178,0.01819047619047619,0.852
6.463999999999178,0.01819047619047619,0.852
6.464499999999178,0.01819047619047619,0.852
6.464999999999177,0.018095238095238095,0.8519047619047619
6.465499999999178,0.018095238095238095,0.8517142857142858
6.465999999999178,0.018,0.8516190476190476
6.4664999999991775,0.018,0.8516190476190476
6.466999999999178,0.017904761904761906,0.8515238095238096
6.467499999999178,0.017904761904761906,0.8513333333333334
6.4679999999991775,0.017904761904761906,0.8512380952380952
6.468499999999177,0.017904761904761906,0.8511428571428571
6.468999999999177,0.01780952380952381,0.851047619047619
6.469499999999178,0.01780952380952381,0.8508571428571429
6.469999999999177,0.017714285714285714,0.8508571428571429
6.470499999999177,0.017714285714285714,0.8507619047619047
6.470999999999178,0.017714285714285714,0.8506666666666667
6.471499999999177,0.017714285714285714,0.8506666666666667
6.471999999999177,0.017523809523809525,0.8506666666666667
6.472499999999177,0.017523809523809525,0.8505714285714285
6.4729999999991765,0.01742857142857143,0.8503809523809523
6.473499999999177,0.017333333333333333,0.8502857142857143
6.473999999999177,0.017333333333333333,0.8502857142857143
6.474499999999177,0.017333333333333333,0.8502857142857143
6.474999999999177,0.017238095238095236,0.8501904761904762
6.475499999999177,0.017238095238095236,0.8501904761904762
6.475999999999177,0.017142857142857144,0.8500952380952381
6.476499999999176,0.01695238095238095,0.85
6.476999999999176,0.01685714285714286,0.8499047619047619
6.477499999999177,0.01685714285714286,0.8497142857142858
6.477999999999176,0.01685714285714286,0.8497142857142858
6.478499999999176,0.01685714285714286,0.8497142857142858
6.478999999999177,0.01685714285714286,0.8496190476190476
6.4794999999991765,0.016761904761904763,0.8495238095238096
6.479999999999176,0.01657142857142857,0.8493333333333334
6.480499999999176,0.016476190476190478,0.8493333333333334
6.480999999999176,0.01638095238095238,0.8493333333333334
6.481499999999176,0.01638095238095238,0.8493333333333334
6.481999999999176,0.016285714285714285,0.8492380952380952
6.482499999999176,0.016285714285714285,0.8491428571428571
6.482999999999176,0.016285714285714285,0.849047619047619
6.483499999999176,0.016285714285714285,0.849047619047619
6.483999999999176,0.016095238095238096,0.849047619047619
6.4844999999991755,0.016095238095238096,0.8489523809523809
6.484999999999175,0.015904761904761904,0.8489523809523809
6.485499999999176,0.015809523809523808,0.8487619047619047
6.4859999999991755,0.015714285714285715,0.8487619047619047
6.486499999999175,0.01561904761904762,0.8487619047619047
6.486999999999176,0.015428571428571429,0.8487619047619047
6.487499999999176,0.015333333333333332,0.8487619047619047
6.487999999999175,0.015333333333333332,0.8487619047619047
6.488499999999175,0.015333333333333332,0.8487619047619047
6.488999999999175,0.015047619047619048,0.8487619047619047
6.489499999999175,0.015047619047619048,0.8486666666666667
6.489999999999175,0.015047619047619048,0.8481904761904762
6.490499999999175,0.015047619047619048,0.8480952380952381
6.490999999999175,0.015047619047619048,0.8480952380952381
6.491499999999175,0.015047619047619048,0.8478095238095238
6.491999999999175,0.015047619047619048,0.8478095238095238
6.492499999999175,0.015047619047619048,0.8477142857142858
6.492999999999174,0.014952380952380953,0.8475238095238096
6.493499999999175,0.014952380952380953,0.8475238095238096
6.493999999999175,0.014952380952380953,0.8474285714285714
6.494499999999174,0.014857142857142857,0.8473333333333334
6.494999999999175,0.014761904761904763,0.8472380952380952
6.495499999999175,0.014761904761904763,0.8471428571428572
6.495999999999174,0.014761904761904763,0.8467619047619047
6.496499999999174,0.014761904761904763,0.8465714285714285
6.496999999999174,0.014761904761904763,0.8465714285714285
6.4974999999991745,0.014761904761904763,0.8464761904761905
6.497999999999174,0.014761904761904763,0.8464761904761905
6.498499999999174,0.014761904761904763,0.8463809523809523
6.4989999999991745,0.014761904761904763,0.8460952380952381
6.499499999999174,0.014761904761904763,0.8459047619047619
6.499999999999174,0.014666666666666666,0.8458095238095238
6.500499999999174,0.014666666666666666,0.8458095238095238
6.500999999999173,0.014666666666666666,0.8456190476190476
6.501499999999174,0.014666666666666666,0.8455238095238096
6.501999999999174,0.014666666666666666,0.8455238095238096
6.5024999999991735,0.014571428571428572,0.8451428571428572
6.502999999999174,0.014476190476190476,0.8451428571428572
6.503499999999174,0.014476190476190476,0.845047619047619
6.5039999999991736,0.014476190476190476,0.845047619047619
6.504499999999173,0.014476190476190476,0.845047619047619
6.504999999999173,0.014476190476190476,0.8449523809523809
6.505499999999174,0.014476190476190476,0.8448571428571429
6.505999999999173,0.014380952380952381,0.8446666666666667
6.506499999999173,0.014380952380952381,0.8445714285714285
6.506999999999174,0.014380952380952381,0.8444761904761905
6.507499999999173,0.014380952380952381,0.8443809523809523
6.507999999999173,0.014285714285714285,0.8443809523809523
6.508499999999173,0.014285714285714285,0.8442857142857143
6.508999999999173,0.014285714285714285,0.8442857142857143
6.509499999999173,0.014285714285714285,0.844
6.509999999999173,0.014285714285714285,0.844
6.510499999999173,0.01419047619047619,0.844
6.510999999999173,0.014095238095238095,0.8439047619047619
6.511499999999173,0.014095238095238095,0.8439047619047619
6.511999999999173,0.014,0.8439047619047619
6.512499999999172,0.014,0.8439047619047619
6.512999999999172,0.013904761904761904,0.8438095238095238
6.513499999999173,0.013714285714285714,0.8438095238095238
6.5139999999991725,0.01361904761904762,0.8435238095238096
6.514499999999172,0.013523809523809523,0.8434285714285714
6.514999999999173,0.013523809523809523,0.8433333333333334
6.5154999999991725,0.013333333333333334,0.8432380952380952
6.515999999999172,0.013142857142857144,0.843047619047619
6.516499999999172,0.012857142857142857,0.8429523809523809
6.516999999999172,0.012857142857142857,0.8428571428571429
6.517499999999172,0.012761904761904763,0.8426666666666667
6.517999999999172,0.012761904761904763,0.8421904761904762
6.518499999999172,0.012666666666666666,0.842
6.518999999999172,0.012666666666666666,0.8419047619047619
6.519499999999172,0.012666666666666666,0.8417142857142857
6.519999999999172,0.012666666666666666,0.8417142857142857
6.5204999999991715,0.012666666666666666,0.8416190476190476
6.520999999999171,0.012571428571428572,0.8415238095238096
6.521499999999172,0.012571428571428572,0.8414285714285714
6.521999999999172,0.012476190476190476,0.8414285714285714
6.522499999999171,0.012380952380952381,0.8414285714285714
6.522999999999172,0.012380952380952381,0.8412380952380952
6.523499999999172,0.012285714285714285,0.841047619047619
6.523999999999171,0.01219047619047619,0.841047619047619
6.524499999999171,0.01219047619047619,0.841047619047619
6.524999999999171,0.012095238095238095,0.841047619047619
6.525499999999171,0.012095238095238095,0.8408571428571429
6.525999999999171,0.012095238095238095,0.8406666666666667
6.526499999999171,0.012095238095238095,0.8403809523809523
6.5269999999991715,0.012095238095238095,0.8403809523809523
6.527499999999171,0.012095238095238095,0.8403809523809523
6.527999999999171,0.012,0.8403809523809523
6.528499999999171,0.011904761904761904,0.8403809523809523
6.52899999999917,0.011714285714285714,0.8403809523809523
6.529499999999171,0.011619047619047619,0.8400952380952381
6.529999999999171,0.011619047619047619,0.8400952380952381
6.53049999999917,0.011619047619047619,0.84
6.530999999999171,0.011523809523809523,0.8399047619047619
6.531499999999171,0.011523809523809523,0.8398095238095238
6.5319999999991705,0.011523809523809523,0.8396190476190476
6.53249999999917,0.011523809523809523,0.8394285714285714
6.53299999999917,0.011428571428571429,0.8393333333333334
6.5334999999991705,0.011333333333333334,0.8391428571428572
6.53399999999917,0.011333333333333334,0.8391428571428572
6.53449999999917,0.011333333333333334,0.8388571428571429
6.534999999999171,0.011333333333333334,0.8387619047619047
6.53549999999917,0.011333333333333334,0.8387619047619047
6.53599999999917,0.011238095238095238,0.8385714285714285
6.53649999999917,0.011238095238095238,0.8385714285714285
6.5369999999991695,0.011238095238095238,0.8383809523809523
6.53749999999917,0.011142857142857144,0.8382857142857143
6.53799999999917,0.011142857142857144,0.8380952380952381
6.5384999999991695,0.011047619047619047,0.838
6.53899999999917,0.011047619047619047,0.8379047619047619
6.53949999999917,0.011047619047619047,0.8378095238095238
6.53999999999917,0.011047619047619047,0.8377142857142857
6.540499999999169,0.010952380952380953,0.8376190476190476
6.540999999999169,0.010857142857142857,0.8376190476190476
6.54149999999917,0.010857142857142857,0.8376190476190476
6.541999999999169,0.010857142857142857,0.8373333333333334
6.542499999999169,0.010761904761904762,0.8372380952380952
6.54299999999917,0.010761904761904762,0.8372380952380952
6.543499999999169,0.010761904761904762,0.8372380952380952
6.543999999999169,0.010761904761904762,0.8372380952380952
6.544499999999169,0.010666666666666666,0.8372380952380952
6.544999999999169,0.010666666666666666,0.8371428571428572
6.545499999999169,0.010571428571428572,0.8371428571428572
6.545999999999169,0.010476190476190476,0.837047619047619
6.546499999999169,0.010380952380952381,0.837047619047619
6.546999999999169,0.010380952380952381,0.8368571428571429
6.547499999999169,0.01019047619047619,0.8367619047619047
6.547999999999169,0.01019047619047619,0.8367619047619047
6.548499999999168,0.010095238095238095,0.8366666666666667
6.548999999999168,0.010095238095238095,0.8366666666666667
6.549499999999169,0.01,0.8365714285714285
6.5499999999991685,0.01,0.8365714285714285
6.550499999999168,0.01,0.8364761904761905
6.550999999999169,0.01,0.8363809523809523
6.5514999999991685,0.01,0.8362857142857143
6.551999999999168,0.01,0.8362857142857143
6.552499999999168,0.01,0.8360952380952381
6.552999999999168,0.01,0.8359047619047619
6.553499999999168,0.009904761904761904,0.8356190476190476
6.553999999999168,0.009904761904761904,0.8355238095238096
6.554499999999168,0.00980952380952381,0.8355238095238096
6.554999999999168,0.00980952380952381,0.8354285714285714
6.555499999999168,0.00980952380952381,0.8354285714285714
6.555999999999168,0.00980952380952381,0.8354285714285714
6.5564999999991675,0.00980952380952381,0.8354285714285714
6.556999999999167,0.00980952380952381,0.8353333333333334
6.557499999999168,0.00980952380952381,0.8352380952380952
6.557999999999168,0.00980952380952381,0.835047619047619
6.558499999999167,0.00980952380952381,0.835047619047619
6.558999999999168,0.009714285714285713,0.834952380952381
6.559499999999168,0.009714285714285713,0.8346666666666667
6.559999999999167,0.009714285714285713,0.8345714285714285
6.560499999999167,0.009619047619047619,0.8345714285714285
6.560999999999167,0.009619047619047619,0.8343809523809523
6.561499999999167,0.009619047619047619,0.8343809523809523
6.561999999999167,0.009619047619047619,0.8343809523809523
6.562499999999167,0.009428571428571429,0.8343809523809523
6.5629999999991675,0.009428571428571429,0.8343809523809523
6.563499999999167,0.009428571428571429,0.8341904761904761
6.563999999999167,0.009428571428571429,0.8339047619047619
6.564499999999167,0.009428571428571429,0.8339047619047619
6.564999999999166,0.009428571428571429,0.8337142857142857
6.565499999999167,0.009428571428571429,0.8336190476190476
6.565999999999167,0.009333333333333334,0.8336190476190476
6.5664999999991664,0.009333333333333334,0.8336190476190476
6.566999999999167,0.009333333333333334,0.8335238095238096
6.567499999999167,0.009333333333333334,0.8335238095238096
6.5679999999991665,0.009333333333333334,0.8334285714285714
6.568499999999166,0.009238095238095238,0.8333333333333334
6.568999999999166,0.009238095238095238,0.8332380952380952
6.569499999999167,0.009238095238095238,0.8331428571428572
6.569999999999166,0.009238095238095238,0.833047619047619
6.570499999999166,0.009238095238095238,0.8328571428571429
6.570999999999167,0.009238095238095238,0.8327619047619048
6.571499999999166,0.009238095238095238,0.8327619047619048
6.571999999999166,0.009238095238095238,0.8327619047619048
6.572499999999166,0.009142857142857144,0.8325714285714285
6.5729999999991655,0.009142857142857144,0.8325714285714285
6.573499999999166,0.009047619047619047,0.8324761904761905
6.573999999999166,0.009047619047619047,0.8323809523809523
6.574499999999166,0.009047619047619047,0.8323809523809523
6.574999999999166,0.009047619047619047,0.8323809523809523
6.575499999999166,0.008952380952380953,0.8322857142857143
6.575999999999166,0.008952380952380953,0.8321904761904761
6.576499999999165,0.008857142857142857,0.8320952380952381
6.576999999999165,0.008857142857142857,0.832
6.577499999999166,0.008857142857142857,0.8319047619047619
6.577999999999165,0.008857142857142857,0.8318095238095238
6.578499999999165,0.008857142857142857,0.8318095238095238
6.578999999999166,0.008857142857142857,0.8317142857142857
6.5794999999991655,0.008857142857142857,0.8316190476190476
6.579999999999165,0.008761904761904762,0.8316190476190476
6.580499999999165,0.008761904761904762,0.8316190476190476
6.580999999999165,0.008666666666666666,0.8316190476190476
6.581499999999165,0.008476190476190476,0.8315238095238096
6.581999999999165,0.008476190476190476,0.8315238095238096
6.582499999999165,0.008476190476190476,0.8314285714285714
6.582999999999165,0.008380952380952381,0.8313333333333334
6.583499999999165,0.008380952380952381,0.8311428571428572
6.583999999999165,0.008285714285714285,0.8311428571428572
6.5844999999991645,0.00819047619047619,0.8308571428571428
6.584999999999164,0.00819047619047619,0.8306666666666667
6.585499999999165,0.00819047619047619,0.8305714285714285
6.5859999999991645,0.008095238095238095,0.8304761904761905
6.586499999999164,0.008095238095238095,0.8303809523809523
6.586999999999165,0.008095238095238095,0.8302857142857143
6.587499999999165,0.008095238095238095,0.8301904761904761
6.587999999999164,0.008095238095238095,0.83
6.588499999999164,0.008095238095238095,0.83
6.588999999999164,0.008,0.83
6.589499999999164,0.008,0.8299047619047619
6.589999999999164,0.008,0.8298095238095238
6.590499999999164,0.008,0.8298095238095238
6.590999999999164,0.007904761904761904,0.8297142857142857
6.591499999999164,0.007904761904761904,0.8297142857142857
6.591999999999164,0.007904761904761904,0.8297142857142857
6.592499999999164,0.007904761904761904,0.8296190476190476
6.592999999999163,0.007904761904761904,0.8296190476190476
6.593499999999164,0.007904761904761904,0.8295238095238096
6.593999999999164,0.00780952380952381,0.8295238095238096
6.594499999999163,0.00780952380952381,0.8294285714285714
6.594999999999164,0.007714285714285714,0.8292380952380952
6.595499999999164,0.007714285714285714,0.8291428571428572
6.595999999999163,0.007714285714285714,0.8291428571428572
6.596499999999163,0.007619047619047619,0.828952380952381
6.596999999999163,0.007619047619047619,0.8288571428571428
6.5974999999991635,0.007619047619047619,0.8286666666666667
6.597999999999163,0.007619047619047619,0.8285714285714286
6.598499999999163,0.007523809523809524,0.8282857142857143
6.5989999999991635,0.007523809523809524,0.8282857142857143
6.599499999999163,0.007523809523809524,0.8282857142857143
6.599999999999163,0.007523809523809524,0.8281904761904761
6.600499999999163,0.007523809523809524,0.8280952380952381
6.600999999999162,0.007523809523809524,0.828
6.601499999999163,0.007523809523809524,0.828
6.601999999999163,0.007523809523809524,0.8279047619047619
6.6024999999991625,0.0074285714285714285,0.8278095238095238
6.602999999999163,0.0074285714285714285,0.8277142857142857
6.603499999999163,0.0074285714285714285,0.8276190476190476
6.6039999999991625,0.0074285714285714285,0.8276190476190476
6.604499999999162,0.0074285714285714285,0.8276190476190476
6.604999999999162,0.0074285714285714285,0.8275238095238096
6.605499999999163,0.0074285714285714285,0.8274285714285714
6.605999999999162,0.0074285714285714285,0.8272380952380952
6.606499999999162,0.0074285714285714285,0.8271428571428572
6.606999999999163,0.0074285714285714285,0.8271428571428572
6.607499999999162,0.0074285714285714285,0.8271428571428572
6.607999999999162,0.0074285714285714285,0.826952380952381
6.608499999999162,0.0074285714285714285,0.8268571428571428
6.6089999999991615,0.007333333333333333,0.8268571428571428
6.609499999999162,0.007333333333333333,0.8267619047619048
6.609999999999162,0.007333333333333333,0.8267619047619048
6.610499999999162,0.007333333333333333,0.8264761904761905
6.610999999999162,0.007333333333333333,0.8264761904761905
6.611499999999162,0.007333333333333333,0.8264761904761905
6.611999999999162,0.007238095238095238,0.8264761904761905
6.612499999999161,0.007238095238095238,0.8264761904761905
6.612999999999161,0.007238095238095238,0.8263809523809523
6.613499999999162,0.007238095238095238,0.8263809523809523
6.613999999999161,0.007142857142857143,0.8262857142857143
6.614499999999161,0.007142857142857143,0.8261904761904761
6.614999999999162,0.007142857142857143,0.8259047619047619
6.6154999999991615,0.007142857142857143,0.8259047619047619
6.615999999999161,0.007142857142857143,0.8256190476190476
6.616499999999161,0.007142857142857143,0.8255238095238095
6.616999999999161,0.007047619047619047,0.8253333333333334
6.617499999999161,0.006952380952380952,0.825047619047619
6.617999999999161,0.006952380952380952,0.824952380952381
6.618499999999161,0.006952380952380952,0.824952380952381
6.618999999999161,0.006952380952380952,0.8248571428571428
6.619499999999161,0.006952380952380952,0.8247619047619048
6.619999999999161,0.006857142857142857,0.8246666666666667
6.6204999999991605,0.006857142857142857,0.8244761904761905
6.62099999999916,0.006857142857142857,0.8244761904761905
6.621499999999161,0.0067619047619047615,0.8244761904761905
6.621999999999161,0.006666666666666667,0.8244761904761905
6.62249999999916,0.006666666666666667,0.8242857142857143
6.622999999999161,0.006571428571428572,0.8240952380952381
6.623499999999161,0.006571428571428572,0.8240952380952381
6.62399999999916,0.006571428571428572,0.8240952380952381
6.62449999999916,0.006380952380952381,0.8238095238095238
6.62499999999916,0.006285714285714286,0.8237142857142857
6.62549999999916,0.006190476190476191,0.8235238095238095
6.62599999999916,0.006190476190476191,0.8233333333333334
6.62649999999916,0.006190476190476191,0.822952380952381
6.6269999999991605,0.006190476190476191,0.8227619047619048
6.62749999999916,0.006095238095238095,0.8224761904761905
6.62799999999916,0.006095238095238095,0.8223809523809524
6.62849999999916,0.006095238095238095,0.822
6.628999999999159,0.006,0.8219047619047619
6.62949999999916,0.006,0.8219047619047619
6.62999999999916,0.006,0.8217142857142857
6.630499999999159,0.006,0.8217142857142857
6.63099999999916,0.006,0.8216190476190476
6.63149999999916,0.006,0.8216190476190476
6.6319999999991595,0.006,0.8215238095238095
6.632499999999159,0.006,0.8213333333333334
6.632999999999159,0.006,0.8213333333333334
6.6334999999991595,0.006,0.821047619047619
6.633999999999159,0.006,0.8207619047619048
6.634499999999159,0.006,0.8206666666666667
6.63499999999916,0.006,0.8205714285714286
6.635499999999159,0.006,0.8205714285714286
6.635999999999159,0.005904761904761905,0.8205714285714286
6.636499999999159,0.005904761904761905,0.8205714285714286
6.6369999999991585,0.005904761904761905,0.8204761904761905
6.637499999999159,0.005904761904761905,0.8204761904761905
6.637999999999159,0.005904761904761905,0.8203809523809524
6.6384999999991585,0.005904761904761905,0.8203809523809524
6.638999999999159,0.005904761904761905,0.8202857142857143
6.639499999999159,0.005904761904761905,0.8201904761904761
6.639999999999159,0.005904761904761905,0.82
6.640499999999158,0.005904761904761905,0.8198095238095238
6.640999999999158,0.0058095238095238096,0.8197142857142857
6.641499999999159,0.0058095238095238096,0.8197142857142857
6.641999999999158,0.0058095238095238096,0.8196190476190476
6.642499999999158,0.0058095238095238096,0.8194285714285714
6.642999999999159,0.0058095238095238096,0.8191428571428572
6.643499999999158,0.0058095238095238096,0.8191428571428572
6.643999999999158,0.0058095238095238096,0.8191428571428572
6.644499999999158,0.0058095238095238096,0.8191428571428572
6.644999999999158,0.0058095238095238096,0.819047619047619
6.645499999999158,0.0058095238095238096,0.818952380952381
6.645999999999158,0.0058095238095238096,0.8186666666666667
6.646499999999158,0.0058095238095238096,0.8183809523809524
6.646999999999158,0.0058095238095238096,0.8183809523809524
6.647499999999158,0.0058095238095238096,0.8182857142857143
6.647999999999158,0.0058095238095238096,0.8181904761904762
6.648499999999157,0.0058095238095238096,0.8180952380952381
6.648999999999157,0.0058095238095238096,0.8180952380952381
6.649499999999158,0.0058095238095238096,0.818
6.6499999999991575,0.0058095238095238096,0.8179047619047619
6.650499999999157,0.0058095238095238096,0.8177142857142857
6.650999999999158,0.0058095238095238096,0.8177142857142857
6.6514999999991575,0.0058095238095238096,0.8176190476190476
6.651999999999157,0.0058095238095238096,0.8175238095238095
6.652499999999157,0.0058095238095238096,0.8174285714285714
6.652999999999157,0.0058095238095238096,0.8174285714285714
6.653499999999157,0.0058095238095238096,0.8174285714285714
6.653999999999157,0.0058095238095238096,0.8173333333333334
6.654499999999157,0.0058095238095238096,0.8173333333333334
6.654999999999157,0.0058095238095238096,0.8173333333333334
6.655499999999157,0.0058095238095238096,0.8173333333333334
6.655999999999157,0.0058095238095238096,0.8173333333333334
6.6564999999991565,0.0058095238095238096,0.8172380952380952
6.656999999999156,0.0058095238095238096,0.8172380952380952
6.657499999999157,0.0058095238095238096,0.8172380952380952
6.657999999999157,0.005714285714285714,0.816952380952381
6.658499999999156,0.005714285714285714,0.816952380952381
6.658999999999157,0.005523809523809524,0.8168571428571428
6.659499999999157,0.0054285714285714284,0.8167619047619048
6.659999999999156,0.0054285714285714284,0.8167619047619048
6.660499999999156,0.0054285714285714284,0.8165714285714286
6.660999999999156,0.0054285714285714284,0.8164761904761905
6.661499999999156,0.0054285714285714284,0.8163809523809524
6.661999999999156,0.0054285714285714284,0.8162857142857143
6.662499999999156,0.0054285714285714284,0.8161904761904762
6.6629999999991565,0.0054285714285714284,0.8160952380952381
6.663499999999156,0.0054285714285714284,0.8158095238095238
6.663999999999156,0.0054285714285714284,0.8158095238095238
6.664499999999156,0.0054285714285714284,0.8158095238095238
6.664999999999155,0.0054285714285714284,0.8157142857142857
6.665499999999156,0.0054285714285714284,0.8157142857142857
6.665999999999156,0.0054285714285714284,0.8156190476190476
6.666499999999155,0.0054285714285714284,0.8155238095238095
6.666999999999156,0.0054285714285714284,0.8154285714285714
6.667499999999156,0.0054285714285714284,0.8152380952380952
6.6679999999991555,0.0054285714285714284,0.8151428571428572
6.668499999999155,0.0054285714285714284,0.8151428571428572
6.668999999999155,0.0054285714285714284,0.815047619047619
6.6694999999991555,0.0054285714285714284,0.8148571428571428
6.669999999999155,0.0054285714285714284,0.8146666666666667
6.670499999999155,0.0054285714285714284,0.8145714285714286
6.670999999999156,0.0054285714285714284,0.8143809523809524
6.671499999999155,0.0054285714285714284,0.8143809523809524
6.671999999999155,0.0054285714285714284,0.8142857142857143
6.672499999999155,0.005238095238095238,0.8142857142857143
6.6729999999991545,0.005238095238095238,0.8140952380952381
6.673499999999155,0.005238095238095238,0.8139047619047619
6.673999999999155,0.005238095238095238,0.8137142857142857
6.6744999999991546,0.005238095238095238,0.8135238095238095
6.674999999999155,0.005238095238095238,0.8134285714285714
6.675499999999155,0.005238095238095238,0.8133333333333334
6.675999999999155,0.005238095238095238,0.8133333333333334
6.676499999999154,0.005238095238095238,0.812952380952381
6.676999999999154,0.005238095238095238,0.8127619047619048
6.677499999999155,0.005238095238095238,0.8126666666666666
6.677999999999154,0.005238095238095238,0.8126666666666666
6.678499999999154,0.005238095238095238,0.8124761904761905
6.678999999999155,0.005238095238095238,0.8124761904761905
6.6794999999991544,0.005142857142857143,0.8124761904761905
6.679999999999154,0.005142857142857143,0.8122857142857143
6.680499999999154,0.005142857142857143,0.8122857142857143
6.680999999999154,0.005142857142857143,0.8120952380952381
6.681499999999154,0.005142857142857143,0.8119047619047619
6.681999999999154,0.005142857142857143,0.8119047619047619
6.682499999999154,0.005142857142857143,0.8118095238095238
6.682999999999154,0.005142857142857143,0.8116190476190476
6.683499999999154,0.005142857142857143,0.8115238095238095
6.683999999999154,0.005142857142857143,0.8111428571428572
6.6844999999991535,0.005047619047619047,0.8111428571428572
6.684999999999153,0.005047619047619047,0.8111428571428572
6.685499999999154,0.005047619047619047,0.8108571428571428
6.6859999999991535,0.005047619047619047,0.8106666666666666
6.686499999999153,0.005047619047619047,0.8104761904761905
6.686999999999154,0.005047619047619047,0.8103809523809524
6.687499999999154,0.004952380952380952,0.8103809523809524
6.687999999999153,0.004952380952380952,0.8103809523809524
6.688499999999153,0.004952380952380952,0.81
6.688999999999153,0.004952380952380952,0.81
6.689499999999153,0.004952380952380952,0.8098095238095238
6.689999999999153,0.004952380952380952,0.8096190476190476
6.690499999999153,0.004952380952380952,0.8095238095238095
6.690999999999153,0.004952380952380952,0.8092380952380952
6.691499999999153,0.004952380952380952,0.8091428571428572
6.691999999999153,0.004952380952380952,0.8091428571428572
6.692499999999153,0.004761904761904762,0.808952380952381
6.692999999999152,0.004761904761904762,0.8088571428571428
6.693499999999153,0.004666666666666667,0.8087619047619048
6.693999999999153,0.004666666666666667,0.8085714285714286
6.694499999999152,0.004666666666666667,0.8085714285714286
6.694999999999153,0.004666666666666667,0.8084761904761905
6.695499999999153,0.004666666666666667,0.8084761904761905
6.695999999999152,0.004571428571428572,0.8083809523809524
6.696499999999152,0.004571428571428572,0.8081904761904762
6.696999999999152,0.004571428571428572,0.808
6.6974999999991525,0.004571428571428572,0.808
6.697999999999152,0.004571428571428572,0.8079047619047619
6.698499999999152,0.004571428571428572,0.8079047619047619
6.6989999999991525,0.004571428571428572,0.8079047619047619
6.699499999999152,0.0044761904761904765,0.8077142857142857
6.699999999999152,0.0044761904761904765,0.8076190476190476
6.700499999999152,0.0044761904761904765,0.8076190476190476
6.700999999999151,0.0044761904761904765,0.8075238095238095
6.701499999999152,0.0044761904761904765,0.8074285714285714
6.701999999999152,0.0044761904761904765,0.8073333333333333
6.7024999999991515,0.0044761904761904765,0.8072380952380952
6.702999999999152,0.0044761904761904765,0.8071428571428572
6.703499999999152,0.0044761904761904765,0.807047619047619
6.7039999999991515,0.0044761904761904765,0.806952380952381
6.704499999999151,0.0044761904761904765,0.8068571428571428
6.704999999999151,0.0044761904761904765,0.8065714285714286
6.705499999999152,0.0044761904761904765,0.8065714285714286
6.705999999999151,0.0044761904761904765,0.8065714285714286
6.706499999999151,0.004380952380952381,0.8063809523809524
6.706999999999152,0.004380952380952381,0.8063809523809524
6.707499999999151,0.004380952380952381,0.8063809523809524
6.707999999999151,0.004380952380952381,0.8062857142857143
6.708499999999151,0.004285714285714286,0.8060952380952381
6.7089999999991505,0.004285714285714286,0.8059047619047619
6.709499999999151,0.004190476190476191,0.8058095238095239
6.709999999999151,0.004190476190476191,0.8058095238095239
6.710499999999151,0.004190476190476191,0.8056190476190476
6.710999999999151,0.004095238095238095,0.8055238095238095
6.711499999999151,0.004,0.8054285714285714
6.711999999999151,0.004,0.8054285714285714
6.71249999999915,0.004,0.8054285714285714
6.71299999999915,0.004,0.8054285714285714
6.713499999999151,0.004,0.8053333333333333
6.71399999999915,0.004,0.8052380952380952
6.71449999999915,0.004,0.8052380952380952
6.714999999999151,0.004,0.8051428571428572
6.7154999999991505,0.004,0.8048571428571428
6.71599999999915,0.004,0.8046666666666666
6.71649999999915,0.004,0.8044761904761905
6.71699999999915,0.004,0.8043809523809524
6.71749999999915,0.004,0.8041904761904762
6.71799999999915,0.004,0.8039047619047619
6.71849999999915,0.004,0.8037142857142857
6.71899999999915,0.004,0.8037142857142857
6.71949999999915,0.004,0.8037142857142857
6.71999999999915,0.004,0.8036190476190476
6.7204999999991495,0.004,0.8036190476190476
6.720999999999149,0.003904761904761905,0.8033333333333333
6.72149999999915,0.003904761904761905,0.8033333333333333
6.7219999999991495,0.003904761904761905,0.8033333333333333
6.722499999999149,0.003904761904761905,0.8032380952380952
6.72299999999915,0.003904761904761905,0.8031428571428572
6.72349999999915,0.003904761904761905,0.802952380952381
6.723999999999149,0.003904761904761905,0.8028571428571428
6.724499999999149,0.003904761904761905,0.8028571428571428
6.724999999999149,0.003904761904761905,0.8025714285714286
6.725499999999149,0.003904761904761905,0.8023809523809524
6.725999999999149,0.003904761904761905,0.8023809523809524
6.726499999999149,0.0038095238095238095,0.8021904761904762
6.726999999999149,0.0038095238095238095,0.8019047619047619
6.727499999999149,0.0038095238095238095,0.8018095238095239
6.727999999999149,0.0038095238095238095,0.8017142857142857
6.728499999999149,0.0038095238095238095,0.8014285714285714
6.728999999999148,0.0038095238095238095,0.8012380952380952
6.729499999999149,0.0038095238095238095,0.8012380952380952
6.729999999999149,0.0038095238095238095,0.8011428571428572
6.730499999999148,0.0037142857142857142,0.801047619047619
6.730999999999149,0.0037142857142857142,0.800952380952381
6.731499999999149,0.0037142857142857142,0.8008571428571428
6.731999999999148,0.003619047619047619,0.8008571428571428
6.732499999999148,0.003619047619047619,0.8007619047619048
6.732999999999148,0.003619047619047619,0.8007619047619048
6.7334999999991485,0.0035238095238095237,0.8006666666666666
6.733999999999148,0.0035238095238095237,0.8004761904761905
6.734499999999148,0.0035238095238095237,0.8001904761904762
6.734999999999149,0.0035238095238095237,0.8000952380952381
6.735499999999148,0.0034285714285714284,0.8000952380952381
6.735999999999148,0.0034285714285714284,0.8000952380952381
6.736499999999148,0.0034285714285714284,0.8
6.7369999999991474,0.0034285714285714284,0.7998095238095239
6.737499999999148,0.0034285714285714284,0.7997142857142857
6.737999999999148,0.0034285714285714284,0.7994285714285714
6.7384999999991475,0.0034285714285714284,0.7993333333333333
6.738999999999148,0.0034285714285714284,0.799047619047619
6.739499999999148,0.0034285714285714284,0.7987619047619048
6.739999999999148,0.0034285714285714284,0.7987619047619048
6.740499999999147,0.0034285714285714284,0.7987619047619048
6.740999999999147,0.0034285714285714284,0.7985714285714286
6.741499999999148,0.0034285714285714284,0.7985714285714286
6.741999999999147,0.0034285714285714284,0.7984761904761905
6.742499999999147,0.0034285714285714284,0.7982857142857143
6.742999999999148,0.0034285714285714284,0.798
6.743499999999147,0.0034285714285714284,0.7979047619047619
6.743999999999147,0.0034285714285714284,0.7976190476190477
6.744499999999147,0.0034285714285714284,0.7974285714285714
6.744999999999147,0.0034285714285714284,0.7973333333333333
6.745499999999147,0.0033333333333333335,0.7973333333333333
6.745999999999147,0.0033333333333333335,0.7972380952380952
6.746499999999147,0.0033333333333333335,0.797047619047619
6.746999999999147,0.0033333333333333335,0.796952380952381
6.747499999999147,0.0032380952380952383,0.796952380952381
6.747999999999147,0.003142857142857143,0.7968571428571428
6.748499999999146,0.003142857142857143,0.7968571428571428
6.748999999999146,0.003142857142857143,0.7965714285714286
6.749499999999147,0.003142857142857143,0.7965714285714286
6.7499999999991465,0.003142857142857143,0.7964761904761904
6.750499999999146,0.003142857142857143,0.7963809523809524
6.750999999999147,0.003142857142857143,0.7961904761904762
6.7514999999991465,0.003142857142857143,0.7961904761904762
6.751999999999146,0.003142857142857143,0.7961904761904762
6.752499999999146,0.003142857142857143,0.7961904761904762
6.752999999999146,0.003142857142857143,0.7959047619047619
6.753499999999146,0.003142857142857143,0.7959047619047619
6.753999999999146,0.003142857142857143,0.7957142857142857
6.754499999999146,0.003142857142857143,0.7954285714285714
6.754999999999146,0.003142857142857143,0.7953333333333333
6.755499999999146,0.003142857142857143,0.7951428571428572
6.755999999999146,0.003142857142857143,0.7951428571428572
6.7564999999991455,0.003142857142857143,0.7951428571428572
6.756999999999145,0.003142857142857143,0.7951428571428572
6.757499999999146,0.003142857142857143,0.7948571428571428
6.757999999999146,0.003142857142857143,0.7948571428571428
6.758499999999145,0.003142857142857143,0.7948571428571428
6.758999999999146,0.0030476190476190477,0.7947619047619048
6.759499999999146,0.0030476190476190477,0.7947619047619048
6.759999999999145,0.0030476190476190477,0.7947619047619048
6.760499999999145,0.0030476190476190477,0.7947619047619048
6.760999999999145,0.0029523809523809524,0.7946666666666666
6.761499999999145,0.0029523809523809524,0.7945714285714286
6.761999999999145,0.0029523809523809524,0.7944761904761904
6.762499999999145,0.0029523809523809524,0.7943809523809524
6.7629999999991455,0.0029523809523809524,0.7943809523809524
6.763499999999145,0.0029523809523809524,0.7942857142857143
6.763999999999145,0.0029523809523809524,0.7942857142857143
6.764499999999145,0.0029523809523809524,0.7942857142857143
6.764999999999144,0.0029523809523809524,0.7941904761904762
6.765499999999145,0.0029523809523809524,0.7940952380952381
6.765999999999145,0.0029523809523809524,0.794
6.766499999999144,0.0029523809523809524,0.794
6.766999999999145,0.002857142857142857,0.7939047619047619
6.767499999999145,0.002761904761904762,0.7938095238095239
6.7679999999991445,0.002761904761904762,0.7937142857142857
6.768499999999144,0.0026666666666666666,0.7936190476190477
6.768999999999144,0.0026666666666666666,0.7935238095238095
6.7694999999991445,0.0026666666666666666,0.7934285714285715
6.769999999999144,0.0026666666666666666,0.7933333333333333
6.770499999999144,0.0026666666666666666,0.7931428571428571
6.770999999999145,0.0026666666666666666,0.793047619047619
6.771499999999144,0.0026666666666666666,0.793047619047619
6.771999999999144,0.0026666666666666666,0.793047619047619
6.772499999999144,0.0026666666666666666,0.7926666666666666
6.7729999999991435,0.0026666666666666666,0.7925714285714286
6.773499999999144,0.0026666666666666666,0.7924761904761904
6.773999999999144,0.0025714285714285713,0.7924761904761904
6.7744999999991435,0.0025714285714285713,0.7924761904761904
6.774999999999144,0.0025714285714285713,0.7923809523809524
6.775499999999144,0.0025714285714285713,0.7922857142857143
6.775999999999144,0.0025714285714285713,0.7921904761904762
6.776499999999143,0.0025714285714285713,0.7920952380952381
6.776999999999143,0.0025714285714285713,0.792
6.777499999999144,0.0025714285714285713,0.7919047619047619
6.777999999999143,0.0025714285714285713,0.7919047619047619
6.778499999999143,0.0025714285714285713,0.7917142857142857
6.778999999999144,0.002476190476190476,0.7916190476190477
6.779499999999143,0.002476190476190476,0.7916190476190477
6.779999999999143,0.002476190476190476,0.7916190476190477
6.780499999999143,0.002476190476190476,0.7915238095238095
6.780999999999143,0.002476190476190476,0.7912380952380952
6.781499999999143,0.002476190476190476,0.7912380952380952
6.781999999999143,0.002476190476190476,0.7911428571428571
6.782499999999143,0.002476190476190476,0.791047619047619
6.782999999999143,0.002476190476190476,0.790952380952381
6.783499999999143,0.002476190476190476,0.7908571428571428
6.783999999999143,0.002476190476190476,0.7907619047619048
6.784499999999142,0.002476190476190476,0.7907619047619048
6.784999999999142,0.002476190476190476,0.7906666666666666
6.785499999999143,0.002476190476190476,0.7906666666666666
6.7859999999991425,0.002476190476190476,0.7901904761904762
6.786499999999142,0.002476190476190476,0.7900952380952381
6.786999999999143,0.002476190476190476,0.7899047619047619
6.7874999999991426,0.002476190476190476,0.7898095238095239
6.787999999999142,0.002476190476190476,0.7897142857142857
6.788499999999142,0.002476190476190476,0.7896190476190477
6.788999999999142,0.002476190476190476,0.7896190476190477
6.789499999999142,0.002476190476190476,0.7895238095238095
6.789999999999142,0.002476190476190476,0.7894285714285715
6.790499999999142,0.002476190476190476,0.7892380952380952
6.790999999999142,0.002476190476190476,0.7892380952380952
6.791499999999142,0.002476190476190476,0.788952380952381
6.791999999999142,0.002476190476190476,0.7888571428571428
6.792499999999142,0.002476190476190476,0.7885714285714286
6.792999999999141,0.002476190476190476,0.7885714285714286
6.793499999999142,0.002476190476190476,0.7884761904761904
6.793999999999142,0.002476190476190476,0.7884761904761904
6.794499999999141,0.002476190476190476,0.7883809523809524
6.794999999999142,0.002476190476190476,0.7883809523809524
6.795499999999142,0.002476190476190476,0.7881904761904762
6.795999999999141,0.002476190476190476,0.788
6.796499999999141,0.002476190476190476,0.7879047619047619
6.796999999999141,0.002380952380952381,0.7879047619047619
6.7974999999991415,0.002380952380952381,0.7879047619047619
6.797999999999141,0.002380952380952381,0.7878095238095238
6.798499999999141,0.002380952380952381,0.7876190476190477
6.7989999999991415,0.002380952380952381,0.7875238095238095
6.799499999999141,0.002380952380952381,0.7873333333333333
6.799999999999141,0.002380952380952381,0.7871428571428571
6.800499999999141,0.002380952380952381,0.786952380952381
6.80099999999914,0.002380952380952381,0.7868571428571428
6.801499999999141,0.002380952380952381,0.7868571428571428
6.801999999999141,0.002380952380952381,0.7868571428571428
6.8024999999991405,0.002380952380952381,0.7867619047619048
6.802999999999141,0.002380952380952381,0.7867619047619048
6.803499999999141,0.002380952380952381,0.7865714285714286
6.8039999999991405,0.002380952380952381,0.7865714285714286
6.80449999999914,0.002380952380952381,0.7865714285714286
6.80499999999914,0.002380952380952381,0.7865714285714286
6.805499999999141,0.002380952380952381,0.7864761904761904
6.80599999999914,0.002380952380952381,0.7863809523809524
6.80649999999914,0.002380952380952381,0.7861904761904762
6.806999999999141,0.002380952380952381,0.7861904761904762
6.80749999999914,0.002380952380952381,0.7861904761904762
6.80799999999914,0.002380952380952381,0.7860952380952381
6.80849999999914,0.002380952380952381,0.7859047619047619
6.8089999999991395,0.002380952380952381,0.7859047619047619
6.80949999999914,0.002380952380952381,0.7859047619047619
6.80999999999914,0.002380952380952381,0.7858095238095238
6.81049999999914,0.002380952380952381,0.7857142857142857
6.81099999999914,0.002380952380952381,0.7857142857142857
6.81149999999914,0.002380952380952381,0.7855238095238095
6.81199999999914,0.002380952380952381,0.7854285714285715
6.812499999999139,0.002380952380952381,0.7854285714285715
6.812999999999139,0.002380952380952381,0.7854285714285715
6.81349999999914,0.002380952380952381,0.7853333333333333
6.813999999999139,0.002380952380952381,0.7853333333333333
6.814499999999139,0.002380952380952381,0.7853333333333333
6.81499999999914,0.002285714285714286,0.785047619047619
6.8154999999991395,0.002285714285714286,0.785047619047619
6.815999999999139,0.002285714285714286,0.7847619047619048
6.816499999999139,0.002285714285714286,0.7845714285714286
6.816999999999139,0.002285714285714286,0.7845714285714286
6.817499999999139,0.002285714285714286,0.7843809523809524
6.817999999999139,0.002285714285714286,0.7842857142857143
6.818499999999139,0.0021904761904761906,0.7840952380952381
6.818999999999139,0.0021904761904761906,0.784
6.819499999999139,0.0021904761904761906,0.7839047619047619
6.819999999999139,0.0021904761904761906,0.7838095238095238
6.8204999999991385,0.0021904761904761906,0.7837142857142857
6.820999999999138,0.0021904761904761906,0.7836190476190477
6.821499999999139,0.0021904761904761906,0.7836190476190477
6.8219999999991385,0.0021904761904761906,0.7836190476190477
6.822499999999138,0.0021904761904761906,0.7835238095238095
6.822999999999139,0.0021904761904761906,0.7835238095238095
6.823499999999139,0.0021904761904761906,0.7834285714285715
6.823999999999138,0.0021904761904761906,0.7834285714285715
6.824499999999138,0.0021904761904761906,0.7832380952380953
6.824999999999138,0.0021904761904761906,0.7832380952380953
6.825499999999138,0.0021904761904761906,0.7831428571428571
6.825999999999138,0.0021904761904761906,0.7831428571428571
6.826499999999138,0.0021904761904761906,0.782952380952381
6.826999999999138,0.0021904761904761906,0.782952380952381
6.827499999999138,0.0021904761904761906,0.782952380952381
6.827999999999138,0.0021904761904761906,0.7828571428571428
6.828499999999138,0.0021904761904761906,0.7828571428571428
6.828999999999137,0.0021904761904761906,0.7828571428571428
6.829499999999138,0.0021904761904761906,0.7828571428571428
6.829999999999138,0.0021904761904761906,0.7827619047619048
6.830499999999137,0.0020952380952380953,0.7827619047619048
6.830999999999138,0.002,0.7826666666666666
6.831499999999138,0.002,0.7825714285714286
6.831999999999137,0.002,0.7825714285714286
6.832499999999137,0.002,0.7822857142857143
6.832999999999137,0.002,0.7822857142857143
6.8334999999991375,0.002,0.7822857142857143
6.833999999999137,0.002,0.7821904761904762
6.834499999999137,0.002,0.7821904761904762
6.8349999999991375,0.002,0.7821904761904762
6.835499999999137,0.002,0.7821904761904762
6.835999999999137,0.002,0.7818095238095238
6.836499999999137,0.002,0.7817142857142857
6.836999999999136,0.002,0.7817142857142857
6.837499999999137,0.002,0.7816190476190477
6.837999999999137,0.002,0.7816190476190477
6.8384999999991365,0.002,0.7814285714285715
6.838999999999137,0.002,0.7814285714285715
6.839499999999137,0.002,0.7812380952380953
6.8399999999991365,0.002,0.7812380952380953
6.840499999999136,0.002,0.7812380952380953
6.840999999999136,0.002,0.7811428571428571
6.841499999999137,0.002,0.780952380952381
6.841999999999136,0.0019047619047619048,0.7808571428571428
6.842499999999136,0.0019047619047619048,0.7806666666666666
6.842999999999137,0.0019047619047619048,0.7802857142857142
6.843499999999136,0.0019047619047619048,0.7800952380952381
6.843999999999136,0.0019047619047619048,0.7799047619047619
6.844499999999136,0.0019047619047619048,0.7797142857142857
6.8449999999991356,0.0019047619047619048,0.7795238095238095
6.845499999999136,0.0019047619047619048,0.7795238095238095
6.845999999999136,0.0019047619047619048,0.7795238095238095
6.846499999999136,0.0019047619047619048,0.7793333333333333
6.846999999999136,0.0018095238095238095,0.7793333333333333
6.847499999999136,0.0018095238095238095,0.7793333333333333
6.847999999999136,0.0018095238095238095,0.7793333333333333
6.848499999999135,0.0018095238095238095,0.7792380952380953
6.848999999999135,0.0018095238095238095,0.7792380952380953
6.849499999999136,0.0018095238095238095,0.7790476190476191
6.8499999999991354,0.0018095238095238095,0.7790476190476191
6.850499999999135,0.0017142857142857142,0.778952380952381
6.850999999999136,0.0017142857142857142,0.7788571428571428
6.8514999999991355,0.0017142857142857142,0.7785714285714286
6.851999999999135,0.0017142857142857142,0.7785714285714286
6.852499999999135,0.0017142857142857142,0.7785714285714286
6.852999999999135,0.0017142857142857142,0.7785714285714286
6.853499999999135,0.0017142857142857142,0.7784761904761904
6.853999999999135,0.0017142857142857142,0.7784761904761904
6.854499999999135,0.0017142857142857142,0.7783809523809524
6.854999999999135,0.0017142857142857142,0.7783809523809524
6.855499999999135,0.0017142857142857142,0.7781904761904762
6.855999999999135,0.0017142857142857142,0.7781904761904762
6.8564999999991345,0.0017142857142857142,0.7781904761904762
6.856999999999134,0.0017142857142857142,0.778
6.857499999999135,0.0017142857142857142,0.7778095238095238
6.857999999999135,0.0017142857142857142,0.7776190476190477
6.858499999999134,0.0017142857142857142,0.7776190476190477
6.858999999999135,0.0017142857142857142,0.7775238095238095
6.859499999999135,0.0017142857142857142,0.7775238095238095
6.859999999999134,0.0017142857142857142,0.7774285714285715
6.860499999999134,0.0017142857142857142,0.7772380952380953
6.860999999999134,0.0017142857142857142,0.7771428571428571
6.861499999999134,0.0017142857142857142,0.7768571428571428
6.861999999999134,0.0017142857142857142,0.7766666666666666
6.862499999999134,0.0017142857142857142,0.7765714285714286
6.8629999999991345,0.0017142857142857142,0.7765714285714286
6.863499999999134,0.0017142857142857142,0.7765714285714286
6.863999999999134,0.0017142857142857142,0.7763809523809524
6.864499999999134,0.0017142857142857142,0.7762857142857142
6.864999999999133,0.0016190476190476191,0.7761904761904762
6.865499999999134,0.0016190476190476191,0.7760952380952381
6.865999999999134,0.0016190476190476191,0.7760952380952381
6.866499999999133,0.0016190476190476191,0.7759047619047619
6.866999999999134,0.0016190476190476191,0.7756190476190477
6.867499999999134,0.0016190476190476191,0.7754285714285715
6.8679999999991335,0.0016190476190476191,0.7753333333333333
6.868499999999133,0.0016190476190476191,0.7753333333333333
6.868999999999133,0.0016190476190476191,0.7752380952380953
6.8694999999991335,0.0016190476190476191,0.7751428571428571
6.869999999999133,0.0016190476190476191,0.774952380952381
6.870499999999133,0.0016190476190476191,0.7747619047619048
6.870999999999134,0.0016190476190476191,0.7745714285714286
6.871499999999133,0.0016190476190476191,0.7744761904761904
6.871999999999133,0.0016190476190476191,0.7743809523809524
6.872499999999133,0.0016190476190476191,0.7741904761904762
6.8729999999991325,0.0016190476190476191,0.7741904761904762
6.873499999999133,0.0016190476190476191,0.774
6.873999999999133,0.0016190476190476191,0.7738095238095238
6.8744999999991325,0.0016190476190476191,0.7735238095238095
6.874999999999133,0.0016190476190476191,0.7735238095238095
6.875499999999133,0.0016190476190476191,0.7733333333333333
6.875999999999133,0.0015238095238095239,0.7733333333333333
6.876499999999132,0.0015238095238095239,0.7733333333333333
6.876999999999132,0.0015238095238095239,0.7732380952380953
6.877499999999133,0.0015238095238095239,0.7732380952380953
6.877999999999132,0.0014285714285714286,0.7730476190476191
6.878499999999132,0.0014285714285714286,0.7727619047619048
6.878999999999133,0.0014285714285714286,0.7726666666666666
6.879499999999132,0.0014285714285714286,0.7726666666666666
6.879999999999132,0.0014285714285714286,0.7725714285714286
6.880499999999132,0.0014285714285714286,0.7724761904761904
6.880999999999132,0.0014285714285714286,0.7722857142857142
6.881499999999132,0.0014285714285714286,0.7722857142857142
6.881999999999132,0.0014285714285714286,0.7722857142857142
6.882499999999132,0.0014285714285714286,0.772
6.882999999999132,0.0014285714285714286,0.7719047619047619
6.883499999999132,0.0014285714285714286,0.7718095238095238
6.883999999999132,0.0014285714285714286,0.7716190476190476
6.884499999999131,0.0014285714285714286,0.7715238095238095
6.884999999999131,0.0014285714285714286,0.7715238095238095
6.885499999999132,0.0014285714285714286,0.7715238095238095
6.8859999999991315,0.0014285714285714286,0.7713333333333333
6.886499999999131,0.0013333333333333333,0.7713333333333333
6.886999999999132,0.0013333333333333333,0.7713333333333333
6.8874999999991315,0.0013333333333333333,0.7711428571428571
6.887999999999131,0.0013333333333333333,0.7710476190476191
6.888499999999131,0.0013333333333333333,0.7710476190476191
6.888999999999131,0.0013333333333333333,0.7708571428571429
6.889499999999131,0.0013333333333333333,0.7706666666666667
6.889999999999131,0.0013333333333333333,0.7706666666666667
6.890499999999131,0.0013333333333333333,0.7703809523809524
6.890999999999131,0.0013333333333333333,0.7701904761904762
6.891499999999131,0.0013333333333333333,0.770095238095238
6.891999999999131,0.0013333333333333333,0.7699047619047619
6.8924999999991305,0.0013333333333333333,0.7699047619047619
6.89299999999913,0.0013333333333333333,0.7699047619047619
6.893499999999131,0.0013333333333333333,0.7697142857142857
6.893999999999131,0.0013333333333333333,0.7696190476190476
6.89449999999913,0.0013333333333333333,0.7694285714285715
6.894999999999131,0.0013333333333333333,0.7693333333333333
6.895499999999131,0.0013333333333333333,0.7692380952380953
6.89599999999913,0.0013333333333333333,0.7690476190476191
6.89649999999913,0.0013333333333333333,0.7687619047619048
6.89699999999913,0.0013333333333333333,0.7687619047619048
6.89749999999913,0.0013333333333333333,0.7685714285714286
6.89799999999913,0.0013333333333333333,0.7684761904761904
6.89849999999913,0.0013333333333333333,0.7682857142857142
6.8989999999991305,0.0013333333333333333,0.768095238095238
6.89949999999913,0.0013333333333333333,0.768095238095238
6.89999999999913,0.0013333333333333333,0.7678095238095238
6.90049999999913,0.0013333333333333333,0.7677142857142857
6.900999999999129,0.001238095238095238,0.7677142857142857
6.90149999999913,0.001238095238095238,0.7675238095238095
6.90199999999913,0.001238095238095238,0.7674285714285715
6.902499999999129,0.001238095238095238,0.7674285714285715
6.90299999999913,0.001238095238095238,0.7674285714285715
6.90349999999913,0.001238095238095238,0.7674285714285715
6.9039999999991295,0.001238095238095238,0.7672380952380953
6.904499999999129,0.001238095238095238,0.7671428571428571
6.904999999999129,0.001238095238095238,0.7671428571428571
6.90549999999913,0.001238095238095238,0.7670476190476191
6.905999999999129,0.001238095238095238,0.7669523809523809
6.906499999999129,0.001238095238095238,0.7667619047619048
6.90699999999913,0.001238095238095238,0.7666666666666667
6.907499999999129,0.001238095238095238,0.7666666666666667
6.907999999999129,0.001238095238095238,0.7663809523809524
6.908499999999129,0.001238095238095238,0.7662857142857142
6.9089999999991285,0.001238095238095238,0.7661904761904762
6.909499999999129,0.001142857142857143,0.7661904761904762
6.909999999999129,0.001142857142857143,0.7661904761904762
6.910499999999129,0.001142857142857143,0.7661904761904762
6.910999999999129,0.001142857142857143,0.766095238095238
6.911499999999129,0.001142857142857143,0.766095238095238
6.911999999999129,0.001142857142857143,0.766
6.912499999999128,0.001142857142857143,0.7659047619047619
6.912999999999128,0.001142857142857143,0.7657142857142857
6.913499999999129,0.001142857142857143,0.7656190476190476
6.913999999999128,0.001142857142857143,0.7653333333333333
6.914499999999128,0.001142857142857143,0.7652380952380953
6.914999999999129,0.001142857142857143,0.7652380952380953
6.9154999999991285,0.001142857142857143,0.7651428571428571
6.915999999999128,0.001142857142857143,0.7651428571428571
6.916499999999128,0.001142857142857143,0.7649523809523809
6.916999999999128,0.001142857142857143,0.7648571428571429
6.917499999999128,0.001142857142857143,0.7647619047619048
6.917999999999128,0.001142857142857143,0.7647619047619048
6.918499999999128,0.001142857142857143,0.7645714285714286
6.918999999999128,0.001142857142857143,0.7645714285714286
6.919499999999128,0.001142857142857143,0.7645714285714286
6.919999999999128,0.001142857142857143,0.7645714285714286
6.9204999999991275,0.001142857142857143,0.7643809523809524
6.920999999999127,0.001142857142857143,0.7641904761904762
6.921499999999128,0.001142857142857143,0.764
6.9219999999991275,0.001142857142857143,0.764
6.922499999999127,0.001142857142857143,0.7639047619047619
6.922999999999128,0.001142857142857143,0.7638095238095238
6.923499999999128,0.001142857142857143,0.7637142857142857
6.923999999999127,0.001142857142857143,0.7637142857142857
6.924499999999127,0.001142857142857143,0.7634285714285715
6.924999999999127,0.001142857142857143,0.7633333333333333
6.925499999999127,0.001142857142857143,0.7629523809523809
6.925999999999127,0.001142857142857143,0.7628571428571429
6.926499999999127,0.001142857142857143,0.7627619047619048
6.926999999999127,0.001142857142857143,0.7627619047619048
6.927499999999127,0.001142857142857143,0.7626666666666667
6.927999999999127,0.001142857142857143,0.7624761904761905
6.928499999999127,0.001142857142857143,0.7624761904761905
6.928999999999126,0.001142857142857143,0.7623809523809524
6.929499999999127,0.001142857142857143,0.7622857142857142
6.929999999999127,0.001142857142857143,0.7622857142857142
6.930499999999126,0.001142857142857143,0.762
6.930999999999127,0.001142857142857143,0.762
6.931499999999127,0.001142857142857143,0.762
6.931999999999126,0.001142857142857143,0.7619047619047619
6.932499999999126,0.001142857142857143,0.7619047619047619
6.932999999999126,0.001142857142857143,0.7617142857142857
6.9334999999991265,0.001142857142857143,0.7615238095238095
6.933999999999126,0.001142857142857143,0.7614285714285715
6.934499999999126,0.001142857142857143,0.7609523809523809
6.9349999999991265,0.001142857142857143,0.7609523809523809
6.935499999999126,0.001142857142857143,0.7607619047619048
6.935999999999126,0.001142857142857143,0.7606666666666667
6.936499999999126,0.001142857142857143,0.7605714285714286
6.936999999999125,0.001142857142857143,0.7605714285714286
6.937499999999126,0.001142857142857143,0.7603809523809524
6.937999999999126,0.001142857142857143,0.7603809523809524
6.9384999999991255,0.001142857142857143,0.7603809523809524
6.938999999999126,0.001142857142857143,0.7603809523809524
6.939499999999126,0.001142857142857143,0.7602857142857142
6.9399999999991255,0.001142857142857143,0.760095238095238
6.940499999999125,0.001142857142857143,0.7599047619047619
6.940999999999125,0.001142857142857143,0.7599047619047619
6.941499999999126,0.001142857142857143,0.7599047619047619
6.941999999999125,0.001142857142857143,0.7599047619047619
6.942499999999125,0.001142857142857143,0.7598095238095238
6.942999999999126,0.001142857142857143,0.7597142857142857
6.943499999999125,0.001142857142857143,0.7594285714285715
6.943999999999125,0.001142857142857143,0.7594285714285715
6.944499999999125,0.001142857142857143,0.7593333333333333
6.9449999999991245,0.001142857142857143,0.7592380952380953
6.945499999999125,0.001142857142857143,0.7590476190476191
6.945999999999125,0.001142857142857143,0.7589523809523809
6.946499999999125,0.001142857142857143,0.7589523809523809
6.946999999999125,0.001142857142857143,0.7588571428571429
6.947499999999125,0.001142857142857143,0.7587619047619047
6.947999999999125,0.001142857142857143,0.7585714285714286
6.948499999999124,0.001142857142857143,0.7585714285714286
6.948999999999124,0.001142857142857143,0.7583809523809524
6.949499999999125,0.001142857142857143,0.7582857142857143
6.949999999999124,0.001142857142857143,0.7582857142857143
6.950499999999124,0.001142857142857143,0.7582857142857143
6.950999999999125,0.001142857142857143,0.7582857142857143
6.9514999999991245,0.001142857142857143,0.7582857142857143
6.951999999999124,0.001142857142857143,0.758
6.952499999999124,0.001142857142857143,0.7579047619047619
6.952999999999124,0.001142857142857143,0.7579047619047619
6.953499999999124,0.001142857142857143,0.7577142857142857
6.953999999999124,0.001142857142857143,0.7574285714285715
6.954499999999124,0.001142857142857143,0.7573333333333333
6.954999999999124,0.001142857142857143,0.7573333333333333
6.955499999999124,0.001142857142857143,0.7571428571428571
6.955999999999124,0.001142857142857143,0.7570476190476191
6.9564999999991235,0.001142857142857143,0.7569523809523809
6.956999999999123,0.001142857142857143,0.7569523809523809
6.957499999999124,0.001142857142857143,0.7569523809523809
6.9579999999991236,0.001142857142857143,0.7567619047619047
6.958499999999123,0.001142857142857143,0.7567619047619047
6.958999999999124,0.001142857142857143,0.7566666666666667
6.959499999999124,0.001142857142857143,0.7566666666666667
6.959999999999123,0.001142857142857143,0.7563809523809524
6.960499999999123,0.001142857142857143,0.7563809523809524
6.960999999999123,0.001142857142857143,0.7561904761904762
6.961499999999123,0.001142857142857143,0.756095238095238
6.961999999999123,0.001142857142857143,0.756095238095238
6.962499999999123,0.001142857142857143,0.7559047619047619
6.9629999999991234,0.001142857142857143,0.7559047619047619
6.963499999999123,0.001142857142857143,0.7558095238095238
6.963999999999123,0.001142857142857143,0.7557142857142857
6.964499999999123,0.001142857142857143,0.7556190476190476
6.964999999999122,0.001142857142857143,0.7554285714285714
6.965499999999123,0.001142857142857143,0.7554285714285714
6.965999999999123,0.001142857142857143,0.7553333333333333
6.966499999999122,0.001142857142857143,0.7551428571428571
6.966999999999123,0.0010476190476190477,0.7550476190476191
6.967499999999123,0.0009523809523809524,0.7549523809523809
6.9679999999991225,0.0009523809523809524,0.7549523809523809
6.968499999999122,0.0009523809523809524,0.7546666666666667
6.968999999999122,0.0009523809523809524,0.7546666666666667
6.9694999999991225,0.0009523809523809524,0.7546666666666667
6.969999999999122,0.0009523809523809524,0.7546666666666667
6.970499999999122,0.0009523809523809524,0.7544761904761905
6.970999999999123,0.0009523809523809524,0.7544761904761905
6.971499999999122,0.0009523809523809524,0.7544761904761905
6.971999999999122,0.0009523809523809524,0.7543809523809524
6.972499999999122,0.0009523809523809524,0.7542857142857143
6.9729999999991215,0.0009523809523809524,0.7541904761904762
6.973499999999122,0.0009523809523809524,0.754
6.973999999999122,0.0009523809523809524,0.7539047619047619
6.9744999999991215,0.0009523809523809524,0.7538095238095238
6.974999999999122,0.0009523809523809524,0.7535238095238095
6.975499999999122,0.0009523809523809524,0.7535238095238095
6.975999999999122,0.0009523809523809524,0.7535238095238095
6.976499999999121,0.0009523809523809524,0.7535238095238095
6.976999999999121,0.0009523809523809524,0.7534285714285714
6.977499999999122,0.0009523809523809524,0.7534285714285714
6.977999999999121,0.0009523809523809524,0.7532380952380953
6.978499999999121,0.0009523809523809524,0.7530476190476191
6.978999999999122,0.0009523809523809524,0.7529523809523809
6.979499999999121,0.0009523809523809524,0.7527619047619047
6.979999999999121,0.0009523809523809524,0.7525714285714286
6.980499999999121,0.0009523809523809524,0.7525714285714286
6.980999999999121,0.0009523809523809524,0.7524761904761905
6.981499999999121,0.0009523809523809524,0.7521904761904762
6.981999999999121,0.0009523809523809524,0.7521904761904762
6.982499999999121,0.0009523809523809524,0.7520952380952381
6.982999999999121,0.0009523809523809524,0.7520952380952381
6.983499999999121,0.0009523809523809524,0.752
6.983999999999121,0.0009523809523809524,0.752
6.98449999999912,0.0009523809523809524,0.7516190476190476
6.98499999999912,0.0008571428571428571,0.7513333333333333
6.985499999999121,0.0008571428571428571,0.7511428571428571
6.9859999999991205,0.0007619047619047619,0.7511428571428571
6.98649999999912,0.0007619047619047619,0.7508571428571429
6.986999999999121,0.0007619047619047619,0.7508571428571429
6.9874999999991205,0.0007619047619047619,0.7507619047619047
6.98799999999912,0.0007619047619047619,0.7507619047619047
6.98849999999912,0.0007619047619047619,0.7506666666666667
6.98899999999912,0.0007619047619047619,0.7506666666666667
6.98949999999912,0.0007619047619047619,0.7506666666666667
6.98999999999912,0.0007619047619047619,0.7506666666666667
6.99049999999912,0.0007619047619047619,0.7506666666666667
6.99099999999912,0.0007619047619047619,0.7506666666666667
6.99149999999912,0.0007619047619047619,0.7506666666666667
6.99199999999912,0.0007619047619047619,0.7506666666666667
6.9924999999991195,0.0007619047619047619,0.7505714285714286
6.992999999999119,0.0007619047619047619,0.7504761904761905
6.99349999999912,0.0007619047619047619,0.7504761904761905
6.99399999999912,0.0007619047619047619,0.7503809523809524
6.994499999999119,0.0007619047619047619,0.7503809523809524
6.99499999999912,0.0007619047619047619,0.7500952380952381
6.99549999999912,0.0007619047619047619,0.75
6.995999999999119,0.0007619047619047619,0.7499047619047619
6.996499999999119,0.0007619047619047619,0.7499047619047619
6.996999999999119,0.0007619047619047619,0.7498095238095238
6.997499999999119,0.0007619047619047619,0.7498095238095238
6.997999999999119,0.0007619047619047619,0.7498095238095238
6.998499999999119,0.0007619047619047619,0.7498095238095238
6.9989999999991195,0.0007619047619047619,0.7498095238095238
6.999499999999119,0.0007619047619047619,0.7497142857142857
6.999999999999119,0.0007619047619047619,0.7495238095238095
7.0004999999991195,0.0007619047619047619,0.7495238095238095
7.000999999999118,0.0007619047619047619,0.7495238095238095
7.001499999999119,0.0007619047619047619,0.7495238095238095
7.001999999999118,0.0007619047619047619,0.7494285714285714
7.002499999999118,0.0007619047619047619,0.7494285714285714
7.002999999999119,0.0007619047619047619,0.7493333333333333
7.003499999999118,0.0007619047619047619,0.7492380952380953
7.0039999999991185,0.0007619047619047619,0.7490476190476191
7.004499999999119,0.0007619047619047619,0.7490476190476191
7.004999999999118,0.0007619047619047619,0.7488571428571429
7.0054999999991185,0.0007619047619047619,0.7487619047619047
7.005999999999119,0.0007619047619047619,0.7485714285714286
7.006499999999118,0.0007619047619047619,0.7485714285714286
7.006999999999119,0.0007619047619047619,0.7485714285714286
7.007499999999117,0.0007619047619047619,0.7485714285714286
7.007999999999118,0.0007619047619047619,0.7484761904761905
7.008499999999119,0.0007619047619047619,0.7483809523809524
7.0089999999991175,0.0007619047619047619,0.7482857142857143
7.009499999999118,0.0007619047619047619,0.7482857142857143
7.009999999999117,0.0007619047619047619,0.7480952380952381
7.0104999999991175,0.0007619047619047619,0.748
7.010999999999118,0.0007619047619047619,0.7478095238095238
7.011499999999117,0.0007619047619047619,0.7476190476190476
7.011999999999118,0.0007619047619047619,0.7475238095238095
7.012499999999118,0.0007619047619047619,0.7474285714285714
7.012999999999117,0.0007619047619047619,0.7473333333333333
7.013499999999118,0.0007619047619047619,0.7472380952380953
7.013999999999118,0.0007619047619047619,0.7471428571428571
7.014499999999117,0.0007619047619047619,0.7468571428571429
7.014999999999118,0.0007619047619047619,0.7467619047619047
7.0154999999991166,0.0007619047619047619,0.7467619047619047
7.015999999999117,0.0007619047619047619,0.7466666666666667
7.016499999999118,0.0007619047619047619,0.7464761904761905
7.016999999999117,0.0007619047619047619,0.7463809523809524
7.017499999999117,0.0007619047619047619,0.7461904761904762
7.017999999999116,0.0007619047619047619,0.7460952380952381
7.018499999999117,0.0007619047619047619,0.7460952380952381
7.018999999999117,0.0007619047619047619,0.7460952380952381
7.019499999999116,0.0007619047619047619,0.7460952380952381
7.019999999999117,0.0007619047619047619,0.746
7.020499999999117,0.0007619047619047619,0.7457142857142857
7.020999999999116,0.0007619047619047619,0.7454285714285714
7.021499999999117,0.0007619047619047619,0.7454285714285714
7.021999999999117,0.0007619047619047619,0.7452380952380953
7.022499999999116,0.0007619047619047619,0.7452380952380953
7.022999999999117,0.0007619047619047619,0.7451428571428571
7.023499999999116,0.0007619047619047619,0.7450476190476191
7.023999999999116,0.0007619047619047619,0.7449523809523809
7.024499999999117,0.0007619047619047619,0.7449523809523809
7.024999999999116,0.0007619047619047619,0.7449523809523809
7.025499999999116,0.0007619047619047619,0.7446666666666667
7.025999999999115,0.0007619047619047619,0.7444761904761905
7.026499999999116,0.0007619047619047619,0.7443809523809524
7.026999999999116,0.0007619047619047619,0.7442857142857143
7.027499999999115,0.0007619047619047619,0.7441904761904762
7.027999999999116,0.0007619047619047619,0.7441904761904762
7.0284999999991165,0.0007619047619047619,0.7441904761904762
7.028999999999115,0.0007619047619047619,0.7440952380952381
7.029499999999116,0.0007619047619047619,0.744
7.0299999999991165,0.0007619047619047619,0.744
7.030499999999115,0.0007619047619047619,0.744
7.030999999999116,0.0007619047619047619,0.744
7.031499999999115,0.0007619047619047619,0.743904761904762
7.031999999999115,0.0007619047619047619,0.7437142857142857
7.032499999999116,0.0007619047619047619,0.7436190476190476
7.032999999999115,0.0007619047619047619,0.7435238095238095
7.0334999999991155,0.0007619047619047619,0.7434285714285714
7.033999999999114,0.0007619047619047619,0.7432380952380953
7.034499999999115,0.0007619047619047619,0.7430476190476191
7.0349999999991155,0.0007619047619047619,0.7430476190476191
7.035499999999114,0.0007619047619047619,0.7428571428571429
7.035999999999115,0.0007619047619047619,0.7428571428571429
7.036499999999116,0.0007619047619047619,0.7428571428571429
7.036999999999114,0.0007619047619047619,0.7426666666666667
7.037499999999115,0.0007619047619047619,0.7425714285714285
7.037999999999116,0.0007619047619047619,0.7424761904761905
7.0384999999991145,0.0007619047619047619,0.7423809523809524
7.038999999999115,0.0007619047619047619,0.7421904761904762
7.039499999999114,0.0007619047619047619,0.7420952380952381
7.0399999999991145,0.0007619047619047619,0.7420952380952381
7.040499999999115,0.0007619047619047619,0.742
7.040999999999114,0.0007619047619047619,0.7418095238095238
7.041499999999115,0.0007619047619047619,0.7417142857142857
7.041999999999113,0.0007619047619047619,0.7417142857142857
7.042499999999114,0.0007619047619047619,0.7417142857142857
7.042999999999115,0.0007619047619047619,0.7416190476190476
7.0434999999991135,0.0007619047619047619,0.7416190476190476
7.043999999999114,0.0007619047619047619,0.7414285714285714
7.044499999999115,0.0007619047619047619,0.7412380952380953
7.0449999999991135,0.0007619047619047619,0.7408571428571429
7.045499999999114,0.0007619047619047619,0.7408571428571429
7.045999999999115,0.0007619047619047619,0.7407619047619047
7.046499999999114,0.0007619047619047619,0.7406666666666667
7.046999999999114,0.0007619047619047619,0.7404761904761905
7.047499999999113,0.0007619047619047619,0.7403809523809524
7.047999999999114,0.0007619047619047619,0.7403809523809524
7.048499999999114,0.0007619047619047619,0.7401904761904762
7.048999999999113,0.0007619047619047619,0.7401904761904762
7.049499999999114,0.0007619047619047619,0.7401904761904762
7.0499999999991125,0.0007619047619047619,0.7401904761904762
7.050499999999113,0.0007619047619047619,0.7400952380952381
7.050999999999114,0.0007619047619047619,0.74
7.051499999999113,0.0007619047619047619,0.739904761904762
7.051999999999113,0.0007619047619047619,0.7397142857142858
7.052499999999114,0.0007619047619047619,0.7397142857142858
7.052999999999113,0.0007619047619047619,0.7396190476190476
7.053499999999113,0.0007619047619047619,0.7395238095238095
7.053999999999114,0.0007619047619047619,0.7394285714285714
7.054499999999113,0.0007619047619047619,0.7394285714285714
7.054999999999113,0.0007619047619047619,0.7393333333333333
7.055499999999112,0.0007619047619047619,0.7393333333333333
7.055999999999113,0.0007619047619047619,0.7392380952380952
7.056499999999113,0.0007619047619047619,0.7389523809523809
7.056999999999112,0.0007619047619047619,0.7389523809523809
7.057499999999113,0.0007619047619047619,0.7386666666666667
7.057999999999112,0.0007619047619047619,0.7386666666666667
7.058499999999112,0.0007619047619047619,0.7385714285714285
7.058999999999113,0.0007619047619047619,0.7381904761904762
7.059499999999112,0.0007619047619047619,0.7380952380952381
7.059999999999112,0.0007619047619047619,0.737904761904762
7.060499999999113,0.0007619047619047619,0.7377142857142858
7.060999999999112,0.0007619047619047619,0.7376190476190476
7.061499999999112,0.0007619047619047619,0.7375238095238095
7.061999999999113,0.0007619047619047619,0.7375238095238095
7.062499999999112,0.0007619047619047619,0.7374285714285714
7.062999999999112,0.0007619047619047619,0.7374285714285714
7.063499999999111,0.0007619047619047619,0.7372380952380952
7.063999999999112,0.0007619047619047619,0.7369523809523809
7.0644999999991125,0.0007619047619047619,0.7368571428571429
7.064999999999111,0.0007619047619047619,0.7368571428571429
7.065499999999112,0.0007619047619047619,0.7367619047619047
7.065999999999111,0.0007619047619047619,0.7366666666666667
7.066499999999111,0.0007619047619047619,0.7365714285714285
7.066999999999112,0.0007619047619047619,0.7365714285714285
7.067499999999111,0.0007619047619047619,0.7365714285714285
7.067999999999111,0.0007619047619047619,0.7365714285714285
7.068499999999112,0.0007619047619047619,0.7364761904761905
7.068999999999111,0.0007619047619047619,0.7363809523809524
7.0694999999991115,0.0007619047619047619,0.7362857142857143
7.069999999999112,0.0007619047619047619,0.7362857142857143
7.070499999999111,0.0007619047619047619,0.7360952380952381
7.0709999999991116,0.0007619047619047619,0.736
7.07149999999911,0.0007619047619047619,0.735904761904762
7.071999999999111,0.0007619047619047619,0.7358095238095238
7.072499999999112,0.0007619047619047619,0.7356190476190476
7.07299999999911,0.0007619047619047619,0.7355238095238095
7.073499999999111,0.0007619047619047619,0.7354285714285714
7.07399999999911,0.0007619047619047619,0.7353333333333333
7.0744999999991105,0.0007619047619047619,0.7353333333333333
7.074999999999111,0.0007619047619047619,0.7351428571428571
7.07549999999911,0.0007619047619047619,0.7350476190476191
7.075999999999111,0.0007619047619047619,0.7350476190476191
7.076499999999111,0.0007619047619047619,0.7349523809523809
7.07699999999911,0.0007619047619047619,0.7349523809523809
7.077499999999111,0.0007619047619047619,0.7348571428571429
7.077999999999111,0.0007619047619047619,0.7348571428571429
7.07849999999911,0.0007619047619047619,0.7346666666666667
7.078999999999111,0.0007619047619047619,0.7344761904761905
7.0794999999991095,0.0007619047619047619,0.7344761904761905
7.07999999999911,0.0007619047619047619,0.7343809523809524
7.080499999999111,0.0007619047619047619,0.7341904761904762
7.08099999999911,0.0007619047619047619,0.7341904761904762
7.08149999999911,0.0007619047619047619,0.7341904761904762
7.081999999999109,0.0007619047619047619,0.734
7.08249999999911,0.0007619047619047619,0.7338095238095238
7.08299999999911,0.0007619047619047619,0.7338095238095238
7.083499999999109,0.0007619047619047619,0.7336190476190476
7.08399999999911,0.0007619047619047619,0.7336190476190476
7.08449999999911,0.0007619047619047619,0.7335238095238096
7.084999999999109,0.0007619047619047619,0.7331428571428571
7.08549999999911,0.0007619047619047619,0.7329523809523809
7.08599999999911,0.0007619047619047619,0.7329523809523809
7.086499999999109,0.0007619047619047619,0.7328571428571429
7.08699999999911,0.0007619047619047619,0.7326666666666667
7.087499999999109,0.0007619047619047619,0.7323809523809524
7.087999999999109,0.0007619047619047619,0.7323809523809524
7.08849999999911,0.0007619047619047619,0.7320952380952381
7.088999999999109,0.0007619047619047619,0.732
7.089499999999109,0.0007619047619047619,0.731904761904762
7.089999999999108,0.0007619047619047619,0.7318095238095238
7.090499999999109,0.0007619047619047619,0.7316190476190476
7.090999999999109,0.0007619047619047619,0.7315238095238096
7.091499999999108,0.0007619047619047619,0.7314285714285714
7.091999999999109,0.0007619047619047619,0.7314285714285714
7.092499999999109,0.0007619047619047619,0.7313333333333333
7.092999999999108,0.0007619047619047619,0.7312380952380952
7.093499999999109,0.0007619047619047619,0.7307619047619047
7.0939999999991095,0.0007619047619047619,0.7307619047619047
7.094499999999108,0.0007619047619047619,0.7305714285714285
7.094999999999109,0.0007619047619047619,0.7304761904761905
7.095499999999108,0.0007619047619047619,0.7303809523809524
7.095999999999108,0.0007619047619047619,0.7303809523809524
7.096499999999109,0.0007619047619047619,0.7303809523809524
7.096999999999108,0.0007619047619047619,0.7301904761904762
7.097499999999108,0.0007619047619047619,0.7301904761904762
7.097999999999107,0.0007619047619047619,0.7301904761904762
7.098499999999108,0.0007619047619047619,0.7300952380952381
7.0989999999991085,0.0007619047619047619,0.73
7.099499999999107,0.0006666666666666666,0.7298095238095238
7.099999999999108,0.0006666666666666666,0.7295238095238096
7.1004999999991085,0.0006666666666666666,0.7295238095238096
7.100999999999107,0.0006666666666666666,0.7293333333333333
7.101499999999108,0.0006666666666666666,0.7293333333333333
7.101999999999109,0.0006666666666666666,0.7292380952380952
7.102499999999107,0.0006666666666666666,0.729047619047619
7.102999999999108,0.0006666666666666666,0.7289523809523809
7.103499999999107,0.0006666666666666666,0.7288571428571429
7.1039999999991075,0.0006666666666666666,0.7286666666666667
7.104499999999108,0.0006666666666666666,0.7286666666666667
7.104999999999107,0.0006666666666666666,0.7286666666666667
7.1054999999991075,0.0006666666666666666,0.7285714285714285
7.105999999999106,0.0006666666666666666,0.7285714285714285
7.106499999999107,0.0006666666666666666,0.7285714285714285
7.106999999999108,0.0006666666666666666,0.7284761904761905
7.107499999999106,0.0006666666666666666,0.7282857142857143
7.107999999999107,0.0006666666666666666,0.728
7.108499999999108,0.0006666666666666666,0.7279047619047619
7.1089999999991065,0.0006666666666666666,0.7277142857142858
7.109499999999107,0.0006666666666666666,0.7277142857142858
7.109999999999108,0.0006666666666666666,0.7277142857142858
7.1104999999991065,0.0006666666666666666,0.7277142857142858
7.110999999999107,0.0006666666666666666,0.7275238095238096
7.111499999999106,0.0006666666666666666,0.7275238095238096
7.111999999999107,0.0006666666666666666,0.7272380952380952
7.112499999999107,0.0006666666666666666,0.7272380952380952
7.112999999999106,0.0006666666666666666,0.7271428571428571
7.113499999999107,0.0006666666666666666,0.7267619047619047
7.1139999999991055,0.0006666666666666666,0.7267619047619047
7.114499999999106,0.0006666666666666666,0.7265714285714285
7.114999999999107,0.0006666666666666666,0.7262857142857143
7.1154999999991055,0.0006666666666666666,0.7262857142857143
7.115999999999106,0.0006666666666666666,0.7262857142857143
7.116499999999107,0.0006666666666666666,0.7262857142857143
7.116999999999106,0.0006666666666666666,0.7261904761904762
7.117499999999106,0.0006666666666666666,0.7260952380952381
7.117999999999107,0.0006666666666666666,0.726
7.118499999999106,0.0006666666666666666,0.7259047619047619
7.118999999999106,0.0006666666666666666,0.7258095238095238
7.119499999999105,0.0006666666666666666,0.7254285714285714
7.119999999999106,0.0006666666666666666,0.7254285714285714
7.120499999999106,0.0006666666666666666,0.7253333333333334
7.120999999999105,0.0006666666666666666,0.7252380952380952
7.121499999999106,0.0006666666666666666,0.7251428571428571
7.121999999999105,0.0006666666666666666,0.7249523809523809
7.122499999999105,0.0006666666666666666,0.7247619047619047
7.122999999999106,0.0006666666666666666,0.7247619047619047
7.123499999999105,0.0006666666666666666,0.7246666666666667
7.123999999999105,0.0006666666666666666,0.7245714285714285
7.124499999999106,0.0006666666666666666,0.7244761904761905
7.124999999999105,0.0006666666666666666,0.7242857142857143
7.125499999999105,0.0006666666666666666,0.7242857142857143
7.125999999999106,0.0006666666666666666,0.7242857142857143
7.126499999999105,0.0006666666666666666,0.7240952380952381
7.126999999999105,0.0006666666666666666,0.7239047619047619
7.127499999999104,0.0006666666666666666,0.7239047619047619
7.127999999999105,0.0006666666666666666,0.7238095238095238
7.128499999999105,0.0006666666666666666,0.7238095238095238
7.128999999999104,0.0006666666666666666,0.7237142857142858
7.129499999999105,0.0006666666666666666,0.7236190476190476
7.129999999999104,0.0006666666666666666,0.7234285714285714
7.130499999999104,0.0005714285714285715,0.7232380952380952
7.130999999999105,0.0005714285714285715,0.723047619047619
7.131499999999104,0.0005714285714285715,0.7229523809523809
7.131999999999104,0.0005714285714285715,0.7229523809523809
7.132499999999105,0.0005714285714285715,0.7228571428571429
7.132999999999104,0.0005714285714285715,0.7228571428571429
7.1334999999991044,0.0005714285714285715,0.7227619047619047
7.133999999999105,0.0005714285714285715,0.7226666666666667
7.134499999999104,0.0005714285714285715,0.7226666666666667
7.1349999999991045,0.0005714285714285715,0.7224761904761905
7.135499999999103,0.0005714285714285715,0.7223809523809523
7.135999999999104,0.0005714285714285715,0.7220952380952381
7.136499999999105,0.0005714285714285715,0.7220952380952381
7.136999999999103,0.0005714285714285715,0.7220952380952381
7.137499999999104,0.0005714285714285715,0.722
7.137999999999103,0.0005714285714285715,0.7219047619047619
7.1384999999991035,0.0005714285714285715,0.7217142857142858
7.138999999999104,0.0005714285714285715,0.7217142857142858
7.139499999999103,0.0005714285714285715,0.7215238095238096
7.1399999999991035,0.0005714285714285715,0.7214285714285714
7.140499999999104,0.0005714285714285715,0.7214285714285714
7.140999999999103,0.0005714285714285715,0.7211428571428572
7.141499999999104,0.0005714285714285715,0.7211428571428572
7.141999999999104,0.0005714285714285715,0.721047619047619
7.142499999999103,0.0005714285714285715,0.7208571428571429
7.142999999999104,0.0005714285714285715,0.7208571428571429
7.1434999999991025,0.0005714285714285715,0.7208571428571429
7.143999999999103,0.0005714285714285715,0.7207619047619047
7.144499999999104,0.0005714285714285715,0.7207619047619047
7.1449999999991025,0.0005714285714285715,0.7205714285714285
7.145499999999103,0.0005714285714285715,0.7205714285714285
7.145999999999102,0.0005714285714285715,0.7204761904761905
7.146499999999103,0.0005714285714285715,0.7202857142857143
7.146999999999103,0.0005714285714285715,0.7200952380952381
7.147499999999102,0.0005714285714285715,0.7199047619047619
7.147999999999103,0.0005714285714285715,0.7198095238095238
7.148499999999103,0.0005714285714285715,0.7197142857142858
7.148999999999102,0.0005714285714285715,0.7197142857142858
7.149499999999103,0.0005714285714285715,0.7196190476190476
7.149999999999103,0.0005714285714285715,0.7196190476190476
7.150499999999102,0.0005714285714285715,0.7195238095238096
7.150999999999103,0.0005714285714285715,0.7191428571428572
7.151499999999102,0.0005714285714285715,0.719047619047619
7.151999999999102,0.0005714285714285715,0.7188571428571429
7.152499999999103,0.0005714285714285715,0.7185714285714285
7.152999999999102,0.0005714285714285715,0.7185714285714285
7.153499999999102,0.0005714285714285715,0.7185714285714285
7.153999999999101,0.0005714285714285715,0.7185714285714285
7.154499999999102,0.0005714285714285715,0.7185714285714285
7.154999999999102,0.0005714285714285715,0.7184761904761905
7.155499999999101,0.0005714285714285715,0.7183809523809523
7.155999999999102,0.0005714285714285715,0.7183809523809523
7.156499999999102,0.0005714285714285715,0.7183809523809523
7.156999999999101,0.0005714285714285715,0.7183809523809523
7.157499999999102,0.0005714285714285715,0.7181904761904762
7.157999999999102,0.0005714285714285715,0.7180952380952381
7.158499999999101,0.0005714285714285715,0.7180952380952381
7.158999999999102,0.0005714285714285715,0.718
7.159499999999101,0.0004761904761904762,0.7177142857142857
7.159999999999101,0.0004761904761904762,0.7177142857142857
7.160499999999102,0.0004761904761904762,0.7176190476190476
7.160999999999101,0.0004761904761904762,0.7171428571428572
7.161499999999101,0.0004761904761904762,0.716952380952381
7.1619999999991,0.0004761904761904762,0.7168571428571429
7.162499999999101,0.0004761904761904762,0.7167619047619047
7.162999999999101,0.0004761904761904762,0.7164761904761905
7.1634999999991,0.0004761904761904762,0.7163809523809523
7.163999999999101,0.0004761904761904762,0.7162857142857143
7.1644999999991015,0.0004761904761904762,0.7160952380952381
7.1649999999991,0.0004761904761904762,0.7160952380952381
7.165499999999101,0.0004761904761904762,0.7159047619047619
7.1659999999991015,0.0004761904761904762,0.7158095238095238
7.1664999999991,0.0004761904761904762,0.7158095238095238
7.166999999999101,0.0004761904761904762,0.7158095238095238
7.1674999999991,0.0004761904761904762,0.7158095238095238
7.1679999999991,0.0004761904761904762,0.7158095238095238
7.168499999999101,0.0004761904761904762,0.7155238095238096
7.1689999999991,0.0004761904761904762,0.7155238095238096
7.1694999999991005,0.0004761904761904762,0.7154285714285714
7.169999999999099,0.0004761904761904762,0.7153333333333334
7.1704999999991,0.0004761904761904762,0.715047619047619
7.1709999999991005,0.0004761904761904762,0.715047619047619
7.171499999999099,0.0004761904761904762,0.7145714285714285
7.1719999999991,0.0004761904761904762,0.7145714285714285
7.172499999999101,0.0004761904761904762,0.7142857142857143
7.172999999999099,0.0004761904761904762,0.7142857142857143
7.1734999999991,0.0004761904761904762,0.7142857142857143
7.173999999999101,0.0004761904761904762,0.7142857142857143
7.1744999999990995,0.0004761904761904762,0.714
7.1749999999991,0.0004761904761904762,0.7138095238095238
7.175499999999099,0.0004761904761904762,0.7136190476190476
7.1759999999990995,0.0004761904761904762,0.7134285714285714
7.1764999999991,0.0004761904761904762,0.7131428571428572
7.176999999999099,0.0004761904761904762,0.7131428571428572
7.1774999999991,0.0004761904761904762,0.7131428571428572
7.177999999999098,0.0004761904761904762,0.712952380952381
7.178499999999099,0.0004761904761904762,0.712952380952381
7.1789999999991,0.0004761904761904762,0.7127619047619047
7.1794999999990985,0.0004761904761904762,0.7124761904761905
7.179999999999099,0.0004761904761904762,0.7124761904761905
7.1804999999991,0.0004761904761904762,0.7124761904761905
7.1809999999990985,0.0004761904761904762,0.7123809523809523
7.181499999999099,0.0004761904761904762,0.7121904761904762
7.1819999999991,0.0004761904761904762,0.712
7.182499999999099,0.0004761904761904762,0.7118095238095238
7.182999999999099,0.0004761904761904762,0.7117142857142857
7.183499999999098,0.0004761904761904762,0.7116190476190476
7.183999999999099,0.0004761904761904762,0.7115238095238096
7.184499999999099,0.0004761904761904762,0.7114285714285714
7.184999999999098,0.0004761904761904762,0.7112380952380952
7.185499999999099,0.00038095238095238096,0.7112380952380952
7.1859999999990976,0.00038095238095238096,0.7111428571428572
7.186499999999098,0.00038095238095238096,0.7108571428571429
7.186999999999099,0.00038095238095238096,0.7104761904761905
7.187499999999098,0.00038095238095238096,0.7104761904761905
7.187999999999098,0.00038095238095238096,0.7102857142857143
7.188499999999099,0.00038095238095238096,0.7102857142857143
7.188999999999098,0.00038095238095238096,0.7100952380952381
7.189499999999098,0.00038095238095238096,0.7099047619047619
7.189999999999099,0.00038095238095238096,0.7097142857142857
7.190499999999098,0.00038095238095238096,0.7097142857142857
7.190999999999098,0.00038095238095238096,0.7096190476190476
7.191499999999097,0.00038095238095238096,0.7096190476190476
7.191999999999098,0.00038095238095238096,0.7095238095238096
7.192499999999098,0.00038095238095238096,0.7095238095238096
7.192999999999097,0.00038095238095238096,0.7095238095238096
7.193499999999098,0.00038095238095238096,0.7095238095238096
7.193999999999097,0.00038095238095238096,0.7092380952380952
7.194499999999097,0.00038095238095238096,0.7091428571428572
7.194999999999098,0.00038095238095238096,0.7088571428571429
7.195499999999097,0.00038095238095238096,0.7087619047619048
7.195999999999097,0.00038095238095238096,0.7086666666666667
7.196499999999098,0.00038095238095238096,0.7086666666666667
7.196999999999097,0.00038095238095238096,0.7084761904761905
7.197499999999097,0.00038095238095238096,0.7083809523809523
7.197999999999098,0.00038095238095238096,0.7083809523809523
7.198499999999097,0.00038095238095238096,0.7082857142857143
7.1989999999990975,0.00038095238095238096,0.7081904761904761
7.199499999999096,0.00038095238095238096,0.7079047619047619
7.199999999999097,0.00038095238095238096,0.7077142857142857
7.2004999999990975,0.00038095238095238096,0.7075238095238096
7.200999999999096,0.00038095238095238096,0.7074285714285714
7.201499999999097,0.00028571428571428574,0.7074285714285714
7.201999999999096,0.00028571428571428574,0.7073333333333334
7.202499999999096,0.00028571428571428574,0.707047619047619
7.202999999999097,0.00028571428571428574,0.707047619047619
7.203499999999096,0.00028571428571428574,0.7068571428571429
7.2039999999990965,0.00028571428571428574,0.7067619047619048
7.204499999999097,0.00028571428571428574,0.7063809523809523
7.204999999999096,0.00028571428571428574,0.7061904761904761
7.2054999999990965,0.00028571428571428574,0.7060952380952381
7.205999999999097,0.00028571428571428574,0.7059047619047619
7.206499999999096,0.00028571428571428574,0.7058095238095238
7.206999999999097,0.00028571428571428574,0.7057142857142857
7.207499999999095,0.00028571428571428574,0.7056190476190476
7.207999999999096,0.00028571428571428574,0.7055238095238096
7.208499999999097,0.00028571428571428574,0.7054285714285714
7.2089999999990955,0.00028571428571428574,0.7054285714285714
7.209499999999096,0.00028571428571428574,0.7054285714285714
7.209999999999095,0.00028571428571428574,0.7054285714285714
7.2104999999990955,0.00028571428571428574,0.7052380952380952
7.210999999999096,0.00028571428571428574,0.7051428571428572
7.211499999999095,0.00028571428571428574,0.704952380952381
7.211999999999096,0.00028571428571428574,0.7047619047619048
7.212499999999096,0.00028571428571428574,0.7046666666666667
7.212999999999095,0.00028571428571428574,0.7045714285714286
7.213499999999096,0.00028571428571428574,0.7043809523809523
7.213999999999096,0.00028571428571428574,0.7043809523809523
7.214499999999095,0.00028571428571428574,0.7042857142857143
7.214999999999096,0.00028571428571428574,0.7042857142857143
7.2154999999990945,0.00028571428571428574,0.7042857142857143
7.215999999999095,0.00028571428571428574,0.7041904761904761
7.216499999999096,0.00028571428571428574,0.7041904761904761
7.216999999999095,0.00028571428571428574,0.704
7.217499999999095,0.00028571428571428574,0.7039047619047619
7.217999999999094,0.00028571428571428574,0.7038095238095238
7.218499999999095,0.00028571428571428574,0.7037142857142857
7.218999999999095,0.00028571428571428574,0.7036190476190476
7.219499999999094,0.00028571428571428574,0.7034285714285714
7.219999999999095,0.00028571428571428574,0.7034285714285714
7.220499999999095,0.00028571428571428574,0.7032380952380952
7.220999999999094,0.00028571428571428574,0.703047619047619
7.221499999999095,0.00028571428571428574,0.702952380952381
7.221999999999095,0.00028571428571428574,0.702952380952381
7.222499999999094,0.00028571428571428574,0.7026666666666667
7.222999999999095,0.00028571428571428574,0.7025714285714286
7.223499999999094,0.00028571428571428574,0.7025714285714286
7.223999999999094,0.00028571428571428574,0.7025714285714286
7.224499999999095,0.00028571428571428574,0.7024761904761905
7.224999999999094,0.00028571428571428574,0.7024761904761905
7.225499999999094,0.00028571428571428574,0.7023809523809523
7.225999999999093,0.00028571428571428574,0.7023809523809523
7.226499999999094,0.00028571428571428574,0.7022857142857143
7.226999999999094,0.00028571428571428574,0.7020952380952381
7.227499999999093,0.00028571428571428574,0.702
7.227999999999094,0.00028571428571428574,0.7019047619047619
7.228499999999094,0.00028571428571428574,0.7017142857142857
7.228999999999093,0.00028571428571428574,0.7016190476190476
7.229499999999094,0.00028571428571428574,0.7015238095238095
7.2299999999990945,0.00028571428571428574,0.7013333333333334
7.230499999999093,0.00028571428571428574,0.7011428571428572
7.230999999999094,0.00028571428571428574,0.700952380952381
7.231499999999093,0.00028571428571428574,0.700952380952381
7.231999999999093,0.00028571428571428574,0.7008571428571428
7.232499999999094,0.00028571428571428574,0.7007619047619048
7.232999999999093,0.00028571428571428574,0.7004761904761905
7.233499999999093,0.00028571428571428574,0.7004761904761905
7.233999999999092,0.00028571428571428574,0.7004761904761905
7.234499999999093,0.00028571428571428574,0.7004761904761905
7.2349999999990935,0.00028571428571428574,0.7003809523809523
7.235499999999092,0.00028571428571428574,0.7001904761904761
7.235999999999093,0.00028571428571428574,0.7000952380952381
7.2364999999990935,0.00028571428571428574,0.6999047619047619
7.236999999999092,0.00028571428571428574,0.6997142857142857
7.237499999999093,0.00028571428571428574,0.6996190476190476
7.237999999999094,0.00028571428571428574,0.6994285714285714
7.238499999999092,0.00028571428571428574,0.6994285714285714
7.238999999999093,0.00028571428571428574,0.6993333333333334
7.239499999999092,0.00028571428571428574,0.6993333333333334
7.2399999999990925,0.00028571428571428574,0.6993333333333334
7.240499999999093,0.00028571428571428574,0.6993333333333334
7.240999999999092,0.00028571428571428574,0.6993333333333334
7.2414999999990926,0.00028571428571428574,0.6992380952380952
7.241999999999091,0.00028571428571428574,0.6991428571428572
7.242499999999092,0.00028571428571428574,0.699047619047619
7.242999999999093,0.00028571428571428574,0.6988571428571428
7.243499999999091,0.00028571428571428574,0.6987619047619048
7.243999999999092,0.00028571428571428574,0.6987619047619048
7.244499999999093,0.00028571428571428574,0.6985714285714286
7.2449999999990915,0.00028571428571428574,0.6985714285714286
7.245499999999092,0.00028571428571428574,0.6981904761904761
7.245999999999093,0.00028571428571428574,0.6981904761904761
7.246499999999092,0.00028571428571428574,0.6980952380952381
7.246999999999092,0.00028571428571428574,0.6979047619047619
7.247499999999091,0.00028571428571428574,0.6978095238095238
7.247999999999092,0.00028571428571428574,0.6976190476190476
7.248499999999092,0.00028571428571428574,0.6975238095238095
7.248999999999091,0.00028571428571428574,0.6973333333333334
7.249499999999092,0.00028571428571428574,0.6971428571428572
7.2499999999990905,0.00028571428571428574,0.6971428571428572
7.250499999999091,0.00028571428571428574,0.6968571428571428
7.250999999999092,0.00028571428571428574,0.6967619047619048
7.251499999999091,0.00028571428571428574,0.6966666666666667
7.251999999999091,0.00028571428571428574,0.6966666666666667
7.252499999999092,0.00028571428571428574,0.6966666666666667
7.252999999999091,0.00028571428571428574,0.6966666666666667
7.253499999999091,0.00028571428571428574,0.6965714285714286
7.253999999999092,0.00028571428571428574,0.6964761904761905
7.254499999999091,0.00028571428571428574,0.6963809523809524
7.254999999999091,0.00028571428571428574,0.6960952380952381
7.25549999999909,0.00028571428571428574,0.6958095238095238
7.255999999999091,0.00028571428571428574,0.6957142857142857
7.256499999999091,0.00028571428571428574,0.6957142857142857
7.25699999999909,0.00028571428571428574,0.6956190476190476
7.257499999999091,0.00028571428571428574,0.6955238095238095
7.25799999999909,0.00028571428571428574,0.6955238095238095
7.25849999999909,0.00028571428571428574,0.6952380952380952
7.258999999999091,0.00028571428571428574,0.694952380952381
7.25949999999909,0.00028571428571428574,0.6948571428571428
7.25999999999909,0.00028571428571428574,0.6947619047619048
7.260499999999091,0.00028571428571428574,0.6947619047619048
7.26099999999909,0.00028571428571428574,0.6943809523809524
7.26149999999909,0.00028571428571428574,0.6942857142857143
7.261999999999091,0.00028571428571428574,0.6942857142857143
7.26249999999909,0.00028571428571428574,0.6940952380952381
7.26299999999909,0.00028571428571428574,0.6940952380952381
7.263499999999089,0.00028571428571428574,0.694
7.26399999999909,0.00028571428571428574,0.694
7.2644999999990905,0.00028571428571428574,0.6939047619047619
7.264999999999089,0.00028571428571428574,0.6937142857142857
7.26549999999909,0.00028571428571428574,0.6937142857142857
7.265999999999089,0.00028571428571428574,0.6936190476190476
7.266499999999089,0.00028571428571428574,0.6934285714285714
7.26699999999909,0.00028571428571428574,0.6932380952380952
7.267499999999089,0.00028571428571428574,0.6932380952380952
7.267999999999089,0.00028571428571428574,0.6932380952380952
7.26849999999909,0.00028571428571428574,0.6932380952380952
7.268999999999089,0.00028571428571428574,0.6932380952380952
7.2694999999990895,0.00028571428571428574,0.6931428571428572
7.26999999999909,0.00028571428571428574,0.6931428571428572
7.270499999999089,0.00028571428571428574,0.6931428571428572
7.2709999999990895,0.00028571428571428574,0.6931428571428572
7.271499999999088,0.00028571428571428574,0.692952380952381
7.271999999999089,0.00028571428571428574,0.6927619047619048
7.27249999999909,0.00028571428571428574,0.6926666666666667
7.272999999999088,0.00028571428571428574,0.6926666666666667
7.273499999999089,0.00028571428571428574,0.6923809523809524
7.273999999999088,0.00028571428571428574,0.6922857142857143
7.2744999999990885,0.00028571428571428574,0.6922857142857143
7.274999999999089,0.00028571428571428574,0.6922857142857143
7.275499999999088,0.00028571428571428574,0.6920952380952381
7.2759999999990885,0.00028571428571428574,0.692
7.276499999999089,0.00028571428571428574,0.6919047619047619
7.276999999999088,0.00028571428571428574,0.6919047619047619
7.277499999999089,0.00028571428571428574,0.6919047619047619
7.277999999999089,0.00028571428571428574,0.6916190476190476
7.278499999999088,0.00028571428571428574,0.6913333333333334
7.278999999999089,0.00028571428571428574,0.6913333333333334
7.2794999999990875,0.00028571428571428574,0.6913333333333334
7.279999999999088,0.00028571428571428574,0.6912380952380952
7.280499999999089,0.00028571428571428574,0.6911428571428572
7.2809999999990875,0.00028571428571428574,0.690952380952381
7.281499999999088,0.00028571428571428574,0.690952380952381
7.281999999999087,0.00028571428571428574,0.690952380952381
7.282499999999088,0.00028571428571428574,0.6908571428571428
7.282999999999088,0.00028571428571428574,0.6906666666666667
7.283499999999087,0.00028571428571428574,0.6905714285714286
7.283999999999088,0.00028571428571428574,0.6905714285714286
7.284499999999088,0.00028571428571428574,0.6904761904761905
7.284999999999087,0.00028571428571428574,0.6902857142857143
7.285499999999088,0.00028571428571428574,0.6900952380952381
7.285999999999088,0.00028571428571428574,0.69
7.286499999999087,0.00028571428571428574,0.6898095238095238
7.286999999999088,0.00028571428571428574,0.6898095238095238
7.287499999999087,0.00028571428571428574,0.6897142857142857
7.287999999999087,0.00028571428571428574,0.6897142857142857
7.288499999999088,0.00028571428571428574,0.6896190476190476
7.288999999999087,0.00028571428571428574,0.6895238095238095
7.289499999999087,0.00028571428571428574,0.6894285714285714
7.289999999999086,0.00028571428571428574,0.6893333333333334
7.290499999999087,0.00028571428571428574,0.6892380952380952
7.290999999999087,0.00028571428571428574,0.6891428571428572
7.291499999999086,0.00028571428571428574,0.6891428571428572
7.291999999999087,0.00028571428571428574,0.6891428571428572
7.292499999999087,0.00028571428571428574,0.6891428571428572
7.292999999999086,0.00028571428571428574,0.6891428571428572
7.293499999999087,0.00028571428571428574,0.689047619047619
7.293999999999087,0.00028571428571428574,0.688952380952381
7.294499999999086,0.00028571428571428574,0.688952380952381
7.294999999999087,0.00028571428571428574,0.6888571428571428
7.295499999999086,0.00028571428571428574,0.6886666666666666
7.295999999999086,0.00028571428571428574,0.6883809523809524
7.296499999999087,0.00028571428571428574,0.6882857142857143
7.296999999999086,0.00028571428571428574,0.6881904761904762
7.297499999999086,0.00028571428571428574,0.688
7.297999999999085,0.00028571428571428574,0.6879047619047619
7.298499999999086,0.00028571428571428574,0.6878095238095238
7.298999999999086,0.00028571428571428574,0.6877142857142857
7.299499999999085,0.00028571428571428574,0.6875238095238095
7.299999999999086,0.00028571428571428574,0.6874285714285714
7.3004999999990865,0.00028571428571428574,0.6872380952380952
7.300999999999085,0.00028571428571428574,0.6871428571428572
7.301499999999086,0.00028571428571428574,0.6871428571428572
7.3019999999990866,0.00028571428571428574,0.6871428571428572
7.302499999999085,0.00028571428571428574,0.6868571428571428
7.302999999999086,0.00028571428571428574,0.6865714285714286
7.303499999999085,0.00028571428571428574,0.6863809523809524
7.3039999999990854,0.00028571428571428574,0.6862857142857143
7.304499999999086,0.00028571428571428574,0.6862857142857143
7.304999999999085,0.00028571428571428574,0.6861904761904762
7.3054999999990855,0.00028571428571428574,0.686
7.305999999999084,0.00028571428571428574,0.6857142857142857
7.306499999999085,0.00028571428571428574,0.6855238095238095
7.306999999999086,0.00028571428571428574,0.6855238095238095
7.307499999999084,0.00019047619047619048,0.6855238095238095
7.307999999999085,0.00019047619047619048,0.6852380952380952
7.308499999999086,0.00019047619047619048,0.684952380952381
7.3089999999990845,0.00019047619047619048,0.6847619047619048
7.309499999999085,9.523809523809524e-05,0.6847619047619048
7.309999999999086,9.523809523809524e-05,0.6846666666666666
7.3104999999990845,9.523809523809524e-05,0.6843809523809524
7.310999999999085,9.523809523809524e-05,0.6842857142857143
7.311499999999084,9.523809523809524e-05,0.6840952380952381
7.311999999999085,9.523809523809524e-05,0.684
7.312499999999085,9.523809523809524e-05,0.6838095238095238
7.312999999999084,9.523809523809524e-05,0.6837142857142857
7.313499999999085,9.523809523809524e-05,0.6836190476190476
7.3139999999990835,9.523809523809524e-05,0.6836190476190476
7.314499999999084,9.523809523809524e-05,0.6836190476190476
7.314999999999085,9.523809523809524e-05,0.6835238095238095
7.3154999999990835,9.523809523809524e-05,0.6835238095238095
7.315999999999084,9.523809523809524e-05,0.6835238095238095
7.316499999999085,9.523809523809524e-05,0.6835238095238095
7.316999999999084,9.523809523809524e-05,0.6834285714285714
7.317499999999084,9.523809523809524e-05,0.6834285714285714
7.317999999999085,9.523809523809524e-05,0.6833333333333333
7.318499999999084,9.523809523809524e-05,0.6832380952380952
7.318999999999084,9.523809523809524e-05,0.6831428571428572
7.319499999999083,9.523809523809524e-05,0.6831428571428572
7.319999999999084,9.523809523809524e-05,0.6831428571428572
7.320499999999084,9.523809523809524e-05,0.683047619047619
7.320999999999083,9.523809523809524e-05,0.683047619047619
7.321499999999084,9.523809523809524e-05,0.682952380952381
7.321999999999083,9.523809523809524e-05,0.682952380952381
7.322499999999083,9.523809523809524e-05,0.6828571428571428
7.322999999999084,9.523809523809524e-05,0.6826666666666666
7.323499999999083,9.523809523809524e-05,0.6825714285714286
7.323999999999083,9.523809523809524e-05,0.6823809523809524
7.324499999999084,9.523809523809524e-05,0.6822857142857143
7.324999999999083,9.523809523809524e-05,0.6822857142857143
7.325499999999083,9.523809523809524e-05,0.6822857142857143
7.325999999999084,9.523809523809524e-05,0.6821904761904762
7.326499999999083,9.523809523809524e-05,0.682
7.326999999999083,9.523809523809524e-05,0.6818095238095238
7.327499999999082,9.523809523809524e-05,0.6817142857142857
7.327999999999083,9.523809523809524e-05,0.6815238095238095
7.328499999999083,9.523809523809524e-05,0.6813333333333333
7.328999999999082,9.523809523809524e-05,0.6812380952380952
7.329499999999083,9.523809523809524e-05,0.6812380952380952
7.329999999999082,9.523809523809524e-05,0.6808571428571428
7.330499999999082,9.523809523809524e-05,0.6806666666666666
7.330999999999083,9.523809523809524e-05,0.6804761904761905
7.331499999999082,9.523809523809524e-05,0.6801904761904762
7.331999999999082,9.523809523809524e-05,0.6801904761904762
7.332499999999083,9.523809523809524e-05,0.6800952380952381
7.332999999999082,9.523809523809524e-05,0.6800952380952381
7.333499999999082,9.523809523809524e-05,0.68
7.333999999999083,9.523809523809524e-05,0.68
7.334499999999082,9.523809523809524e-05,0.6799047619047619
7.3349999999990825,9.523809523809524e-05,0.6797142857142857
7.335499999999081,9.523809523809524e-05,0.6797142857142857
7.335999999999082,9.523809523809524e-05,0.6796190476190476
7.3364999999990825,9.523809523809524e-05,0.6795238095238095
7.336999999999081,9.523809523809524e-05,0.6795238095238095
7.337499999999082,9.523809523809524e-05,0.6794285714285714
7.337999999999081,9.523809523809524e-05,0.6792380952380952
7.338499999999081,9.523809523809524e-05,0.6791428571428572
7.338999999999082,9.523809523809524e-05,0.678952380952381
7.339499999999081,9.523809523809524e-05,0.6788571428571428
7.3399999999990815,9.523809523809524e-05,0.6787619047619048
7.340499999999082,9.523809523809524e-05,0.6786666666666666
7.340999999999081,9.523809523809524e-05,0.6784761904761905
7.3414999999990815,9.523809523809524e-05,0.6784761904761905
7.341999999999082,9.523809523809524e-05,0.6784761904761905
7.342499999999081,9.523809523809524e-05,0.6784761904761905
7.342999999999082,9.523809523809524e-05,0.6784761904761905
7.34349999999908,9.523809523809524e-05,0.6784761904761905
7.343999999999081,9.523809523809524e-05,0.6783809523809524
7.344499999999082,9.523809523809524e-05,0.6783809523809524
7.3449999999990805,9.523809523809524e-05,0.6783809523809524
7.345499999999081,9.523809523809524e-05,0.6782857142857143
7.34599999999908,9.523809523809524e-05,0.6780952380952381
7.3464999999990805,9.523809523809524e-05,0.6780952380952381
7.346999999999081,9.523809523809524e-05,0.6778095238095239
7.34749999999908,9.523809523809524e-05,0.6778095238095239
7.347999999999081,9.523809523809524e-05,0.6778095238095239
7.348499999999081,9.523809523809524e-05,0.6775238095238095
7.34899999999908,9.523809523809524e-05,0.6774285714285714
7.349499999999081,9.523809523809524e-05,0.6774285714285714
7.349999999999081,9.523809523809524e-05,0.6773333333333333
7.35049999999908,9.523809523809524e-05,0.6773333333333333
7.350999999999081,9.523809523809524e-05,0.6773333333333333
7.3514999999990795,9.523809523809524e-05,0.6771428571428572
7.35199999999908,9.523809523809524e-05,0.677047619047619
7.352499999999081,9.523809523809524e-05,0.676952380952381
7.35299999999908,9.523809523809524e-05,0.676952380952381
7.35349999999908,9.523809523809524e-05,0.6767619047619048
7.353999999999079,9.523809523809524e-05,0.6766666666666666
7.35449999999908,9.523809523809524e-05,0.6765714285714286
7.35499999999908,9.523809523809524e-05,0.6764761904761905
7.355499999999079,9.523809523809524e-05,0.6764761904761905
7.35599999999908,9.523809523809524e-05,0.6763809523809524
7.35649999999908,9.523809523809524e-05,0.6762857142857143
7.356999999999079,9.523809523809524e-05,0.6760952380952381
7.35749999999908,9.523809523809524e-05,0.6760952380952381
7.35799999999908,9.523809523809524e-05,0.6760952380952381
7.358499999999079,9.523809523809524e-05,0.6760952380952381
7.35899999999908,9.523809523809524e-05,0.676
7.359499999999079,9.523809523809524e-05,0.6757142857142857
7.359999999999079,9.523809523809524e-05,0.6756190476190476
7.36049999999908,9.523809523809524e-05,0.6754285714285714
7.360999999999079,9.523809523809524e-05,0.6751428571428572
7.361499999999079,9.523809523809524e-05,0.675047619047619
7.361999999999078,9.523809523809524e-05,0.675047619047619
7.362499999999079,9.523809523809524e-05,0.674952380952381
7.362999999999079,9.523809523809524e-05,0.6748571428571428
7.363499999999078,9.523809523809524e-05,0.6745714285714286
7.363999999999079,9.523809523809524e-05,0.6745714285714286
7.3644999999990794,9.523809523809524e-05,0.6744761904761905
7.364999999999078,9.523809523809524e-05,0.6741904761904762
7.365499999999079,9.523809523809524e-05,0.6741904761904762
7.3659999999990795,9.523809523809524e-05,0.6741904761904762
7.366499999999078,9.523809523809524e-05,0.6740952380952381
7.366999999999079,9.523809523809524e-05,0.6739047619047619
7.367499999999078,9.523809523809524e-05,0.6738095238095239
7.367999999999078,9.523809523809524e-05,0.6737142857142857
7.368499999999079,9.523809523809524e-05,0.6736190476190477
7.368999999999078,9.523809523809524e-05,0.6735238095238095
7.3694999999990785,9.523809523809524e-05,0.6735238095238095
7.369999999999077,9.523809523809524e-05,0.6734285714285714
7.370499999999078,9.523809523809524e-05,0.6733333333333333
7.3709999999990785,9.523809523809524e-05,0.6731428571428572
7.371499999999077,9.523809523809524e-05,0.6731428571428572
7.371999999999078,9.523809523809524e-05,0.673047619047619
7.372499999999079,9.523809523809524e-05,0.6726666666666666
7.372999999999077,9.523809523809524e-05,0.6726666666666666
7.373499999999078,9.523809523809524e-05,0.6725714285714286
7.373999999999079,9.523809523809524e-05,0.6725714285714286
7.3744999999990775,9.523809523809524e-05,0.6723809523809524
7.374999999999078,9.523809523809524e-05,0.672
7.375499999999077,9.523809523809524e-05,0.672
7.3759999999990775,9.523809523809524e-05,0.672
7.376499999999078,9.523809523809524e-05,0.6719047619047619
7.376999999999077,9.523809523809524e-05,0.6717142857142857
7.377499999999078,9.523809523809524e-05,0.6715238095238095
7.377999999999076,9.523809523809524e-05,0.6712380952380952
7.378499999999077,9.523809523809524e-05,0.6712380952380952
7.378999999999078,9.523809523809524e-05,0.6712380952380952
7.3794999999990765,9.523809523809524e-05,0.6711428571428572
7.379999999999077,9.523809523809524e-05,0.6711428571428572
7.380499999999078,9.523809523809524e-05,0.6708571428571428
7.3809999999990765,9.523809523809524e-05,0.6707619047619048
7.381499999999077,9.523809523809524e-05,0.6706666666666666
7.381999999999078,9.523809523809524e-05,0.6705714285714286
7.382499999999077,9.523809523809524e-05,0.6705714285714286
7.382999999999077,9.523809523809524e-05,0.6704761904761904
7.383499999999076,9.523809523809524e-05,0.6702857142857143
7.383999999999077,9.523809523809524e-05,0.6702857142857143
7.384499999999077,9.523809523809524e-05,0.6702857142857143
7.384999999999076,9.523809523809524e-05,0.6702857142857143
7.385499999999077,9.523809523809524e-05,0.6702857142857143
7.3859999999990755,9.523809523809524e-05,0.67
7.386499999999076,9.523809523809524e-05,0.67
7.386999999999077,9.523809523809524e-05,0.6697142857142857
7.387499999999076,9.523809523809524e-05,0.6694285714285715
7.387999999999076,9.523809523809524e-05,0.6693333333333333
7.388499999999077,9.523809523809524e-05,0.6693333333333333
7.388999999999076,9.523809523809524e-05,0.668952380952381
7.389499999999076,9.523809523809524e-05,0.668952380952381
7.389999999999077,9.523809523809524e-05,0.6688571428571428
7.390499999999076,9.523809523809524e-05,0.6685714285714286
7.390999999999076,9.523809523809524e-05,0.6685714285714286
7.391499999999075,9.523809523809524e-05,0.6684761904761904
7.391999999999076,9.523809523809524e-05,0.6682857142857143
7.392499999999076,9.523809523809524e-05,0.6681904761904762
7.392999999999075,9.523809523809524e-05,0.6681904761904762
7.393499999999076,9.523809523809524e-05,0.6681904761904762
7.393999999999075,9.523809523809524e-05,0.6681904761904762
7.394499999999075,9.523809523809524e-05,0.668
7.394999999999076,9.523809523809524e-05,0.6679047619047619
7.395499999999075,9.523809523809524e-05,0.6679047619047619
7.395999999999075,9.523809523809524e-05,0.6677142857142857
7.396499999999076,9.523809523809524e-05,0.6677142857142857
7.396999999999075,9.523809523809524e-05,0.6673333333333333
7.397499999999075,9.523809523809524e-05,0.6672380952380952
7.397999999999076,9.523809523809524e-05,0.6671428571428571
7.398499999999075,9.523809523809524e-05,0.6668571428571428
7.398999999999075,9.523809523809524e-05,0.6668571428571428
7.399499999999074,9.523809523809524e-05,0.6666666666666666
7.399999999999075,9.523809523809524e-05,0.6665714285714286
7.4004999999990755,9.523809523809524e-05,0.6665714285714286
7.400999999999074,9.523809523809524e-05,0.6662857142857143
7.401499999999075,9.523809523809524e-05,0.6660952380952381
7.401999999999074,9.523809523809524e-05,0.666
7.402499999999074,9.523809523809524e-05,0.666
7.402999999999075,9.523809523809524e-05,0.6659047619047619
7.403499999999074,9.523809523809524e-05,0.6658095238095239
7.403999999999074,9.523809523809524e-05,0.6657142857142857
7.404499999999075,9.523809523809524e-05,0.6657142857142857
7.404999999999074,9.523809523809524e-05,0.6656190476190477
7.4054999999990745,9.523809523809524e-05,0.6653333333333333
7.405999999999075,9.523809523809524e-05,0.6653333333333333
7.406499999999074,9.523809523809524e-05,0.6652380952380952
7.4069999999990745,9.523809523809524e-05,0.6651428571428571
7.407499999999073,9.523809523809524e-05,0.6651428571428571
7.407999999999074,9.523809523809524e-05,0.665047619047619
7.408499999999075,9.523809523809524e-05,0.664952380952381
7.408999999999073,9.523809523809524e-05,0.6648571428571428
7.409499999999074,9.523809523809524e-05,0.6647619047619048
7.409999999999073,9.523809523809524e-05,0.6647619047619048
7.4104999999990735,9.523809523809524e-05,0.6647619047619048
7.410999999999074,9.523809523809524e-05,0.6646666666666666
7.411499999999073,9.523809523809524e-05,0.6646666666666666
7.4119999999990736,9.523809523809524e-05,0.6646666666666666
7.412499999999074,9.523809523809524e-05,0.6645714285714286
7.412999999999073,9.523809523809524e-05,0.6644761904761904
7.413499999999074,9.523809523809524e-05,0.6644761904761904
7.413999999999074,9.523809523809524e-05,0.6642857142857143
7.414499999999073,9.523809523809524e-05,0.6641904761904762
7.414999999999074,9.523809523809524e-05,0.6641904761904762
7.4154999999990725,9.523809523809524e-05,0.6641904761904762
7.415999999999073,9.523809523809524e-05,0.6640952380952381
7.416499999999074,9.523809523809524e-05,0.6640952380952381
7.416999999999073,9.523809523809524e-05,0.6639047619047619
7.417499999999073,9.523809523809524e-05,0.6638095238095238
7.417999999999072,9.523809523809524e-05,0.6637142857142857
7.418499999999073,9.523809523809524e-05,0.6636190476190477
7.418999999999073,9.523809523809524e-05,0.6636190476190477
7.419499999999072,9.523809523809524e-05,0.6636190476190477
7.419999999999073,9.523809523809524e-05,0.6635238095238095
7.420499999999073,9.523809523809524e-05,0.6635238095238095
7.420999999999072,9.523809523809524e-05,0.6635238095238095
7.421499999999073,9.523809523809524e-05,0.6631428571428571
7.421999999999073,9.523809523809524e-05,0.6631428571428571
7.422499999999072,9.523809523809524e-05,0.6631428571428571
7.422999999999073,9.523809523809524e-05,0.663047619047619
7.423499999999072,9.523809523809524e-05,0.662952380952381
7.423999999999072,9.523809523809524e-05,0.6627619047619048
7.424499999999073,9.523809523809524e-05,0.6625714285714286
7.424999999999072,9.523809523809524e-05,0.6625714285714286
7.425499999999072,9.523809523809524e-05,0.6625714285714286
7.425999999999071,9.523809523809524e-05,0.6624761904761904
7.426499999999072,9.523809523809524e-05,0.6623809523809524
7.426999999999072,9.523809523809524e-05,0.6621904761904762
7.427499999999071,9.523809523809524e-05,0.662
7.427999999999072,9.523809523809524e-05,0.6619047619047619
7.428499999999072,9.523809523809524e-05,0.6619047619047619
7.428999999999071,9.523809523809524e-05,0.6618095238095238
7.429499999999072,9.523809523809524e-05,0.6617142857142857
7.4299999999990725,9.523809523809524e-05,0.6614285714285715
7.430499999999071,9.523809523809524e-05,0.6612380952380953
7.430999999999072,9.523809523809524e-05,0.6612380952380953
7.431499999999071,9.523809523809524e-05,0.6611428571428571
7.431999999999071,9.523809523809524e-05,0.661047619047619
7.432499999999072,9.523809523809524e-05,0.661047619047619
7.432999999999071,9.523809523809524e-05,0.660952380952381
7.433499999999071,9.523809523809524e-05,0.660952380952381
7.43399999999907,9.523809523809524e-05,0.6607619047619048
7.434499999999071,9.523809523809524e-05,0.6605714285714286
7.4349999999990715,9.523809523809524e-05,0.6604761904761904
7.43549999999907,9.523809523809524e-05,0.6602857142857143
7.435999999999071,9.523809523809524e-05,0.6600952380952381
7.4364999999990715,9.523809523809524e-05,0.66
7.43699999999907,9.523809523809524e-05,0.66
7.437499999999071,9.523809523809524e-05,0.66
7.437999999999072,9.523809523809524e-05,0.6599047619047619
7.43849999999907,9.523809523809524e-05,0.6599047619047619
7.438999999999071,9.523809523809524e-05,0.6598095238095238
7.43949999999907,9.523809523809524e-05,0.6595238095238095
7.4399999999990705,9.523809523809524e-05,0.6594285714285715
7.440499999999071,9.523809523809524e-05,0.6591428571428571
7.44099999999907,9.523809523809524e-05,0.659047619047619
7.4414999999990705,9.523809523809524e-05,0.659047619047619
7.441999999999069,9.523809523809524e-05,0.659047619047619
7.44249999999907,9.523809523809524e-05,0.659047619047619
7.442999999999071,9.523809523809524e-05,0.659047619047619
7.443499999999069,9.523809523809524e-05,0.6587619047619048
7.44399999999907,9.523809523809524e-05,0.6587619047619048
7.444499999999071,9.523809523809524e-05,0.6587619047619048
7.4449999999990695,9.523809523809524e-05,0.6587619047619048
7.44549999999907,9.523809523809524e-05,0.6586666666666666
7.445999999999071,9.523809523809524e-05,0.6584761904761904
7.4464999999990695,9.523809523809524e-05,0.6580952380952381
7.44699999999907,9.523809523809524e-05,0.6580952380952381
7.447499999999069,9.523809523809524e-05,0.658
7.44799999999907,9.523809523809524e-05,0.658
7.44849999999907,9.523809523809524e-05,0.6579047619047619
7.448999999999069,9.523809523809524e-05,0.6579047619047619
7.44949999999907,9.523809523809524e-05,0.6578095238095238
7.4499999999990685,9.523809523809524e-05,0.6577142857142857
7.450499999999069,9.523809523809524e-05,0.6577142857142857
7.45099999999907,9.523809523809524e-05,0.6577142857142857
7.4514999999990685,9.523809523809524e-05,0.6575238095238095
7.451999999999069,9.523809523809524e-05,0.6574285714285715
7.45249999999907,9.523809523809524e-05,0.6574285714285715
7.452999999999069,9.523809523809524e-05,0.6573333333333333
7.453499999999069,9.523809523809524e-05,0.6570476190476191
7.45399999999907,9.523809523809524e-05,0.656952380952381
7.454499999999069,9.523809523809524e-05,0.6567619047619048
7.454999999999069,9.523809523809524e-05,0.6564761904761904
7.455499999999068,9.523809523809524e-05,0.6563809523809524
7.455999999999069,9.523809523809524e-05,0.6562857142857143
7.456499999999069,9.523809523809524e-05,0.6560952380952381
7.456999999999068,9.523809523809524e-05,0.656
7.457499999999069,9.523809523809524e-05,0.656
7.457999999999068,9.523809523809524e-05,0.6559047619047619
7.458499999999068,9.523809523809524e-05,0.6558095238095238
7.458999999999069,9.523809523809524e-05,0.6558095238095238
7.459499999999068,9.523809523809524e-05,0.6556190476190477
7.459999999999068,9.523809523809524e-05,0.6554285714285715
7.460499999999069,9.523809523809524e-05,0.6554285714285715
7.460999999999068,9.523809523809524e-05,0.6554285714285715
7.461499999999068,9.523809523809524e-05,0.6554285714285715
7.461999999999069,9.523809523809524e-05,0.6554285714285715
7.462499999999068,9.523809523809524e-05,0.6553333333333333
7.462999999999068,9.523809523809524e-05,0.6551428571428571
7.463499999999067,9.523809523809524e-05,0.6550476190476191
7.463999999999068,9.523809523809524e-05,0.6548571428571428
7.464499999999068,9.523809523809524e-05,0.6547619047619048
7.464999999999067,9.523809523809524e-05,0.6547619047619048
7.465499999999068,9.523809523809524e-05,0.6544761904761904
7.465999999999067,9.523809523809524e-05,0.6543809523809524
7.466499999999067,9.523809523809524e-05,0.6542857142857142
